claim_id,dealer_id,supplier_id,part_name,failure_type,claim_amount,repair_cost,claim_frequency,days_since_last_claim,failure_severity,fraud_label,fraud_prediction,fraud_probability
CLM00000,1102,SUP-058,Fuel/Water Separator,Misalignment,38372,623,6,315,5,0,0,0.03028449
CLM00001,1435,SUP-023,Brake Chamber,Wear,18947,18657,7,291,8,0,0,0.0015939143
CLM00002,1860,SUP-054,V-Belt,Misalignment,31735,25997,1,246,6,0,0,0.017850893
CLM00003,1270,SUP-080,Wheel Bearing,Corrosion,30196,2677,10,240,6,0,0,0.012342246
CLM00004,1106,SUP-065,Wheel Speed Sensor,Misalignment,23727,23773,15,272,3,0,0,0.0015874082
CLM00005,1071,SUP-012,Radiator Hose,Leak,43167,18387,14,142,8,0,0,0.03510564
CLM00006,1700,SUP-024,V-Belt,Wear,25884,14543,4,5,1,0,0,0.0014592826
CLM00007,1020,SUP-034,V-Belt,Corrosion,35607,15609,4,336,4,0,0,0.025903227
CLM00008,1614,SUP-053,Relay Valve,Breakage,8675,6161,9,277,8,0,0,0.0016301787
CLM00009,1121,SUP-008,Relay Valve,Sensor Failure,45312,23978,15,314,6,0,0,0.036719237
CLM00010,1466,SUP-018,Wheel Speed Sensor,Misalignment,41769,26928,12,57,9,0,0,0.03695692
CLM00011,1214,SUP-057,Wheel Speed Sensor,Misalignment,10575,2624,9,139,1,0,0,0.0015742471
CLM00012,1330,SUP-005,Wheel Speed Sensor,Corrosion,36074,3754,3,327,2,0,0,0.025996799
CLM00013,1458,SUP-026,V-Belt,Sensor Failure,47998,2913,15,121,1,0,0,0.033843778
CLM00014,1087,SUP-030,Fuel/Water Separator,Misalignment,26756,21271,11,177,4,0,0,0.0016524347
CLM00015,1372,SUP-054,Air Filter,Breakage,11664,6589,6,364,9,0,0,0.0015307278
CLM00016,1099,SUP-013,Air Filter,Corrosion,16114,6333,15,161,4,0,0,0.0015281186
CLM00017,1871,SUP-083,Air Filter,Leak,22524,16248,7,152,9,0,0,0.001527945
CLM00018,1663,SUP-029,Wheel Bearing,Wear,12159,17040,19,38,6,0,0,0.07254923
CLM00019,1130,SUP-003,Wheel Bearing,Breakage,14299,9815,14,335,5,0,0,0.0016607872
CLM00020,1661,SUP-090,Wheel Speed Sensor,Sensor Failure,29032,21887,4,50,4,0,0,0.0016413918
CLM00021,1308,SUP-058,Air Filter,Sensor Failure,42397,6253,1,235,2,0,0,0.02999922
CLM00022,1769,SUP-076,Brake Chamber,Breakage,1455,17801,13,89,8,0,0,0.0015758227
CLM00023,1343,SUP-002,Relay Valve,Leak,43529,14638,11,64,3,0,0,0.031978443
CLM00024,1491,SUP-075,Brake Chamber,Misalignment,43578,6753,18,209,1,1,1,99.8725
CLM00025,1413,SUP-028,Air Filter,Leak,45572,2202,9,225,7,0,0,0.03036958
CLM00026,1805,SUP-082,Air Filter,Misalignment,35280,2165,11,167,8,0,0,0.03487846
CLM00027,1385,SUP-077,Relay Valve,Misalignment,5738,22273,6,202,7,0,0,0.0015831646
CLM00028,1191,SUP-086,Air Filter,Sensor Failure,33266,12925,16,142,4,1,1,99.694916
CLM00029,1955,SUP-076,Radiator Hose,Misalignment,17775,24047,5,337,8,0,0,0.0016055668
CLM00030,1276,SUP-002,V-Belt,Breakage,36389,6307,1,78,4,0,0,0.03356871
CLM00031,1160,SUP-007,Relay Valve,Misalignment,16718,18995,14,10,5,0,0,0.0015999193
CLM00032,1459,SUP-026,Air Filter,Breakage,7176,20598,19,248,8,0,0,0.074358515
CLM00033,1313,SUP-090,Wheel Bearing,Wear,49263,27630,6,44,2,0,0,0.033137307
CLM00034,1021,SUP-088,Wheel Bearing,Sensor Failure,10112,7483,12,296,8,0,0,0.0015340116
CLM00035,1252,SUP-076,V-Belt,Leak,23103,21994,7,109,5,0,0,0.0016137195
CLM00036,1747,SUP-016,Wheel Bearing,Corrosion,39809,11716,10,188,5,0,0,0.033877637
CLM00037,1856,SUP-023,U-Joint,Leak,28033,12727,10,70,7,0,0,0.0015182396
CLM00038,1560,SUP-040,U-Joint,Leak,20984,27912,13,232,4,0,0,0.0015907603
CLM00039,1474,SUP-060,U-Joint,Corrosion,32742,2897,7,31,3,0,0,0.030457467
CLM00040,1058,SUP-073,V-Belt,Sensor Failure,38978,27270,19,293,6,1,1,99.88066
CLM00041,1510,SUP-032,V-Belt,Misalignment,5508,5954,1,186,6,0,0,0.0015826119
CLM00042,1681,SUP-015,Relay Valve,Wear,40210,18439,15,171,6,0,0,0.03405603
CLM00043,1475,SUP-013,Wheel Speed Sensor,Leak,7216,16685,14,109,7,0,0,0.0014946132
CLM00044,1699,SUP-005,U-Joint,Misalignment,25269,28701,13,97,4,0,0,0.0016177552
CLM00045,1975,SUP-075,Wheel Bearing,Leak,1260,11601,7,327,3,0,0,0.0014975254
CLM00046,1782,SUP-074,Brake Chamber,Sensor Failure,7833,16765,12,38,3,0,0,0.001494723
CLM00047,1189,SUP-052,Wheel Speed Sensor,Sensor Failure,10527,5002,8,264,3,0,0,0.0015477128
CLM00048,1957,SUP-077,Relay Valve,Breakage,47014,843,15,290,2,0,0,0.02705026
CLM00049,1686,SUP-041,Wheel Bearing,Sensor Failure,6944,13439,17,145,6,0,0,0.07414031
CLM00050,1957,SUP-053,Air Filter,Sensor Failure,23518,2044,12,17,1,0,0,0.0014711583
CLM00051,1562,SUP-050,Relay Valve,Leak,24259,16450,13,94,6,0,0,0.0014939635
CLM00052,1875,SUP-015,U-Joint,Wear,30860,4496,8,338,8,0,0,0.0144389095
CLM00053,1566,SUP-007,U-Joint,Leak,32559,16519,10,53,6,0,0,0.026488965
CLM00054,1243,SUP-040,Air Filter,Misalignment,34102,23732,7,320,2,0,0,0.03219957
CLM00055,1831,SUP-028,Fuel/Water Separator,Sensor Failure,8669,27894,2,109,7,0,0,0.0016246242
CLM00056,1504,SUP-032,Relay Valve,Breakage,36547,25114,16,57,3,1,1,99.71637
CLM00057,1130,SUP-099,Air Filter,Wear,26379,4882,4,148,9,0,0,0.0016303917
CLM00058,1484,SUP-015,V-Belt,Breakage,24712,8546,6,61,8,0,0,0.001482906
CLM00059,1818,SUP-100,Relay Valve,Corrosion,20191,5486,7,25,6,0,0,0.001600197
CLM00060,1646,SUP-085,Wheel Bearing,Breakage,14259,13449,19,78,1,0,0,0.057127267
CLM00061,1020,SUP-070,Fuel/Water Separator,Breakage,38958,20307,4,27,2,0,0,0.02864092
CLM00062,1840,SUP-065,Radiator Hose,Misalignment,26516,9720,10,99,8,0,0,0.001561359
CLM00063,1166,SUP-004,Brake Chamber,Sensor Failure,36931,735,4,28,6,0,0,0.03496192
CLM00064,1273,SUP-011,Relay Valve,Misalignment,10094,8493,5,134,1,0,0,0.0014836994
CLM00065,1387,SUP-026,Wheel Speed Sensor,Sensor Failure,12624,26044,14,297,9,0,0,0.0015710677
CLM00066,1600,SUP-061,V-Belt,Misalignment,24872,15336,11,315,8,0,0,0.0015788568
CLM00067,1315,SUP-037,Air Filter,Sensor Failure,33791,5724,2,223,2,0,0,0.032034136
CLM00068,1013,SUP-023,U-Joint,Sensor Failure,5652,18114,9,334,5,0,0,0.0015503245
CLM00069,1241,SUP-093,Air Filter,Sensor Failure,36516,738,12,189,3,0,0,0.031297784
CLM00070,1776,SUP-085,Air Filter,Breakage,26972,26930,1,305,1,0,0,0.0015971141
CLM00071,1345,SUP-091,Fuel/Water Separator,Corrosion,9095,21808,15,364,7,0,0,0.0015502357
CLM00072,1564,SUP-040,Relay Valve,Sensor Failure,4357,551,6,356,9,0,0,0.0015204084
CLM00073,1897,SUP-077,Air Filter,Corrosion,13096,27231,17,261,7,0,0,0.07229518
CLM00074,1339,SUP-023,Fuel/Water Separator,Corrosion,9095,10072,15,267,3,0,0,0.00147195
CLM00075,1091,SUP-016,Radiator Hose,Leak,11680,1556,14,342,6,0,0,0.0015950623
CLM00076,1366,SUP-094,Wheel Bearing,Leak,41851,25097,19,235,3,1,1,99.8828
CLM00077,1955,SUP-061,Radiator Hose,Wear,29242,8998,9,40,4,0,0,0.0015606162
CLM00078,1454,SUP-068,Relay Valve,Misalignment,27333,12798,3,114,1,0,0,0.001485883
CLM00079,1427,SUP-080,U-Joint,Leak,14169,14450,15,326,2,0,0,0.0015253434
CLM00080,1508,SUP-031,Radiator Hose,Sensor Failure,25539,24493,17,167,1,0,0,0.074073434
CLM00081,1775,SUP-053,Fuel/Water Separator,Corrosion,40837,19493,2,326,2,0,0,0.03025093
CLM00082,1942,SUP-025,Fuel/Water Separator,Misalignment,22722,12985,4,110,4,0,0,0.0015381778
CLM00083,1034,SUP-044,Brake Chamber,Wear,19916,4100,14,20,6,0,0,0.0014691087
CLM00084,1205,SUP-012,Wheel Speed Sensor,Leak,39105,18849,11,230,8,0,0,0.034417182
CLM00085,1080,SUP-090,Wheel Speed Sensor,Breakage,4773,13855,12,269,9,0,0,0.0015694505
CLM00086,1931,SUP-097,Relay Valve,Misalignment,49194,13996,16,305,7,1,1,99.68775
CLM00087,1561,SUP-092,Brake Chamber,Wear,30945,7032,12,76,4,0,0,0.013291259
CLM00088,1871,SUP-009,V-Belt,Sensor Failure,22045,13338,2,265,7,0,0,0.0015142903
CLM00089,1387,SUP-012,Air Filter,Misalignment,3057,4078,7,315,1,0,0,0.0015817066
CLM00090,1001,SUP-069,Radiator Hose,Corrosion,18061,6061,3,116,6,0,0,0.0015330317
CLM00091,1389,SUP-054,Air Filter,Sensor Failure,14138,3043,3,3,1,0,0,0.0016217388
CLM00092,1565,SUP-054,V-Belt,Sensor Failure,36742,17388,13,11,8,0,0,0.03175469
CLM00093,1105,SUP-028,U-Joint,Misalignment,25860,25212,7,261,4,0,0,0.001566893
CLM00094,1771,SUP-056,Brake Chamber,Breakage,16903,21968,5,152,8,0,0,0.0016250272
CLM00095,1821,SUP-099,Air Filter,Breakage,30042,9994,5,198,8,0,0,0.0015399655
CLM00096,1476,SUP-069,Brake Chamber,Misalignment,40212,20898,6,82,2,0,0,0.035782635
CLM00097,1702,SUP-098,Brake Chamber,Misalignment,19224,6807,13,125,6,0,0,0.0016378283
CLM00098,1401,SUP-098,Fuel/Water Separator,Misalignment,2878,4114,7,230,4,0,0,0.0015457952
CLM00099,1729,SUP-077,Wheel Bearing,Corrosion,40057,13639,2,134,3,0,0,0.031685438
CLM00100,1555,SUP-058,Relay Valve,Leak,10802,5642,9,86,9,0,0,0.001573333
CLM00101,1161,SUP-078,Wheel Speed Sensor,Sensor Failure,29538,22955,19,298,9,0,0,0.07363566
CLM00102,1201,SUP-075,Brake Chamber,Misalignment,49763,5306,2,43,2,0,0,0.026100585
CLM00103,1957,SUP-042,Air Filter,Leak,24603,17390,13,204,5,0,0,0.0015186232
CLM00104,1995,SUP-038,Air Filter,Corrosion,49531,29857,8,281,7,0,0,0.028236447
CLM00105,1269,SUP-068,Radiator Hose,Sensor Failure,16037,26609,16,18,9,0,0,0.029185409
CLM00106,1862,SUP-053,Brake Chamber,Leak,12690,12333,1,191,8,0,0,0.0015479726
CLM00107,1815,SUP-033,Wheel Bearing,Sensor Failure,11323,20887,11,223,4,0,0,0.0015990481
CLM00108,1270,SUP-071,Relay Valve,Breakage,4314,25783,8,362,3,0,0,0.0015794969
CLM00109,1455,SUP-056,Relay Valve,Misalignment,47185,26699,1,257,1,0,0,0.03468329
CLM00110,1461,SUP-072,U-Joint,Breakage,35146,8111,7,15,1,0,0,0.031210927
CLM00111,1726,SUP-051,U-Joint,Wear,15356,29313,9,182,9,0,0,0.0015624166
CLM00112,1251,SUP-074,Radiator Hose,Corrosion,12269,27404,2,34,4,0,0,0.0016371132
CLM00113,1701,SUP-043,Wheel Speed Sensor,Misalignment,44974,11706,19,180,8,1,1,99.879
CLM00114,1295,SUP-015,U-Joint,Leak,6340,2207,6,2,4,0,0,0.0014994217
CLM00115,1724,SUP-038,V-Belt,Sensor Failure,45852,8993,5,151,6,0,0,0.032870676
CLM00116,1719,SUP-015,Radiator Hose,Wear,43675,19328,13,110,4,0,0,0.034478366
CLM00117,1748,SUP-005,Relay Valve,Corrosion,34220,9009,10,307,2,0,0,0.028524367
CLM00118,1337,SUP-093,Relay Valve,Corrosion,42301,22790,1,302,1,0,0,0.033457637
CLM00119,1878,SUP-083,Wheel Bearing,Corrosion,1392,19839,18,353,8,0,0,0.0678376
CLM00120,1052,SUP-054,V-Belt,Leak,6471,19811,14,106,6,0,0,0.0015500644
CLM00121,1791,SUP-051,Wheel Speed Sensor,Misalignment,9137,17741,12,255,1,0,0,0.0015426832
CLM00122,1921,SUP-010,Air Filter,Breakage,14997,15907,6,14,5,0,0,0.0015172655
CLM00123,1216,SUP-012,Radiator Hose,Wear,20434,3220,14,273,3,0,0,0.0015834394
CLM00124,1763,SUP-004,U-Joint,Leak,42930,3522,17,144,2,1,1,99.879814
CLM00125,1187,SUP-095,Fuel/Water Separator,Sensor Failure,31278,9368,7,207,3,0,0,0.013920826
CLM00126,1379,SUP-018,Wheel Bearing,Leak,11397,16249,3,107,2,0,0,0.0014723949
CLM00127,1492,SUP-080,Relay Valve,Sensor Failure,32530,17262,17,247,2,1,1,99.80286
CLM00128,1040,SUP-036,Fuel/Water Separator,Sensor Failure,49364,25292,10,223,1,0,0,0.028907211
CLM00129,1156,SUP-025,Radiator Hose,Corrosion,5794,12392,3,268,3,0,0,0.0015078015
CLM00130,1014,SUP-087,Brake Chamber,Leak,24794,27972,16,225,3,0,0,0.030011147
CLM00131,1812,SUP-076,Wheel Speed Sensor,Breakage,17549,22942,6,75,4,0,0,0.0016492937
CLM00132,1064,SUP-098,Brake Chamber,Sensor Failure,42214,24302,4,43,3,0,0,0.036506638
CLM00133,1856,SUP-036,Radiator Hose,Corrosion,42261,21847,9,133,8,0,0,0.03518746
CLM00134,1838,SUP-067,Brake Chamber,Breakage,7363,13221,7,283,4,0,0,0.0015361313
CLM00135,1520,SUP-009,Wheel Speed Sensor,Leak,45063,5351,16,56,1,1,1,99.68944
CLM00136,1343,SUP-061,Radiator Hose,Breakage,9079,3489,6,208,2,0,0,0.0016083315
CLM00137,1128,SUP-053,Fuel/Water Separator,Leak,13032,4330,12,227,7,0,0,0.001592887
CLM00138,1647,SUP-018,Brake Chamber,Sensor Failure,44516,28732,3,104,6,0,0,0.03622026
CLM00139,1471,SUP-043,Wheel Speed Sensor,Wear,2505,5903,12,336,9,0,0,0.0015985223
CLM00140,1062,SUP-035,U-Joint,Wear,10448,26582,14,68,6,0,0,0.0016444955
CLM00141,1138,SUP-063,Air Filter,Misalignment,14240,7350,14,250,2,0,0,0.0015363423
CLM00142,1498,SUP-098,Wheel Speed Sensor,Misalignment,41177,26366,9,91,8,0,0,0.036236703
CLM00143,1592,SUP-078,Wheel Bearing,Sensor Failure,31739,2439,4,271,9,0,0,0.016575864
CLM00144,1391,SUP-004,Air Filter,Breakage,33977,21578,15,26,5,0,0,0.03625543
CLM00145,1674,SUP-093,U-Joint,Leak,21177,24209,7,207,6,0,0,0.0016166768
CLM00146,1418,SUP-041,V-Belt,Wear,20431,8215,19,252,4,0,0,0.07023671
CLM00147,1288,SUP-045,Fuel/Water Separator,Leak,3119,8927,6,10,2,0,0,0.0014442458
CLM00148,1378,SUP-050,Relay Valve,Sensor Failure,1177,10475,19,98,5,0,0,0.069733426
CLM00149,1772,SUP-079,U-Joint,Breakage,35314,24511,7,102,5,0,0,0.035959195
CLM00150,1489,SUP-028,Air Filter,Leak,47954,4695,1,136,1,0,0,0.028206259
CLM00151,1230,SUP-042,Air Filter,Breakage,11226,3286,7,336,5,0,0,0.0015369445
CLM00152,1040,SUP-080,Wheel Bearing,Wear,25874,14954,3,221,1,0,0,0.0014892878
CLM00153,1027,SUP-076,V-Belt,Leak,31985,1877,6,32,3,0,0,0.014725601
CLM00154,1134,SUP-069,Relay Valve,Corrosion,28143,3255,6,277,9,0,0,0.0017524606
CLM00155,1200,SUP-098,Wheel Bearing,Wear,13231,18967,11,96,4,0,0,0.001594626
CLM00156,1839,SUP-001,U-Joint,Breakage,15016,4909,2,301,9,0,0,0.0015808728
CLM00157,1779,SUP-039,Air Filter,Sensor Failure,15134,12787,6,268,6,0,0,0.0015463583
CLM00158,1929,SUP-096,U-Joint,Corrosion,15082,16399,18,176,1,0,0,0.06704595
CLM00159,1032,SUP-090,Wheel Speed Sensor,Misalignment,8775,13338,14,103,3,0,0,0.0014417234
CLM00160,1047,SUP-017,V-Belt,Leak,17175,7070,12,187,3,0,0,0.001477794
CLM00161,1502,SUP-091,Fuel/Water Separator,Misalignment,15133,5112,9,330,4,0,0,0.0015460737
CLM00162,1406,SUP-088,Wheel Speed Sensor,Wear,43383,22991,13,326,4,0,0,0.0332097
CLM00163,1573,SUP-035,V-Belt,Leak,23427,27776,1,37,8,0,0,0.0016322711
CLM00164,1727,SUP-046,V-Belt,Leak,15837,16599,8,210,3,0,0,0.0014705287
CLM00165,1804,SUP-042,U-Joint,Corrosion,11546,4604,9,255,4,0,0,0.0015316975
CLM00166,1098,SUP-039,Wheel Speed Sensor,Corrosion,25992,20433,17,131,3,0,0,0.07106497
CLM00167,1683,SUP-090,U-Joint,Corrosion,11748,21036,13,325,7,0,0,0.0016023134
CLM00168,1871,SUP-049,U-Joint,Corrosion,26496,11022,4,98,6,0,0,0.0015189142
CLM00169,1725,SUP-062,U-Joint,Sensor Failure,2553,16304,6,33,1,0,0,0.0014766416
CLM00170,1986,SUP-038,Air Filter,Breakage,26241,29632,13,36,1,0,0,0.0015974081
CLM00171,1546,SUP-023,Air Filter,Corrosion,3469,8157,17,237,6,0,0,0.07588931
CLM00172,1960,SUP-022,Relay Valve,Wear,2474,5978,19,3,3,0,0,0.067448296
CLM00173,1738,SUP-004,Fuel/Water Separator,Leak,49554,28837,8,131,9,0,0,0.034556784
CLM00174,1612,SUP-049,Wheel Bearing,Misalignment,32109,27087,17,220,2,1,1,99.75776
CLM00175,1942,SUP-059,Fuel/Water Separator,Corrosion,23861,19525,17,362,3,0,0,0.06699593
CLM00176,1461,SUP-073,Brake Chamber,Wear,47527,5525,15,182,9,0,0,0.033983253
CLM00177,1642,SUP-068,Wheel Bearing,Sensor Failure,34105,8264,1,28,6,0,0,0.03311116
CLM00178,1768,SUP-071,Relay Valve,Wear,40759,2612,2,26,1,0,0,0.03415019
CLM00179,1004,SUP-087,Radiator Hose,Misalignment,45119,4000,10,157,2,0,0,0.03243802
CLM00180,1217,SUP-002,Wheel Bearing,Misalignment,34855,6487,16,10,7,1,1,99.70285
CLM00181,1502,SUP-049,V-Belt,Wear,35061,8124,4,109,6,0,0,0.03616585
CLM00182,1766,SUP-088,Radiator Hose,Sensor Failure,42616,29307,8,318,1,0,0,0.031565502
CLM00183,1397,SUP-095,Fuel/Water Separator,Misalignment,31072,29933,16,96,2,1,1,99.05004
CLM00184,1870,SUP-031,Radiator Hose,Sensor Failure,6964,9701,7,146,6,0,0,0.0015520197
CLM00185,1794,SUP-040,Fuel/Water Separator,Leak,36596,18513,5,181,6,0,0,0.035303988
CLM00186,1392,SUP-048,Wheel Speed Sensor,Corrosion,7472,11811,8,210,6,0,0,0.0015232225
CLM00187,1206,SUP-051,Brake Chamber,Misalignment,21357,15447,3,342,9,0,0,0.0015569029
CLM00188,1014,SUP-043,Relay Valve,Wear,24045,9541,3,145,2,0,0,0.0015355615
CLM00189,1857,SUP-098,Relay Valve,Breakage,7564,24245,18,49,9,0,0,0.07701912
CLM00190,1553,SUP-055,V-Belt,Breakage,2336,6760,4,154,9,0,0,0.0015626998
CLM00191,1891,SUP-088,Brake Chamber,Leak,44316,23806,4,261,9,0,0,0.033312596
CLM00192,1460,SUP-049,Brake Chamber,Breakage,48917,11559,15,329,9,0,0,0.032356262
CLM00193,1690,SUP-090,V-Belt,Leak,16181,24050,15,44,3,0,0,0.0016181439
CLM00194,1574,SUP-080,Fuel/Water Separator,Corrosion,35435,27115,4,236,9,0,0,0.035070945
CLM00195,1863,SUP-057,V-Belt,Leak,29606,11927,2,121,9,0,0,0.0015265221
CLM00196,1742,SUP-077,Fuel/Water Separator,Sensor Failure,2212,978,3,248,3,0,0,0.0016080907
CLM00197,1240,SUP-015,V-Belt,Sensor Failure,3768,1810,10,7,4,0,0,0.0015993655
CLM00198,1563,SUP-027,Wheel Bearing,Sensor Failure,30737,13323,1,20,4,0,0,0.013776848
CLM00199,1095,SUP-068,Wheel Bearing,Misalignment,46375,19027,18,184,4,1,1,99.87135
CLM00200,1899,SUP-080,Wheel Speed Sensor,Sensor Failure,28634,913,5,364,7,0,0,0.0015275169
CLM00201,1733,SUP-064,Air Filter,Sensor Failure,10589,26732,9,200,5,0,0,0.001609579
CLM00202,1484,SUP-094,V-Belt,Sensor Failure,27794,27707,6,254,7,0,0,0.0015338229
CLM00203,1406,SUP-030,Brake Chamber,Sensor Failure,37444,4436,19,245,6,1,1,99.8757
CLM00204,1230,SUP-036,Wheel Bearing,Misalignment,19694,25071,9,64,7,0,0,0.0016443325
CLM00205,1748,SUP-067,U-Joint,Sensor Failure,8085,18278,18,299,8,0,0,0.073577404
CLM00206,1654,SUP-086,Fuel/Water Separator,Sensor Failure,19211,19507,15,300,6,0,0,0.0015259808
CLM00207,1170,SUP-086,Wheel Bearing,Corrosion,23669,19174,15,153,9,0,0,0.0016185112
CLM00208,1540,SUP-049,Wheel Bearing,Misalignment,20603,17522,14,17,4,0,0,0.0015313966
CLM00209,1035,SUP-076,Fuel/Water Separator,Sensor Failure,24155,12136,3,39,5,0,0,0.0014592616
CLM00210,1524,SUP-055,Relay Valve,Leak,38456,14874,8,153,9,0,0,0.03381053
CLM00211,1159,SUP-085,Radiator Hose,Corrosion,5511,17236,19,355,9,0,0,0.057073444
CLM00212,1838,SUP-056,Fuel/Water Separator,Misalignment,19456,29597,11,295,2,0,0,0.001611299
CLM00213,1698,SUP-068,Wheel Speed Sensor,Breakage,24154,11840,4,39,2,0,0,0.0014880839
CLM00214,1242,SUP-095,Fuel/Water Separator,Wear,29765,15817,15,187,9,0,0,0.0015291026
CLM00215,1085,SUP-044,Fuel/Water Separator,Misalignment,48408,29681,10,238,6,0,0,0.035858855
CLM00216,1795,SUP-031,Air Filter,Corrosion,19714,12280,11,272,8,0,0,0.0015624672
CLM00217,1577,SUP-058,Fuel/Water Separator,Sensor Failure,47234,17023,9,309,8,0,0,0.03299394
CLM00218,1681,SUP-087,Radiator Hose,Corrosion,34453,8943,17,362,8,1,1,99.87244
CLM00219,1556,SUP-053,Radiator Hose,Wear,34452,9360,9,157,5,0,0,0.034774937
CLM00220,1573,SUP-084,U-Joint,Wear,48769,20726,9,231,4,0,0,0.035202224
CLM00221,1952,SUP-079,Relay Valve,Misalignment,28513,25392,9,194,3,0,0,0.0015221174
CLM00222,1645,SUP-023,Fuel/Water Separator,Sensor Failure,32535,20902,2,250,4,0,0,0.023223158
CLM00223,1795,SUP-028,Air Filter,Sensor Failure,29287,19810,13,266,8,0,0,0.0015901065
CLM00224,1027,SUP-016,Air Filter,Leak,9532,23776,1,2,4,0,0,0.0014870113
CLM00225,1619,SUP-037,Brake Chamber,Wear,13891,7742,6,141,8,0,0,0.0016222569
CLM00226,1555,SUP-021,Relay Valve,Sensor Failure,34501,27085,6,182,8,0,0,0.03468997
CLM00227,1339,SUP-079,Air Filter,Wear,2496,28021,16,2,1,0,0,0.030937986
CLM00228,1797,SUP-017,Radiator Hose,Leak,16154,1552,12,170,9,0,0,0.0016044127
CLM00229,1957,SUP-037,Brake Chamber,Breakage,12146,15900,15,270,3,0,0,0.0014537197
CLM00230,1330,SUP-077,V-Belt,Wear,6450,29712,7,307,6,0,0,0.0015440815
CLM00231,1639,SUP-019,Air Filter,Leak,38403,20447,2,364,3,0,0,0.032122947
CLM00232,1505,SUP-030,Wheel Speed Sensor,Leak,19116,26199,12,49,9,0,0,0.0016440048
CLM00233,1347,SUP-045,Air Filter,Leak,44995,1843,2,285,1,0,0,0.03225309
CLM00234,1472,SUP-018,Wheel Bearing,Corrosion,47791,17453,4,320,7,0,0,0.035449922
CLM00235,1230,SUP-078,Relay Valve,Misalignment,28289,29894,3,279,5,0,0,0.0015419096
CLM00236,1189,SUP-062,Wheel Bearing,Sensor Failure,24109,28797,2,279,3,0,0,0.0015719848
CLM00237,1224,SUP-036,U-Joint,Wear,40071,24574,18,272,7,1,1,99.88454
CLM00238,1384,SUP-100,Air Filter,Misalignment,44439,16762,3,44,1,0,0,0.03263518
CLM00239,1376,SUP-084,V-Belt,Corrosion,25415,4416,10,60,6,0,0,0.0015741615
CLM00240,1282,SUP-052,Wheel Bearing,Wear,18803,9692,12,199,7,0,0,0.0015444381
CLM00241,1957,SUP-019,Wheel Bearing,Misalignment,11181,3423,4,109,9,0,0,0.001585405
CLM00242,1632,SUP-044,Relay Valve,Corrosion,33716,10928,7,65,9,0,0,0.03227102
CLM00243,1627,SUP-007,Brake Chamber,Sensor Failure,5710,5045,19,173,7,0,0,0.0777801
CLM00244,1972,SUP-044,V-Belt,Leak,42447,14929,8,353,5,0,0,0.026289796
CLM00245,1744,SUP-068,Wheel Bearing,Misalignment,29395,4425,3,98,7,0,0,0.0015992511
CLM00246,1258,SUP-034,Fuel/Water Separator,Misalignment,14500,20136,15,129,1,0,0,0.0016175188
CLM00247,1358,SUP-066,V-Belt,Wear,35209,28468,8,268,7,0,0,0.03478127
CLM00248,1709,SUP-069,Fuel/Water Separator,Leak,36158,27406,18,87,4,1,1,99.88765
CLM00249,1455,SUP-055,Air Filter,Sensor Failure,2384,24442,14,89,2,0,0,0.0016504738
CLM00250,1410,SUP-010,Wheel Bearing,Wear,19540,3892,19,344,6,0,0,0.07463952
CLM00251,1648,SUP-096,Wheel Bearing,Breakage,46904,19501,4,229,7,0,0,0.034746602
CLM00252,1317,SUP-042,Radiator Hose,Breakage,5396,29196,3,130,7,0,0,0.0016104586
CLM00253,1676,SUP-041,Radiator Hose,Breakage,2391,22819,9,132,8,0,0,0.0016297217
CLM00254,1224,SUP-077,Relay Valve,Sensor Failure,17652,4855,10,253,5,0,0,0.0015892047
CLM00255,1818,SUP-069,Brake Chamber,Breakage,21301,18897,8,110,8,0,0,0.0016399556
CLM00256,1233,SUP-010,Relay Valve,Misalignment,10716,18811,2,297,4,0,0,0.0015748448
CLM00257,1683,SUP-010,Relay Valve,Wear,16568,27620,1,294,1,0,0,0.0016076306
CLM00258,1663,SUP-091,Wheel Bearing,Misalignment,9669,5832,4,215,8,0,0,0.0016293565
CLM00259,1974,SUP-060,Radiator Hose,Breakage,5271,23142,16,312,4,0,0,0.028593963
CLM00260,1826,SUP-051,Radiator Hose,Wear,16228,5047,5,204,5,0,0,0.0015756064
CLM00261,1373,SUP-021,Radiator Hose,Misalignment,15256,29871,18,24,4,0,0,0.07472688
CLM00262,1671,SUP-008,V-Belt,Sensor Failure,26185,7415,14,93,7,0,0,0.001617883
CLM00263,1607,SUP-065,Wheel Speed Sensor,Leak,24386,20603,13,169,3,0,0,0.0015178052
CLM00264,1471,SUP-092,Wheel Bearing,Misalignment,25152,16349,16,28,2,0,0,0.023313742
CLM00265,1232,SUP-078,Air Filter,Corrosion,23267,12365,15,318,2,0,0,0.001520252
CLM00266,1691,SUP-085,Relay Valve,Breakage,13779,10243,19,190,7,0,0,0.06087947
CLM00267,1112,SUP-030,Radiator Hose,Corrosion,15434,2182,4,266,6,0,0,0.0015284859
CLM00268,1829,SUP-085,Radiator Hose,Leak,30000,17268,19,285,2,0,0,0.059518322
CLM00269,1496,SUP-049,Radiator Hose,Sensor Failure,28973,21592,13,63,8,0,0,0.0016569367
CLM00270,1441,SUP-009,Wheel Bearing,Misalignment,46500,14229,11,87,6,0,0,0.03356148
CLM00271,1563,SUP-017,Radiator Hose,Sensor Failure,38861,3536,18,7,8,1,1,99.89196
CLM00272,1267,SUP-069,Brake Chamber,Leak,7438,10958,11,155,6,0,0,0.0015194953
CLM00273,1509,SUP-058,Relay Valve,Corrosion,13729,23907,1,20,4,0,0,0.001627015
CLM00274,1806,SUP-057,Wheel Bearing,Misalignment,30466,5152,15,252,8,0,0,0.013524325
CLM00275,1385,SUP-062,Relay Valve,Breakage,27407,4945,10,348,4,0,0,0.0015813839
CLM00276,1386,SUP-095,Fuel/Water Separator,Wear,30562,17273,4,50,6,0,0,0.014159917
CLM00277,1112,SUP-052,U-Joint,Sensor Failure,23558,15639,6,189,5,0,0,0.0015119729
CLM00278,1612,SUP-061,Brake Chamber,Leak,26730,19802,2,67,4,0,0,0.0016222013
CLM00279,1624,SUP-040,V-Belt,Misalignment,43711,18997,17,202,7,1,1,99.87249
CLM00280,1951,SUP-038,V-Belt,Corrosion,28061,1642,12,99,8,0,0,0.0015932653
CLM00281,1080,SUP-043,Wheel Speed Sensor,Breakage,22829,17629,5,149,6,0,0,0.0016098644
CLM00282,1698,SUP-063,Brake Chamber,Corrosion,36101,23035,19,160,1,1,1,99.87326
CLM00283,1112,SUP-019,Relay Valve,Breakage,38154,2230,6,304,7,0,0,0.034084357
CLM00284,1001,SUP-100,V-Belt,Misalignment,13655,29198,17,166,4,0,0,0.071828574
CLM00285,1641,SUP-050,U-Joint,Wear,21965,21269,19,28,2,0,0,0.07500941
CLM00286,1219,SUP-033,V-Belt,Wear,17316,4623,3,188,3,0,0,0.0014677923
CLM00287,1565,SUP-013,Radiator Hose,Leak,9359,3730,8,326,4,0,0,0.0016001146
CLM00288,1854,SUP-078,Wheel Speed Sensor,Leak,15172,11908,5,314,7,0,0,0.0015624672
CLM00289,1996,SUP-097,Wheel Bearing,Breakage,4542,19398,5,198,9,0,0,0.0015241379
CLM00290,1735,SUP-062,Air Filter,Breakage,16529,18653,17,209,6,0,0,0.07685716
CLM00291,1224,SUP-093,Air Filter,Breakage,9054,8799,19,266,5,0,0,0.072551265
CLM00292,1384,SUP-043,V-Belt,Breakage,40682,13678,19,258,9,1,1,99.86868
CLM00293,1402,SUP-049,Relay Valve,Misalignment,41281,19370,10,257,8,0,0,0.033884488
CLM00294,1637,SUP-036,Relay Valve,Misalignment,9269,21182,3,336,8,0,0,0.0016067555
CLM00295,1129,SUP-010,Radiator Hose,Wear,12090,9468,13,346,8,0,0,0.0017212915
CLM00296,1052,SUP-095,V-Belt,Leak,2108,8492,16,233,8,0,0,0.02793587
CLM00297,1683,SUP-006,V-Belt,Leak,22140,23328,12,204,8,0,0,0.0015737249
CLM00298,1729,SUP-057,Air Filter,Sensor Failure,2224,22905,17,73,7,0,0,0.07797256
CLM00299,1671,SUP-001,Fuel/Water Separator,Leak,13876,10625,2,13,2,0,0,0.001466435
CLM00300,1709,SUP-071,V-Belt,Leak,16097,22930,16,71,2,0,0,0.03023409
CLM00301,1415,SUP-058,Wheel Bearing,Corrosion,9756,9129,11,1,5,0,0,0.0015151805
CLM00302,1246,SUP-091,Wheel Speed Sensor,Corrosion,3859,9726,1,159,6,0,0,0.0015116357
CLM00303,1835,SUP-021,Wheel Speed Sensor,Sensor Failure,25877,17720,12,216,9,0,0,0.0015393487
CLM00304,1438,SUP-092,Wheel Bearing,Breakage,15628,5202,6,195,1,0,0,0.0015101314
CLM00305,1202,SUP-080,Fuel/Water Separator,Sensor Failure,13581,1141,19,312,7,0,0,0.07439811
CLM00306,1183,SUP-056,Relay Valve,Sensor Failure,9300,3674,5,4,7,0,0,0.0016612941
CLM00307,1122,SUP-087,Air Filter,Wear,3412,18692,3,253,8,0,0,0.0017043578
CLM00308,1400,SUP-020,Wheel Speed Sensor,Misalignment,36415,24537,18,284,1,1,1,99.863464
CLM00309,1766,SUP-054,Brake Chamber,Leak,28301,23137,18,300,4,0,0,0.074019976
CLM00310,1293,SUP-025,U-Joint,Wear,14805,4375,12,30,5,0,0,0.0015084329
CLM00311,1279,SUP-028,Air Filter,Misalignment,4338,9334,18,292,2,0,0,0.07124141
CLM00312,1836,SUP-005,Fuel/Water Separator,Leak,6804,9394,10,106,2,0,0,0.0014267872
CLM00313,1883,SUP-021,Brake Chamber,Sensor Failure,30309,3348,4,122,4,0,0,0.01200111
CLM00314,1609,SUP-018,V-Belt,Leak,21197,16577,19,196,3,0,0,0.06891287
CLM00315,1197,SUP-047,Wheel Bearing,Breakage,13392,27993,4,203,7,0,0,0.0015635567
CLM00316,1981,SUP-070,V-Belt,Breakage,11448,4112,11,260,7,0,0,0.0015765758
CLM00317,1906,SUP-057,Radiator Hose,Sensor Failure,21029,7562,3,267,2,0,0,0.0014172767
CLM00318,1510,SUP-093,Wheel Bearing,Corrosion,28097,10414,15,241,5,0,0,0.0015882228
CLM00319,1751,SUP-019,Brake Chamber,Breakage,37185,25924,16,53,5,1,1,99.72694
CLM00320,1143,SUP-097,U-Joint,Sensor Failure,17395,3054,12,124,8,0,0,0.0017443304
CLM00321,1608,SUP-065,Radiator Hose,Wear,23993,23204,18,88,8,0,0,0.07706166
CLM00322,1200,SUP-003,Relay Valve,Corrosion,20529,1962,6,310,4,0,0,0.0015553077
CLM00323,1123,SUP-042,Radiator Hose,Breakage,18258,22846,15,244,1,0,0,0.0016509995
CLM00324,1186,SUP-021,Wheel Speed Sensor,Sensor Failure,28009,7311,2,340,6,0,0,0.0015789081
CLM00325,1325,SUP-099,Air Filter,Sensor Failure,8303,28905,12,45,7,0,0,0.0016443325
CLM00326,1463,SUP-040,Fuel/Water Separator,Wear,5650,12474,10,64,1,0,0,0.0014490827
CLM00327,1348,SUP-067,V-Belt,Wear,13177,1010,4,186,8,0,0,0.0015990132
CLM00328,1770,SUP-025,Relay Valve,Corrosion,14747,2656,8,13,9,0,0,0.001605302
CLM00329,1659,SUP-055,Fuel/Water Separator,Misalignment,32782,3419,15,209,8,0,0,0.03434242
CLM00330,1763,SUP-084,Radiator Hose,Breakage,24181,22075,19,52,3,0,0,0.07641861
CLM00331,1954,SUP-052,U-Joint,Sensor Failure,22823,7132,16,338,9,0,0,0.027317131
CLM00332,1931,SUP-044,V-Belt,Corrosion,15182,9424,13,107,3,0,0,0.0014178932
CLM00333,1402,SUP-098,Relay Valve,Corrosion,40776,11642,15,9,4,0,0,0.030933384
CLM00334,1345,SUP-085,Fuel/Water Separator,Wear,14276,12652,14,112,6,0,0,0.0014856535
CLM00335,1962,SUP-056,V-Belt,Sensor Failure,10771,1737,15,120,7,0,0,0.0015526712
CLM00336,1510,SUP-055,V-Belt,Leak,12963,18364,12,67,8,0,0,0.0015291084
CLM00337,1146,SUP-087,Relay Valve,Misalignment,25928,11157,11,82,7,0,0,0.0015218011
CLM00338,1147,SUP-070,Brake Chamber,Misalignment,41930,18894,3,202,3,0,0,0.03288735
CLM00339,1863,SUP-077,Air Filter,Wear,15849,7397,14,185,2,0,0,0.0014956
CLM00340,1710,SUP-087,Brake Chamber,Sensor Failure,27082,6129,2,357,2,0,0,0.0015002026
CLM00341,1819,SUP-073,V-Belt,Corrosion,4487,21641,18,157,9,0,0,0.06953315
CLM00342,1488,SUP-081,Wheel Bearing,Misalignment,27605,24374,3,116,7,0,0,0.0016179911
CLM00343,1928,SUP-066,Relay Valve,Corrosion,11038,19619,9,114,7,0,0,0.0016064858
CLM00344,1935,SUP-019,V-Belt,Breakage,41305,21083,11,133,5,0,0,0.029616373
CLM00345,1639,SUP-083,V-Belt,Leak,3390,24170,3,248,6,0,0,0.0015505638
CLM00346,1550,SUP-007,U-Joint,Wear,37798,11451,5,111,7,0,0,0.03245686
CLM00347,1337,SUP-063,Air Filter,Misalignment,41260,23084,9,232,9,0,0,0.030063584
CLM00348,1871,SUP-042,U-Joint,Breakage,4438,16268,10,59,4,0,0,0.0015172655
CLM00349,1640,SUP-042,Relay Valve,Breakage,36151,1077,6,291,6,0,0,0.033366024
CLM00350,1778,SUP-059,Wheel Speed Sensor,Leak,37135,24963,6,261,1,0,0,0.03165881
CLM00351,1987,SUP-020,Brake Chamber,Wear,7167,13869,11,50,7,0,0,0.0014982839
CLM00352,1952,SUP-073,U-Joint,Wear,14172,12188,17,316,4,0,0,0.071984984
CLM00353,1472,SUP-017,Relay Valve,Corrosion,35233,17702,2,271,2,0,0,0.03311346
CLM00354,1945,SUP-027,Brake Chamber,Wear,37251,7688,9,364,4,0,0,0.02883196
CLM00355,1150,SUP-047,Relay Valve,Breakage,17957,21058,18,103,8,0,0,0.07487993
CLM00356,1414,SUP-002,Wheel Speed Sensor,Corrosion,31360,14635,5,152,2,0,0,0.014046351
CLM00357,1989,SUP-063,Air Filter,Wear,1774,2389,6,21,1,0,0,0.0015138126
CLM00358,1297,SUP-062,Air Filter,Leak,24414,1058,4,258,1,0,0,0.0015093423
CLM00359,1610,SUP-100,Relay Valve,Breakage,21722,19817,9,211,7,0,0,0.0015830179
CLM00360,1262,SUP-019,U-Joint,Sensor Failure,48445,14494,5,82,7,0,0,0.032430813
CLM00361,1763,SUP-017,Air Filter,Leak,25405,26695,4,10,4,0,0,0.0016266503
CLM00362,1143,SUP-069,Wheel Bearing,Leak,37698,14943,9,165,5,0,0,0.035435494
CLM00363,1345,SUP-039,U-Joint,Wear,28256,23715,18,151,5,0,0,0.07087758
CLM00364,1623,SUP-082,Fuel/Water Separator,Corrosion,22344,6449,11,173,7,0,0,0.0016506643
CLM00365,1571,SUP-071,Radiator Hose,Corrosion,35988,8143,16,65,3,1,1,99.705505
CLM00366,1880,SUP-081,Relay Valve,Breakage,35207,16953,2,250,5,0,0,0.032738164
CLM00367,1001,SUP-039,Relay Valve,Wear,41192,18073,16,317,7,1,1,99.66785
CLM00368,1896,SUP-036,Relay Valve,Corrosion,9905,3402,19,118,7,0,0,0.07561633
CLM00369,1303,SUP-040,Wheel Speed Sensor,Misalignment,40468,14262,10,134,9,0,0,0.032508295
CLM00370,1253,SUP-045,Relay Valve,Sensor Failure,26151,21224,4,18,4,0,0,0.0016146385
CLM00371,1651,SUP-004,Air Filter,Misalignment,23723,11808,12,347,1,0,0,0.0015384492
CLM00372,1452,SUP-025,Air Filter,Wear,39278,25759,9,255,5,0,0,0.034738984
CLM00373,1036,SUP-069,Radiator Hose,Wear,12173,6395,13,168,4,0,0,0.001500287
CLM00374,1159,SUP-030,Radiator Hose,Corrosion,45724,8050,5,17,3,0,0,0.03174755
CLM00375,1008,SUP-076,U-Joint,Leak,14130,22581,2,10,7,0,0,0.0014935689
CLM00376,1232,SUP-068,Air Filter,Wear,48350,4410,3,230,9,0,0,0.029396359
CLM00377,1098,SUP-088,Air Filter,Leak,27952,12464,8,31,4,0,0,0.0015597607
CLM00378,1658,SUP-029,Wheel Speed Sensor,Breakage,11937,25146,6,215,6,0,0,0.0015977754
CLM00379,1815,SUP-073,Air Filter,Breakage,42702,22868,5,306,1,0,0,0.03358302
CLM00380,1207,SUP-068,Air Filter,Corrosion,40496,24599,4,340,1,0,0,0.032127265
CLM00381,1130,SUP-051,Wheel Bearing,Breakage,21534,26338,16,151,3,0,0,0.030173505
CLM00382,1403,SUP-024,Wheel Bearing,Misalignment,24794,24631,8,45,5,0,0,0.001657643
CLM00383,1151,SUP-014,Air Filter,Misalignment,25985,2655,12,207,6,0,0,0.0015842428
CLM00384,1053,SUP-069,Air Filter,Misalignment,20391,8456,5,139,9,0,0,0.0015084243
CLM00385,1119,SUP-018,Air Filter,Corrosion,28528,29893,5,334,9,0,0,0.0016368977
CLM00386,1672,SUP-042,Radiator Hose,Corrosion,7870,29473,13,269,1,0,0,0.0015944646
CLM00387,1919,SUP-057,V-Belt,Misalignment,22518,14241,11,214,2,0,0,0.0014315548
CLM00388,1627,SUP-083,Wheel Bearing,Leak,38010,10063,11,162,8,0,0,0.03624475
CLM00389,1586,SUP-012,Fuel/Water Separator,Misalignment,22993,15966,19,357,5,0,0,0.07396385
CLM00390,1624,SUP-082,U-Joint,Leak,43639,18799,7,203,3,0,0,0.034199774
CLM00391,1967,SUP-017,U-Joint,Breakage,30720,24802,17,10,9,1,1,99.538574
CLM00392,1419,SUP-030,V-Belt,Leak,25162,14713,5,350,2,0,0,0.0014883719
CLM00393,1421,SUP-088,Wheel Speed Sensor,Wear,10906,28881,6,76,7,0,0,0.0016569367
CLM00394,1103,SUP-075,Fuel/Water Separator,Sensor Failure,18581,4851,18,234,8,0,0,0.07549536
CLM00395,1851,SUP-099,U-Joint,Wear,32289,7968,18,233,2,1,1,99.77509
CLM00396,1253,SUP-023,Brake Chamber,Wear,17205,13741,9,226,1,0,0,0.0014837252
CLM00397,1226,SUP-081,Relay Valve,Corrosion,41854,23951,18,217,3,1,1,99.87872
CLM00398,1111,SUP-001,Brake Chamber,Sensor Failure,12408,22148,19,292,8,0,0,0.07359154
CLM00399,1509,SUP-079,Wheel Speed Sensor,Corrosion,28532,22679,17,4,4,0,0,0.07624065
CLM00400,1472,SUP-032,Fuel/Water Separator,Leak,4193,26623,9,149,5,0,0,0.0016364622
CLM00401,1098,SUP-009,U-Joint,Misalignment,41986,15397,1,189,9,0,0,0.034076527
CLM00402,1152,SUP-015,Relay Valve,Leak,6220,28974,18,94,4,0,0,0.07455134
CLM00403,1860,SUP-028,Wheel Bearing,Sensor Failure,20357,4955,13,38,9,0,0,0.0016245374
CLM00404,1913,SUP-024,U-Joint,Breakage,40299,8191,8,76,6,0,0,0.03266478
CLM00405,1895,SUP-060,U-Joint,Leak,20549,28631,14,295,7,0,0,0.0016066711
CLM00406,1877,SUP-035,Wheel Speed Sensor,Wear,18474,18097,3,89,8,0,0,0.0015758227
CLM00407,1337,SUP-086,U-Joint,Sensor Failure,1141,23323,4,310,1,0,0,0.0015719848
CLM00408,1705,SUP-027,Fuel/Water Separator,Sensor Failure,17650,10832,11,318,9,0,0,0.0015519902
CLM00409,1821,SUP-083,V-Belt,Leak,41487,13941,7,275,2,0,0,0.029680086
CLM00410,1162,SUP-076,Fuel/Water Separator,Leak,21694,9552,5,2,3,0,0,0.0014442458
CLM00411,1719,SUP-020,Wheel Bearing,Corrosion,42448,9681,2,150,1,0,0,0.031181095
CLM00412,1956,SUP-065,V-Belt,Corrosion,42455,13271,6,94,3,0,0,0.025346963
CLM00413,1680,SUP-085,U-Joint,Wear,17863,3423,5,313,2,0,0,0.0015950518
CLM00414,1995,SUP-049,U-Joint,Sensor Failure,3690,18316,15,100,7,0,0,0.0015499638
CLM00415,1160,SUP-001,Relay Valve,Breakage,49617,840,11,259,7,0,0,0.031844586
CLM00416,1579,SUP-010,U-Joint,Breakage,46056,24265,5,279,6,0,0,0.03696601
CLM00417,1800,SUP-047,Air Filter,Sensor Failure,22320,11069,18,4,4,0,0,0.071652085
CLM00418,1397,SUP-059,Wheel Bearing,Wear,3427,14706,8,78,3,0,0,0.0014717423
CLM00419,1276,SUP-096,Radiator Hose,Corrosion,26419,1698,11,198,7,0,0,0.001522196
CLM00420,1815,SUP-062,Relay Valve,Corrosion,41832,26543,17,326,3,1,1,99.85959
CLM00421,1915,SUP-086,Brake Chamber,Corrosion,36983,4796,14,165,9,0,0,0.029299019
CLM00422,1503,SUP-018,V-Belt,Breakage,23365,16476,2,7,8,0,0,0.001471505
CLM00423,1895,SUP-046,Radiator Hose,Breakage,4911,13530,7,1,7,0,0,0.0015554455
CLM00424,1391,SUP-032,U-Joint,Wear,21461,25070,18,88,2,0,0,0.07733911
CLM00425,1134,SUP-027,Fuel/Water Separator,Breakage,1649,21077,1,180,3,0,0,0.0016205853
CLM00426,1194,SUP-092,Air Filter,Leak,27469,15962,15,10,8,0,0,0.001488169
CLM00427,1400,SUP-018,V-Belt,Breakage,28826,24997,1,134,3,0,0,0.0015843501
CLM00428,1639,SUP-039,V-Belt,Corrosion,16503,16010,17,110,8,0,0,0.06481851
CLM00429,1032,SUP-049,V-Belt,Wear,44346,9983,7,125,4,0,0,0.02724802
CLM00430,1687,SUP-093,Wheel Bearing,Sensor Failure,22962,5434,16,207,5,0,0,0.030951586
CLM00431,1459,SUP-082,V-Belt,Sensor Failure,41884,25427,2,301,9,0,0,0.03380031
CLM00432,1954,SUP-044,Relay Valve,Wear,35122,23494,15,140,2,0,0,0.032236796
CLM00433,1882,SUP-072,Fuel/Water Separator,Leak,18677,26377,11,103,3,0,0,0.0015846281
CLM00434,1469,SUP-054,Relay Valve,Sensor Failure,20642,12331,2,111,1,0,0,0.0014723949
CLM00435,1374,SUP-095,Relay Valve,Corrosion,3713,19971,11,70,8,0,0,0.0016569367
CLM00436,1021,SUP-034,Air Filter,Sensor Failure,9595,6573,16,110,9,0,0,0.029164687
CLM00437,1749,SUP-071,Fuel/Water Separator,Sensor Failure,14779,17339,2,224,9,0,0,0.0015654129
CLM00438,1669,SUP-036,Air Filter,Corrosion,13164,6353,19,224,3,0,0,0.071985185
CLM00439,1037,SUP-018,V-Belt,Breakage,2546,3750,16,219,5,0,0,0.02851689
CLM00440,1229,SUP-038,V-Belt,Leak,36374,26233,8,239,9,0,0,0.034149636
CLM00441,1364,SUP-059,Relay Valve,Corrosion,27428,757,5,119,5,0,0,0.0015420273
CLM00442,1562,SUP-009,Relay Valve,Corrosion,37974,27185,8,331,1,0,0,0.02933902
CLM00443,1437,SUP-073,V-Belt,Misalignment,32707,17365,14,214,1,0,0,0.023048738
CLM00444,1775,SUP-072,Wheel Speed Sensor,Wear,26388,5230,14,36,4,0,0,0.0015835873
CLM00445,1282,SUP-051,Wheel Bearing,Leak,37142,11805,18,343,7,1,1,99.882835
CLM00446,1026,SUP-035,Radiator Hose,Breakage,26505,18280,5,357,7,0,0,0.0015733825
CLM00447,1225,SUP-082,U-Joint,Misalignment,14173,5918,10,279,7,0,0,0.0015486592
CLM00448,1276,SUP-005,Brake Chamber,Corrosion,30580,5671,15,256,6,0,0,0.010511597
CLM00449,1797,SUP-014,Fuel/Water Separator,Misalignment,29651,22957,13,155,1,0,0,0.0015955584
CLM00450,1608,SUP-092,Air Filter,Breakage,24318,23943,9,271,3,0,0,0.0015944646
CLM00451,1283,SUP-030,Fuel/Water Separator,Misalignment,15627,23339,9,42,5,0,0,0.0016711507
CLM00452,1878,SUP-004,V-Belt,Misalignment,7078,11318,19,29,4,0,0,0.069442526
CLM00453,1959,SUP-039,Radiator Hose,Misalignment,37091,6702,9,183,4,0,0,0.03350769
CLM00454,1480,SUP-084,Brake Chamber,Corrosion,9366,15139,5,203,9,0,0,0.0015191925
CLM00455,1452,SUP-064,Relay Valve,Corrosion,15444,6678,6,49,7,0,0,0.0015857089
CLM00456,1828,SUP-025,Relay Valve,Wear,40873,17531,10,327,9,0,0,0.032327805
CLM00457,1815,SUP-028,Air Filter,Sensor Failure,18747,13798,10,331,7,0,0,0.0015463583
CLM00458,1658,SUP-076,U-Joint,Leak,28471,2111,6,54,3,0,0,0.0016039506
CLM00459,1515,SUP-066,Radiator Hose,Wear,10229,28901,1,222,4,0,0,0.0015809016
CLM00460,1546,SUP-078,Air Filter,Breakage,48796,29664,13,352,9,0,0,0.029193062
CLM00461,1191,SUP-022,Brake Chamber,Misalignment,41257,29662,8,360,1,0,0,0.03313718
CLM00462,1048,SUP-031,Brake Chamber,Corrosion,17304,27344,13,37,3,0,0,0.0016314184
CLM00463,1511,SUP-023,Brake Chamber,Misalignment,25335,20768,6,205,4,0,0,0.0015944055
CLM00464,1016,SUP-048,Relay Valve,Corrosion,3090,14408,19,280,4,0,0,0.07320054
CLM00465,1171,SUP-020,Wheel Speed Sensor,Leak,49229,27830,12,55,7,0,0,0.031319275
CLM00466,1219,SUP-038,Radiator Hose,Wear,33368,21866,15,223,4,0,0,0.03502634
CLM00467,1157,SUP-055,U-Joint,Wear,11944,4086,8,108,8,0,0,0.001581117
CLM00468,1476,SUP-068,Radiator Hose,Breakage,32752,28460,11,206,1,0,0,0.026966548
CLM00469,1045,SUP-079,Radiator Hose,Wear,33916,24557,9,172,3,0,0,0.030562531
CLM00470,1372,SUP-088,Wheel Bearing,Wear,21817,6580,19,90,6,0,0,0.07375621
CLM00471,1517,SUP-089,Radiator Hose,Sensor Failure,6098,13281,11,6,3,0,0,0.0015078058
CLM00472,1098,SUP-001,Air Filter,Leak,48327,17642,6,287,8,0,0,0.034564063
CLM00473,1891,SUP-007,Wheel Bearing,Misalignment,2133,14471,15,171,7,0,0,0.0015723011
CLM00474,1744,SUP-057,Wheel Speed Sensor,Wear,43067,17516,17,363,5,1,1,99.8718
CLM00475,1036,SUP-095,Air Filter,Breakage,29670,24732,12,268,2,0,0,0.0015278257
CLM00476,1279,SUP-012,Radiator Hose,Misalignment,48724,28660,2,193,5,0,0,0.03507436
CLM00477,1348,SUP-005,Fuel/Water Separator,Corrosion,36974,829,4,244,9,0,0,0.02955029
CLM00478,1496,SUP-050,Relay Valve,Wear,2109,28095,3,180,5,0,0,0.0015279014
CLM00479,1301,SUP-042,V-Belt,Wear,29755,5946,2,248,3,0,0,0.0014782973
CLM00480,1180,SUP-012,U-Joint,Misalignment,43937,25085,19,70,7,1,1,99.89196
CLM00481,1606,SUP-018,U-Joint,Corrosion,25802,12745,5,221,3,0,0,0.0014880213
CLM00482,1098,SUP-066,Air Filter,Sensor Failure,44899,10866,17,30,8,1,1,99.87269
CLM00483,1699,SUP-074,U-Joint,Leak,42972,17868,16,119,5,1,1,99.717926
CLM00484,1992,SUP-079,Wheel Bearing,Sensor Failure,4106,1168,16,205,5,0,0,0.028282573
CLM00485,1115,SUP-094,Brake Chamber,Breakage,37704,27354,12,222,6,0,0,0.035746288
CLM00486,1190,SUP-017,Fuel/Water Separator,Misalignment,44762,13826,4,126,6,0,0,0.03519913
CLM00487,1252,SUP-068,V-Belt,Wear,10658,15322,17,55,3,0,0,0.06456613
CLM00488,1980,SUP-071,U-Joint,Sensor Failure,17340,17325,19,39,7,0,0,0.070327505
CLM00489,1927,SUP-062,U-Joint,Leak,44948,19809,2,338,9,0,0,0.028537696
CLM00490,1982,SUP-041,Air Filter,Breakage,9461,4520,5,262,1,0,0,0.0014614929
CLM00491,1160,SUP-095,Radiator Hose,Sensor Failure,23933,22561,1,184,4,0,0,0.0015281477
CLM00492,1255,SUP-034,Relay Valve,Wear,43491,25349,14,8,4,0,0,0.033776697
CLM00493,1322,SUP-070,Wheel Speed Sensor,Leak,9495,21597,9,311,1,0,0,0.0015883606
CLM00494,1127,SUP-045,V-Belt,Wear,33291,26102,17,361,6,1,1,99.880394
CLM00495,1017,SUP-058,Radiator Hose,Wear,49112,19257,12,16,2,0,0,0.027032113
CLM00496,1792,SUP-051,Relay Valve,Breakage,14097,29424,12,64,6,0,0,0.001656567
CLM00497,1734,SUP-034,Relay Valve,Leak,22532,26633,15,253,1,0,0,0.0015993563
CLM00498,1565,SUP-044,Air Filter,Corrosion,32110,3626,16,11,5,1,1,99.36603
CLM00499,1569,SUP-015,Fuel/Water Separator,Wear,49543,3433,18,88,6,1,1,99.88098
CLM00500,1322,SUP-078,U-Joint,Leak,41702,25523,14,211,2,0,0,0.030584132
CLM00501,1871,SUP-070,U-Joint,Wear,25717,20252,12,4,1,0,0,0.0015754787
CLM00502,1685,SUP-050,Radiator Hose,Sensor Failure,39543,28769,11,131,7,0,0,0.036950223
CLM00503,1791,SUP-032,Wheel Speed Sensor,Sensor Failure,42768,23400,15,271,1,0,0,0.034344777
CLM00504,1625,SUP-067,Wheel Bearing,Leak,18331,4306,8,360,7,0,0,0.0016306685
CLM00505,1287,SUP-003,Brake Chamber,Breakage,44252,29640,17,68,1,1,1,99.88388
CLM00506,1942,SUP-086,Radiator Hose,Corrosion,44883,15595,8,337,9,0,0,0.030239683
CLM00507,1853,SUP-086,Wheel Bearing,Sensor Failure,32631,22139,4,9,5,0,0,0.030004596
CLM00508,1662,SUP-074,Brake Chamber,Breakage,40940,8566,10,25,6,0,0,0.033089194
CLM00509,1961,SUP-051,Relay Valve,Corrosion,22399,29072,6,65,7,0,0,0.0016286591
CLM00510,1638,SUP-067,Wheel Speed Sensor,Sensor Failure,26514,12009,6,104,1,0,0,0.0014717547
CLM00511,1154,SUP-076,Radiator Hose,Corrosion,3496,8761,17,66,8,0,0,0.07141223
CLM00512,1489,SUP-093,Relay Valve,Misalignment,31985,13268,8,183,6,0,0,0.01767507
CLM00513,1385,SUP-048,Wheel Bearing,Wear,20946,27653,13,173,2,0,0,0.0015286534
CLM00514,1985,SUP-017,Radiator Hose,Leak,40161,5085,15,289,1,0,0,0.024881275
CLM00515,1784,SUP-007,Radiator Hose,Sensor Failure,22434,21482,4,22,1,0,0,0.0015998337
CLM00516,1103,SUP-013,Air Filter,Sensor Failure,39178,28132,15,42,4,0,0,0.035976306
CLM00517,1928,SUP-066,V-Belt,Wear,34310,6317,14,204,3,0,0,0.02737423
CLM00518,1392,SUP-004,Relay Valve,Sensor Failure,11871,616,11,155,6,0,0,0.0016203041
CLM00519,1810,SUP-010,Radiator Hose,Sensor Failure,14390,16116,17,11,8,0,0,0.072889425
CLM00520,1245,SUP-088,U-Joint,Misalignment,12146,18697,10,298,1,0,0,0.0015637478
CLM00521,1175,SUP-017,U-Joint,Sensor Failure,49577,15442,6,78,7,0,0,0.030653547
CLM00522,1038,SUP-052,V-Belt,Sensor Failure,25107,17787,6,104,8,0,0,0.0014942912
CLM00523,1476,SUP-006,Radiator Hose,Sensor Failure,46199,29599,1,278,5,0,0,0.035645697
CLM00524,1681,SUP-083,V-Belt,Breakage,16479,9185,5,137,8,0,0,0.0015204463
CLM00525,1758,SUP-069,V-Belt,Sensor Failure,12183,23089,4,207,1,0,0,0.0015354152
CLM00526,1537,SUP-096,Wheel Bearing,Wear,19996,4358,11,251,2,0,0,0.0015209407
CLM00527,1866,SUP-074,Wheel Bearing,Misalignment,29224,14638,17,225,4,0,0,0.0733554
CLM00528,1817,SUP-009,Fuel/Water Separator,Sensor Failure,11309,19567,7,57,1,0,0,0.0015018488
CLM00529,1920,SUP-091,Relay Valve,Corrosion,17173,21059,3,339,5,0,0,0.0015795904
CLM00530,1407,SUP-077,Brake Chamber,Misalignment,11872,4230,2,287,3,0,0,0.0015475474
CLM00531,1524,SUP-083,V-Belt,Misalignment,40800,7128,8,274,2,0,0,0.03390953
CLM00532,1827,SUP-021,Wheel Bearing,Corrosion,32946,22025,5,168,7,0,0,0.0336825
CLM00533,1505,SUP-024,Wheel Speed Sensor,Wear,28424,13382,5,357,2,0,0,0.0014747784
CLM00534,1902,SUP-004,Fuel/Water Separator,Breakage,23707,5943,10,173,9,0,0,0.0016163455
CLM00535,1824,SUP-024,Radiator Hose,Wear,5688,2040,12,98,6,0,0,0.0016125579
CLM00536,1035,SUP-059,Relay Valve,Breakage,13854,8588,17,342,8,0,0,0.06949105
CLM00537,1684,SUP-099,Radiator Hose,Leak,38554,8459,14,260,3,0,0,0.03289494
CLM00538,1019,SUP-003,Fuel/Water Separator,Corrosion,4681,14964,5,173,5,0,0,0.0015897973
CLM00539,1320,SUP-068,Air Filter,Misalignment,22613,17509,5,174,3,0,0,0.0015055456
CLM00540,1775,SUP-040,U-Joint,Misalignment,20879,13071,6,212,9,0,0,0.0015389085
CLM00541,1511,SUP-048,Relay Valve,Misalignment,42624,15906,15,195,1,0,0,0.032303587
CLM00542,1399,SUP-054,U-Joint,Corrosion,7078,22856,5,265,8,0,0,0.0015868179
CLM00543,1653,SUP-035,Wheel Speed Sensor,Corrosion,49630,13999,8,272,6,0,0,0.02881866
CLM00544,1971,SUP-095,Radiator Hose,Breakage,46461,6662,1,307,7,0,0,0.033552103
CLM00545,1882,SUP-056,Air Filter,Misalignment,47041,7297,3,308,2,0,0,0.029719472
CLM00546,1470,SUP-089,Wheel Speed Sensor,Wear,32356,5358,19,137,7,1,1,99.81173
CLM00547,1142,SUP-040,Brake Chamber,Breakage,28941,1337,15,83,1,0,0,0.0016012258
CLM00548,1091,SUP-077,Radiator Hose,Misalignment,2416,27091,4,44,7,0,0,0.0016731088
CLM00549,1353,SUP-068,Fuel/Water Separator,Corrosion,20492,2515,2,207,8,0,0,0.0016197388
CLM00550,1833,SUP-046,Air Filter,Corrosion,26425,28155,17,117,2,0,0,0.072593
CLM00551,1799,SUP-078,Relay Valve,Corrosion,34675,22040,12,5,2,0,0,0.030879376
CLM00552,1726,SUP-013,Air Filter,Misalignment,9507,25147,8,221,3,0,0,0.0015972925
CLM00553,1958,SUP-027,Radiator Hose,Corrosion,14573,28528,5,283,4,0,0,0.0015795904
CLM00554,1853,SUP-006,Wheel Bearing,Leak,29698,16125,10,114,8,0,0,0.0015281826
CLM00555,1050,SUP-017,Wheel Speed Sensor,Corrosion,43478,7734,19,250,3,1,1,99.865685
CLM00556,1664,SUP-036,Air Filter,Misalignment,19318,5248,9,301,6,0,0,0.0016299362
CLM00557,1697,SUP-099,U-Joint,Breakage,39719,28954,16,90,8,1,1,99.72533
CLM00558,1574,SUP-081,Wheel Speed Sensor,Corrosion,5344,563,1,28,2,0,0,0.0016039506
CLM00559,1189,SUP-002,U-Joint,Sensor Failure,31992,8721,15,32,4,0,0,0.017464472
CLM00560,1124,SUP-077,Air Filter,Leak,41194,29047,2,217,1,0,0,0.03464985
CLM00561,1149,SUP-052,Wheel Bearing,Misalignment,10993,21536,14,309,8,0,0,0.0015877504
CLM00562,1313,SUP-066,Wheel Speed Sensor,Corrosion,40102,23673,16,71,1,1,1,99.715866
CLM00563,1569,SUP-052,Fuel/Water Separator,Sensor Failure,20006,24067,10,252,9,0,0,0.0016027137
CLM00564,1341,SUP-092,Wheel Speed Sensor,Misalignment,10048,2825,12,30,6,0,0,0.0015838606
CLM00565,1304,SUP-043,Relay Valve,Breakage,22949,6350,13,256,3,0,0,0.0014682864
CLM00566,1691,SUP-090,Air Filter,Leak,11068,4872,9,309,8,0,0,0.0016220884
CLM00567,1681,SUP-022,Brake Chamber,Corrosion,18909,23248,2,159,2,0,0,0.0016102989
CLM00568,1837,SUP-055,Radiator Hose,Breakage,32335,21649,19,9,3,1,1,99.78472
CLM00569,1782,SUP-067,V-Belt,Misalignment,35184,24075,15,323,7,0,0,0.033991873
CLM00570,1053,SUP-099,Brake Chamber,Sensor Failure,2794,3379,15,156,1,0,0,0.0015970671
CLM00571,1443,SUP-060,U-Joint,Misalignment,28641,2688,1,214,9,0,0,0.0016089283
CLM00572,1612,SUP-058,Fuel/Water Separator,Misalignment,3720,19665,18,154,9,0,0,0.07488771
CLM00573,1992,SUP-012,Fuel/Water Separator,Leak,7826,12813,7,83,3,0,0,0.0013910752
CLM00574,1263,SUP-088,Wheel Bearing,Corrosion,29780,19029,10,101,4,0,0,0.001594626
CLM00575,1052,SUP-069,Relay Valve,Breakage,40563,17159,9,10,2,0,0,0.031120691
CLM00576,1571,SUP-084,Radiator Hose,Leak,38844,15408,19,336,1,1,1,99.86786
CLM00577,1619,SUP-039,Brake Chamber,Sensor Failure,49230,18150,11,280,8,0,0,0.034424894
CLM00578,1004,SUP-013,V-Belt,Corrosion,7369,29049,4,281,9,0,0,0.0015101486
CLM00579,1102,SUP-041,Wheel Speed Sensor,Leak,42312,7076,1,180,9,0,0,0.0332911
CLM00580,1195,SUP-057,Wheel Bearing,Sensor Failure,45191,4604,12,90,5,0,0,0.034686964
CLM00581,1773,SUP-053,Fuel/Water Separator,Sensor Failure,43387,11635,1,129,5,0,0,0.033699475
CLM00582,1876,SUP-012,V-Belt,Breakage,6826,15704,17,309,5,0,0,0.074508265
CLM00583,1991,SUP-013,Fuel/Water Separator,Misalignment,3192,28056,9,107,6,0,0,0.0016145185
CLM00584,1883,SUP-074,Air Filter,Sensor Failure,20920,2819,8,280,4,0,0,0.0015018188
CLM00585,1349,SUP-097,Wheel Bearing,Sensor Failure,49018,16915,4,283,2,0,0,0.02919813
CLM00586,1046,SUP-057,Wheel Speed Sensor,Misalignment,24683,17735,8,107,2,0,0,0.001523038
CLM00587,1866,SUP-040,U-Joint,Wear,26692,25680,10,155,6,0,0,0.0016064858
CLM00588,1822,SUP-080,Wheel Bearing,Sensor Failure,36088,16338,18,344,5,1,1,99.863914
CLM00589,1935,SUP-045,Radiator Hose,Corrosion,25255,28275,15,232,4,0,0,0.001611565
CLM00590,1819,SUP-035,Wheel Speed Sensor,Leak,17917,22752,19,295,6,0,0,0.07528813
CLM00591,1655,SUP-003,Brake Chamber,Misalignment,10409,10756,11,333,4,0,0,0.0015880957
CLM00592,1268,SUP-005,Wheel Bearing,Misalignment,16529,8220,4,84,4,0,0,0.0014864954
CLM00593,1369,SUP-090,Wheel Speed Sensor,Misalignment,15795,12236,9,358,6,0,0,0.0015241686
CLM00594,1635,SUP-011,Brake Chamber,Corrosion,12180,27424,8,76,4,0,0,0.0016373255
CLM00595,1105,SUP-071,Wheel Bearing,Misalignment,49138,2307,16,261,9,1,1,99.69299
CLM00596,1669,SUP-056,V-Belt,Corrosion,22735,12551,13,337,7,0,0,0.0015712549
CLM00597,1658,SUP-010,U-Joint,Breakage,19363,29213,5,230,6,0,0,0.0015977754
CLM00598,1656,SUP-034,V-Belt,Wear,19460,23079,13,272,3,0,0,0.0015236149
CLM00599,1119,SUP-067,Radiator Hose,Misalignment,45036,23215,19,221,4,1,1,99.8887
CLM00600,1830,SUP-072,Wheel Speed Sensor,Wear,11136,6563,2,181,2,0,0,0.0014956
CLM00601,1786,SUP-031,Brake Chamber,Misalignment,12291,10890,12,202,3,0,0,0.0014928342
CLM00602,1603,SUP-075,Air Filter,Corrosion,40009,24295,9,285,1,0,0,0.035472672
CLM00603,1057,SUP-071,Wheel Bearing,Leak,13549,28948,1,118,9,0,0,0.0015981107
CLM00604,1950,SUP-066,Air Filter,Wear,13021,4062,14,117,3,0,0,0.0014811195
CLM00605,1345,SUP-070,Wheel Bearing,Wear,5114,20082,7,197,8,0,0,0.0015755419
CLM00606,1740,SUP-041,Radiator Hose,Corrosion,48115,5004,17,194,4,1,1,99.88282
CLM00607,1473,SUP-063,Air Filter,Wear,3584,8485,14,292,8,0,0,0.0015799096
CLM00608,1116,SUP-032,Brake Chamber,Breakage,10740,10584,17,104,7,0,0,0.07534121
CLM00609,1829,SUP-020,Relay Valve,Corrosion,35256,13131,2,174,4,0,0,0.029911004
CLM00610,1790,SUP-057,V-Belt,Wear,21043,16825,9,301,7,0,0,0.0015169355
CLM00611,1126,SUP-098,Brake Chamber,Wear,31743,23618,15,103,8,0,0,0.019717393
CLM00612,1392,SUP-050,Fuel/Water Separator,Wear,14319,14506,16,9,3,0,0,0.028876498
CLM00613,1907,SUP-080,Radiator Hose,Corrosion,33995,28245,9,164,5,0,0,0.03176072
CLM00614,1640,SUP-025,U-Joint,Leak,21855,23873,4,5,3,0,0,0.0016156413
CLM00615,1057,SUP-012,Wheel Bearing,Sensor Failure,6242,19831,15,335,7,0,0,0.0016213955
CLM00616,1633,SUP-071,Brake Chamber,Misalignment,47169,4623,10,329,6,0,0,0.03448961
CLM00617,1512,SUP-039,Air Filter,Wear,25007,11792,7,89,1,0,0,0.0014717423
CLM00618,1750,SUP-017,Relay Valve,Sensor Failure,30407,28997,6,178,5,0,0,0.013713674
CLM00619,1801,SUP-045,Fuel/Water Separator,Sensor Failure,15850,13421,15,284,4,0,0,0.0015175983
CLM00620,1095,SUP-011,Air Filter,Wear,22312,29383,2,27,2,0,0,0.0015848186
CLM00621,1637,SUP-070,V-Belt,Wear,15094,21667,15,175,1,0,0,0.0014914994
CLM00622,1117,SUP-023,Relay Valve,Misalignment,49945,12380,18,161,7,1,1,99.872154
CLM00623,1559,SUP-091,Wheel Speed Sensor,Sensor Failure,41083,6099,14,115,7,0,0,0.036249623
CLM00624,1600,SUP-070,Wheel Speed Sensor,Leak,49514,571,18,97,6,1,1,99.86059
CLM00625,1487,SUP-038,Wheel Speed Sensor,Sensor Failure,13988,10849,3,166,5,0,0,0.0015165348
CLM00626,1236,SUP-002,Radiator Hose,Leak,14198,26212,14,136,9,0,0,0.0016104586
CLM00627,1884,SUP-086,Brake Chamber,Breakage,1698,6016,6,164,2,0,0,0.0014664001
CLM00628,1896,SUP-084,Wheel Bearing,Leak,1437,13019,14,363,3,0,0,0.0014906178
CLM00629,1271,SUP-089,Brake Chamber,Misalignment,23203,12769,2,202,9,0,0,0.0015194953
CLM00630,1188,SUP-079,Fuel/Water Separator,Corrosion,16995,8734,16,169,2,0,0,0.027296096
CLM00631,1998,SUP-093,Brake Chamber,Wear,39948,4860,16,136,3,1,1,99.62524
CLM00632,1703,SUP-072,Brake Chamber,Breakage,10876,2331,17,158,6,0,0,0.07714101
CLM00633,1446,SUP-037,V-Belt,Sensor Failure,19537,16929,16,301,7,0,0,0.027556008
CLM00634,1580,SUP-049,Wheel Bearing,Leak,13902,25058,16,227,2,0,0,0.030248825
CLM00635,1789,SUP-052,Brake Chamber,Breakage,23759,28717,8,302,8,0,0,0.0016066711
CLM00636,1860,SUP-033,Wheel Bearing,Corrosion,28490,7892,6,349,9,0,0,0.0015576008
CLM00637,1246,SUP-022,U-Joint,Leak,22520,22955,18,272,1,0,0,0.07155126
CLM00638,1962,SUP-005,Wheel Speed Sensor,Misalignment,6278,18559,14,324,6,0,0,0.0015766089
CLM00639,1075,SUP-018,Air Filter,Sensor Failure,34727,7768,16,50,4,1,1,99.71274
CLM00640,1153,SUP-038,V-Belt,Sensor Failure,11031,12044,8,324,5,0,0,0.0015373183
CLM00641,1655,SUP-037,Wheel Speed Sensor,Leak,25853,6881,18,2,6,0,0,0.07243569
CLM00642,1434,SUP-094,Wheel Bearing,Corrosion,21604,23628,14,331,6,0,0,0.0015999207
CLM00643,1996,SUP-095,Wheel Speed Sensor,Wear,41355,9961,17,75,7,1,1,99.865
CLM00644,1085,SUP-064,Brake Chamber,Wear,26919,29059,8,247,9,0,0,0.0016578044
CLM00645,1696,SUP-010,Air Filter,Sensor Failure,22154,7334,16,215,4,0,0,0.030951586
CLM00646,1284,SUP-079,Brake Chamber,Corrosion,9906,29039,10,230,9,0,0,0.0015816025
CLM00647,1973,SUP-042,Fuel/Water Separator,Sensor Failure,15298,19907,10,242,1,0,0,0.0015652293
CLM00648,1219,SUP-048,Brake Chamber,Wear,43465,19674,18,188,9,1,1,99.87484
CLM00649,1068,SUP-044,Air Filter,Sensor Failure,2347,28246,18,129,8,0,0,0.07304511
CLM00650,1046,SUP-082,Relay Valve,Leak,6008,29898,9,97,2,0,0,0.0015226329
CLM00651,1093,SUP-087,U-Joint,Misalignment,25553,23227,1,165,7,0,0,0.0016259168
CLM00652,1749,SUP-097,Wheel Bearing,Leak,28018,1512,16,177,7,0,0,0.031288147
CLM00653,1957,SUP-016,U-Joint,Misalignment,5868,15272,10,117,2,0,0,0.0014277633
CLM00654,1452,SUP-054,Fuel/Water Separator,Corrosion,31905,21473,15,210,8,0,0,0.018631438
CLM00655,1203,SUP-035,U-Joint,Wear,4960,20391,5,273,6,0,0,0.0015877504
CLM00656,1911,SUP-098,Wheel Speed Sensor,Corrosion,10944,5302,17,327,6,0,0,0.07466254
CLM00657,1217,SUP-028,V-Belt,Corrosion,3505,18955,9,51,5,0,0,0.0015069492
CLM00658,1473,SUP-002,Air Filter,Wear,24759,8030,6,265,8,0,0,0.0016311009
CLM00659,1431,SUP-094,V-Belt,Breakage,19121,10697,2,64,9,0,0,0.0014713323
CLM00660,1340,SUP-013,Air Filter,Breakage,46129,2817,13,341,5,0,0,0.032176122
CLM00661,1550,SUP-041,Wheel Bearing,Sensor Failure,49611,29909,18,229,1,1,1,99.84145
CLM00662,1611,SUP-080,U-Joint,Breakage,20063,22231,4,349,6,0,0,0.0016113159
CLM00663,1288,SUP-059,Wheel Bearing,Leak,32559,19059,10,298,1,0,0,0.025299301
CLM00664,1253,SUP-069,Brake Chamber,Misalignment,6760,13330,11,237,5,0,0,0.001512824
CLM00665,1733,SUP-092,Brake Chamber,Corrosion,42871,26862,13,225,6,0,0,0.03202711
CLM00666,1356,SUP-053,V-Belt,Sensor Failure,14081,11821,17,117,3,0,0,0.06818959
CLM00667,1022,SUP-045,Radiator Hose,Corrosion,49553,19256,11,250,1,0,0,0.024407055
CLM00668,1761,SUP-020,Radiator Hose,Wear,34126,23686,4,70,2,0,0,0.03385949
CLM00669,1521,SUP-024,Radiator Hose,Breakage,31961,5725,14,345,3,0,0,0.016907703
CLM00670,1757,SUP-061,Fuel/Water Separator,Wear,39721,26536,3,35,3,0,0,0.036414456
CLM00671,1836,SUP-091,Wheel Speed Sensor,Sensor Failure,34844,6728,12,273,2,0,0,0.032081902
CLM00672,1099,SUP-094,Wheel Speed Sensor,Misalignment,15088,22005,4,44,6,0,0,0.0016474216
CLM00673,1801,SUP-058,Brake Chamber,Leak,8236,15286,16,360,7,0,0,0.028647363
CLM00674,1179,SUP-027,Radiator Hose,Breakage,39439,24934,7,345,5,0,0,0.034760583
CLM00675,1222,SUP-026,Air Filter,Wear,23148,24616,19,107,7,0,0,0.07487993
CLM00676,1905,SUP-007,Brake Chamber,Misalignment,38742,10156,18,229,3,1,1,99.83754
CLM00677,1761,SUP-042,Wheel Bearing,Breakage,37295,14033,9,252,5,0,0,0.031277742
CLM00678,1658,SUP-047,Radiator Hose,Corrosion,46060,11733,11,44,3,0,0,0.031500656
CLM00679,1441,SUP-053,Brake Chamber,Leak,43564,22028,19,49,4,1,1,99.88739
CLM00680,1607,SUP-059,Radiator Hose,Misalignment,34843,9750,17,60,6,1,1,99.883766
CLM00681,1768,SUP-038,Fuel/Water Separator,Breakage,21432,7312,18,258,4,0,0,0.06983804
CLM00682,1324,SUP-069,V-Belt,Leak,17712,26047,6,65,4,0,0,0.0016248937
CLM00683,1515,SUP-087,Relay Valve,Misalignment,15433,27466,3,114,7,0,0,0.0016179911
CLM00684,1015,SUP-092,Radiator Hose,Corrosion,28808,13775,14,259,6,0,0,0.0015561294
CLM00685,1791,SUP-098,Wheel Bearing,Corrosion,37245,8324,9,349,1,0,0,0.028442627
CLM00686,1335,SUP-053,Wheel Bearing,Wear,40892,5955,3,162,8,0,0,0.034431163
CLM00687,1758,SUP-015,V-Belt,Sensor Failure,18386,16292,2,164,1,0,0,0.0014623712
CLM00688,1257,SUP-096,U-Joint,Wear,26152,28075,19,15,9,0,0,0.0759946
CLM00689,1496,SUP-026,Wheel Bearing,Leak,25902,19388,6,37,4,0,0,0.0015647381
CLM00690,1987,SUP-048,Brake Chamber,Wear,33662,25974,3,138,7,0,0,0.034001272
CLM00691,1895,SUP-095,Wheel Bearing,Misalignment,15702,10505,9,265,5,0,0,0.0015555405
CLM00692,1159,SUP-019,Relay Valve,Breakage,36589,2002,18,306,3,1,1,99.87809
CLM00693,1474,SUP-009,V-Belt,Misalignment,43425,7542,7,46,8,0,0,0.03565273
CLM00694,1851,SUP-064,Brake Chamber,Wear,45185,25418,2,106,2,0,0,0.033106804
CLM00695,1663,SUP-093,Radiator Hose,Sensor Failure,27857,20744,1,81,3,0,0,0.0016229997
CLM00696,1907,SUP-054,V-Belt,Misalignment,46707,24742,5,303,5,0,0,0.028364258
CLM00697,1689,SUP-051,Relay Valve,Misalignment,19764,12043,3,274,5,0,0,0.0015521736
CLM00698,1674,SUP-039,Wheel Speed Sensor,Misalignment,9686,24403,7,113,5,0,0,0.0016177552
CLM00699,1379,SUP-004,Relay Valve,Sensor Failure,3416,19744,6,208,7,0,0,0.0015755419
CLM00700,1544,SUP-003,Air Filter,Misalignment,26729,16056,1,307,8,0,0,0.001576427
CLM00701,1928,SUP-064,Air Filter,Leak,33671,1748,19,241,8,1,1,99.87538
CLM00702,1956,SUP-029,Wheel Speed Sensor,Corrosion,3142,23967,14,89,3,0,0,0.0015974081
CLM00703,1690,SUP-011,Fuel/Water Separator,Sensor Failure,20772,26284,10,183,8,0,0,0.0015924876
CLM00704,1426,SUP-097,Wheel Bearing,Leak,26377,5510,2,272,2,0,0,0.0015334996
CLM00705,1612,SUP-058,U-Joint,Sensor Failure,44002,6805,11,255,4,0,0,0.03399528
CLM00706,1267,SUP-075,U-Joint,Sensor Failure,1207,22646,16,344,2,0,0,0.029538402
CLM00707,1834,SUP-027,Relay Valve,Corrosion,11846,21274,17,245,5,0,0,0.0763996
CLM00708,1576,SUP-097,Wheel Speed Sensor,Breakage,42432,2639,5,268,3,0,0,0.031052286
CLM00709,1416,SUP-021,Wheel Speed Sensor,Leak,22511,26686,18,99,3,0,0,0.07515931
CLM00710,1167,SUP-039,Radiator Hose,Sensor Failure,25711,27055,16,59,5,0,0,0.02935589
CLM00711,1841,SUP-095,V-Belt,Sensor Failure,49014,24219,10,73,4,0,0,0.034395143
CLM00712,1042,SUP-046,Brake Chamber,Wear,38124,14069,6,112,6,0,0,0.030560143
CLM00713,1555,SUP-066,Air Filter,Misalignment,26746,11489,8,165,5,0,0,0.0015238721
CLM00714,1284,SUP-091,U-Joint,Breakage,7024,25632,6,288,5,0,0,0.0015807793
CLM00715,1396,SUP-036,Wheel Bearing,Corrosion,31392,23002,4,211,3,0,0,0.01575486
CLM00716,1011,SUP-075,Brake Chamber,Leak,41373,20878,5,22,4,0,0,0.029907838
CLM00717,1606,SUP-082,Relay Valve,Sensor Failure,35204,29480,6,354,3,0,0,0.033159558
CLM00718,1301,SUP-065,Radiator Hose,Misalignment,45531,14460,15,83,3,0,0,0.032407943
CLM00719,1897,SUP-063,Brake Chamber,Leak,23759,28762,6,242,9,0,0,0.001624818
CLM00720,1252,SUP-099,Radiator Hose,Corrosion,27724,1652,19,12,6,0,0,0.07100239
CLM00721,1498,SUP-035,U-Joint,Breakage,46772,4244,8,5,2,0,0,0.032378543
CLM00722,1753,SUP-031,U-Joint,Wear,42466,20505,13,282,1,0,0,0.034569535
CLM00723,1034,SUP-028,Wheel Bearing,Breakage,11797,13972,4,116,3,0,0,0.0014417234
CLM00724,1726,SUP-001,Wheel Speed Sensor,Wear,26021,22774,17,347,3,0,0,0.07447901
CLM00725,1848,SUP-025,Relay Valve,Leak,36549,28435,14,20,4,0,0,0.03479311
CLM00726,1089,SUP-043,Fuel/Water Separator,Breakage,34211,26048,18,189,4,1,1,99.8933
CLM00727,1775,SUP-084,Wheel Bearing,Breakage,43500,16264,15,136,5,0,0,0.034652457
CLM00728,1604,SUP-067,U-Joint,Breakage,44730,4407,19,336,4,1,1,99.88138
CLM00729,1921,SUP-063,V-Belt,Corrosion,34334,20612,11,58,2,0,0,0.0245884
CLM00730,1969,SUP-051,Wheel Speed Sensor,Leak,20986,13725,7,173,1,0,0,0.0014306678
CLM00731,1601,SUP-002,V-Belt,Wear,19320,24631,1,193,7,0,0,0.001544681
CLM00732,1417,SUP-082,Wheel Bearing,Breakage,37951,12103,3,5,9,0,0,0.03312499
CLM00733,1114,SUP-064,Brake Chamber,Leak,41694,19950,19,159,9,1,1,99.88525
CLM00734,1616,SUP-074,Fuel/Water Separator,Misalignment,43612,9983,1,279,1,0,0,0.031666264
CLM00735,1902,SUP-069,Radiator Hose,Corrosion,39569,29389,4,140,9,0,0,0.030963039
CLM00736,1195,SUP-009,Wheel Bearing,Corrosion,47564,3360,11,4,1,0,0,0.033337474
CLM00737,1825,SUP-002,Radiator Hose,Misalignment,17021,663,7,293,1,0,0,0.0015412114
CLM00738,1500,SUP-034,Radiator Hose,Leak,22199,28995,7,75,2,0,0,0.0016555372
CLM00739,1625,SUP-060,V-Belt,Wear,6500,2214,14,234,6,0,0,0.0016265465
CLM00740,1492,SUP-061,Brake Chamber,Leak,30666,3962,15,104,9,0,0,0.013202258
CLM00741,1074,SUP-031,Radiator Hose,Leak,6402,18324,5,137,5,0,0,0.0016573981
CLM00742,1412,SUP-010,Fuel/Water Separator,Sensor Failure,24371,10787,14,282,9,0,0,0.0015306694
CLM00743,1375,SUP-076,V-Belt,Corrosion,38549,22197,13,231,9,0,0,0.03189517
CLM00744,1419,SUP-036,U-Joint,Wear,36454,25876,18,283,8,1,1,99.8889
CLM00745,1728,SUP-085,V-Belt,Sensor Failure,16515,27841,1,238,7,0,0,0.001547723
CLM00746,1276,SUP-049,Fuel/Water Separator,Misalignment,18587,6727,13,235,3,0,0,0.0014184369
CLM00747,1760,SUP-070,Wheel Speed Sensor,Leak,38824,19544,7,190,3,0,0,0.030490326
CLM00748,1675,SUP-049,V-Belt,Misalignment,44897,18574,6,178,4,0,0,0.031247307
CLM00749,1393,SUP-003,U-Joint,Corrosion,8057,733,9,345,9,0,0,0.0015889712
CLM00750,1868,SUP-074,Radiator Hose,Sensor Failure,13099,2376,10,338,3,0,0,0.0015084171
CLM00751,1456,SUP-005,Air Filter,Sensor Failure,49623,9653,3,222,8,0,0,0.02637863
CLM00752,1919,SUP-090,Air Filter,Wear,47346,20254,7,214,8,0,0,0.029189305
CLM00753,1191,SUP-061,Air Filter,Leak,23097,15683,11,213,6,0,0,0.0015116357
CLM00754,1738,SUP-085,Wheel Speed Sensor,Wear,6183,6839,12,359,2,0,0,0.0015516127
CLM00755,1688,SUP-090,U-Joint,Sensor Failure,21463,13693,12,93,6,0,0,0.001511637
CLM00756,1098,SUP-026,Fuel/Water Separator,Sensor Failure,32060,21993,13,46,4,0,0,0.021743514
CLM00757,1547,SUP-072,Wheel Bearing,Wear,17696,17929,8,255,7,0,0,0.0016052424
CLM00758,1977,SUP-005,Air Filter,Sensor Failure,9354,6591,4,191,1,0,0,0.0014177106
CLM00759,1998,SUP-015,Wheel Bearing,Breakage,18912,4981,1,326,3,0,0,0.0014735595
CLM00760,1095,SUP-016,Wheel Speed Sensor,Corrosion,46348,14812,6,145,8,0,0,0.03332978
CLM00761,1663,SUP-001,Wheel Bearing,Leak,30361,4959,2,344,1,0,0,0.011230498
CLM00762,1662,SUP-016,Wheel Speed Sensor,Corrosion,22880,8533,14,104,3,0,0,0.0014900265
CLM00763,1189,SUP-037,Wheel Bearing,Leak,43525,6917,18,64,3,1,1,99.87074
CLM00764,1735,SUP-003,V-Belt,Sensor Failure,16760,18291,10,157,8,0,0,0.001529737
CLM00765,1036,SUP-052,Air Filter,Wear,5768,707,1,308,1,0,0,0.0015240798
CLM00766,1779,SUP-047,Brake Chamber,Wear,24951,4870,3,350,5,0,0,0.0015119788
CLM00767,1368,SUP-095,Relay Valve,Sensor Failure,34166,24034,4,128,7,0,0,0.036397416
CLM00768,1694,SUP-013,Wheel Speed Sensor,Leak,49012,10444,18,24,4,1,1,99.87383
CLM00769,1524,SUP-080,Radiator Hose,Sensor Failure,18431,9187,8,125,3,0,0,0.0015455887
CLM00770,1278,SUP-055,Relay Valve,Leak,19326,17785,9,175,6,0,0,0.0015079295
CLM00771,1216,SUP-021,Fuel/Water Separator,Sensor Failure,28706,12290,19,101,5,0,0,0.068788685
CLM00772,1866,SUP-066,Wheel Speed Sensor,Sensor Failure,34007,27282,2,51,2,0,0,0.034302928
CLM00773,1872,SUP-054,Wheel Speed Sensor,Sensor Failure,27934,23967,9,258,6,0,0,0.0015901065
CLM00774,1797,SUP-027,Wheel Bearing,Wear,40232,18633,3,149,3,0,0,0.03350424
CLM00775,1272,SUP-038,Wheel Speed Sensor,Leak,34439,25535,2,168,9,0,0,0.033616014
CLM00776,1880,SUP-090,Air Filter,Misalignment,33224,4989,7,105,3,0,0,0.029255336
CLM00777,1061,SUP-058,U-Joint,Sensor Failure,25303,9608,17,69,9,0,0,0.071574286
CLM00778,1595,SUP-062,U-Joint,Corrosion,36229,7082,17,35,6,1,1,99.881676
CLM00779,1879,SUP-046,Fuel/Water Separator,Corrosion,28969,16238,9,163,8,0,0,0.0015577598
CLM00780,1728,SUP-089,Brake Chamber,Wear,21532,8530,1,339,9,0,0,0.0015782727
CLM00781,1341,SUP-011,Air Filter,Breakage,34855,29335,1,208,8,0,0,0.035755254
CLM00782,1396,SUP-072,Air Filter,Misalignment,7776,21618,8,153,2,0,0,0.0016010198
CLM00783,1698,SUP-008,V-Belt,Wear,10334,12093,17,80,3,0,0,0.06812974
CLM00784,1018,SUP-097,U-Joint,Breakage,38892,21549,8,31,8,0,0,0.02838755
CLM00785,1176,SUP-071,Relay Valve,Wear,29484,2694,19,225,5,0,0,0.07286973
CLM00786,1611,SUP-064,Radiator Hose,Corrosion,29831,24010,4,255,4,0,0,0.0015936802
CLM00787,1395,SUP-021,Wheel Speed Sensor,Sensor Failure,45919,17843,18,209,6,1,1,99.87639
CLM00788,1444,SUP-072,Brake Chamber,Leak,24665,29939,13,180,6,0,0,0.0015141808
CLM00789,1232,SUP-063,Radiator Hose,Sensor Failure,30205,10849,7,305,7,0,0,0.011139499
CLM00790,1914,SUP-085,Radiator Hose,Corrosion,8054,9085,3,144,5,0,0,0.0015452055
CLM00791,1075,SUP-064,V-Belt,Leak,44468,12324,14,230,1,0,0,0.028008971
CLM00792,1264,SUP-020,Brake Chamber,Breakage,2028,13993,9,314,8,0,0,0.0015569029
CLM00793,1454,SUP-008,Brake Chamber,Breakage,11368,14384,3,306,1,0,0,0.0015253434
CLM00794,1795,SUP-058,V-Belt,Corrosion,22435,5038,7,334,4,0,0,0.0015639968
CLM00795,1717,SUP-046,Air Filter,Leak,18054,20942,15,64,3,0,0,0.0016229997
CLM00796,1734,SUP-031,V-Belt,Sensor Failure,49890,5342,4,308,3,0,0,0.027339304
CLM00797,1383,SUP-093,Air Filter,Corrosion,38362,15589,5,40,6,0,0,0.030598013
CLM00798,1563,SUP-009,Relay Valve,Breakage,15611,19061,9,243,8,0,0,0.0016527956
CLM00799,1850,SUP-015,Fuel/Water Separator,Corrosion,14394,26942,3,361,5,0,0,0.0016013662
CLM00800,1505,SUP-094,Air Filter,Sensor Failure,35623,18683,16,245,6,1,1,99.72729
CLM00801,1366,SUP-026,Radiator Hose,Wear,31748,8070,16,310,6,1,1,99.34637
CLM00802,1143,SUP-010,Air Filter,Misalignment,32724,9196,19,97,1,1,1,99.83876
CLM00803,1884,SUP-029,Fuel/Water Separator,Misalignment,48753,17603,9,145,7,0,0,0.033791322
CLM00804,1068,SUP-080,Wheel Speed Sensor,Misalignment,44038,18871,1,56,1,0,0,0.03420235
CLM00805,1098,SUP-036,V-Belt,Wear,27582,6273,17,30,7,0,0,0.07445134
CLM00806,1395,SUP-084,Wheel Speed Sensor,Sensor Failure,14597,15876,12,108,8,0,0,0.0014946132
CLM00807,1024,SUP-037,V-Belt,Leak,10880,25950,9,214,4,0,0,0.0015327905
CLM00808,1947,SUP-086,Relay Valve,Corrosion,21815,3378,5,221,8,0,0,0.0016350192
CLM00809,1890,SUP-071,U-Joint,Sensor Failure,17953,9325,15,104,6,0,0,0.0015189142
CLM00810,1468,SUP-023,Radiator Hose,Wear,23840,13069,13,181,6,0,0,0.0015351458
CLM00811,1483,SUP-041,Radiator Hose,Breakage,13886,16086,19,127,9,0,0,0.07391059
CLM00812,1564,SUP-093,U-Joint,Misalignment,12966,19304,3,198,6,0,0,0.0015474455
CLM00813,1150,SUP-080,U-Joint,Misalignment,26440,18208,2,343,5,0,0,0.0015651726
CLM00814,1143,SUP-028,V-Belt,Sensor Failure,7514,17892,13,33,6,0,0,0.0015124028
CLM00815,1568,SUP-048,Radiator Hose,Misalignment,38668,11025,7,334,8,0,0,0.03531055
CLM00816,1038,SUP-038,Radiator Hose,Misalignment,46369,26215,9,234,9,0,0,0.031844158
CLM00817,1108,SUP-031,U-Joint,Sensor Failure,49069,11912,10,36,8,0,0,0.032988247
CLM00818,1692,SUP-014,V-Belt,Sensor Failure,6349,17287,1,18,8,0,0,0.0014929636
CLM00819,1041,SUP-097,Air Filter,Wear,2029,28829,16,307,7,0,0,0.030029038
CLM00820,1185,SUP-073,Air Filter,Wear,7616,23117,11,232,1,0,0,0.0015641579
CLM00821,1934,SUP-091,Fuel/Water Separator,Misalignment,35764,11882,8,266,4,0,0,0.030935628
CLM00822,1397,SUP-088,Wheel Bearing,Sensor Failure,26824,25771,13,295,4,0,0,0.0015764736
CLM00823,1222,SUP-077,Brake Chamber,Sensor Failure,27712,25983,16,49,3,0,0,0.030268267
CLM00824,1633,SUP-090,Relay Valve,Misalignment,49461,12539,3,58,4,0,0,0.026832826
CLM00825,1132,SUP-029,V-Belt,Leak,19471,16598,13,332,2,0,0,0.0016289401
CLM00826,1162,SUP-051,Air Filter,Breakage,26256,28240,17,358,3,0,0,0.0717326
CLM00827,1214,SUP-049,Brake Chamber,Corrosion,34142,7272,6,151,3,0,0,0.03169281
CLM00828,1732,SUP-043,Brake Chamber,Corrosion,45329,7090,10,135,1,0,0,0.031232685
CLM00829,1234,SUP-092,Brake Chamber,Misalignment,4045,15147,9,301,7,0,0,0.0015569029
CLM00830,1842,SUP-092,U-Joint,Corrosion,15728,27002,18,345,4,0,0,0.057574984
CLM00831,1657,SUP-072,Fuel/Water Separator,Wear,30713,16177,17,311,8,1,1,99.53146
CLM00832,1750,SUP-087,Wheel Bearing,Wear,14838,17004,7,124,9,0,0,0.001594638
CLM00833,1587,SUP-093,V-Belt,Leak,23659,6960,2,183,2,0,0,0.001546609
CLM00834,1008,SUP-005,Fuel/Water Separator,Misalignment,39717,6781,11,205,2,0,0,0.02760663
CLM00835,1073,SUP-042,Wheel Speed Sensor,Wear,34573,22746,18,147,2,1,1,99.88094
CLM00836,1953,SUP-007,Fuel/Water Separator,Misalignment,7352,19749,3,109,8,0,0,0.0016125074
CLM00837,1491,SUP-042,Wheel Speed Sensor,Misalignment,40238,4231,14,150,2,0,0,0.030911481
CLM00838,1912,SUP-036,Wheel Bearing,Sensor Failure,24030,14465,13,233,6,0,0,0.0015733811
CLM00839,1252,SUP-027,V-Belt,Breakage,34046,28991,17,267,5,1,1,99.88524
CLM00840,1229,SUP-058,U-Joint,Breakage,2405,20475,11,131,9,0,0,0.0015979522
CLM00841,1518,SUP-046,Brake Chamber,Misalignment,42747,12268,7,147,2,0,0,0.030675504
CLM00842,1173,SUP-066,V-Belt,Breakage,8150,21370,3,91,1,0,0,0.0015431057
CLM00843,1652,SUP-025,U-Joint,Breakage,30623,24056,3,219,2,0,0,0.013591368
CLM00844,1167,SUP-073,V-Belt,Corrosion,18716,15604,2,34,5,0,0,0.0014538999
CLM00845,1169,SUP-027,U-Joint,Corrosion,9065,19298,16,11,8,0,0,0.029643549
CLM00846,1392,SUP-001,V-Belt,Sensor Failure,13564,25916,11,261,8,0,0,0.0015338229
CLM00847,1945,SUP-087,Fuel/Water Separator,Leak,20531,7135,14,71,2,0,0,0.0014335248
CLM00848,1794,SUP-074,Fuel/Water Separator,Wear,41760,19689,3,164,5,0,0,0.036116716
CLM00849,1633,SUP-042,Fuel/Water Separator,Wear,4449,11998,7,261,2,0,0,0.0014711191
CLM00850,1193,SUP-052,Brake Chamber,Corrosion,34200,28509,8,184,7,0,0,0.03139686
CLM00851,1516,SUP-025,Relay Valve,Misalignment,34777,23549,13,133,8,0,0,0.03657345
CLM00852,1028,SUP-054,Radiator Hose,Breakage,8279,5861,19,283,5,0,0,0.07046537
CLM00853,1164,SUP-067,Wheel Speed Sensor,Sensor Failure,45809,18349,11,349,1,0,0,0.030867454
CLM00854,1421,SUP-006,Fuel/Water Separator,Leak,6191,26932,1,345,7,0,0,0.0016150112
CLM00855,1338,SUP-058,Relay Valve,Corrosion,9508,10927,19,234,3,0,0,0.06917149
CLM00856,1647,SUP-070,Wheel Speed Sensor,Misalignment,49148,17287,13,354,2,0,0,0.030388553
CLM00857,1495,SUP-053,V-Belt,Sensor Failure,6307,7070,17,15,6,0,0,0.07574727
CLM00858,1364,SUP-066,Wheel Bearing,Misalignment,5216,25488,9,105,2,0,0,0.001618613
CLM00859,1832,SUP-058,U-Joint,Sensor Failure,2365,26613,19,354,8,0,0,0.06713866
CLM00860,1341,SUP-082,Relay Valve,Corrosion,40564,21133,19,20,3,1,1,99.88287
CLM00861,1499,SUP-087,Air Filter,Sensor Failure,10127,6846,6,248,2,0,0,0.0015528962
CLM00862,1656,SUP-002,Relay Valve,Breakage,20902,8908,7,162,8,0,0,0.0015603884
CLM00863,1510,SUP-076,Fuel/Water Separator,Sensor Failure,45747,23509,5,127,6,0,0,0.036222298
CLM00864,1326,SUP-022,Fuel/Water Separator,Leak,36536,16174,8,34,4,0,0,0.033214986
CLM00865,1216,SUP-037,Relay Valve,Sensor Failure,1495,16476,14,115,5,0,0,0.0014767318
CLM00866,1300,SUP-020,U-Joint,Wear,4592,26100,18,219,7,0,0,0.073269255
CLM00867,1131,SUP-024,Wheel Speed Sensor,Sensor Failure,3232,19697,3,242,4,0,0,0.001610987
CLM00868,1803,SUP-084,V-Belt,Misalignment,41816,15338,8,21,7,0,0,0.031057615
CLM00869,1069,SUP-065,Air Filter,Corrosion,20319,13586,14,225,6,0,0,0.0015547603
CLM00870,1251,SUP-065,V-Belt,Wear,15667,1305,14,167,5,0,0,0.0015086947
CLM00871,1414,SUP-081,Brake Chamber,Corrosion,14000,20233,7,296,3,0,0,0.0015748974
CLM00872,1786,SUP-001,U-Joint,Misalignment,7719,24245,6,172,1,0,0,0.0015456476
CLM00873,1444,SUP-094,Fuel/Water Separator,Leak,5445,19700,6,164,8,0,0,0.0015997667
CLM00874,1875,SUP-003,Brake Chamber,Breakage,48941,27885,12,311,7,0,0,0.032130543
CLM00875,1181,SUP-046,V-Belt,Leak,36135,26347,15,217,6,0,0,0.033793125
CLM00876,1166,SUP-055,V-Belt,Wear,11776,23115,19,199,4,0,0,0.07075614
CLM00877,1090,SUP-075,Air Filter,Misalignment,40323,25509,4,50,5,0,0,0.03719426
CLM00878,1713,SUP-088,Radiator Hose,Misalignment,18289,7920,3,330,5,0,0,0.0016038024
CLM00879,1857,SUP-086,V-Belt,Breakage,12419,25504,13,330,2,0,0,0.0015375165
CLM00880,1530,SUP-064,Wheel Speed Sensor,Sensor Failure,8900,9879,16,294,6,0,0,0.029510172
CLM00881,1038,SUP-045,Wheel Speed Sensor,Wear,27403,14306,13,280,5,0,0,0.0014828409
CLM00882,1125,SUP-026,Relay Valve,Breakage,29298,4757,10,364,1,0,0,0.0016856891
CLM00883,1450,SUP-077,Air Filter,Corrosion,28156,27630,13,59,9,0,0,0.0016440048
CLM00884,1172,SUP-065,Air Filter,Breakage,38365,19196,8,173,7,0,0,0.034308683
CLM00885,1652,SUP-024,Fuel/Water Separator,Corrosion,25037,2495,12,154,2,0,0,0.001596152
CLM00886,1753,SUP-074,V-Belt,Corrosion,47233,27233,8,222,6,0,0,0.033022795
CLM00887,1219,SUP-035,Radiator Hose,Misalignment,6009,14663,9,219,1,0,0,0.0014876042
CLM00888,1637,SUP-024,Brake Chamber,Breakage,8235,5495,10,83,2,0,0,0.00156032
CLM00889,1057,SUP-028,Air Filter,Misalignment,27091,18626,7,267,7,0,0,0.0015852372
CLM00890,1659,SUP-100,Relay Valve,Misalignment,41726,26418,3,128,3,0,0,0.03523173
CLM00891,1475,SUP-080,Relay Valve,Leak,39056,1655,5,186,7,0,0,0.035070177
CLM00892,1455,SUP-016,V-Belt,Leak,48082,20088,3,230,6,0,0,0.031433366
CLM00893,1828,SUP-059,V-Belt,Misalignment,46766,9085,18,272,5,1,1,99.86934
CLM00894,1894,SUP-081,Wheel Bearing,Misalignment,39904,23647,19,1,9,1,1,99.888214
CLM00895,1360,SUP-054,Wheel Bearing,Corrosion,12195,15519,10,297,5,0,0,0.0015958414
CLM00896,1934,SUP-079,V-Belt,Misalignment,40374,15387,9,15,5,0,0,0.027655443
CLM00897,1000,SUP-016,U-Joint,Wear,27248,23831,7,80,8,0,0,0.0015527657
CLM00898,1386,SUP-015,Wheel Speed Sensor,Breakage,27226,7702,1,174,7,0,0,0.0015865469
CLM00899,1972,SUP-098,Wheel Speed Sensor,Wear,21779,12334,10,32,1,0,0,0.0014456322
CLM00900,1347,SUP-011,Fuel/Water Separator,Leak,11666,5317,2,39,2,0,0,0.0015001696
CLM00901,1189,SUP-065,Radiator Hose,Wear,21379,18924,6,193,4,0,0,0.0015648173
CLM00902,1504,SUP-079,Relay Valve,Sensor Failure,32709,18962,6,240,9,0,0,0.029871076
CLM00903,1190,SUP-090,Wheel Speed Sensor,Sensor Failure,49903,3364,8,73,7,0,0,0.03180957
CLM00904,1507,SUP-068,U-Joint,Leak,43850,28537,18,93,2,1,1,99.86718
CLM00905,1368,SUP-043,V-Belt,Wear,42266,6329,7,89,8,0,0,0.035353903
CLM00906,1408,SUP-069,Air Filter,Breakage,31818,6749,18,254,1,1,1,99.67139
CLM00907,1823,SUP-099,U-Joint,Leak,41537,24326,1,234,8,0,0,0.03614193
CLM00908,1928,SUP-013,Fuel/Water Separator,Sensor Failure,31949,5715,14,139,5,0,0,0.016238688
CLM00909,1933,SUP-010,U-Joint,Leak,48754,16541,7,198,1,0,0,0.023625787
CLM00910,1116,SUP-075,Air Filter,Wear,26853,5612,7,290,3,0,0,0.0016856891
CLM00911,1133,SUP-082,Brake Chamber,Wear,35195,13841,4,306,7,0,0,0.036142066
CLM00912,1057,SUP-098,Wheel Bearing,Wear,22997,23821,5,172,7,0,0,0.0015981107
CLM00913,1555,SUP-041,Brake Chamber,Corrosion,36870,21140,1,14,8,0,0,0.034615245
CLM00914,1684,SUP-050,Relay Valve,Wear,35114,26405,3,328,4,0,0,0.031982075
CLM00915,1671,SUP-087,Relay Valve,Misalignment,42588,10338,13,153,6,0,0,0.034730576
CLM00916,1172,SUP-071,Wheel Speed Sensor,Sensor Failure,30871,24775,7,196,7,0,0,0.014744104
CLM00917,1828,SUP-059,Air Filter,Sensor Failure,2961,6839,6,178,8,0,0,0.0016296906
CLM00918,1814,SUP-039,Relay Valve,Corrosion,38380,27731,6,95,3,0,0,0.03253955
CLM00919,1148,SUP-003,Wheel Speed Sensor,Sensor Failure,43507,2885,2,341,5,0,0,0.033851426
CLM00920,1079,SUP-076,Fuel/Water Separator,Sensor Failure,6690,13949,16,237,8,0,0,0.030323781
CLM00921,1885,SUP-007,Wheel Speed Sensor,Leak,16168,11529,6,311,6,0,0,0.0015624672
CLM00922,1212,SUP-049,Brake Chamber,Wear,46875,15282,8,78,1,0,0,0.031109683
CLM00923,1202,SUP-026,V-Belt,Misalignment,6458,22313,11,244,2,0,0,0.0015476802
CLM00924,1763,SUP-033,Radiator Hose,Misalignment,27942,5798,18,220,3,0,0,0.06459554
CLM00925,1228,SUP-048,Brake Chamber,Leak,11033,13124,6,220,7,0,0,0.0015194953
CLM00926,1675,SUP-079,U-Joint,Misalignment,9047,20189,14,207,3,0,0,0.0015725336
CLM00927,1226,SUP-002,V-Belt,Leak,5902,20204,15,184,9,0,0,0.0014771784
CLM00928,1658,SUP-071,Wheel Bearing,Misalignment,2496,23159,11,115,9,0,0,0.0016058915
CLM00929,1531,SUP-032,Brake Chamber,Sensor Failure,28664,23276,15,124,8,0,0,0.0016116265
CLM00930,1440,SUP-004,Brake Chamber,Breakage,43203,12568,13,238,9,0,0,0.03218266
CLM00931,1401,SUP-020,U-Joint,Wear,5582,4026,6,108,8,0,0,0.0015980222
CLM00932,1046,SUP-036,Radiator Hose,Breakage,30482,23526,4,47,9,0,0,0.012015825
CLM00933,1232,SUP-032,U-Joint,Sensor Failure,35811,12850,14,198,4,0,0,0.03309229
CLM00934,1304,SUP-028,Wheel Speed Sensor,Corrosion,37144,21798,13,51,4,0,0,0.031772833
CLM00935,1525,SUP-077,Wheel Bearing,Leak,42476,14203,10,194,5,0,0,0.034032926
CLM00936,1142,SUP-001,Relay Valve,Misalignment,32872,27380,12,70,7,0,0,0.032666646
CLM00937,1414,SUP-060,Fuel/Water Separator,Misalignment,18218,26347,8,87,9,0,0,0.0016723416
CLM00938,1512,SUP-056,Relay Valve,Sensor Failure,18007,1787,5,75,4,0,0,0.001596059
CLM00939,1372,SUP-035,Radiator Hose,Misalignment,21366,15302,2,193,7,0,0,0.0015425731
CLM00940,1565,SUP-030,Radiator Hose,Sensor Failure,30827,5444,12,220,6,0,0,0.01595645
CLM00941,1885,SUP-054,U-Joint,Breakage,48659,860,6,278,9,0,0,0.03368881
CLM00942,1258,SUP-036,Wheel Speed Sensor,Corrosion,39208,18858,15,333,9,0,0,0.032049593
CLM00943,1655,SUP-055,Air Filter,Leak,34264,28003,18,233,9,1,1,99.886215
CLM00944,1470,SUP-089,Wheel Speed Sensor,Misalignment,32607,3964,18,228,5,1,1,99.841545
CLM00945,1952,SUP-080,Radiator Hose,Corrosion,28005,19110,10,44,3,0,0,0.0015611164
CLM00946,1970,SUP-058,Radiator Hose,Corrosion,44223,5544,7,297,6,0,0,0.029550403
CLM00947,1011,SUP-083,Brake Chamber,Corrosion,32475,22509,10,255,2,0,0,0.020729741
CLM00948,1329,SUP-065,Air Filter,Wear,17926,2350,5,250,7,0,0,0.0015762737
CLM00949,1735,SUP-069,Radiator Hose,Corrosion,34683,6432,16,273,7,1,1,99.719574
CLM00950,1783,SUP-051,Air Filter,Sensor Failure,19185,27622,19,173,2,0,0,0.07178488
CLM00951,1967,SUP-022,Wheel Bearing,Wear,12274,11416,3,236,6,0,0,0.001546876
CLM00952,1357,SUP-088,Fuel/Water Separator,Wear,47049,28750,7,46,4,0,0,0.03751429
CLM00953,1971,SUP-053,U-Joint,Corrosion,34947,20789,19,221,7,1,1,99.87969
CLM00954,1407,SUP-100,Radiator Hose,Misalignment,44215,4275,12,143,8,0,0,0.036335915
CLM00955,1667,SUP-036,Wheel Bearing,Misalignment,35839,13079,10,233,1,0,0,0.03050219
CLM00956,1372,SUP-068,Wheel Speed Sensor,Misalignment,42766,29759,5,266,5,0,0,0.0322809
CLM00957,1007,SUP-036,U-Joint,Misalignment,28314,1317,2,190,9,0,0,0.001607712
CLM00958,1121,SUP-052,Air Filter,Sensor Failure,47641,2646,3,183,2,0,0,0.033933267
CLM00959,1347,SUP-053,U-Joint,Misalignment,40913,24658,14,314,4,0,0,0.03602219
CLM00960,1675,SUP-082,Relay Valve,Leak,43494,25256,15,357,8,0,0,0.03408907
CLM00961,1089,SUP-050,Brake Chamber,Corrosion,31288,23980,13,191,5,0,0,0.016485797
CLM00962,1647,SUP-080,Air Filter,Wear,48344,8333,17,139,8,1,1,99.87746
CLM00963,1697,SUP-041,Wheel Bearing,Leak,26892,21353,4,35,1,0,0,0.0016229997
CLM00964,1315,SUP-018,Radiator Hose,Misalignment,26682,22839,19,352,7,0,0,0.06956102
CLM00965,1177,SUP-022,Air Filter,Leak,2589,21603,15,342,6,0,0,0.0015877504
CLM00966,1539,SUP-066,V-Belt,Wear,31809,24734,15,132,2,0,0,0.018034687
CLM00967,1731,SUP-021,Relay Valve,Misalignment,19870,6514,9,322,7,0,0,0.0016209733
CLM00968,1868,SUP-100,Wheel Bearing,Leak,9679,5458,3,73,3,0,0,0.0015349758
CLM00969,1040,SUP-044,Wheel Speed Sensor,Sensor Failure,9803,23149,2,163,4,0,0,0.0015177472
CLM00970,1739,SUP-047,V-Belt,Sensor Failure,49058,17325,7,294,6,0,0,0.032146167
CLM00971,1703,SUP-039,Air Filter,Corrosion,43357,24768,9,223,3,0,0,0.03574418
CLM00972,1922,SUP-029,Brake Chamber,Corrosion,40982,10984,5,185,1,0,0,0.02229718
CLM00973,1501,SUP-054,V-Belt,Leak,44153,26738,17,95,1,1,1,99.880936
CLM00974,1958,SUP-090,U-Joint,Wear,28650,24542,3,289,6,0,0,0.0016066711
CLM00975,1144,SUP-085,Air Filter,Sensor Failure,49657,25946,9,172,4,0,0,0.02936846
CLM00976,1200,SUP-017,Wheel Bearing,Breakage,10529,27950,8,309,7,0,0,0.0015877504
CLM00977,1928,SUP-080,Air Filter,Corrosion,29998,11191,9,148,9,0,0,0.001527945
CLM00978,1723,SUP-060,Brake Chamber,Sensor Failure,49091,15131,17,319,8,1,1,99.87682
CLM00979,1460,SUP-031,Fuel/Water Separator,Misalignment,49208,20096,8,179,3,0,0,0.03320628
CLM00980,1731,SUP-073,U-Joint,Leak,11392,26732,14,142,7,0,0,0.0016170656
CLM00981,1751,SUP-095,Radiator Hose,Sensor Failure,38265,2396,16,291,1,1,1,99.708435
CLM00982,1924,SUP-078,Air Filter,Sensor Failure,5583,1589,18,110,2,0,0,0.06745173
CLM00983,1908,SUP-049,Brake Chamber,Leak,27690,25558,17,301,9,0,0,0.07470093
CLM00984,1557,SUP-002,V-Belt,Corrosion,11328,808,7,161,8,0,0,0.0015990132
CLM00985,1546,SUP-048,V-Belt,Corrosion,22638,14271,15,61,7,0,0,0.001471505
CLM00986,1252,SUP-014,Wheel Bearing,Breakage,17238,25668,7,349,2,0,0,0.0015794969
CLM00987,1389,SUP-059,U-Joint,Breakage,40113,28919,2,72,2,0,0,0.03583695
CLM00988,1593,SUP-097,V-Belt,Corrosion,23955,17902,2,115,7,0,0,0.0014605218
CLM00989,1882,SUP-099,Radiator Hose,Corrosion,22682,4993,7,206,7,0,0,0.0016052101
CLM00990,1255,SUP-058,Fuel/Water Separator,Corrosion,48442,13256,19,334,6,1,1,99.87282
CLM00991,1708,SUP-058,Fuel/Water Separator,Corrosion,17462,29788,6,306,5,0,0,0.0015831403
CLM00992,1814,SUP-051,Wheel Bearing,Sensor Failure,6652,12884,12,42,6,0,0,0.0015239563
CLM00993,1920,SUP-084,Air Filter,Breakage,17761,20145,15,20,9,0,0,0.0016210723
CLM00994,1449,SUP-002,V-Belt,Leak,31235,7584,13,92,4,0,0,0.015528769
CLM00995,1009,SUP-041,Brake Chamber,Wear,25351,15695,7,68,1,0,0,0.0014660716
CLM00996,1823,SUP-083,Wheel Speed Sensor,Leak,12176,21174,7,135,9,0,0,0.0015939479
CLM00997,1797,SUP-082,Fuel/Water Separator,Misalignment,39709,23985,15,66,8,0,0,0.037544414
CLM00998,1241,SUP-016,Wheel Bearing,Wear,34914,1857,4,329,2,0,0,0.030455174
CLM00999,1250,SUP-004,Air Filter,Sensor Failure,49726,582,3,151,4,0,0,0.02809627
CLM01000,1876,SUP-012,Relay Valve,Misalignment,49329,8942,1,36,3,0,0,0.0295798
CLM01001,1004,SUP-029,Wheel Bearing,Breakage,26639,9785,7,140,3,0,0,0.0015688802
CLM01002,1118,SUP-007,Brake Chamber,Wear,3216,5911,9,223,6,0,0,0.0016484226
CLM01003,1800,SUP-014,Wheel Speed Sensor,Corrosion,49197,19271,1,205,7,0,0,0.031507354
CLM01004,1373,SUP-012,Fuel/Water Separator,Misalignment,28415,18292,5,295,8,0,0,0.0015988529
CLM01005,1064,SUP-099,U-Joint,Sensor Failure,33657,15535,15,349,7,0,0,0.033850487
CLM01006,1145,SUP-005,Fuel/Water Separator,Wear,39217,26557,4,70,9,0,0,0.033808496
CLM01007,1223,SUP-081,Relay Valve,Corrosion,18847,16000,10,159,2,0,0,0.0014760504
CLM01008,1238,SUP-032,Relay Valve,Misalignment,18900,28287,2,184,4,0,0,0.0015162788
CLM01009,1176,SUP-074,Fuel/Water Separator,Sensor Failure,12242,9790,7,18,2,0,0,0.0014442458
CLM01010,1778,SUP-043,U-Joint,Misalignment,32073,29271,19,59,3,1,1,99.75611
CLM01011,1852,SUP-081,Wheel Bearing,Wear,38191,4228,6,323,1,0,0,0.027154837
CLM01012,1281,SUP-069,U-Joint,Corrosion,48601,5794,15,224,8,0,0,0.033827584
CLM01013,1062,SUP-045,V-Belt,Breakage,18910,12584,12,109,5,0,0,0.001447362
CLM01014,1216,SUP-009,Fuel/Water Separator,Sensor Failure,29186,25808,11,131,5,0,0,0.0015769426
CLM01015,1853,SUP-049,Fuel/Water Separator,Wear,15978,822,3,30,8,0,0,0.0016366823
CLM01016,1826,SUP-033,U-Joint,Corrosion,14606,16336,17,192,9,0,0,0.06467001
CLM01017,1794,SUP-100,Radiator Hose,Breakage,33031,2557,7,198,9,0,0,0.033689592
CLM01018,1688,SUP-100,Radiator Hose,Misalignment,8421,3560,18,242,9,0,0,0.080317385
CLM01019,1460,SUP-018,Brake Chamber,Corrosion,3548,16710,17,91,2,0,0,0.06935876
CLM01020,1928,SUP-009,Radiator Hose,Breakage,8252,20584,16,2,7,0,0,0.031052228
CLM01021,1609,SUP-062,Relay Valve,Wear,48624,6135,2,276,7,0,0,0.03643512
CLM01022,1104,SUP-057,V-Belt,Corrosion,13849,3884,5,97,4,0,0,0.0015696329
CLM01023,1098,SUP-029,Fuel/Water Separator,Corrosion,5608,9953,13,285,5,0,0,0.0015653651
CLM01024,1510,SUP-078,Relay Valve,Leak,26091,25881,11,265,6,0,0,0.0015868179
CLM01025,1384,SUP-025,Brake Chamber,Sensor Failure,47595,26609,1,4,7,0,0,0.036332414
CLM01026,1404,SUP-015,Wheel Speed Sensor,Corrosion,7745,10733,3,238,2,0,0,0.0014809938
CLM01027,1822,SUP-006,V-Belt,Breakage,36830,21109,18,40,2,1,1,99.879326
CLM01028,1517,SUP-042,Radiator Hose,Sensor Failure,39049,28900,4,329,2,0,0,0.030354213
CLM01029,1475,SUP-029,Air Filter,Wear,38530,3956,9,282,5,0,0,0.03451033
CLM01030,1976,SUP-079,Wheel Bearing,Sensor Failure,31222,4164,11,241,6,0,0,0.014327873
CLM01031,1708,SUP-093,Fuel/Water Separator,Leak,10640,3596,17,103,6,0,0,0.07787269
CLM01032,1862,SUP-004,Wheel Speed Sensor,Wear,34734,24312,11,297,3,0,0,0.03310658
CLM01033,1644,SUP-082,Wheel Bearing,Corrosion,23078,14371,3,298,4,0,0,0.0015949423
CLM01034,1869,SUP-057,U-Joint,Misalignment,33875,8065,19,61,7,1,1,99.88961
CLM01035,1770,SUP-049,U-Joint,Wear,24565,5159,11,62,7,0,0,0.001600197
CLM01036,1436,SUP-044,V-Belt,Wear,45054,26429,14,226,6,0,0,0.034065936
CLM01037,1022,SUP-080,V-Belt,Leak,42582,17032,6,255,1,0,0,0.027376397
CLM01038,1996,SUP-075,V-Belt,Breakage,1509,6230,19,253,6,0,0,0.07249411
CLM01039,1564,SUP-014,Relay Valve,Wear,7815,24047,15,277,1,0,0,0.0016076306
CLM01040,1676,SUP-003,Relay Valve,Breakage,43024,16581,11,159,5,0,0,0.033890173
CLM01041,1713,SUP-062,U-Joint,Sensor Failure,49783,26859,18,239,6,1,1,99.877754
CLM01042,1457,SUP-064,V-Belt,Misalignment,43398,23146,4,43,7,0,0,0.035158154
CLM01043,1082,SUP-045,Brake Chamber,Leak,37639,22437,19,363,8,1,1,99.88715
CLM01044,1144,SUP-082,V-Belt,Corrosion,33408,10967,3,314,9,0,0,0.0315798
CLM01045,1084,SUP-058,Fuel/Water Separator,Wear,49721,17498,12,152,6,0,0,0.02954508
CLM01046,1077,SUP-020,Fuel/Water Separator,Misalignment,23892,26900,4,301,7,0,0,0.0016496398
CLM01047,1456,SUP-058,Air Filter,Misalignment,14276,8931,12,80,4,0,0,0.0015051365
CLM01048,1877,SUP-089,U-Joint,Breakage,40932,17796,1,137,7,0,0,0.03488032
CLM01049,1000,SUP-057,V-Belt,Wear,4500,3513,16,213,1,0,0,0.030994317
CLM01050,1050,SUP-077,Radiator Hose,Misalignment,13546,5909,2,165,3,0,0,0.0014792746
CLM01051,1684,SUP-068,Wheel Bearing,Leak,41526,12445,3,165,1,0,0,0.02968866
CLM01052,1716,SUP-078,V-Belt,Corrosion,16042,17042,16,197,8,0,0,0.027602654
CLM01053,1771,SUP-097,Brake Chamber,Sensor Failure,39838,16484,10,302,3,0,0,0.02746405
CLM01054,1445,SUP-092,Air Filter,Sensor Failure,39153,29734,9,262,7,0,0,0.028970089
CLM01055,1448,SUP-052,V-Belt,Breakage,1229,29647,14,48,2,0,0,0.0016303358
CLM01056,1880,SUP-037,Wheel Bearing,Misalignment,25725,1047,8,127,5,0,0,0.001586122
CLM01057,1487,SUP-008,Wheel Bearing,Sensor Failure,34677,22016,2,136,3,0,0,0.03585236
CLM01058,1799,SUP-044,Relay Valve,Breakage,12720,3400,11,32,3,0,0,0.0015519887
CLM01059,1033,SUP-098,Brake Chamber,Corrosion,32879,8174,2,101,5,0,0,0.025728028
CLM01060,1347,SUP-005,Brake Chamber,Wear,18018,19149,15,77,8,0,0,0.0016132179
CLM01061,1094,SUP-069,Radiator Hose,Leak,32118,9446,18,195,2,1,1,99.77717
CLM01062,1071,SUP-031,Brake Chamber,Corrosion,5717,17618,5,201,4,0,0,0.0016406093
CLM01063,1550,SUP-045,Air Filter,Corrosion,19574,20675,7,68,4,0,0,0.0016322819
CLM01064,1153,SUP-009,Radiator Hose,Sensor Failure,14235,11520,19,28,5,0,0,0.07141529
CLM01065,1249,SUP-032,Relay Valve,Sensor Failure,6189,4817,19,57,6,0,0,0.075451136
CLM01066,1673,SUP-033,Brake Chamber,Leak,22323,27411,16,203,9,0,0,0.027851941
CLM01067,1437,SUP-067,Relay Valve,Wear,24465,2424,19,55,5,0,0,0.07309682
CLM01068,1117,SUP-030,Wheel Bearing,Corrosion,37242,1023,17,83,8,1,1,99.87285
CLM01069,1770,SUP-076,V-Belt,Misalignment,12972,26586,13,106,5,0,0,0.0015711321
CLM01070,1890,SUP-029,Brake Chamber,Sensor Failure,40962,11438,8,251,3,0,0,0.02757735
CLM01071,1305,SUP-003,Wheel Bearing,Corrosion,2865,29852,11,342,6,0,0,0.0015487093
CLM01072,1267,SUP-090,V-Belt,Wear,34066,22808,18,332,4,1,1,99.87669
CLM01073,1960,SUP-057,V-Belt,Breakage,37493,15159,11,360,5,0,0,0.026304813
CLM01074,1053,SUP-030,Wheel Bearing,Wear,28967,9309,9,133,8,0,0,0.001541154
CLM01075,1235,SUP-009,Fuel/Water Separator,Corrosion,5540,16035,14,357,4,0,0,0.0015406824
CLM01076,1388,SUP-026,Radiator Hose,Corrosion,28773,16798,2,192,7,0,0,0.0015357198
CLM01077,1989,SUP-002,Fuel/Water Separator,Leak,44065,17744,17,32,3,1,1,99.87258
CLM01078,1733,SUP-062,U-Joint,Corrosion,13464,23068,16,98,4,0,0,0.03059886
CLM01079,1762,SUP-003,Wheel Speed Sensor,Sensor Failure,38582,16683,5,268,8,0,0,0.033906236
CLM01080,1824,SUP-046,V-Belt,Misalignment,14596,24376,1,107,8,0,0,0.0015780604
CLM01081,1400,SUP-068,Radiator Hose,Leak,32385,22764,9,66,9,0,0,0.024292462
CLM01082,1623,SUP-025,V-Belt,Corrosion,16386,14078,3,52,4,0,0,0.0014644074
CLM01083,1766,SUP-051,Air Filter,Wear,20906,24785,14,199,4,0,0,0.0015990481
CLM01084,1302,SUP-013,U-Joint,Corrosion,21802,29564,18,288,5,0,0,0.074075684
CLM01085,1918,SUP-044,U-Joint,Wear,7818,13924,12,232,5,0,0,0.0015332041
CLM01086,1206,SUP-035,Air Filter,Wear,41930,18191,14,163,3,0,0,0.033489775
CLM01087,1228,SUP-055,Wheel Bearing,Corrosion,39257,14601,16,241,1,1,1,99.690636
CLM01088,1852,SUP-087,Radiator Hose,Wear,39853,23230,5,22,1,0,0,0.03457923
CLM01089,1909,SUP-009,Relay Valve,Misalignment,10037,27976,15,217,8,0,0,0.0016049973
CLM01090,1577,SUP-002,Radiator Hose,Breakage,5185,19705,9,175,4,0,0,0.0015471681
CLM01091,1074,SUP-061,Fuel/Water Separator,Leak,37994,20749,17,279,2,1,1,99.88841
CLM01092,1434,SUP-041,Relay Valve,Corrosion,25480,16003,12,172,6,0,0,0.0015232225
CLM01093,1102,SUP-044,U-Joint,Breakage,8692,12006,13,9,9,0,0,0.0015090704
CLM01094,1421,SUP-064,U-Joint,Wear,20999,23809,10,362,5,0,0,0.0015366105
CLM01095,1703,SUP-031,Wheel Bearing,Wear,7805,8726,7,59,3,0,0,0.0015065582
CLM01096,1763,SUP-047,Wheel Speed Sensor,Leak,4157,16669,7,117,4,0,0,0.0014966516
CLM01097,1737,SUP-002,Radiator Hose,Breakage,35873,18984,8,101,2,0,0,0.03378697
CLM01098,1805,SUP-096,Wheel Bearing,Breakage,38944,15338,15,245,7,0,0,0.03599802
CLM01099,1305,SUP-082,Relay Valve,Corrosion,34761,26455,18,286,4,1,1,99.880936
CLM01100,1097,SUP-077,Air Filter,Wear,14705,29321,1,340,4,0,0,0.0016351409
CLM01101,1849,SUP-069,V-Belt,Sensor Failure,20480,17320,10,300,8,0,0,0.001511934
CLM01102,1797,SUP-058,Fuel/Water Separator,Corrosion,33957,13237,19,177,5,1,1,99.872795
CLM01103,1334,SUP-044,V-Belt,Corrosion,32678,3072,3,16,3,0,0,0.027807154
CLM01104,1858,SUP-074,Radiator Hose,Corrosion,27699,21246,7,121,6,0,0,0.0016190606
CLM01105,1434,SUP-056,Air Filter,Leak,27994,12671,4,214,8,0,0,0.0015232225
CLM01106,1446,SUP-043,U-Joint,Leak,30570,14420,5,230,1,0,0,0.011040052
CLM01107,1993,SUP-089,Wheel Bearing,Corrosion,20282,17192,6,330,9,0,0,0.0015957288
CLM01108,1307,SUP-034,Relay Valve,Misalignment,13793,13052,10,84,4,0,0,0.001476077
CLM01109,1248,SUP-030,Wheel Bearing,Sensor Failure,27542,17375,12,181,5,0,0,0.0015491303
CLM01110,1165,SUP-071,Relay Valve,Breakage,46238,5808,14,233,3,0,0,0.032132443
CLM01111,1480,SUP-070,Wheel Speed Sensor,Breakage,21633,17405,2,323,9,0,0,0.0015682084
CLM01112,1983,SUP-055,Wheel Speed Sensor,Wear,40814,2414,3,42,6,0,0,0.033402946
CLM01113,1334,SUP-067,Wheel Bearing,Breakage,16637,14362,1,73,1,0,0,0.0014668297
CLM01114,1541,SUP-013,Relay Valve,Breakage,20795,3425,3,255,9,0,0,0.0016030028
CLM01115,1758,SUP-003,Relay Valve,Sensor Failure,29522,26444,15,348,5,0,0,0.0015633048
CLM01116,1105,SUP-026,V-Belt,Breakage,10238,3790,16,353,3,0,0,0.028292146
CLM01117,1562,SUP-057,Wheel Bearing,Sensor Failure,28149,10833,2,188,4,0,0,0.0015761234
CLM01118,1080,SUP-024,Brake Chamber,Leak,44886,20113,16,290,5,1,1,99.71135
CLM01119,1132,SUP-053,Radiator Hose,Sensor Failure,49179,29205,15,240,1,0,0,0.03550258
CLM01120,1796,SUP-070,U-Joint,Leak,27534,11540,7,318,3,0,0,0.0015026826
CLM01121,1899,SUP-043,Wheel Speed Sensor,Sensor Failure,10256,20461,5,96,7,0,0,0.0016098415
CLM01122,1137,SUP-060,Brake Chamber,Corrosion,1517,6109,5,76,9,0,0,0.0016463253
CLM01123,1183,SUP-058,Wheel Speed Sensor,Misalignment,13425,3071,9,2,6,0,0,0.0015863215
CLM01124,1400,SUP-049,Air Filter,Leak,22602,17116,14,178,4,0,0,0.0015278519
CLM01125,1329,SUP-042,Wheel Speed Sensor,Leak,15676,10314,19,112,4,0,0,0.06920333
CLM01126,1784,SUP-076,Wheel Speed Sensor,Breakage,22819,19536,18,204,9,0,0,0.072646365
CLM01127,1507,SUP-100,V-Belt,Leak,11781,23134,9,238,1,0,0,0.0014873786
CLM01128,1851,SUP-066,Brake Chamber,Sensor Failure,19656,1716,3,26,6,0,0,0.0016554631
CLM01129,1983,SUP-011,Air Filter,Corrosion,49965,4039,11,341,4,0,0,0.024792334
CLM01130,1068,SUP-098,Relay Valve,Corrosion,36076,1021,15,108,3,0,0,0.03455863
CLM01131,1545,SUP-090,Relay Valve,Breakage,26678,29808,4,165,1,0,0,0.0015311748
CLM01132,1773,SUP-018,Air Filter,Sensor Failure,5792,11526,5,55,5,0,0,0.0015290224
CLM01133,1052,SUP-085,Fuel/Water Separator,Sensor Failure,12955,19950,18,356,4,0,0,0.05933365
CLM01134,1449,SUP-100,Wheel Bearing,Wear,46528,11891,12,274,4,0,0,0.034860976
CLM01135,1204,SUP-052,Fuel/Water Separator,Leak,9268,17224,1,280,8,0,0,0.0015754816
CLM01136,1125,SUP-046,Brake Chamber,Breakage,19693,11436,2,30,2,0,0,0.001548622
CLM01137,1746,SUP-044,Wheel Speed Sensor,Corrosion,41676,12638,9,17,4,0,0,0.03202409
CLM01138,1042,SUP-022,Relay Valve,Misalignment,26601,12630,18,298,1,0,0,0.06633053
CLM01139,1751,SUP-053,V-Belt,Wear,27640,8750,5,81,2,0,0,0.0014718558
CLM01140,1970,SUP-059,Fuel/Water Separator,Sensor Failure,5439,16867,14,364,3,0,0,0.0014966301
CLM01141,1882,SUP-094,Wheel Speed Sensor,Leak,49139,3753,11,27,1,0,0,0.026680075
CLM01142,1110,SUP-030,U-Joint,Corrosion,14227,21565,3,183,2,0,0,0.0015715231
CLM01143,1760,SUP-008,Wheel Bearing,Wear,44701,22517,9,4,7,0,0,0.03757055
CLM01144,1662,SUP-098,Air Filter,Sensor Failure,30517,17126,2,163,6,0,0,0.013534011
CLM01145,1182,SUP-057,Wheel Speed Sensor,Corrosion,30702,727,14,332,2,0,0,0.011474011
CLM01146,1847,SUP-073,Wheel Bearing,Corrosion,7389,7203,2,72,1,0,0,0.0015105131
CLM01147,1094,SUP-020,Wheel Bearing,Sensor Failure,29575,13305,10,76,9,0,0,0.001548761
CLM01148,1970,SUP-025,Relay Valve,Sensor Failure,45188,19486,19,240,1,1,1,99.847015
CLM01149,1373,SUP-019,Relay Valve,Breakage,46229,8818,2,290,5,0,0,0.03426008
CLM01150,1911,SUP-005,Brake Chamber,Corrosion,20942,4930,16,292,9,0,0,0.030046163
CLM01151,1519,SUP-075,U-Joint,Sensor Failure,25392,5353,6,260,9,0,0,0.0016187412
CLM01152,1899,SUP-079,Air Filter,Misalignment,18229,16791,12,11,6,0,0,0.0015436251
CLM01153,1359,SUP-072,Wheel Bearing,Misalignment,26268,10123,7,59,3,0,0,0.0015023687
CLM01154,1899,SUP-083,Brake Chamber,Wear,13240,2668,4,259,2,0,0,0.0014776884
CLM01155,1695,SUP-087,Fuel/Water Separator,Leak,32000,29035,8,202,3,0,0,0.020202193
CLM01156,1280,SUP-027,Radiator Hose,Misalignment,2332,3248,19,268,1,0,0,0.07073052
CLM01157,1194,SUP-040,Wheel Bearing,Breakage,12229,18192,10,113,3,0,0,0.0015381455
CLM01158,1863,SUP-096,Brake Chamber,Sensor Failure,46292,27201,1,73,2,0,0,0.033122208
CLM01159,1194,SUP-026,U-Joint,Leak,7300,2093,5,236,8,0,0,0.0015668167
CLM01160,1666,SUP-027,Relay Valve,Breakage,18658,15285,6,6,7,0,0,0.0015166549
CLM01161,1092,SUP-062,Wheel Bearing,Corrosion,40934,29155,19,89,1,1,1,99.88871
CLM01162,1671,SUP-083,Wheel Bearing,Leak,26820,18377,18,114,1,0,0,0.07152805
CLM01163,1945,SUP-050,Wheel Speed Sensor,Misalignment,1337,27106,19,335,5,0,0,0.07396917
CLM01164,1060,SUP-042,U-Joint,Breakage,37062,11944,19,321,4,1,1,99.8611
CLM01165,1633,SUP-029,Air Filter,Sensor Failure,30906,16441,1,311,8,0,0,0.015241564
CLM01166,1050,SUP-039,Relay Valve,Sensor Failure,14445,13052,11,168,8,0,0,0.001474476
CLM01167,1402,SUP-060,Wheel Bearing,Breakage,2867,24767,3,338,3,0,0,0.0015936802
CLM01168,1788,SUP-041,Fuel/Water Separator,Corrosion,29581,5277,10,52,5,0,0,0.001619694
CLM01169,1004,SUP-033,Relay Valve,Misalignment,24298,23322,7,300,7,0,0,0.0015799715
CLM01170,1465,SUP-083,Fuel/Water Separator,Breakage,1494,7608,17,351,8,0,0,0.06961713
CLM01171,1603,SUP-083,Radiator Hose,Wear,5642,8938,16,62,3,0,0,0.02922556
CLM01172,1681,SUP-097,Air Filter,Breakage,37654,29595,7,84,8,0,0,0.033025883
CLM01173,1828,SUP-016,Radiator Hose,Breakage,9352,17966,13,236,9,0,0,0.0015770706
CLM01174,1533,SUP-023,Wheel Bearing,Misalignment,3036,13620,12,353,3,0,0,0.0015205825
CLM01175,1404,SUP-007,Wheel Speed Sensor,Sensor Failure,15722,26557,12,330,2,0,0,0.0015772495
CLM01176,1837,SUP-026,Air Filter,Corrosion,49324,510,8,157,2,0,0,0.028780246
CLM01177,1512,SUP-096,Wheel Speed Sensor,Breakage,17186,18890,8,147,5,0,0,0.0016415999
CLM01178,1644,SUP-012,Brake Chamber,Leak,43467,28517,13,123,1,0,0,0.03619444
CLM01179,1232,SUP-072,U-Joint,Sensor Failure,22467,4029,11,287,6,0,0,0.0016190639
CLM01180,1523,SUP-005,Brake Chamber,Sensor Failure,26951,19176,1,182,7,0,0,0.0015896033
CLM01181,1345,SUP-092,Radiator Hose,Breakage,3281,15084,17,99,5,0,0,0.059022922
CLM01182,1045,SUP-069,Fuel/Water Separator,Misalignment,31695,17828,19,190,8,1,1,99.69904
CLM01183,1545,SUP-049,Radiator Hose,Leak,43828,25510,13,306,6,0,0,0.03664534
CLM01184,1944,SUP-026,Air Filter,Breakage,2601,28567,15,251,1,0,0,0.0015515876
CLM01185,1077,SUP-005,Air Filter,Leak,45787,23132,12,315,9,0,0,0.030417856
CLM01186,1729,SUP-022,Radiator Hose,Sensor Failure,45440,19173,17,198,5,1,1,99.8822
CLM01187,1812,SUP-079,Wheel Bearing,Leak,2299,3843,3,247,5,0,0,0.0015588759
CLM01188,1922,SUP-013,Radiator Hose,Breakage,15794,19450,7,265,1,0,0,0.0015094172
CLM01189,1072,SUP-028,Air Filter,Wear,31148,2259,2,57,5,0,0,0.014366355
CLM01190,1793,SUP-033,Air Filter,Wear,48516,15564,2,283,3,0,0,0.032055855
CLM01191,1248,SUP-023,Relay Valve,Leak,30713,22047,6,58,3,0,0,0.014687836
CLM01192,1046,SUP-097,V-Belt,Misalignment,17026,20759,4,337,8,0,0,0.0015649964
CLM01193,1120,SUP-018,Wheel Speed Sensor,Breakage,32097,2728,16,324,9,1,1,99.4314
CLM01194,1213,SUP-030,Brake Chamber,Corrosion,19430,15263,15,186,6,0,0,0.0015194953
CLM01195,1238,SUP-026,Radiator Hose,Wear,48785,8959,10,280,3,0,0,0.03070008
CLM01196,1055,SUP-016,Relay Valve,Sensor Failure,36649,15415,14,336,8,0,0,0.03229669
CLM01197,1349,SUP-077,Wheel Bearing,Breakage,22858,23903,9,62,3,0,0,0.0016504738
CLM01198,1106,SUP-039,Air Filter,Breakage,19582,10890,15,81,7,0,0,0.0015249812
CLM01199,1830,SUP-033,Radiator Hose,Wear,4332,12379,7,246,2,0,0,0.0014955088
CLM01200,1047,SUP-026,Air Filter,Corrosion,34871,15435,7,249,6,0,0,0.0296288
CLM01201,1572,SUP-048,Fuel/Water Separator,Sensor Failure,4177,21361,8,357,8,0,0,0.0016127087
CLM01202,1336,SUP-065,Relay Valve,Corrosion,29170,22801,19,3,3,0,0,0.07602373
CLM01203,1025,SUP-038,Radiator Hose,Sensor Failure,45434,17398,18,236,9,1,1,99.87353
CLM01204,1803,SUP-002,Fuel/Water Separator,Wear,31603,18627,17,51,9,1,1,99.72676
CLM01205,1256,SUP-006,Relay Valve,Breakage,35945,9621,18,105,3,1,1,99.87315
CLM01206,1007,SUP-046,Radiator Hose,Sensor Failure,21885,29007,19,99,3,0,0,0.07372241
CLM01207,1624,SUP-050,Radiator Hose,Breakage,39809,24740,8,323,5,0,0,0.03407149
CLM01208,1866,SUP-038,U-Joint,Leak,30728,16287,13,80,9,0,0,0.014292095
CLM01209,1252,SUP-088,Relay Valve,Leak,9727,1948,11,301,1,0,0,0.0015218054
CLM01210,1691,SUP-018,Relay Valve,Wear,15532,20771,19,171,1,0,0,0.071974486
CLM01211,1718,SUP-027,Air Filter,Wear,40828,17082,7,155,1,0,0,0.03250724
CLM01212,1302,SUP-041,Radiator Hose,Misalignment,26645,27131,5,30,4,0,0,0.0016371132
CLM01213,1638,SUP-072,Wheel Speed Sensor,Wear,46329,18664,5,99,7,0,0,0.03431166
CLM01214,1055,SUP-092,Wheel Speed Sensor,Leak,25708,21784,8,146,2,0,0,0.0015987249
CLM01215,1725,SUP-074,Wheel Speed Sensor,Sensor Failure,17647,21306,10,235,3,0,0,0.0015768436
CLM01216,1525,SUP-017,Radiator Hose,Corrosion,16956,26789,5,352,4,0,0,0.0015840073
CLM01217,1473,SUP-062,Radiator Hose,Wear,40736,22597,15,99,1,0,0,0.03566776
CLM01218,1027,SUP-029,Fuel/Water Separator,Corrosion,19436,22627,16,190,2,0,0,0.029587476
CLM01219,1982,SUP-058,U-Joint,Corrosion,38714,15706,10,277,2,0,0,0.02687802
CLM01220,1077,SUP-070,Relay Valve,Leak,16068,11784,8,257,6,0,0,0.0015694505
CLM01221,1215,SUP-078,Air Filter,Misalignment,23209,14357,19,203,4,0,0,0.070527144
CLM01222,1385,SUP-022,U-Joint,Sensor Failure,14732,20388,4,25,7,0,0,0.0016341899
CLM01223,1364,SUP-006,Fuel/Water Separator,Leak,23428,8172,14,175,8,0,0,0.0016842654
CLM01224,1665,SUP-026,Radiator Hose,Wear,5089,13838,8,201,2,0,0,0.0014996692
CLM01225,1525,SUP-039,Brake Chamber,Leak,31788,19451,14,295,2,0,0,0.016228719
CLM01226,1698,SUP-012,Relay Valve,Leak,28423,9621,12,283,5,0,0,0.0015983973
CLM01227,1311,SUP-099,Wheel Speed Sensor,Leak,34125,21509,1,93,4,0,0,0.034198474
CLM01228,1882,SUP-014,Radiator Hose,Wear,14999,23974,19,50,2,0,0,0.069637954
CLM01229,1006,SUP-022,Fuel/Water Separator,Wear,39273,15335,18,219,9,1,1,99.87266
CLM01230,1002,SUP-051,Brake Chamber,Leak,9942,5852,12,156,9,0,0,0.0015832989
CLM01231,1622,SUP-023,Wheel Bearing,Leak,16840,18303,10,57,4,0,0,0.0015489426
CLM01232,1918,SUP-048,Wheel Speed Sensor,Corrosion,4250,27081,1,231,2,0,0,0.0015487447
CLM01233,1749,SUP-071,Air Filter,Sensor Failure,3258,10022,14,338,3,0,0,0.0015274964
CLM01234,1362,SUP-050,Radiator Hose,Corrosion,42870,19441,9,207,8,0,0,0.03403604
CLM01235,1750,SUP-089,V-Belt,Misalignment,34351,8370,15,272,8,0,0,0.03429897
CLM01236,1507,SUP-013,Brake Chamber,Sensor Failure,20822,923,14,215,7,0,0,0.0016203041
CLM01237,1273,SUP-085,Brake Chamber,Misalignment,15501,649,9,184,4,0,0,0.0014941231
CLM01238,1505,SUP-010,Relay Valve,Sensor Failure,11768,28539,11,291,1,0,0,0.0015772495
CLM01239,1805,SUP-055,Wheel Speed Sensor,Leak,26728,26589,5,302,9,0,0,0.0015941303
CLM01240,1738,SUP-009,Radiator Hose,Corrosion,48999,27791,12,67,7,0,0,0.03420835
CLM01241,1882,SUP-079,V-Belt,Sensor Failure,19167,28069,16,247,1,0,0,0.029381286
CLM01242,1014,SUP-052,Wheel Speed Sensor,Misalignment,21916,15147,3,16,5,0,0,0.0014453798
CLM01243,1191,SUP-002,Fuel/Water Separator,Sensor Failure,49505,24979,5,335,3,0,0,0.026499346
CLM01244,1984,SUP-025,V-Belt,Wear,6117,17022,19,211,2,0,0,0.06783815
CLM01245,1630,SUP-013,U-Joint,Sensor Failure,41706,7565,5,74,3,0,0,0.03395971
CLM01246,1484,SUP-098,U-Joint,Leak,11333,12417,18,305,6,0,0,0.0735166
CLM01247,1027,SUP-051,Brake Chamber,Breakage,33302,18754,4,18,7,0,0,0.029361682
CLM01248,1713,SUP-058,Fuel/Water Separator,Wear,15922,18945,15,22,9,0,0,0.0016056923
CLM01249,1038,SUP-034,U-Joint,Breakage,40514,27071,5,106,7,0,0,0.032624815
CLM01250,1952,SUP-035,Brake Chamber,Leak,19517,11510,8,119,1,0,0,0.0014814938
CLM01251,1272,SUP-003,Radiator Hose,Breakage,26317,14559,16,16,7,0,0,0.028868956
CLM01252,1230,SUP-059,Brake Chamber,Sensor Failure,7120,25004,1,184,1,0,0,0.0015411364
CLM01253,1085,SUP-070,Radiator Hose,Breakage,3477,26989,5,3,8,0,0,0.0015842095
CLM01254,1473,SUP-048,Fuel/Water Separator,Corrosion,22342,14330,18,123,2,0,0,0.07387826
CLM01255,1125,SUP-064,Relay Valve,Leak,7137,14362,16,243,2,0,0,0.030009175
CLM01256,1811,SUP-019,Wheel Speed Sensor,Corrosion,36644,8681,10,291,1,0,0,0.028670946
CLM01257,1536,SUP-067,Brake Chamber,Breakage,33810,4780,4,105,9,0,0,0.033529803
CLM01258,1144,SUP-082,Brake Chamber,Corrosion,39597,14945,18,103,8,1,1,99.878174
CLM01259,1524,SUP-073,Radiator Hose,Wear,9595,6196,17,208,9,0,0,0.07434297
CLM01260,1211,SUP-076,U-Joint,Breakage,26902,1242,13,149,8,0,0,0.0015749363
CLM01261,1024,SUP-005,U-Joint,Misalignment,47261,23308,8,193,4,0,0,0.025358805
CLM01262,1579,SUP-067,Brake Chamber,Corrosion,44176,4681,8,313,9,0,0,0.03474415
CLM01263,1393,SUP-011,U-Joint,Sensor Failure,23730,12925,12,222,8,0,0,0.0015232225
CLM01264,1066,SUP-094,U-Joint,Breakage,40617,12229,18,47,1,1,1,99.868706
CLM01265,1232,SUP-068,Brake Chamber,Misalignment,7686,25152,6,304,5,0,0,0.0015807793
CLM01266,1108,SUP-069,Wheel Bearing,Wear,44109,2491,7,167,9,0,0,0.03357364
CLM01267,1145,SUP-001,Wheel Bearing,Sensor Failure,30113,22140,17,87,8,1,1,99.47312
CLM01268,1110,SUP-091,Fuel/Water Separator,Breakage,32926,4205,5,226,1,0,0,0.028133392
CLM01269,1227,SUP-092,Air Filter,Sensor Failure,16661,28098,19,120,6,0,0,0.061615244
CLM01270,1110,SUP-063,Wheel Speed Sensor,Breakage,35654,13563,8,248,6,0,0,0.028193783
CLM01271,1469,SUP-029,Air Filter,Breakage,2303,1516,19,353,2,0,0,0.06953775
CLM01272,1033,SUP-082,U-Joint,Leak,18496,8788,8,144,2,0,0,0.0015034709
CLM01273,1622,SUP-012,V-Belt,Corrosion,23424,17878,19,233,1,0,0,0.06960512
CLM01274,1775,SUP-077,U-Joint,Breakage,8452,26630,7,350,6,0,0,0.0015622556
CLM01275,1935,SUP-041,Brake Chamber,Wear,27474,23825,3,3,9,0,0,0.0016210723
CLM01276,1368,SUP-002,Brake Chamber,Misalignment,39886,26108,6,237,8,0,0,0.035915717
CLM01277,1747,SUP-037,Wheel Speed Sensor,Corrosion,32873,8774,8,317,5,0,0,0.028827865
CLM01278,1594,SUP-045,Relay Valve,Leak,42207,14882,18,258,8,1,1,99.8795
CLM01279,1553,SUP-080,Relay Valve,Corrosion,45220,26611,15,26,2,0,0,0.034985356
CLM01280,1424,SUP-048,Relay Valve,Corrosion,15426,5025,17,18,6,0,0,0.07430659
CLM01281,1612,SUP-024,Fuel/Water Separator,Breakage,34335,5709,4,322,2,0,0,0.030900814
CLM01282,1517,SUP-099,U-Joint,Wear,31541,17396,7,296,8,0,0,0.017505402
CLM01283,1691,SUP-022,Brake Chamber,Breakage,10380,18806,17,131,2,0,0,0.07227031
CLM01284,1281,SUP-100,V-Belt,Wear,35121,2197,6,17,5,0,0,0.034572043
CLM01285,1319,SUP-011,V-Belt,Wear,12804,12177,13,258,7,0,0,0.0015152453
CLM01286,1737,SUP-058,V-Belt,Sensor Failure,48183,27636,7,70,7,0,0,0.032898325
CLM01287,1442,SUP-046,Relay Valve,Breakage,26556,18798,9,185,4,0,0,0.0015645666
CLM01288,1951,SUP-029,Wheel Speed Sensor,Leak,5965,5253,19,49,8,0,0,0.07498497
CLM01289,1314,SUP-035,Relay Valve,Misalignment,1168,7316,13,313,7,0,0,0.0015486592
CLM01290,1876,SUP-015,Brake Chamber,Corrosion,45124,12668,15,312,5,0,0,0.030120075
CLM01291,1965,SUP-060,U-Joint,Sensor Failure,3671,9338,17,76,4,0,0,0.06964248
CLM01292,1740,SUP-095,U-Joint,Leak,17762,1297,5,277,2,0,0,0.0015950518
CLM01293,1376,SUP-042,Wheel Speed Sensor,Misalignment,30904,25152,19,16,2,1,1,99.57659
CLM01294,1288,SUP-043,Fuel/Water Separator,Misalignment,2932,23108,6,6,4,0,0,0.0016482088
CLM01295,1436,SUP-080,V-Belt,Breakage,15213,16640,12,34,8,0,0,0.001471505
CLM01296,1661,SUP-074,U-Joint,Wear,33961,14592,15,59,6,0,0,0.034366723
CLM01297,1276,SUP-049,Wheel Speed Sensor,Breakage,25839,23581,15,67,9,0,0,0.0016443325
CLM01298,1709,SUP-064,V-Belt,Misalignment,30942,11375,3,255,2,0,0,0.012955311
CLM01299,1581,SUP-032,Relay Valve,Breakage,31325,25817,4,297,7,0,0,0.015529791
CLM01300,1502,SUP-064,Radiator Hose,Sensor Failure,27047,16728,5,157,1,0,0,0.0014925865
CLM01301,1623,SUP-002,Air Filter,Leak,11207,1725,6,32,2,0,0,0.0016039506
CLM01302,1515,SUP-024,U-Joint,Misalignment,31435,6066,6,10,9,0,0,0.018166615
CLM01303,1349,SUP-087,Fuel/Water Separator,Sensor Failure,5616,12894,17,192,8,0,0,0.07269706
CLM01304,1842,SUP-066,Wheel Speed Sensor,Leak,38782,26040,8,219,9,0,0,0.035496384
CLM01305,1445,SUP-038,Fuel/Water Separator,Sensor Failure,8878,14103,19,349,7,0,0,0.069436364
CLM01306,1829,SUP-031,Relay Valve,Corrosion,15814,6422,13,77,9,0,0,0.0015877064
CLM01307,1349,SUP-026,U-Joint,Wear,18684,13473,15,20,4,0,0,0.0014929922
CLM01308,1606,SUP-029,Brake Chamber,Wear,36968,5536,17,156,3,1,1,99.87344
CLM01309,1663,SUP-067,Relay Valve,Wear,4373,25387,17,27,4,0,0,0.07656545
CLM01310,1822,SUP-078,Relay Valve,Corrosion,26149,3146,2,153,5,0,0,0.0016048658
CLM01311,1136,SUP-025,Wheel Speed Sensor,Misalignment,43497,24568,3,285,4,0,0,0.035993457
CLM01312,1758,SUP-048,Fuel/Water Separator,Misalignment,35151,19615,9,116,4,0,0,0.036212455
CLM01313,1898,SUP-065,Wheel Speed Sensor,Corrosion,16178,9324,6,250,7,0,0,0.0015278956
CLM01314,1242,SUP-053,V-Belt,Wear,26956,29839,1,45,4,0,0,0.0016891361
CLM01315,1542,SUP-067,Radiator Hose,Wear,41692,5194,19,286,4,1,1,99.88312
CLM01316,1039,SUP-090,Fuel/Water Separator,Leak,45119,6045,4,294,9,0,0,0.031235695
CLM01317,1228,SUP-018,Radiator Hose,Leak,27099,4181,13,288,9,0,0,0.0015486592
CLM01318,1547,SUP-009,Wheel Speed Sensor,Breakage,5991,914,8,306,5,0,0,0.0015719368
CLM01319,1919,SUP-038,Brake Chamber,Sensor Failure,6202,11898,5,71,9,0,0,0.00150639
CLM01320,1222,SUP-087,U-Joint,Leak,21316,26618,10,163,2,0,0,0.001581191
CLM01321,1005,SUP-021,Relay Valve,Leak,30695,25847,19,76,5,1,1,99.45925
CLM01322,1321,SUP-065,Relay Valve,Leak,4622,21363,12,343,7,0,0,0.0015877504
CLM01323,1467,SUP-021,Radiator Hose,Leak,42855,7699,1,5,8,0,0,0.03523378
CLM01324,1731,SUP-027,Fuel/Water Separator,Corrosion,2610,11279,9,107,5,0,0,0.0014959781
CLM01325,1074,SUP-070,U-Joint,Breakage,42572,14583,16,119,9,1,1,99.71022
CLM01326,1003,SUP-044,Air Filter,Leak,17988,25562,17,287,3,0,0,0.069733135
CLM01327,1846,SUP-100,Radiator Hose,Misalignment,31326,26855,18,97,8,1,1,99.648346
CLM01328,1645,SUP-028,Fuel/Water Separator,Sensor Failure,1620,8032,14,181,9,0,0,0.0016279137
CLM01329,1117,SUP-045,Fuel/Water Separator,Leak,16335,23291,17,1,7,0,0,0.07731812
CLM01330,1880,SUP-017,Wheel Bearing,Corrosion,3602,24193,1,86,5,0,0,0.0016492937
CLM01331,1605,SUP-040,Relay Valve,Misalignment,27759,8721,15,65,9,0,0,0.001547537
CLM01332,1503,SUP-003,U-Joint,Wear,21184,15734,19,103,8,0,0,0.0700408
CLM01333,1997,SUP-076,V-Belt,Wear,40866,8821,2,24,8,0,0,0.027377075
CLM01334,1946,SUP-076,Radiator Hose,Breakage,23922,8445,14,151,6,0,0,0.0015520197
CLM01335,1573,SUP-066,U-Joint,Wear,33923,5689,2,303,2,0,0,0.03346501
CLM01336,1440,SUP-046,Wheel Bearing,Leak,41928,4714,15,253,4,0,0,0.03473587
CLM01337,1193,SUP-086,Wheel Bearing,Corrosion,16398,2874,1,7,1,0,0,0.00157495
CLM01338,1846,SUP-087,U-Joint,Breakage,28929,4483,1,4,5,0,0,0.0015835873
CLM01339,1714,SUP-030,Fuel/Water Separator,Misalignment,40449,11833,12,251,1,0,0,0.03014225
CLM01340,1391,SUP-069,Air Filter,Leak,16903,707,15,182,6,0,0,0.0015835692
CLM01341,1025,SUP-009,U-Joint,Wear,12309,29262,18,104,8,0,0,0.07312225
CLM01342,1434,SUP-085,Radiator Hose,Sensor Failure,36483,12907,15,52,1,0,0,0.029976863
CLM01343,1172,SUP-011,V-Belt,Leak,38107,8639,7,82,6,0,0,0.028745694
CLM01344,1299,SUP-069,Relay Valve,Sensor Failure,9070,9673,12,336,4,0,0,0.0015340862
CLM01345,1644,SUP-099,Wheel Bearing,Misalignment,34217,4802,10,48,9,0,0,0.036202792
CLM01346,1325,SUP-091,Brake Chamber,Sensor Failure,30425,13193,2,351,8,0,0,0.01173262
CLM01347,1409,SUP-066,Brake Chamber,Misalignment,16106,7411,2,217,4,0,0,0.001572958
CLM01348,1117,SUP-088,Fuel/Water Separator,Breakage,34837,23574,6,322,2,0,0,0.03519806
CLM01349,1835,SUP-031,Relay Valve,Corrosion,5017,27247,6,182,6,0,0,0.0016051352
CLM01350,1786,SUP-033,Wheel Bearing,Wear,30420,611,10,243,3,0,0,0.012591298
CLM01351,1723,SUP-039,Brake Chamber,Wear,29167,24037,3,220,1,0,0,0.001609912
CLM01352,1224,SUP-094,Brake Chamber,Leak,36587,16066,16,208,7,1,1,99.69762
CLM01353,1531,SUP-046,Air Filter,Wear,14582,5209,5,127,4,0,0,0.0015653577
CLM01354,1112,SUP-037,U-Joint,Breakage,14867,21924,5,182,9,0,0,0.0015709193
CLM01355,1139,SUP-092,Wheel Speed Sensor,Wear,19669,18293,10,356,3,0,0,0.0015690792
CLM01356,1558,SUP-060,Relay Valve,Leak,11227,9397,13,296,1,0,0,0.0015434104
CLM01357,1000,SUP-031,Wheel Speed Sensor,Wear,43150,6372,3,35,2,0,0,0.03146548
CLM01358,1089,SUP-011,V-Belt,Corrosion,16947,14982,18,280,4,0,0,0.07244566
CLM01359,1653,SUP-087,U-Joint,Misalignment,12932,25016,19,163,7,0,0,0.075251654
CLM01360,1319,SUP-002,V-Belt,Sensor Failure,11985,23159,6,350,8,0,0,0.0014741626
CLM01361,1549,SUP-027,Radiator Hose,Sensor Failure,7375,27855,1,203,4,0,0,0.0015809016
CLM01362,1804,SUP-099,Wheel Bearing,Misalignment,16805,23877,10,162,3,0,0,0.0015630603
CLM01363,1893,SUP-002,Wheel Speed Sensor,Sensor Failure,18107,21083,10,230,9,0,0,0.0015935648
CLM01364,1138,SUP-021,Fuel/Water Separator,Corrosion,43401,19484,1,359,8,0,0,0.035990883
CLM01365,1510,SUP-058,Radiator Hose,Breakage,39041,11307,19,349,6,1,1,99.86124
CLM01366,1867,SUP-005,Relay Valve,Leak,8535,16682,11,4,9,0,0,0.0015120624
CLM01367,1844,SUP-052,Wheel Bearing,Corrosion,38588,5357,13,361,8,0,0,0.030358523
CLM01368,1258,SUP-045,Brake Chamber,Leak,17470,11666,17,78,7,0,0,0.06947754
CLM01369,1672,SUP-085,Wheel Speed Sensor,Breakage,25081,24690,18,152,6,0,0,0.06279208
CLM01370,1901,SUP-093,U-Joint,Corrosion,7846,23689,4,358,3,0,0,0.0015211512
CLM01371,1689,SUP-020,U-Joint,Wear,48923,7998,15,116,6,0,0,0.033574343
CLM01372,1009,SUP-061,Radiator Hose,Breakage,5149,5539,2,354,4,0,0,0.0015840449
CLM01373,1260,SUP-038,Radiator Hose,Sensor Failure,38929,25923,6,36,5,0,0,0.036465663
CLM01374,1918,SUP-020,Brake Chamber,Corrosion,37188,19827,9,335,7,0,0,0.025611507
CLM01375,1649,SUP-025,Air Filter,Breakage,30925,8567,11,291,7,0,0,0.015419876
CLM01376,1171,SUP-002,Wheel Speed Sensor,Breakage,48797,11912,16,285,9,1,1,99.69014
CLM01377,1897,SUP-032,V-Belt,Corrosion,4212,8860,8,36,9,0,0,0.0014777728
CLM01378,1012,SUP-026,Relay Valve,Sensor Failure,49415,23584,17,324,6,1,1,99.849785
CLM01379,1167,SUP-070,Wheel Speed Sensor,Misalignment,4922,1484,4,55,6,0,0,0.0015595598
CLM01380,1641,SUP-041,Wheel Speed Sensor,Sensor Failure,31544,1607,7,49,2,0,0,0.017610017
CLM01381,1595,SUP-067,Brake Chamber,Breakage,33065,27643,11,313,8,0,0,0.032206047
CLM01382,1320,SUP-097,Wheel Speed Sensor,Leak,48697,25182,11,355,3,0,0,0.029772675
CLM01383,1318,SUP-001,Wheel Speed Sensor,Misalignment,28065,13672,11,343,1,0,0,0.001520252
CLM01384,1612,SUP-051,Fuel/Water Separator,Misalignment,23694,24316,15,55,4,0,0,0.0016794536
CLM01385,1328,SUP-005,Fuel/Water Separator,Breakage,7042,27781,5,312,5,0,0,0.0016136455
CLM01386,1784,SUP-013,Wheel Bearing,Corrosion,9013,10770,6,330,3,0,0,0.00154065
CLM01387,1776,SUP-019,Relay Valve,Corrosion,32285,28694,5,260,7,0,0,0.02101454
CLM01388,1970,SUP-012,Fuel/Water Separator,Corrosion,43446,4842,9,130,5,0,0,0.031665117
CLM01389,1910,SUP-048,Relay Valve,Sensor Failure,25648,11665,11,88,5,0,0,0.0015115738
CLM01390,1919,SUP-025,U-Joint,Wear,4754,2053,3,320,6,0,0,0.0016109687
CLM01391,1549,SUP-057,Brake Chamber,Corrosion,12187,2502,4,340,6,0,0,0.0016014718
CLM01392,1418,SUP-035,Brake Chamber,Corrosion,38133,24988,15,270,9,0,0,0.034267332
CLM01393,1605,SUP-076,Fuel/Water Separator,Misalignment,49775,17381,18,360,3,1,1,99.85019
CLM01394,1094,SUP-094,U-Joint,Leak,1546,21833,5,361,8,0,0,0.0016423517
CLM01395,1816,SUP-005,V-Belt,Leak,37497,13091,11,126,7,0,0,0.028297946
CLM01396,1580,SUP-098,Wheel Bearing,Breakage,41118,1921,11,327,9,0,0,0.03475366
CLM01397,1317,SUP-022,Brake Chamber,Breakage,47157,3974,4,185,5,0,0,0.032605693
CLM01398,1955,SUP-077,Wheel Bearing,Breakage,48411,29487,16,30,7,1,1,99.69741
CLM01399,1235,SUP-057,Brake Chamber,Corrosion,49455,22864,11,208,8,0,0,0.033616427
CLM01400,1945,SUP-047,U-Joint,Leak,35736,21257,1,8,9,0,0,0.035731398
CLM01401,1333,SUP-054,Wheel Speed Sensor,Breakage,31599,25617,13,142,8,0,0,0.01759741
CLM01402,1884,SUP-003,Air Filter,Leak,5516,24194,19,304,2,0,0,0.07330865
CLM01403,1375,SUP-053,Wheel Speed Sensor,Corrosion,2259,9480,6,212,6,0,0,0.0015339736
CLM01404,1458,SUP-084,V-Belt,Misalignment,47913,16269,19,284,4,1,1,99.870895
CLM01405,1136,SUP-031,Brake Chamber,Corrosion,24376,25431,6,132,4,0,0,0.001639846
CLM01406,1929,SUP-069,V-Belt,Breakage,25140,22527,13,356,9,0,0,0.0015043286
CLM01407,1587,SUP-088,Fuel/Water Separator,Corrosion,20317,12666,11,323,7,0,0,0.0015579038
CLM01408,1994,SUP-033,Fuel/Water Separator,Corrosion,3509,9918,19,102,6,0,0,0.061649073
CLM01409,1546,SUP-072,Radiator Hose,Leak,45968,25325,7,283,2,0,0,0.035555482
CLM01410,1512,SUP-088,Relay Valve,Wear,13264,12890,12,75,1,0,0,0.0014717423
CLM01411,1295,SUP-050,Fuel/Water Separator,Sensor Failure,18946,23062,16,100,4,0,0,0.029971462
CLM01412,1319,SUP-084,Fuel/Water Separator,Breakage,32635,28471,1,232,9,0,0,0.028620422
CLM01413,1917,SUP-016,Brake Chamber,Wear,11277,29045,15,291,4,0,0,0.0015795904
CLM01414,1571,SUP-076,Radiator Hose,Misalignment,27365,1031,13,236,2,0,0,0.0016001237
CLM01415,1831,SUP-077,Brake Chamber,Breakage,25459,25634,10,269,8,0,0,0.0015935131
CLM01416,1348,SUP-039,Wheel Bearing,Wear,4669,2119,18,55,6,0,0,0.06968925
CLM01417,1839,SUP-089,V-Belt,Corrosion,31564,18175,4,254,1,0,0,0.014008084
CLM01418,1778,SUP-046,Wheel Bearing,Breakage,19865,20008,6,215,4,0,0,0.0015990481
CLM01419,1872,SUP-096,U-Joint,Wear,45390,21764,8,299,5,0,0,0.03419355
CLM01420,1228,SUP-088,U-Joint,Sensor Failure,17588,4613,9,329,1,0,0,0.0015093265
CLM01421,1269,SUP-047,Brake Chamber,Corrosion,16040,9819,8,324,2,0,0,0.001520252
CLM01422,1827,SUP-044,Air Filter,Breakage,18125,12939,18,299,9,0,0,0.070177875
CLM01423,1797,SUP-009,Air Filter,Misalignment,31759,4411,7,296,1,0,0,0.01454204
CLM01424,1290,SUP-087,Wheel Bearing,Misalignment,44848,7659,19,159,8,1,1,99.87963
CLM01425,1724,SUP-050,Fuel/Water Separator,Breakage,29070,13660,18,259,9,0,0,0.07329087
CLM01426,1164,SUP-077,Brake Chamber,Wear,8049,14225,1,228,2,0,0,0.0014837252
CLM01427,1004,SUP-060,Wheel Bearing,Breakage,16516,1607,11,145,2,0,0,0.0015960195
CLM01428,1850,SUP-096,Brake Chamber,Corrosion,38031,5927,9,80,7,0,0,0.0326621
CLM01429,1378,SUP-015,Wheel Bearing,Leak,5737,22154,10,39,9,0,0,0.0016440048
CLM01430,1077,SUP-036,U-Joint,Misalignment,17027,13336,10,194,9,0,0,0.001571808
CLM01431,1409,SUP-063,Radiator Hose,Wear,40598,15293,1,197,3,0,0,0.02856481
CLM01432,1573,SUP-069,Brake Chamber,Sensor Failure,11015,6996,17,97,7,0,0,0.07676569
CLM01433,1131,SUP-086,Radiator Hose,Breakage,37965,2187,12,246,6,0,0,0.035204604
CLM01434,1600,SUP-080,U-Joint,Corrosion,16095,6487,12,333,8,0,0,0.0016301787
CLM01435,1748,SUP-041,Air Filter,Breakage,16053,21355,19,76,8,0,0,0.0772529
CLM01436,1041,SUP-074,Wheel Speed Sensor,Sensor Failure,23872,29379,17,253,8,0,0,0.07309989
CLM01437,1088,SUP-024,V-Belt,Corrosion,32519,22565,7,278,8,0,0,0.023110572
CLM01438,1401,SUP-082,V-Belt,Sensor Failure,45471,16591,11,8,6,0,0,0.030561833
CLM01439,1295,SUP-049,V-Belt,Corrosion,44166,13247,2,364,9,0,0,0.031207979
CLM01440,1839,SUP-018,U-Joint,Leak,24063,3975,16,199,5,0,0,0.030167753
CLM01441,1294,SUP-007,U-Joint,Misalignment,7306,16418,9,252,4,0,0,0.0015157714
CLM01442,1615,SUP-004,Air Filter,Corrosion,13573,19461,10,18,7,0,0,0.0015454781
CLM01443,1525,SUP-090,Wheel Speed Sensor,Sensor Failure,18248,19416,10,242,3,0,0,0.0015465103
CLM01444,1799,SUP-069,Relay Valve,Wear,42014,21101,3,253,8,0,0,0.0353967
CLM01445,1690,SUP-060,V-Belt,Misalignment,27656,23821,17,4,8,0,0,0.075802326
CLM01446,1636,SUP-055,Fuel/Water Separator,Leak,17941,2529,14,237,5,0,0,0.0016172429
CLM01447,1421,SUP-016,V-Belt,Breakage,14018,9835,19,179,8,0,0,0.07004531
CLM01448,1864,SUP-099,Relay Valve,Leak,14088,29422,18,12,3,0,0,0.07382752
CLM01449,1022,SUP-090,Brake Chamber,Leak,21675,22842,18,293,3,0,0,0.07406637
CLM01450,1574,SUP-082,Air Filter,Breakage,17124,5918,14,258,4,0,0,0.00158701
CLM01451,1142,SUP-029,Radiator Hose,Corrosion,17831,6690,3,259,9,0,0,0.0016587706
CLM01452,1992,SUP-023,Radiator Hose,Leak,35589,24648,10,85,5,0,0,0.035199605
CLM01453,1664,SUP-014,Relay Valve,Misalignment,4819,16158,13,295,6,0,0,0.0015787845
CLM01454,1144,SUP-079,V-Belt,Leak,31286,12435,12,333,4,0,0,0.01235573
CLM01455,1224,SUP-049,Radiator Hose,Wear,12164,12282,9,112,9,0,0,0.0015257406
CLM01456,1502,SUP-033,Relay Valve,Misalignment,33701,15080,10,206,4,0,0,0.03360906
CLM01457,1961,SUP-025,U-Joint,Wear,17475,12490,19,222,3,0,0,0.06704595
CLM01458,1973,SUP-021,Wheel Bearing,Misalignment,43211,10439,16,18,2,1,1,99.63695
CLM01459,1820,SUP-017,U-Joint,Sensor Failure,20305,5319,3,13,3,0,0,0.0015705837
CLM01460,1615,SUP-023,V-Belt,Breakage,12498,6419,12,270,1,0,0,0.0015494479
CLM01461,1103,SUP-057,Relay Valve,Misalignment,33869,25293,8,41,8,0,0,0.0358985
CLM01462,1946,SUP-081,Brake Chamber,Misalignment,37603,3310,15,40,1,0,0,0.026636686
CLM01463,1038,SUP-058,Radiator Hose,Corrosion,5235,3915,11,89,6,0,0,0.0015063658
CLM01464,1946,SUP-014,Radiator Hose,Corrosion,46890,22836,13,101,2,0,0,0.031334568
CLM01465,1197,SUP-093,Radiator Hose,Sensor Failure,13015,22317,6,219,3,0,0,0.0015763999
CLM01466,1645,SUP-020,Relay Valve,Corrosion,15601,2216,13,215,9,0,0,0.001598263
CLM01467,1578,SUP-030,U-Joint,Corrosion,8509,29775,11,304,9,0,0,0.0015619547
CLM01468,1390,SUP-019,Brake Chamber,Wear,40484,24781,6,10,6,0,0,0.036332414
CLM01469,1178,SUP-053,Relay Valve,Corrosion,17918,789,6,217,7,0,0,0.0015668167
CLM01470,1967,SUP-056,V-Belt,Corrosion,41975,5197,5,121,5,0,0,0.028093537
CLM01471,1553,SUP-077,Air Filter,Sensor Failure,42520,15831,7,310,7,0,0,0.033543374
CLM01472,1447,SUP-082,V-Belt,Sensor Failure,36693,28344,19,163,6,1,1,99.8845
CLM01473,1499,SUP-023,Wheel Bearing,Leak,27959,27819,11,152,5,0,0,0.0016031312
CLM01474,1014,SUP-062,Air Filter,Corrosion,1909,16275,6,305,3,0,0,0.0015510832
CLM01475,1622,SUP-033,V-Belt,Corrosion,10605,1109,9,84,2,0,0,0.0015883697
CLM01476,1668,SUP-018,Brake Chamber,Misalignment,15505,2853,18,202,5,0,0,0.07693102
CLM01477,1288,SUP-073,Wheel Speed Sensor,Corrosion,38776,24529,8,50,8,0,0,0.035133895
CLM01478,1477,SUP-033,Wheel Speed Sensor,Wear,1118,17419,18,149,5,0,0,0.065000914
CLM01479,1230,SUP-032,Wheel Speed Sensor,Misalignment,29638,20175,5,220,3,0,0,0.001545723
CLM01480,1922,SUP-061,Wheel Bearing,Corrosion,4113,20641,6,155,3,0,0,0.001549117
CLM01481,1419,SUP-054,Wheel Bearing,Wear,45020,9448,2,97,5,0,0,0.03291558
CLM01482,1156,SUP-017,Wheel Speed Sensor,Leak,39921,16485,4,324,9,0,0,0.033078946
CLM01483,1549,SUP-019,Radiator Hose,Misalignment,15765,7657,19,99,8,0,0,0.07469246
CLM01484,1440,SUP-091,Air Filter,Breakage,18875,4349,4,340,7,0,0,0.0016110962
CLM01485,1096,SUP-070,Air Filter,Corrosion,19480,8569,16,186,5,0,0,0.029852914
CLM01486,1996,SUP-099,Radiator Hose,Misalignment,8944,9045,1,134,9,0,0,0.0015248243
CLM01487,1410,SUP-034,U-Joint,Sensor Failure,36022,21714,16,316,2,1,1,99.6736
CLM01488,1950,SUP-084,Wheel Speed Sensor,Misalignment,49806,12583,1,337,6,0,0,0.028592218
CLM01489,1288,SUP-025,Radiator Hose,Sensor Failure,26089,4830,17,147,7,0,0,0.076475434
CLM01490,1253,SUP-068,Relay Valve,Corrosion,49707,25381,5,113,7,0,0,0.031089136
CLM01491,1195,SUP-074,Air Filter,Wear,33563,5729,16,17,4,1,1,99.69376
CLM01492,1597,SUP-074,Relay Valve,Sensor Failure,2233,3495,3,34,2,0,0,0.0016747244
CLM01493,1833,SUP-088,Radiator Hose,Misalignment,22642,13824,10,62,1,0,0,0.001514588
CLM01494,1521,SUP-085,Radiator Hose,Misalignment,29708,12400,18,196,1,0,0,0.0584918
CLM01495,1516,SUP-011,V-Belt,Sensor Failure,31937,23854,18,87,3,1,1,99.731125
CLM01496,1634,SUP-091,V-Belt,Leak,39399,2714,17,123,7,1,1,99.889175
CLM01497,1841,SUP-016,Brake Chamber,Leak,48283,12840,11,254,5,0,0,0.03053722
CLM01498,1864,SUP-090,Brake Chamber,Leak,1129,26285,9,127,7,0,0,0.0016250272
CLM01499,1117,SUP-061,Wheel Bearing,Sensor Failure,37484,17159,11,338,9,0,0,0.03740983
CLM01500,1805,SUP-094,Wheel Bearing,Sensor Failure,19155,15187,9,162,8,0,0,0.0015733811
CLM01501,1908,SUP-080,Wheel Speed Sensor,Misalignment,21838,23037,17,316,1,0,0,0.073968045
CLM01502,1158,SUP-007,V-Belt,Corrosion,24154,7053,5,172,4,0,0,0.0015295912
CLM01503,1814,SUP-016,Wheel Speed Sensor,Corrosion,45035,8838,12,301,5,0,0,0.03172649
CLM01504,1227,SUP-099,Radiator Hose,Wear,31294,20432,18,331,7,1,1,99.61779
CLM01505,1876,SUP-016,Wheel Speed Sensor,Sensor Failure,6273,7472,16,359,8,0,0,0.027318304
CLM01506,1215,SUP-040,Radiator Hose,Corrosion,9697,29801,9,252,8,0,0,0.0015360259
CLM01507,1947,SUP-012,Air Filter,Corrosion,6628,27029,8,9,4,0,0,0.0016785763
CLM01508,1695,SUP-035,V-Belt,Leak,38681,17735,6,251,7,0,0,0.03142243
CLM01509,1014,SUP-021,Brake Chamber,Leak,46849,21407,17,239,2,1,1,99.86552
CLM01510,1156,SUP-050,Wheel Speed Sensor,Leak,26414,9179,14,35,9,0,0,0.0015102854
CLM01511,1647,SUP-043,V-Belt,Breakage,45831,18437,14,266,6,0,0,0.031617213
CLM01512,1260,SUP-100,Air Filter,Corrosion,5718,18645,4,104,4,0,0,0.0015580093
CLM01513,1156,SUP-017,Relay Valve,Leak,20060,11875,8,157,6,0,0,0.0015116357
CLM01514,1046,SUP-032,Brake Chamber,Leak,1096,9275,17,174,7,0,0,0.06994665
CLM01515,1323,SUP-041,Fuel/Water Separator,Sensor Failure,19347,23683,1,198,8,0,0,0.0015812105
CLM01516,1843,SUP-006,V-Belt,Misalignment,39169,29787,3,211,4,0,0,0.03437439
CLM01517,1684,SUP-088,U-Joint,Leak,31396,4810,17,218,9,1,1,99.64191
CLM01518,1129,SUP-027,V-Belt,Sensor Failure,12058,15827,3,201,6,0,0,0.001507041
CLM01519,1410,SUP-020,Radiator Hose,Wear,13218,21489,7,233,1,0,0,0.0015816794
CLM01520,1094,SUP-025,U-Joint,Leak,17982,9202,11,116,3,0,0,0.0015368932
CLM01521,1626,SUP-066,Wheel Speed Sensor,Misalignment,33281,24640,15,301,1,0,0,0.032234028
CLM01522,1754,SUP-009,Air Filter,Sensor Failure,4963,29197,7,77,6,0,0,0.001656567
CLM01523,1931,SUP-092,U-Joint,Misalignment,26004,4313,5,218,6,0,0,0.0016159863
CLM01524,1291,SUP-053,Wheel Speed Sensor,Leak,47622,27316,17,53,7,1,1,99.88535
CLM01525,1793,SUP-061,Wheel Speed Sensor,Wear,24677,27226,5,84,1,0,0,0.0015974081
CLM01526,1810,SUP-038,Wheel Speed Sensor,Leak,45741,14016,1,258,1,0,0,0.032065332
CLM01527,1282,SUP-003,Radiator Hose,Sensor Failure,2324,15246,7,132,5,0,0,0.0015246395
CLM01528,1068,SUP-084,U-Joint,Wear,28166,6391,17,199,5,0,0,0.07380198
CLM01529,1659,SUP-070,Wheel Bearing,Wear,44374,7388,8,275,1,0,0,0.032683685
CLM01530,1010,SUP-097,Air Filter,Wear,47908,23078,12,355,7,0,0,0.028873581
CLM01531,1253,SUP-055,Relay Valve,Breakage,25495,25031,2,83,7,0,0,0.0016443325
CLM01532,1841,SUP-001,V-Belt,Sensor Failure,38932,3702,17,249,6,1,1,99.88685
CLM01533,1871,SUP-070,Radiator Hose,Breakage,27092,17226,14,69,7,0,0,0.0015818183
CLM01534,1549,SUP-045,Brake Chamber,Misalignment,2339,8245,3,142,6,0,0,0.0015574404
CLM01535,1133,SUP-098,Relay Valve,Wear,49316,1923,19,140,2,1,1,99.8745
CLM01536,1711,SUP-047,Air Filter,Breakage,13286,15037,14,340,5,0,0,0.0015447001
CLM01537,1022,SUP-079,Radiator Hose,Leak,30235,12559,8,274,7,0,0,0.0114456415
CLM01538,1814,SUP-026,Relay Valve,Breakage,12595,13087,7,257,2,0,0,0.0014903762
CLM01539,1345,SUP-014,V-Belt,Corrosion,26552,25221,5,363,5,0,0,0.0015236265
CLM01540,1301,SUP-054,Wheel Speed Sensor,Misalignment,14629,27893,3,4,3,0,0,0.0016223823
CLM01541,1362,SUP-071,Wheel Speed Sensor,Wear,47489,21441,1,268,9,0,0,0.033866014
CLM01542,1395,SUP-046,Air Filter,Wear,40234,14751,19,357,1,1,1,99.86118
CLM01543,1217,SUP-031,V-Belt,Misalignment,30925,9607,15,335,7,0,0,0.01302762
CLM01544,1140,SUP-088,Relay Valve,Misalignment,39231,29995,1,308,4,0,0,0.035869423
CLM01545,1615,SUP-059,Fuel/Water Separator,Sensor Failure,39258,7147,5,355,5,0,0,0.03581113
CLM01546,1957,SUP-095,Wheel Speed Sensor,Leak,13843,2411,11,90,1,0,0,0.0014964932
CLM01547,1209,SUP-029,Wheel Bearing,Misalignment,33035,28777,14,15,5,0,0,0.034614865
CLM01548,1984,SUP-096,Relay Valve,Misalignment,24988,1839,18,136,8,0,0,0.07305117
CLM01549,1992,SUP-017,Wheel Speed Sensor,Sensor Failure,33683,19130,9,220,6,0,0,0.033668198
CLM01550,1622,SUP-014,Relay Valve,Misalignment,33986,15264,15,286,2,0,0,0.03188061
CLM01551,1615,SUP-036,Air Filter,Breakage,34301,6946,11,182,2,0,0,0.03195367
CLM01552,1827,SUP-058,Brake Chamber,Corrosion,15977,28993,5,127,9,0,0,0.0016123444
CLM01553,1682,SUP-024,Wheel Speed Sensor,Corrosion,48622,16792,15,126,1,0,0,0.032210715
CLM01554,1459,SUP-063,Relay Valve,Corrosion,8951,19835,2,195,2,0,0,0.0015508997
CLM01555,1355,SUP-091,Brake Chamber,Misalignment,27071,17381,12,198,8,0,0,0.0015500332
CLM01556,1323,SUP-025,Brake Chamber,Corrosion,10565,11640,7,351,6,0,0,0.0015052916
CLM01557,1132,SUP-059,Wheel Bearing,Leak,29715,17674,2,218,3,0,0,0.0015870829
CLM01558,1887,SUP-032,Brake Chamber,Breakage,38109,12892,8,8,3,0,0,0.02909165
CLM01559,1804,SUP-082,V-Belt,Corrosion,38850,8701,9,231,9,0,0,0.030637216
CLM01560,1839,SUP-018,Brake Chamber,Wear,47664,16484,5,191,2,0,0,0.029229129
CLM01561,1126,SUP-037,Fuel/Water Separator,Misalignment,12334,19982,15,93,5,0,0,0.0016450196
CLM01562,1105,SUP-026,Relay Valve,Breakage,49836,25068,19,145,7,1,1,99.87766
CLM01563,1603,SUP-009,Brake Chamber,Leak,27300,3316,19,16,6,0,0,0.07602847
CLM01564,1798,SUP-099,U-Joint,Corrosion,20369,826,13,113,1,0,0,0.0015184103
CLM01565,1377,SUP-064,V-Belt,Leak,39362,28642,13,301,3,0,0,0.03341996
CLM01566,1904,SUP-072,Radiator Hose,Misalignment,25401,17766,6,196,5,0,0,0.001581411
CLM01567,1050,SUP-020,V-Belt,Corrosion,45614,18555,1,306,3,0,0,0.026964698
CLM01568,1028,SUP-054,Air Filter,Wear,49350,5502,10,205,3,0,0,0.028304476
CLM01569,1461,SUP-086,Radiator Hose,Breakage,21639,25813,6,316,5,0,0,0.0015928961
CLM01570,1295,SUP-083,Wheel Bearing,Wear,18388,19058,3,68,8,0,0,0.0016009464
CLM01571,1296,SUP-030,V-Belt,Corrosion,19506,5735,13,127,8,0,0,0.0015217996
CLM01572,1725,SUP-053,Air Filter,Sensor Failure,13766,1423,19,160,8,0,0,0.07892912
CLM01573,1778,SUP-092,V-Belt,Breakage,7696,16661,10,336,6,0,0,0.0015625387
CLM01574,1406,SUP-099,Brake Chamber,Leak,4981,21150,13,345,9,0,0,0.0015874339
CLM01575,1768,SUP-063,Wheel Speed Sensor,Corrosion,17855,15047,7,342,5,0,0,0.0015361313
CLM01576,1813,SUP-011,Wheel Speed Sensor,Wear,20789,24996,15,152,7,0,0,0.0016064858
CLM01577,1612,SUP-031,Air Filter,Misalignment,1308,14301,4,284,1,0,0,0.0015384492
CLM01578,1404,SUP-049,V-Belt,Sensor Failure,41463,29558,11,151,4,0,0,0.03486287
CLM01579,1345,SUP-100,Air Filter,Misalignment,28510,3324,8,63,1,0,0,0.0015994905
CLM01580,1621,SUP-094,Wheel Bearing,Corrosion,30372,21991,2,184,2,0,0,0.013219656
CLM01581,1419,SUP-087,Wheel Speed Sensor,Leak,8707,23753,1,213,6,0,0,0.0015755419
CLM01582,1181,SUP-019,U-Joint,Wear,16522,22604,1,73,1,0,0,0.0016449646
CLM01583,1982,SUP-012,Radiator Hose,Breakage,36815,9845,16,322,9,1,1,99.677345
CLM01584,1824,SUP-015,Brake Chamber,Sensor Failure,27497,2570,18,284,6,0,0,0.07644348
CLM01585,1000,SUP-031,U-Joint,Corrosion,31524,24230,11,154,8,0,0,0.016027372
CLM01586,1830,SUP-043,U-Joint,Corrosion,44959,7044,8,188,8,0,0,0.03491006
CLM01587,1949,SUP-037,Relay Valve,Corrosion,35785,5100,19,60,2,1,1,99.85988
CLM01588,1566,SUP-079,U-Joint,Corrosion,14366,1420,12,256,2,0,0,0.0015819888
CLM01589,1370,SUP-029,Radiator Hose,Wear,38649,6591,6,183,3,0,0,0.033157375
CLM01590,1935,SUP-026,Radiator Hose,Breakage,35246,20366,16,25,8,1,1,99.71118
CLM01591,1910,SUP-002,Brake Chamber,Leak,27928,14343,8,25,8,0,0,0.0015239563
CLM01592,1660,SUP-084,Air Filter,Sensor Failure,21581,23356,7,314,5,0,0,0.0015902733
CLM01593,1430,SUP-015,Fuel/Water Separator,Corrosion,25105,15306,3,38,2,0,0,0.0015193156
CLM01594,1968,SUP-004,Fuel/Water Separator,Misalignment,38638,18327,1,302,4,0,0,0.032741725
CLM01595,1308,SUP-086,V-Belt,Corrosion,20843,13199,6,100,4,0,0,0.0014490883
CLM01596,1136,SUP-050,V-Belt,Breakage,45714,3301,3,147,7,0,0,0.032601777
CLM01597,1201,SUP-038,Radiator Hose,Breakage,43191,18659,19,280,4,1,1,99.87907
CLM01598,1435,SUP-023,V-Belt,Wear,6434,8720,2,55,6,0,0,0.001482906
CLM01599,1312,SUP-059,Relay Valve,Wear,34339,19176,17,72,2,1,1,99.8789
CLM01600,1116,SUP-090,V-Belt,Misalignment,20973,4203,16,243,2,0,0,0.031408805
CLM01601,1665,SUP-075,Wheel Bearing,Misalignment,42107,1325,7,127,5,0,0,0.03648969
CLM01602,1936,SUP-028,Wheel Bearing,Wear,12635,14697,6,321,1,0,0,0.0014975254
CLM01603,1802,SUP-066,Relay Valve,Sensor Failure,1596,8211,11,254,2,0,0,0.001529826
CLM01604,1574,SUP-008,U-Joint,Misalignment,22457,16511,15,68,3,0,0,0.0014845785
CLM01605,1243,SUP-029,Wheel Bearing,Wear,33415,20625,11,153,9,0,0,0.035693236
CLM01606,1536,SUP-011,Fuel/Water Separator,Corrosion,29321,25214,7,149,9,0,0,0.001587817
CLM01607,1601,SUP-018,Fuel/Water Separator,Wear,15834,21336,15,226,7,0,0,0.0015900431
CLM01608,1074,SUP-055,Wheel Bearing,Sensor Failure,38018,19143,16,326,5,1,1,99.69777
CLM01609,1805,SUP-050,V-Belt,Wear,21709,18046,8,180,2,0,0,0.0014607377
CLM01610,1385,SUP-014,Fuel/Water Separator,Wear,4371,3939,5,310,2,0,0,0.0014920399
CLM01611,1902,SUP-074,Wheel Bearing,Corrosion,1157,16482,17,3,8,0,0,0.07141492
CLM01612,1209,SUP-099,U-Joint,Misalignment,17032,3033,2,289,3,0,0,0.0015664134
CLM01613,1474,SUP-009,Brake Chamber,Corrosion,4318,6112,7,201,7,0,0,0.0015947962
CLM01614,1417,SUP-099,V-Belt,Corrosion,14462,10051,6,7,6,0,0,0.001482906
CLM01615,1346,SUP-011,V-Belt,Wear,46010,8430,12,361,6,0,0,0.032435577
CLM01616,1528,SUP-063,Wheel Bearing,Corrosion,40989,19109,16,155,3,1,1,99.66551
CLM01617,1639,SUP-076,Air Filter,Breakage,9957,27636,11,257,6,0,0,0.0016007081
CLM01618,1938,SUP-067,Wheel Speed Sensor,Leak,12843,4172,17,168,4,0,0,0.074379854
CLM01619,1954,SUP-053,Wheel Bearing,Leak,3612,2660,10,163,1,0,0,0.0014975339
CLM01620,1875,SUP-039,Relay Valve,Corrosion,21946,25358,16,337,8,0,0,0.027233291
CLM01621,1762,SUP-078,Wheel Bearing,Misalignment,13020,26215,16,295,9,0,0,0.030515306
CLM01622,1178,SUP-056,V-Belt,Sensor Failure,13773,2297,15,11,3,0,0,0.0016006243
CLM01623,1181,SUP-028,Brake Chamber,Corrosion,31247,29212,15,357,1,0,0,0.012162884
CLM01624,1663,SUP-075,Relay Valve,Misalignment,1443,11671,4,301,1,0,0,0.0015384492
CLM01625,1024,SUP-039,Radiator Hose,Corrosion,39741,26266,3,131,1,0,0,0.029337622
CLM01626,1966,SUP-025,Radiator Hose,Wear,18288,15690,14,205,9,0,0,0.0015139626
CLM01627,1179,SUP-021,Air Filter,Misalignment,3910,1744,10,316,5,0,0,0.0015553077
CLM01628,1709,SUP-010,U-Joint,Sensor Failure,45169,23953,6,92,3,0,0,0.035151683
CLM01629,1500,SUP-043,Fuel/Water Separator,Corrosion,35569,8393,11,314,9,0,0,0.033297703
CLM01630,1855,SUP-015,Air Filter,Breakage,18309,21292,4,111,9,0,0,0.0015939479
CLM01631,1160,SUP-083,Radiator Hose,Misalignment,12913,2430,10,290,6,0,0,0.0015845299
CLM01632,1176,SUP-048,Fuel/Water Separator,Leak,15265,16205,16,247,5,0,0,0.030141618
CLM01633,1284,SUP-086,U-Joint,Misalignment,29963,19402,8,61,1,0,0,0.0015418935
CLM01634,1062,SUP-021,Fuel/Water Separator,Breakage,30905,547,9,110,6,0,0,0.01506145
CLM01635,1661,SUP-060,U-Joint,Breakage,25235,633,4,232,5,0,0,0.0016158816
CLM01636,1665,SUP-096,Wheel Speed Sensor,Breakage,49824,15354,17,125,9,1,1,99.87023
CLM01637,1155,SUP-050,Relay Valve,Sensor Failure,10426,22559,10,203,7,0,0,0.0015635567
CLM01638,1881,SUP-023,Fuel/Water Separator,Sensor Failure,3922,11738,13,271,3,0,0,0.0014469838
CLM01639,1468,SUP-013,Fuel/Water Separator,Misalignment,41323,2864,17,260,5,1,1,99.88293
CLM01640,1048,SUP-069,Fuel/Water Separator,Sensor Failure,31091,4009,19,23,6,1,1,99.576965
CLM01641,1966,SUP-004,Brake Chamber,Leak,28771,28582,17,200,2,0,0,0.073412605
CLM01642,1848,SUP-092,Brake Chamber,Wear,10776,10825,4,80,7,0,0,0.0015182396
CLM01643,1083,SUP-078,Wheel Speed Sensor,Misalignment,1919,13859,6,272,9,0,0,0.0015824098
CLM01644,1360,SUP-072,Wheel Speed Sensor,Corrosion,38772,24037,14,344,9,0,0,0.033536404
CLM01645,1688,SUP-009,Wheel Speed Sensor,Corrosion,21954,20978,9,53,5,0,0,0.0016413918
CLM01646,1147,SUP-035,Radiator Hose,Misalignment,21837,19421,6,266,8,0,0,0.0015319487
CLM01647,1629,SUP-021,Radiator Hose,Wear,10958,8496,10,53,9,0,0,0.0015596387
CLM01648,1341,SUP-058,Wheel Bearing,Corrosion,6575,22868,6,272,6,0,0,0.0015999207
CLM01649,1475,SUP-018,Air Filter,Misalignment,8945,2971,9,228,4,0,0,0.0015792559
CLM01650,1062,SUP-097,Relay Valve,Misalignment,47962,2934,13,180,4,0,0,0.030110514
CLM01651,1700,SUP-072,Brake Chamber,Breakage,11863,21905,16,313,3,0,0,0.030272366
CLM01652,1359,SUP-081,U-Joint,Leak,16857,4835,16,200,9,0,0,0.029918674
CLM01653,1560,SUP-043,Relay Valve,Corrosion,33309,16523,19,192,6,1,1,99.87547
CLM01654,1326,SUP-095,Relay Valve,Leak,23954,20406,5,23,8,0,0,0.0016217588
CLM01655,1768,SUP-098,U-Joint,Misalignment,34368,19189,11,40,2,0,0,0.033113778
CLM01656,1735,SUP-006,V-Belt,Wear,28742,29215,15,336,4,0,0,0.0015773849
CLM01657,1140,SUP-086,Fuel/Water Separator,Misalignment,13134,22171,8,230,2,0,0,0.0016205853
CLM01658,1989,SUP-078,Air Filter,Corrosion,49058,26886,15,18,3,0,0,0.027023686
CLM01659,1214,SUP-067,Wheel Bearing,Leak,12580,14002,11,222,2,0,0,0.001508079
CLM01660,1434,SUP-012,Wheel Speed Sensor,Breakage,21966,17547,13,164,9,0,0,0.0015175808
CLM01661,1890,SUP-100,U-Joint,Breakage,17037,22565,2,360,9,0,0,0.0015831902
CLM01662,1951,SUP-012,Radiator Hose,Misalignment,3786,7943,2,169,6,0,0,0.0016435878
CLM01663,1722,SUP-066,Wheel Speed Sensor,Wear,20079,22828,12,1,7,0,0,0.0016411556
CLM01664,1317,SUP-002,U-Joint,Sensor Failure,16231,11746,9,337,5,0,0,0.0015340862
CLM01665,1031,SUP-015,Wheel Speed Sensor,Corrosion,12840,16165,15,348,1,0,0,0.0014723921
CLM01666,1669,SUP-023,Fuel/Water Separator,Misalignment,3052,8274,7,254,4,0,0,0.0015164352
CLM01667,1284,SUP-029,Fuel/Water Separator,Breakage,34399,21733,14,199,4,0,0,0.0358056
CLM01668,1304,SUP-081,Fuel/Water Separator,Breakage,4442,4700,17,212,8,0,0,0.07309497
CLM01669,1428,SUP-096,Wheel Speed Sensor,Wear,2754,23981,2,170,5,0,0,0.0015279014
CLM01670,1476,SUP-007,Fuel/Water Separator,Breakage,44993,5522,9,152,3,0,0,0.031255532
CLM01671,1285,SUP-094,Brake Chamber,Corrosion,10770,20376,13,65,1,0,0,0.0016255772
CLM01672,1143,SUP-028,Radiator Hose,Wear,14499,14686,5,18,1,0,0,0.001542523
CLM01673,1423,SUP-014,Wheel Bearing,Leak,1025,22352,4,90,5,0,0,0.0016195703
CLM01674,1018,SUP-044,U-Joint,Wear,25330,8439,1,14,8,0,0,0.0014937313
CLM01675,1017,SUP-030,Relay Valve,Corrosion,11401,9645,9,19,9,0,0,0.0014630031
CLM01676,1768,SUP-081,Wheel Speed Sensor,Corrosion,41065,2173,16,82,2,1,1,99.70018
CLM01677,1589,SUP-032,Wheel Speed Sensor,Leak,48636,18226,19,249,5,1,1,99.877426
CLM01678,1370,SUP-070,Radiator Hose,Misalignment,7553,28567,3,109,4,0,0,0.0016234951
CLM01679,1174,SUP-088,V-Belt,Wear,6759,27818,3,7,3,0,0,0.0015930467
CLM01680,1193,SUP-006,Air Filter,Corrosion,8755,10796,7,320,8,0,0,0.0016191548
CLM01681,1501,SUP-027,U-Joint,Corrosion,14384,8931,18,2,2,0,0,0.06976523
CLM01682,1987,SUP-082,V-Belt,Leak,30928,23454,7,263,2,0,0,0.012571864
CLM01683,1112,SUP-088,Air Filter,Sensor Failure,28478,11316,16,28,5,0,0,0.028460883
CLM01684,1113,SUP-024,Relay Valve,Wear,34897,3549,4,348,1,0,0,0.033849683
CLM01685,1221,SUP-034,Wheel Speed Sensor,Corrosion,38764,6783,13,337,7,0,0,0.03255081
CLM01686,1677,SUP-040,Fuel/Water Separator,Breakage,46064,27185,10,286,9,0,0,0.036588304
CLM01687,1946,SUP-047,Radiator Hose,Leak,33374,21131,2,254,2,0,0,0.032613155
CLM01688,1830,SUP-079,U-Joint,Sensor Failure,21529,29301,19,85,1,0,0,0.074854426
CLM01689,1643,SUP-075,Radiator Hose,Sensor Failure,39409,7074,14,201,9,0,0,0.036887012
CLM01690,1896,SUP-086,Wheel Bearing,Leak,33368,26539,6,292,2,0,0,0.029645499
CLM01691,1263,SUP-024,Relay Valve,Sensor Failure,47669,5831,13,278,9,0,0,0.03560365
CLM01692,1924,SUP-065,Wheel Bearing,Corrosion,15371,17283,12,335,8,0,0,0.0016082824
CLM01693,1054,SUP-018,Air Filter,Sensor Failure,8369,27797,12,78,7,0,0,0.0016444955
CLM01694,1870,SUP-044,Air Filter,Wear,4895,18821,12,210,1,0,0,0.0015728336
CLM01695,1642,SUP-076,Brake Chamber,Breakage,15453,13328,11,126,4,0,0,0.001577868
CLM01696,1799,SUP-057,Air Filter,Corrosion,5797,25257,14,10,7,0,0,0.0016338237
CLM01697,1777,SUP-028,V-Belt,Leak,46809,17958,4,240,6,0,0,0.030718759
CLM01698,1457,SUP-071,V-Belt,Breakage,2828,14558,13,278,1,0,0,0.0015074105
CLM01699,1978,SUP-023,Fuel/Water Separator,Misalignment,10727,3073,8,308,7,0,0,0.0016285192
CLM01700,1877,SUP-085,Wheel Speed Sensor,Corrosion,13517,2897,3,170,2,0,0,0.0015352995
CLM01701,1161,SUP-034,Radiator Hose,Breakage,17943,26157,14,169,8,0,0,0.0015395953
CLM01702,1379,SUP-011,Wheel Speed Sensor,Sensor Failure,43838,918,19,304,2,1,1,99.88072
CLM01703,1992,SUP-086,Wheel Speed Sensor,Misalignment,27831,26236,18,325,4,0,0,0.07258266
CLM01704,1086,SUP-035,V-Belt,Leak,43044,17523,11,257,6,0,0,0.030181158
CLM01705,1054,SUP-093,Radiator Hose,Leak,25814,18968,13,353,8,0,0,0.0016082042
CLM01706,1475,SUP-042,Fuel/Water Separator,Wear,9050,5089,6,250,3,0,0,0.0014798206
CLM01707,1799,SUP-028,Relay Valve,Sensor Failure,10663,17242,18,184,6,0,0,0.072702706
CLM01708,1177,SUP-082,Brake Chamber,Wear,7900,18687,1,229,6,0,0,0.0016094008
CLM01709,1390,SUP-078,V-Belt,Wear,39355,5704,2,327,1,0,0,0.03163787
CLM01710,1348,SUP-082,Wheel Bearing,Sensor Failure,22796,8389,7,203,6,0,0,0.0015672606
CLM01711,1007,SUP-092,Brake Chamber,Corrosion,16784,15486,5,172,1,0,0,0.0015435456
CLM01712,1832,SUP-024,Relay Valve,Misalignment,38380,17422,19,81,9,1,1,99.88011
CLM01713,1312,SUP-008,Air Filter,Wear,4683,4939,2,49,4,0,0,0.0015084329
CLM01714,1758,SUP-053,Wheel Speed Sensor,Breakage,9396,23772,3,215,5,0,0,0.0015990481
CLM01715,1834,SUP-072,U-Joint,Misalignment,8347,27294,10,177,1,0,0,0.0015221174
CLM01716,1983,SUP-004,Fuel/Water Separator,Corrosion,20984,10405,10,95,1,0,0,0.0013916922
CLM01717,1982,SUP-091,Wheel Speed Sensor,Sensor Failure,44097,1365,8,118,9,0,0,0.030968472
CLM01718,1442,SUP-100,Air Filter,Leak,24027,27143,9,98,6,0,0,0.0016102007
CLM01719,1766,SUP-005,Relay Valve,Corrosion,18597,22912,2,74,6,0,0,0.001656567
CLM01720,1327,SUP-097,Wheel Bearing,Wear,15072,27426,3,37,5,0,0,0.0016371132
CLM01721,1053,SUP-049,Fuel/Water Separator,Breakage,13026,9467,16,330,6,0,0,0.028773714
CLM01722,1760,SUP-098,Fuel/Water Separator,Misalignment,36859,13784,4,187,8,0,0,0.035046548
CLM01723,1238,SUP-030,Relay Valve,Sensor Failure,47813,11960,6,266,7,0,0,0.033422474
CLM01724,1228,SUP-072,Brake Chamber,Leak,41966,5171,13,235,7,0,0,0.032984752
CLM01725,1578,SUP-063,Wheel Speed Sensor,Misalignment,32041,28703,6,358,9,0,0,0.017332735
CLM01726,1050,SUP-047,Brake Chamber,Breakage,31987,16615,10,309,9,0,0,0.015853778
CLM01727,1608,SUP-026,V-Belt,Leak,4498,17919,17,331,9,0,0,0.07158874
CLM01728,1603,SUP-057,Relay Valve,Sensor Failure,33256,9052,8,340,1,0,0,0.02842788
CLM01729,1263,SUP-037,V-Belt,Misalignment,15905,19703,9,307,6,0,0,0.0016446698
CLM01730,1417,SUP-098,Wheel Bearing,Corrosion,39274,25371,2,71,5,0,0,0.03655104
CLM01731,1802,SUP-007,Brake Chamber,Wear,25839,1926,17,149,8,0,0,0.0757734
CLM01732,1095,SUP-040,U-Joint,Sensor Failure,3137,28585,11,364,8,0,0,0.0016254191
CLM01733,1087,SUP-092,Relay Valve,Breakage,16946,27892,18,262,8,0,0,0.06280785
CLM01734,1077,SUP-039,Relay Valve,Corrosion,25508,5994,3,287,5,0,0,0.0015976047
CLM01735,1287,SUP-062,Fuel/Water Separator,Misalignment,16620,14558,9,140,1,0,0,0.0015252795
CLM01736,1119,SUP-092,Air Filter,Leak,15823,15594,8,357,4,0,0,0.0016859369
CLM01737,1813,SUP-078,Wheel Bearing,Corrosion,37633,11557,7,305,7,0,0,0.031023642
CLM01738,1490,SUP-053,Brake Chamber,Corrosion,6460,1192,7,31,2,0,0,0.0015849711
CLM01739,1911,SUP-004,Relay Valve,Breakage,38264,29671,8,265,7,0,0,0.02970177
CLM01740,1451,SUP-082,Relay Valve,Wear,40666,24477,5,155,5,0,0,0.03474491
CLM01741,1499,SUP-025,U-Joint,Corrosion,36314,16736,3,116,6,0,0,0.032239348
CLM01742,1164,SUP-007,Wheel Speed Sensor,Corrosion,38697,16524,19,209,6,1,1,99.86312
CLM01743,1181,SUP-028,Brake Chamber,Wear,13722,1567,2,115,5,0,0,0.001525713
CLM01744,1468,SUP-069,Fuel/Water Separator,Wear,25694,1632,14,51,7,0,0,0.0015945026
CLM01745,1909,SUP-067,U-Joint,Leak,8214,26197,2,72,4,0,0,0.0016492937
CLM01746,1734,SUP-095,Fuel/Water Separator,Misalignment,32911,8112,10,128,1,0,0,0.028941626
CLM01747,1822,SUP-020,Radiator Hose,Leak,14310,9933,10,249,9,0,0,0.0015159709
CLM01748,1943,SUP-083,Brake Chamber,Wear,36163,1446,17,318,7,1,1,99.87677
CLM01749,1977,SUP-011,Relay Valve,Sensor Failure,25055,11839,2,314,9,0,0,0.001534288
CLM01750,1006,SUP-067,Radiator Hose,Wear,15874,2115,1,143,9,0,0,0.0015721527
CLM01751,1329,SUP-087,Fuel/Water Separator,Leak,28943,13351,18,167,7,0,0,0.07165591
CLM01752,1774,SUP-007,Fuel/Water Separator,Breakage,32917,8754,4,70,2,0,0,0.027999252
CLM01753,1672,SUP-023,Brake Chamber,Breakage,2702,22599,1,8,2,0,0,0.0016007188
CLM01754,1150,SUP-061,Air Filter,Misalignment,21058,22953,17,163,4,0,0,0.07374159
CLM01755,1084,SUP-071,Wheel Speed Sensor,Corrosion,42262,893,3,63,9,0,0,0.03180141
CLM01756,1146,SUP-034,Relay Valve,Breakage,15537,26602,2,287,7,0,0,0.0016718473
CLM01757,1623,SUP-019,Radiator Hose,Leak,13259,24418,18,234,9,0,0,0.074868694
CLM01758,1380,SUP-058,Wheel Bearing,Breakage,16892,10193,4,218,4,0,0,0.0015494436
CLM01759,1914,SUP-009,Air Filter,Sensor Failure,21635,24306,3,344,9,0,0,0.0015776948
CLM01760,1547,SUP-048,Relay Valve,Wear,29544,6702,12,253,7,0,0,0.0015979018
CLM01761,1284,SUP-082,Wheel Bearing,Wear,1013,17403,16,194,8,0,0,0.02957281
CLM01762,1699,SUP-041,Wheel Speed Sensor,Leak,45488,15654,11,297,1,0,0,0.03273258
CLM01763,1081,SUP-048,Wheel Bearing,Corrosion,43156,888,10,257,9,0,0,0.032279942
CLM01764,1513,SUP-045,Wheel Bearing,Wear,38308,17471,19,330,8,1,1,99.88613
CLM01765,1896,SUP-025,Air Filter,Breakage,9090,3997,10,242,1,0,0,0.0014874241
CLM01766,1814,SUP-078,V-Belt,Sensor Failure,3169,28137,3,289,8,0,0,0.0015371279
CLM01767,1708,SUP-025,Air Filter,Corrosion,45528,14401,6,108,5,0,0,0.032620553
CLM01768,1915,SUP-019,Radiator Hose,Corrosion,11423,29807,14,37,3,0,0,0.0015581312
CLM01769,1522,SUP-039,V-Belt,Corrosion,43803,8169,12,313,8,0,0,0.036760706
CLM01770,1745,SUP-079,Wheel Speed Sensor,Wear,29452,3071,8,11,3,0,0,0.0016039506
CLM01771,1385,SUP-080,Air Filter,Misalignment,9017,25355,2,84,8,0,0,0.0016649532
CLM01772,1706,SUP-027,V-Belt,Corrosion,44678,28192,9,218,5,0,0,0.03190916
CLM01773,1470,SUP-074,Fuel/Water Separator,Leak,33948,23592,14,238,8,0,0,0.036943253
CLM01774,1118,SUP-063,Air Filter,Breakage,26993,28548,1,47,3,0,0,0.0016662414
CLM01775,1395,SUP-068,V-Belt,Misalignment,37232,27060,3,345,6,0,0,0.033005297
CLM01776,1531,SUP-019,Brake Chamber,Sensor Failure,12611,27357,6,132,6,0,0,0.0016116265
CLM01777,1260,SUP-028,Radiator Hose,Breakage,33219,12973,13,211,4,0,0,0.03060417
CLM01778,1804,SUP-085,Relay Valve,Leak,31860,25880,11,205,5,0,0,0.018651951
CLM01779,1933,SUP-078,Wheel Bearing,Leak,22063,8766,15,83,7,0,0,0.0015182396
CLM01780,1255,SUP-033,V-Belt,Misalignment,48574,19869,18,77,1,1,1,99.86238
CLM01781,1733,SUP-010,Relay Valve,Breakage,15065,17593,19,140,8,0,0,0.07310796
CLM01782,1904,SUP-083,Air Filter,Wear,25324,20546,19,128,3,0,0,0.072593
CLM01783,1225,SUP-030,Relay Valve,Leak,2286,15068,6,66,7,0,0,0.0014825864
CLM01784,1052,SUP-022,Fuel/Water Separator,Corrosion,35958,21514,15,242,9,0,0,0.034754187
CLM01785,1939,SUP-003,U-Joint,Sensor Failure,42666,1930,14,151,2,0,0,0.028274778
CLM01786,1866,SUP-082,U-Joint,Sensor Failure,45177,14809,5,55,7,0,0,0.033139676
CLM01787,1499,SUP-075,Radiator Hose,Leak,25869,16676,11,147,1,0,0,0.0015003213
CLM01788,1505,SUP-048,V-Belt,Corrosion,6628,21875,13,67,5,0,0,0.0015538028
CLM01789,1853,SUP-002,Fuel/Water Separator,Breakage,30093,5567,13,151,7,0,0,0.0134646315
CLM01790,1363,SUP-076,Wheel Bearing,Sensor Failure,47650,25722,4,4,5,0,0,0.036497694
CLM01791,1279,SUP-054,Wheel Speed Sensor,Corrosion,1660,15128,9,18,5,0,0,0.0014816351
CLM01792,1592,SUP-006,Radiator Hose,Corrosion,49016,18922,13,12,6,0,0,0.03510885
CLM01793,1713,SUP-040,U-Joint,Wear,20562,21017,8,256,6,0,0,0.0015891908
CLM01794,1157,SUP-093,Brake Chamber,Leak,4389,22235,11,35,2,0,0,0.0016449646
CLM01795,1631,SUP-094,Wheel Speed Sensor,Corrosion,44066,29014,19,43,9,1,1,99.87495
CLM01796,1058,SUP-002,Wheel Speed Sensor,Breakage,36831,2715,1,78,3,0,0,0.03261266
CLM01797,1726,SUP-073,Brake Chamber,Sensor Failure,36608,20240,9,351,1,0,0,0.027899727
CLM01798,1127,SUP-002,Air Filter,Wear,11770,16986,2,323,1,0,0,0.0016159526
CLM01799,1735,SUP-093,Relay Valve,Breakage,27627,25220,4,320,9,0,0,0.0016046286
CLM01800,1720,SUP-097,Radiator Hose,Sensor Failure,7146,9446,4,349,6,0,0,0.0015342353
CLM01801,1881,SUP-074,Fuel/Water Separator,Leak,23945,12749,1,359,7,0,0,0.0015452924
CLM01802,1114,SUP-098,Wheel Speed Sensor,Breakage,44913,23687,18,52,2,1,1,99.889824
CLM01803,1208,SUP-055,Relay Valve,Sensor Failure,25944,21345,14,17,1,0,0,0.0016223823
CLM01804,1525,SUP-072,U-Joint,Wear,18280,6796,13,211,2,0,0,0.0015101314
CLM01805,1520,SUP-060,Fuel/Water Separator,Sensor Failure,24251,15663,8,227,3,0,0,0.0014783692
CLM01806,1551,SUP-097,Radiator Hose,Corrosion,30235,23449,6,33,3,0,0,0.012255415
CLM01807,1961,SUP-006,Wheel Bearing,Wear,32896,6962,17,328,8,1,1,99.869255
CLM01808,1236,SUP-019,Wheel Speed Sensor,Breakage,40113,10522,11,337,4,0,0,0.032914266
CLM01809,1280,SUP-096,U-Joint,Misalignment,14322,12401,15,301,1,0,0,0.001520252
CLM01810,1358,SUP-027,Radiator Hose,Leak,8747,14515,7,77,2,0,0,0.0015021496
CLM01811,1200,SUP-001,V-Belt,Wear,33212,582,8,68,9,0,0,0.032034043
CLM01812,1757,SUP-033,U-Joint,Wear,45088,10003,11,50,2,0,0,0.030427255
CLM01813,1277,SUP-040,Fuel/Water Separator,Wear,36903,24847,2,158,9,0,0,0.036314096
CLM01814,1234,SUP-032,V-Belt,Sensor Failure,3277,22874,11,198,5,0,0,0.0015098895
CLM01815,1493,SUP-069,U-Joint,Corrosion,41970,14300,14,258,4,0,0,0.033325683
CLM01816,1003,SUP-017,Wheel Bearing,Misalignment,2656,28415,13,34,4,0,0,0.0015824324
CLM01817,1665,SUP-008,Relay Valve,Leak,43207,6252,8,212,3,0,0,0.033772577
CLM01818,1441,SUP-057,Wheel Bearing,Leak,47816,28770,12,272,2,0,0,0.03451224
CLM01819,1028,SUP-042,Wheel Bearing,Corrosion,33403,6722,9,64,8,0,0,0.028812889
CLM01820,1108,SUP-098,Brake Chamber,Sensor Failure,35531,12623,10,155,6,0,0,0.033068698
CLM01821,1609,SUP-009,U-Joint,Sensor Failure,16413,28523,11,321,9,0,0,0.0015848202
CLM01822,1726,SUP-087,Relay Valve,Corrosion,41633,4168,11,269,2,0,0,0.033610824
CLM01823,1804,SUP-035,Air Filter,Corrosion,7910,18499,16,40,1,0,0,0.02898965
CLM01824,1074,SUP-071,Brake Chamber,Breakage,36385,21130,18,160,8,1,1,99.88847
CLM01825,1837,SUP-079,Brake Chamber,Sensor Failure,48508,11495,9,323,8,0,0,0.030916521
CLM01826,1145,SUP-053,Wheel Bearing,Wear,36522,29901,3,14,5,0,0,0.03709928
CLM01827,1127,SUP-054,Wheel Speed Sensor,Leak,26504,2562,4,120,2,0,0,0.0016274278
CLM01828,1852,SUP-084,Wheel Speed Sensor,Sensor Failure,9101,29272,19,314,5,0,0,0.07325739
CLM01829,1041,SUP-025,V-Belt,Corrosion,9067,9471,10,348,8,0,0,0.0014925168
CLM01830,1355,SUP-067,Air Filter,Wear,29235,24439,13,46,4,0,0,0.0016496619
CLM01831,1040,SUP-062,Relay Valve,Breakage,6208,17942,1,346,2,0,0,0.0015554365
CLM01832,1933,SUP-055,Brake Chamber,Misalignment,47945,2898,12,110,3,0,0,0.028167801
CLM01833,1033,SUP-046,U-Joint,Breakage,15928,11696,11,219,3,0,0,0.0015034709
CLM01834,1016,SUP-024,Wheel Bearing,Wear,11425,19214,5,121,9,0,0,0.0015244404
CLM01835,1676,SUP-098,Fuel/Water Separator,Wear,29485,13424,2,289,3,0,0,0.0015672067
CLM01836,1152,SUP-046,U-Joint,Corrosion,33523,18643,17,46,1,1,1,99.86568
CLM01837,1997,SUP-022,U-Joint,Misalignment,14182,13312,17,338,7,0,0,0.06648913
CLM01838,1377,SUP-011,Brake Chamber,Corrosion,7222,29336,15,54,1,0,0,0.0016504738
CLM01839,1587,SUP-048,Relay Valve,Leak,15480,17311,4,322,6,0,0,0.0015796535
CLM01840,1598,SUP-008,Wheel Bearing,Misalignment,46057,22261,11,54,4,0,0,0.03702311
CLM01841,1628,SUP-039,Wheel Bearing,Misalignment,36331,21913,1,4,7,0,0,0.03712999
CLM01842,1873,SUP-035,Relay Valve,Leak,36571,20760,10,240,7,0,0,0.036911815
CLM01843,1341,SUP-049,Wheel Speed Sensor,Breakage,39977,27566,18,80,7,1,1,99.882385
CLM01844,1980,SUP-046,Radiator Hose,Wear,36061,2616,15,201,6,0,0,0.035473246
CLM01845,1026,SUP-038,V-Belt,Breakage,19009,11013,19,202,7,0,0,0.06780509
CLM01846,1824,SUP-008,V-Belt,Corrosion,16789,17443,4,256,8,0,0,0.0014674901
CLM01847,1286,SUP-054,Wheel Speed Sensor,Sensor Failure,34339,5941,6,199,3,0,0,0.032630883
CLM01848,1645,SUP-037,Brake Chamber,Corrosion,41167,14756,2,73,5,0,0,0.03159823
CLM01849,1730,SUP-091,Brake Chamber,Sensor Failure,30107,26461,13,176,9,0,0,0.013199301
CLM01850,1167,SUP-092,Air Filter,Wear,27287,19501,2,219,8,0,0,0.0015210612
CLM01851,1609,SUP-040,V-Belt,Wear,16014,10646,13,224,6,0,0,0.0015204463
CLM01852,1267,SUP-034,V-Belt,Misalignment,9574,1089,15,283,9,0,0,0.0015544194
CLM01853,1748,SUP-096,Brake Chamber,Wear,39597,998,18,281,5,1,1,99.88081
CLM01854,1820,SUP-079,U-Joint,Leak,18467,23231,11,93,2,0,0,0.0015523528
CLM01855,1454,SUP-017,V-Belt,Leak,44477,16813,5,152,9,0,0,0.030791124
CLM01856,1905,SUP-033,Relay Valve,Sensor Failure,22914,8404,14,80,5,0,0,0.0015115738
CLM01857,1684,SUP-047,Fuel/Water Separator,Breakage,13361,27898,16,208,8,0,0,0.030862717
CLM01858,1400,SUP-052,Relay Valve,Misalignment,20881,10221,14,92,8,0,0,0.0015018445
CLM01859,1921,SUP-080,U-Joint,Breakage,22880,26714,9,20,4,0,0,0.0016266503
CLM01860,1980,SUP-093,Air Filter,Sensor Failure,28251,9824,6,53,4,0,0,0.0015032646
CLM01861,1475,SUP-009,Brake Chamber,Leak,45016,7932,9,83,1,0,0,0.03132743
CLM01862,1701,SUP-033,Air Filter,Corrosion,41561,6456,5,74,5,0,0,0.03329161
CLM01863,1633,SUP-060,Air Filter,Misalignment,27889,21367,11,130,9,0,0,0.0015910593
CLM01864,1557,SUP-093,Brake Chamber,Sensor Failure,36365,25491,12,259,5,0,0,0.035222027
CLM01865,1575,SUP-077,Wheel Bearing,Breakage,26979,21880,17,359,5,0,0,0.070536494
CLM01866,1129,SUP-021,Fuel/Water Separator,Sensor Failure,49741,2091,6,184,6,0,0,0.03133672
CLM01867,1821,SUP-058,V-Belt,Sensor Failure,14360,4907,6,66,6,0,0,0.0016177287
CLM01868,1362,SUP-085,Air Filter,Wear,33602,14823,15,153,8,0,0,0.0345155
CLM01869,1704,SUP-069,Relay Valve,Leak,2403,20767,17,196,1,0,0,0.07389136
CLM01870,1818,SUP-010,Wheel Bearing,Misalignment,37088,18491,3,15,5,0,0,0.035206117
CLM01871,1692,SUP-006,Wheel Bearing,Wear,41007,4224,19,210,9,1,1,99.8896
CLM01872,1291,SUP-013,U-Joint,Leak,15782,24439,2,135,3,0,0,0.0015985664
CLM01873,1370,SUP-065,Air Filter,Sensor Failure,40417,26791,9,82,7,0,0,0.036540583
CLM01874,1793,SUP-020,Air Filter,Leak,15020,17086,9,71,7,0,0,0.0015497968
CLM01875,1028,SUP-057,Radiator Hose,Breakage,8420,20738,7,297,3,0,0,0.0015805789
CLM01876,1148,SUP-046,U-Joint,Misalignment,24523,12651,16,172,7,0,0,0.028730653
CLM01877,1778,SUP-008,Wheel Bearing,Wear,34637,8801,6,123,3,0,0,0.03265908
CLM01878,1295,SUP-010,Wheel Bearing,Misalignment,40210,12869,9,289,6,0,0,0.035311595
CLM01879,1010,SUP-073,Radiator Hose,Sensor Failure,32453,17652,13,210,8,0,0,0.023863088
CLM01880,1511,SUP-067,V-Belt,Breakage,10275,638,2,64,8,0,0,0.001591607
CLM01881,1675,SUP-011,Wheel Speed Sensor,Leak,31052,17104,14,63,6,0,0,0.014943731
CLM01882,1112,SUP-012,Relay Valve,Leak,32061,24240,5,8,2,0,0,0.019972093
CLM01883,1186,SUP-010,Wheel Speed Sensor,Breakage,34741,25936,11,245,1,0,0,0.03215095
CLM01884,1806,SUP-025,Air Filter,Leak,32613,20811,15,165,3,0,0,0.02759684
CLM01885,1743,SUP-049,Brake Chamber,Wear,26801,19271,6,93,3,0,0,0.0015337731
CLM01886,1226,SUP-049,U-Joint,Corrosion,43762,3025,6,284,7,0,0,0.034731433
CLM01887,1309,SUP-089,Air Filter,Leak,49162,21938,16,309,4,1,1,99.712036
CLM01888,1097,SUP-011,V-Belt,Sensor Failure,47846,10137,4,199,2,0,0,0.027079912
CLM01889,1054,SUP-062,Wheel Speed Sensor,Leak,31230,16056,5,124,2,0,0,0.014393285
CLM01890,1622,SUP-036,Air Filter,Misalignment,33199,23840,6,55,7,0,0,0.037785307
CLM01891,1663,SUP-039,Relay Valve,Sensor Failure,18572,2109,13,190,8,0,0,0.001684431
CLM01892,1757,SUP-053,Wheel Bearing,Leak,6147,15033,14,143,5,0,0,0.0015664732
CLM01893,1405,SUP-090,Fuel/Water Separator,Leak,4443,22327,13,310,2,0,0,0.0016268148
CLM01894,1068,SUP-078,Air Filter,Sensor Failure,45894,14071,10,317,3,0,0,0.027644794
CLM01895,1311,SUP-056,V-Belt,Wear,29985,17082,17,97,1,0,0,0.06892843
CLM01896,1288,SUP-001,U-Joint,Corrosion,6684,27939,18,310,4,0,0,0.074075684
CLM01897,1761,SUP-056,Brake Chamber,Corrosion,14595,22868,7,197,7,0,0,0.0016246366
CLM01898,1547,SUP-004,Relay Valve,Wear,2321,26236,4,285,9,0,0,0.0015874339
CLM01899,1750,SUP-030,Radiator Hose,Leak,15810,18253,16,81,3,0,0,0.026638465
CLM01900,1147,SUP-012,V-Belt,Corrosion,7740,4071,10,109,4,0,0,0.0015464439
CLM01901,1466,SUP-035,Wheel Speed Sensor,Wear,33712,27298,19,283,6,1,1,99.88406
CLM01902,1738,SUP-077,Wheel Speed Sensor,Wear,6468,988,3,209,1,0,0,0.0015855987
CLM01903,1243,SUP-052,Wheel Bearing,Corrosion,14518,4040,19,115,5,0,0,0.07065645
CLM01904,1490,SUP-031,Wheel Speed Sensor,Sensor Failure,13704,15151,13,241,5,0,0,0.0015544919
CLM01905,1848,SUP-087,U-Joint,Breakage,1438,11559,8,279,9,0,0,0.0015502712
CLM01906,1957,SUP-068,Wheel Speed Sensor,Sensor Failure,1164,27503,18,306,9,0,0,0.070005
CLM01907,1506,SUP-052,Relay Valve,Leak,6678,26953,19,331,1,0,0,0.07467979
CLM01908,1364,SUP-080,Relay Valve,Sensor Failure,37105,29613,18,204,3,1,1,99.880516
CLM01909,1481,SUP-007,Fuel/Water Separator,Misalignment,37118,9556,19,201,4,1,1,99.87021
CLM01910,1200,SUP-022,Wheel Speed Sensor,Breakage,18371,19064,4,344,1,0,0,0.0015637478
CLM01911,1153,SUP-093,U-Joint,Breakage,36297,11720,13,155,9,0,0,0.03215705
CLM01912,1449,SUP-075,U-Joint,Wear,21996,11790,12,315,2,0,0,0.0015253434
CLM01913,1500,SUP-056,Air Filter,Misalignment,29753,20212,15,265,5,0,0,0.0015874944
CLM01914,1072,SUP-097,Brake Chamber,Leak,46174,20518,15,289,3,0,0,0.031184426
CLM01915,1712,SUP-058,V-Belt,Wear,21229,17539,10,70,4,0,0,0.0014808327
CLM01916,1295,SUP-093,Radiator Hose,Sensor Failure,6756,22870,19,179,4,0,0,0.07161109
CLM01917,1016,SUP-064,Wheel Bearing,Sensor Failure,41873,26455,8,168,2,0,0,0.030361215
CLM01918,1640,SUP-012,Wheel Bearing,Corrosion,25603,17119,19,6,2,0,0,0.070347816
CLM01919,1216,SUP-007,Air Filter,Wear,43984,16531,9,132,8,0,0,0.031088546
CLM01920,1060,SUP-055,Brake Chamber,Misalignment,24308,1488,7,259,2,0,0,0.0015355615
CLM01921,1938,SUP-062,U-Joint,Wear,38361,18266,8,141,7,0,0,0.033438217
CLM01922,1615,SUP-090,Fuel/Water Separator,Wear,32256,9506,9,282,1,0,0,0.01780367
CLM01923,1041,SUP-073,U-Joint,Wear,33961,11658,17,290,1,1,1,99.84923
CLM01924,1024,SUP-098,Wheel Speed Sensor,Breakage,26167,14082,15,205,3,0,0,0.0014576581
CLM01925,1038,SUP-077,Radiator Hose,Corrosion,27433,26765,16,181,3,0,0,0.0289488
CLM01926,1802,SUP-055,Brake Chamber,Leak,30731,16408,7,47,9,0,0,0.013255542
CLM01927,1130,SUP-036,Brake Chamber,Leak,7401,6129,10,332,2,0,0,0.0016252766
CLM01928,1497,SUP-089,Air Filter,Leak,35505,28876,19,136,4,1,1,99.885895
CLM01929,1228,SUP-024,Radiator Hose,Breakage,19445,19370,6,233,3,0,0,0.0015154823
CLM01930,1107,SUP-044,Wheel Speed Sensor,Corrosion,10882,18549,12,202,7,0,0,0.0015554099
CLM01931,1171,SUP-017,Wheel Speed Sensor,Misalignment,49014,11327,15,32,6,0,0,0.03162451
CLM01932,1434,SUP-002,Fuel/Water Separator,Corrosion,7283,4486,10,277,9,0,0,0.001634971
CLM01933,1477,SUP-013,V-Belt,Breakage,26970,8686,18,192,8,0,0,0.07004531
CLM01934,1101,SUP-031,U-Joint,Misalignment,12360,2323,4,91,2,0,0,0.0016609426
CLM01935,1865,SUP-093,Radiator Hose,Wear,33235,22712,11,345,3,0,0,0.030428095
CLM01936,1523,SUP-028,Wheel Speed Sensor,Sensor Failure,16859,22314,5,71,1,0,0,0.0016330854
CLM01937,1274,SUP-060,Wheel Speed Sensor,Wear,8599,22220,13,298,8,0,0,0.0015877504
CLM01938,1612,SUP-027,V-Belt,Leak,11428,20972,10,35,2,0,0,0.0015760737
CLM01939,1043,SUP-015,Brake Chamber,Wear,48185,1110,7,220,4,0,0,0.030425979
CLM01940,1954,SUP-095,Wheel Speed Sensor,Breakage,4883,26411,11,199,2,0,0,0.0015487447
CLM01941,1816,SUP-079,Fuel/Water Separator,Leak,20635,4368,4,106,2,0,0,0.0014703267
CLM01942,1956,SUP-033,Wheel Speed Sensor,Sensor Failure,38821,21209,4,332,3,0,0,0.027965505
CLM01943,1016,SUP-020,Wheel Speed Sensor,Misalignment,49001,12384,5,52,5,0,0,0.028382085
CLM01944,1329,SUP-042,V-Belt,Misalignment,13124,21319,9,17,8,0,0,0.0015824204
CLM01945,1568,SUP-012,Fuel/Water Separator,Leak,20398,28642,1,342,2,0,0,0.0016410553
CLM01946,1822,SUP-073,Relay Valve,Wear,29062,27287,16,9,5,0,0,0.030915901
CLM01947,1496,SUP-023,Wheel Bearing,Corrosion,34896,19047,5,180,4,0,0,0.033545263
CLM01948,1814,SUP-072,V-Belt,Corrosion,48484,25146,5,3,3,0,0,0.031627223
CLM01949,1011,SUP-096,Brake Chamber,Misalignment,40633,18633,7,278,6,0,0,0.033037093
CLM01950,1317,SUP-014,Brake Chamber,Corrosion,23856,5445,8,182,9,0,0,0.0015329893
CLM01951,1591,SUP-091,Radiator Hose,Leak,15407,22056,19,292,8,0,0,0.074929826
CLM01952,1215,SUP-025,V-Belt,Corrosion,19080,14408,1,167,2,0,0,0.0014586983
CLM01953,1338,SUP-077,Air Filter,Breakage,9324,17225,18,251,1,0,0,0.068795346
CLM01954,1775,SUP-085,V-Belt,Misalignment,8407,13722,11,274,8,0,0,0.0015290136
CLM01955,1990,SUP-031,Relay Valve,Sensor Failure,41013,21567,16,81,5,1,1,99.69722
CLM01956,1660,SUP-054,Wheel Speed Sensor,Corrosion,38433,11518,11,27,2,0,0,0.030004596
CLM01957,1080,SUP-005,V-Belt,Breakage,5220,4331,9,118,1,0,0,0.0015701
CLM01958,1726,SUP-013,Air Filter,Breakage,12731,2879,7,227,8,0,0,0.0016645516
CLM01959,1484,SUP-028,Air Filter,Leak,12180,22989,15,352,8,0,0,0.0015433867
CLM01960,1373,SUP-043,Brake Chamber,Misalignment,23554,20753,11,195,6,0,0,0.0016014364
CLM01961,1975,SUP-089,Relay Valve,Leak,13494,13890,19,141,5,0,0,0.06728015
CLM01962,1709,SUP-099,Wheel Speed Sensor,Sensor Failure,12485,15803,7,273,5,0,0,0.0015287731
CLM01963,1199,SUP-047,Air Filter,Sensor Failure,1311,12894,16,317,6,0,0,0.029285753
CLM01964,1536,SUP-071,Relay Valve,Wear,28005,22952,3,243,5,0,0,0.0016078837
CLM01965,1465,SUP-038,Fuel/Water Separator,Sensor Failure,27361,14917,16,17,2,0,0,0.028039724
CLM01966,1088,SUP-096,Fuel/Water Separator,Misalignment,39202,28349,8,184,7,0,0,0.037256822
CLM01967,1267,SUP-067,Fuel/Water Separator,Misalignment,16567,2939,10,48,4,0,0,0.0014927972
CLM01968,1654,SUP-062,Wheel Speed Sensor,Leak,16980,29401,9,16,7,0,0,0.0016219675
CLM01969,1570,SUP-039,Wheel Bearing,Breakage,22938,24790,3,193,1,0,0,0.0015502268
CLM01970,1921,SUP-037,Wheel Bearing,Wear,1121,27143,7,283,6,0,0,0.0016066711
CLM01971,1488,SUP-086,Relay Valve,Sensor Failure,34518,15615,8,14,2,0,0,0.031747095
CLM01972,1876,SUP-008,Fuel/Water Separator,Breakage,7934,14134,3,348,3,0,0,0.001544796
CLM01973,1537,SUP-081,Brake Chamber,Leak,10251,12231,16,228,3,0,0,0.02829468
CLM01974,1046,SUP-052,Wheel Speed Sensor,Corrosion,31245,24741,14,116,1,0,0,0.011948276
CLM01975,1287,SUP-091,Wheel Bearing,Wear,13359,16753,7,306,5,0,0,0.0015842926
CLM01976,1777,SUP-033,V-Belt,Misalignment,13855,29823,4,224,8,0,0,0.0015365416
CLM01977,1015,SUP-081,Radiator Hose,Breakage,18628,5929,6,29,8,0,0,0.0014945819
CLM01978,1710,SUP-042,U-Joint,Leak,25651,17355,7,28,7,0,0,0.0015481792
CLM01979,1400,SUP-076,Wheel Bearing,Leak,24249,24943,12,46,7,0,0,0.0016569367
CLM01980,1918,SUP-027,Fuel/Water Separator,Wear,42969,4265,7,60,8,0,0,0.03218324
CLM01981,1793,SUP-008,U-Joint,Wear,37050,12861,1,355,8,0,0,0.03293935
CLM01982,1980,SUP-023,Brake Chamber,Sensor Failure,3275,24710,18,148,5,0,0,0.07314013
CLM01983,1085,SUP-064,V-Belt,Sensor Failure,21192,24796,11,52,7,0,0,0.0016507367
CLM01984,1249,SUP-093,Relay Valve,Misalignment,1765,9345,11,150,2,0,0,0.0014836994
CLM01985,1390,SUP-020,U-Joint,Misalignment,36483,14247,17,324,4,1,1,99.86159
CLM01986,1781,SUP-016,Brake Chamber,Wear,18881,17345,12,144,6,0,0,0.001559524
CLM01987,1334,SUP-017,Wheel Bearing,Wear,45906,18057,19,149,3,1,1,99.87988
CLM01988,1628,SUP-080,Air Filter,Breakage,45692,2167,18,172,2,1,1,99.87292
CLM01989,1518,SUP-019,Relay Valve,Sensor Failure,30501,14695,13,318,1,0,0,0.010747955
CLM01990,1136,SUP-008,Wheel Speed Sensor,Leak,38834,28821,10,149,4,0,0,0.035550367
CLM01991,1882,SUP-038,Radiator Hose,Sensor Failure,34257,14643,19,104,2,1,1,99.87165
CLM01992,1687,SUP-038,Wheel Bearing,Sensor Failure,27999,3821,4,139,3,0,0,0.0015958034
CLM01993,1839,SUP-053,Wheel Bearing,Wear,40142,9331,15,120,6,0,0,0.03559856
CLM01994,1497,SUP-093,Fuel/Water Separator,Wear,35703,21253,18,37,3,1,1,99.88481
CLM01995,1826,SUP-100,Wheel Bearing,Sensor Failure,36517,25557,1,172,3,0,0,0.032626342
CLM01996,1726,SUP-090,U-Joint,Corrosion,45256,25157,19,124,4,1,1,99.88511
CLM01997,1476,SUP-031,U-Joint,Corrosion,12883,28379,2,278,3,0,0,0.0016351719
CLM01998,1593,SUP-044,V-Belt,Misalignment,10295,4626,10,212,6,0,0,0.0016098629
CLM01999,1222,SUP-060,V-Belt,Sensor Failure,28857,19677,18,194,9,0,0,0.06922434
CLM02000,1989,SUP-076,Relay Valve,Corrosion,41232,9799,4,21,8,0,0,0.02950134
CLM02001,1371,SUP-017,Wheel Bearing,Misalignment,30867,13783,10,241,2,0,0,0.013838202
CLM02002,1934,SUP-079,V-Belt,Misalignment,45905,6685,4,145,3,0,0,0.027211985
CLM02003,1994,SUP-073,Fuel/Water Separator,Sensor Failure,7286,20669,18,292,8,0,0,0.07394073
CLM02004,1401,SUP-039,Brake Chamber,Misalignment,46763,17134,4,142,3,0,0,0.03318182
CLM02005,1442,SUP-042,V-Belt,Wear,27290,27510,15,165,5,0,0,0.0015738704
CLM02006,1489,SUP-048,Wheel Bearing,Wear,5149,2120,18,134,9,0,0,0.07400887
CLM02007,1614,SUP-012,U-Joint,Wear,39616,10410,9,178,2,0,0,0.031126654
CLM02008,1272,SUP-096,Radiator Hose,Leak,41424,8957,17,85,9,1,1,99.87496
CLM02009,1525,SUP-089,Air Filter,Wear,3345,16442,3,205,5,0,0,0.0015165348
CLM02010,1158,SUP-018,Wheel Speed Sensor,Wear,22933,16905,13,38,9,0,0,0.0015084114
CLM02011,1151,SUP-079,V-Belt,Sensor Failure,40448,14218,7,335,4,0,0,0.027876886
CLM02012,1994,SUP-096,Wheel Speed Sensor,Corrosion,9770,2623,14,166,8,0,0,0.0016074758
CLM02013,1619,SUP-006,Air Filter,Corrosion,19082,18394,6,24,8,0,0,0.0015704475
CLM02014,1187,SUP-043,Relay Valve,Wear,46555,4352,14,18,3,0,0,0.03271006
CLM02015,1812,SUP-035,U-Joint,Wear,11863,21659,14,349,5,0,0,0.0015359233
CLM02016,1097,SUP-098,U-Joint,Wear,7984,11630,14,160,1,0,0,0.0015538799
CLM02017,1130,SUP-054,Air Filter,Misalignment,28503,23892,18,327,6,0,0,0.07511668
CLM02018,1804,SUP-062,Wheel Bearing,Sensor Failure,39024,3922,9,222,9,0,0,0.034509275
CLM02019,1170,SUP-069,Wheel Speed Sensor,Sensor Failure,40319,8931,12,102,1,0,0,0.030841302
CLM02020,1935,SUP-082,Wheel Speed Sensor,Sensor Failure,2468,25126,14,346,2,0,0,0.0015482707
CLM02021,1985,SUP-016,Air Filter,Corrosion,10132,3507,16,328,7,0,0,0.03065808
CLM02022,1182,SUP-008,Wheel Speed Sensor,Leak,36086,25551,2,89,6,0,0,0.036202274
CLM02023,1982,SUP-089,Wheel Bearing,Corrosion,38304,27080,16,158,3,1,1,99.67347
CLM02024,1363,SUP-096,U-Joint,Sensor Failure,39115,14413,18,88,2,1,1,99.86819
CLM02025,1038,SUP-090,Relay Valve,Breakage,15462,15360,9,133,7,0,0,0.001474476
CLM02026,1526,SUP-086,Fuel/Water Separator,Leak,47349,656,8,260,5,0,0,0.03423729
CLM02027,1887,SUP-031,U-Joint,Wear,23323,6842,1,179,6,0,0,0.0015927427
CLM02028,1496,SUP-010,Brake Chamber,Misalignment,19167,8098,5,311,9,0,0,0.0016525261
CLM02029,1515,SUP-056,Brake Chamber,Corrosion,11067,5261,7,289,7,0,0,0.0016110962
CLM02030,1348,SUP-076,U-Joint,Misalignment,4226,11475,10,115,4,0,0,0.0014952506
CLM02031,1981,SUP-092,Wheel Bearing,Leak,12920,18903,11,349,9,0,0,0.0015315105
CLM02032,1920,SUP-070,Fuel/Water Separator,Breakage,26561,22121,12,287,3,0,0,0.0015969253
CLM02033,1396,SUP-020,Relay Valve,Leak,49040,10378,1,364,4,0,0,0.029736735
CLM02034,1721,SUP-005,Wheel Speed Sensor,Corrosion,36587,8423,6,83,3,0,0,0.026713876
CLM02035,1160,SUP-023,Brake Chamber,Sensor Failure,37738,21054,4,237,3,0,0,0.03311176
CLM02036,1015,SUP-009,Brake Chamber,Wear,11258,21931,3,239,1,0,0,0.0015549352
CLM02037,1492,SUP-058,Brake Chamber,Sensor Failure,32655,28934,4,66,5,0,0,0.02812398
CLM02038,1425,SUP-059,Wheel Bearing,Sensor Failure,35873,16725,6,148,4,0,0,0.03448846
CLM02039,1107,SUP-093,U-Joint,Corrosion,19854,15844,5,204,9,0,0,0.0015186406
CLM02040,1893,SUP-080,Fuel/Water Separator,Sensor Failure,49675,19298,9,114,4,0,0,0.028078968
CLM02041,1449,SUP-054,U-Joint,Sensor Failure,21178,27879,4,341,3,0,0,0.0015772495
CLM02042,1310,SUP-046,Brake Chamber,Corrosion,20275,11941,14,189,6,0,0,0.0015194953
CLM02043,1738,SUP-022,Air Filter,Corrosion,10875,2655,15,292,5,0,0,0.0015896654
CLM02044,1169,SUP-064,Wheel Bearing,Breakage,45133,26902,4,84,4,0,0,0.036584295
CLM02045,1545,SUP-008,Relay Valve,Sensor Failure,36915,15524,14,364,1,0,0,0.027242692
CLM02046,1413,SUP-020,Wheel Speed Sensor,Leak,13253,20641,10,276,3,0,0,0.0015936802
CLM02047,1250,SUP-051,Radiator Hose,Wear,29737,592,7,100,4,0,0,0.0014822655
CLM02048,1758,SUP-078,Fuel/Water Separator,Misalignment,46870,15801,18,302,8,1,1,99.86868
CLM02049,1780,SUP-039,Relay Valve,Wear,8901,23127,15,274,9,0,0,0.0015941303
CLM02050,1140,SUP-037,Radiator Hose,Corrosion,18558,12968,8,198,8,0,0,0.0016455624
CLM02051,1273,SUP-050,Relay Valve,Misalignment,20333,25746,9,353,9,0,0,0.0015788899
CLM02052,1415,SUP-034,U-Joint,Corrosion,11001,2643,5,34,1,0,0,0.0015849711
CLM02053,1607,SUP-075,U-Joint,Breakage,26012,25307,6,79,1,0,0,0.0016381314
CLM02054,1738,SUP-033,Brake Chamber,Sensor Failure,30461,22855,12,131,3,0,0,0.013484521
CLM02055,1890,SUP-031,V-Belt,Corrosion,32811,29065,7,72,4,0,0,0.030057369
CLM02056,1038,SUP-054,Wheel Speed Sensor,Corrosion,34002,18486,7,243,2,0,0,0.03142324
CLM02057,1813,SUP-044,Wheel Bearing,Wear,31410,3451,15,139,7,0,0,0.01882772
CLM02058,1028,SUP-034,Wheel Bearing,Sensor Failure,38538,26848,19,174,9,1,1,99.877075
CLM02059,1957,SUP-071,Brake Chamber,Breakage,38896,10758,13,17,6,0,0,0.030014727
CLM02060,1476,SUP-062,U-Joint,Corrosion,30598,1810,18,47,4,1,1,99.488045
CLM02061,1317,SUP-023,Brake Chamber,Corrosion,41927,8467,10,30,6,0,0,0.03032095
CLM02062,1244,SUP-046,Air Filter,Corrosion,36242,6746,8,40,1,0,0,0.027527517
CLM02063,1747,SUP-056,Fuel/Water Separator,Wear,33994,17042,11,199,6,0,0,0.03608581
CLM02064,1696,SUP-007,U-Joint,Corrosion,31448,20662,8,332,4,0,0,0.01525148
CLM02065,1271,SUP-089,V-Belt,Corrosion,33330,18470,8,341,3,0,0,0.028949464
CLM02066,1439,SUP-061,Air Filter,Wear,7160,17261,15,156,6,0,0,0.0015345894
CLM02067,1747,SUP-003,Air Filter,Corrosion,44570,20179,2,284,9,0,0,0.034252506
CLM02068,1238,SUP-038,U-Joint,Sensor Failure,27851,9405,13,59,8,0,0,0.0015102854
CLM02069,1376,SUP-084,Radiator Hose,Sensor Failure,22185,12879,18,336,8,0,0,0.072759196
CLM02070,1265,SUP-034,Fuel/Water Separator,Wear,11007,15502,12,330,9,0,0,0.0015748929
CLM02071,1925,SUP-044,Fuel/Water Separator,Sensor Failure,6357,27299,8,214,6,0,0,0.0015919728
CLM02072,1920,SUP-030,U-Joint,Misalignment,18794,13921,17,263,8,0,0,0.065318584
CLM02073,1358,SUP-017,Wheel Speed Sensor,Misalignment,5764,29147,6,324,7,0,0,0.0016076614
CLM02074,1339,SUP-059,Wheel Speed Sensor,Misalignment,15589,16670,16,24,1,0,0,0.028334986
CLM02075,1388,SUP-010,V-Belt,Breakage,11037,11474,14,354,6,0,0,0.0015200243
CLM02076,1576,SUP-099,Wheel Speed Sensor,Corrosion,35105,25813,10,297,4,0,0,0.034635115
CLM02077,1989,SUP-084,Relay Valve,Breakage,6420,3000,2,239,3,0,0,0.0015039083
CLM02078,1688,SUP-018,Relay Valve,Sensor Failure,17501,28222,13,54,3,0,0,0.0016381314
CLM02079,1002,SUP-045,Wheel Bearing,Wear,35581,15418,1,270,8,0,0,0.035806626
CLM02080,1428,SUP-091,Relay Valve,Misalignment,10779,18747,18,172,1,0,0,0.073152184
CLM02081,1141,SUP-059,Radiator Hose,Wear,12444,24772,14,305,7,0,0,0.0016030088
CLM02082,1375,SUP-062,Radiator Hose,Breakage,26118,17375,3,319,4,0,0,0.0015736048
CLM02083,1669,SUP-059,Radiator Hose,Sensor Failure,36142,8613,15,209,1,0,0,0.030027121
CLM02084,1323,SUP-049,Relay Valve,Corrosion,2526,28080,9,45,2,0,0,0.0016449646
CLM02085,1145,SUP-100,V-Belt,Sensor Failure,45527,14938,13,328,7,0,0,0.029789569
CLM02086,1957,SUP-063,U-Joint,Misalignment,8087,24385,5,362,1,0,0,0.0015676478
CLM02087,1292,SUP-087,Brake Chamber,Sensor Failure,9793,12305,5,250,6,0,0,0.0015192013
CLM02088,1664,SUP-032,Wheel Bearing,Wear,37382,10221,2,7,4,0,0,0.0338191
CLM02089,1431,SUP-010,Fuel/Water Separator,Leak,3149,24294,1,259,3,0,0,0.0016134918
CLM02090,1704,SUP-011,Air Filter,Misalignment,20685,8231,17,88,7,0,0,0.071635805
CLM02091,1948,SUP-070,Fuel/Water Separator,Corrosion,42347,1445,19,189,9,1,1,99.87492
CLM02092,1974,SUP-062,Wheel Bearing,Misalignment,27178,28716,17,30,5,0,0,0.072321154
CLM02093,1584,SUP-047,Fuel/Water Separator,Misalignment,15015,9393,9,5,6,0,0,0.0015382599
CLM02094,1398,SUP-034,Fuel/Water Separator,Corrosion,20666,29032,10,360,7,0,0,0.0016029553
CLM02095,1816,SUP-100,Fuel/Water Separator,Misalignment,3696,2984,15,200,6,0,0,0.0016528333
CLM02096,1888,SUP-017,Relay Valve,Wear,33173,19639,13,7,6,0,0,0.03476824
CLM02097,1343,SUP-054,Brake Chamber,Sensor Failure,13626,8128,17,167,3,0,0,0.07278419
CLM02098,1963,SUP-076,Wheel Speed Sensor,Wear,48287,11960,7,171,3,0,0,0.026266044
CLM02099,1139,SUP-085,Brake Chamber,Sensor Failure,16314,11794,4,28,5,0,0,0.0015326109
CLM02100,1186,SUP-040,Fuel/Water Separator,Leak,45793,10559,3,108,7,0,0,0.03225075
CLM02101,1804,SUP-019,Brake Chamber,Misalignment,35073,12817,1,147,6,0,0,0.032211605
CLM02102,1060,SUP-067,Wheel Bearing,Leak,32291,8317,7,284,2,0,0,0.020401359
CLM02103,1996,SUP-082,U-Joint,Breakage,47207,28881,5,99,3,0,0,0.030259468
CLM02104,1938,SUP-053,Wheel Speed Sensor,Sensor Failure,34484,3533,17,76,5,1,1,99.87535
CLM02105,1379,SUP-064,U-Joint,Wear,23229,13471,17,92,7,0,0,0.0700408
CLM02106,1709,SUP-083,Air Filter,Wear,6758,889,15,230,6,0,0,0.0016462421
CLM02107,1806,SUP-047,Brake Chamber,Misalignment,33251,24718,3,198,3,0,0,0.03198799
CLM02108,1439,SUP-006,U-Joint,Wear,32833,9935,3,147,7,0,0,0.0320309
CLM02109,1318,SUP-016,V-Belt,Breakage,12183,20231,2,64,5,0,0,0.0015974035
CLM02110,1301,SUP-072,V-Belt,Corrosion,42273,511,8,347,4,0,0,0.033157405
CLM02111,1343,SUP-018,U-Joint,Wear,36048,10208,13,50,6,0,0,0.033853196
CLM02112,1010,SUP-052,Fuel/Water Separator,Misalignment,16080,18504,6,10,2,0,0,0.0015891439
CLM02113,1061,SUP-048,Wheel Speed Sensor,Leak,10079,26833,5,225,7,0,0,0.0015981107
CLM02114,1844,SUP-043,Radiator Hose,Wear,21726,25124,13,82,2,0,0,0.0015974081
CLM02115,1225,SUP-039,Wheel Bearing,Wear,19306,26791,1,182,7,0,0,0.0015229655
CLM02116,1152,SUP-049,Fuel/Water Separator,Wear,7278,23037,18,10,8,0,0,0.07633159
CLM02117,1710,SUP-012,Wheel Speed Sensor,Misalignment,37797,25062,7,360,2,0,0,0.033793867
CLM02118,1563,SUP-010,U-Joint,Corrosion,4063,25336,17,235,8,0,0,0.074871615
CLM02119,1771,SUP-071,Fuel/Water Separator,Wear,47081,9011,8,310,7,0,0,0.034443475
CLM02120,1570,SUP-055,Fuel/Water Separator,Corrosion,42120,12973,19,326,3,1,1,99.86934
CLM02121,1583,SUP-001,U-Joint,Corrosion,44147,10968,16,233,7,1,1,99.702065
CLM02122,1659,SUP-049,U-Joint,Breakage,44311,2427,14,235,1,0,0,0.03398115
CLM02123,1860,SUP-036,Brake Chamber,Leak,4892,23697,10,34,2,0,0,0.0015974081
CLM02124,1574,SUP-021,Brake Chamber,Wear,19121,3332,2,43,5,0,0,0.0016056419
CLM02125,1309,SUP-037,Wheel Bearing,Wear,21604,23862,16,133,9,0,0,0.029150536
CLM02126,1884,SUP-024,V-Belt,Wear,27484,21000,13,113,1,0,0,0.0015275809
CLM02127,1242,SUP-055,Relay Valve,Corrosion,43330,515,5,54,5,0,0,0.031166948
CLM02128,1492,SUP-025,Wheel Bearing,Sensor Failure,37163,11219,18,142,6,1,1,99.88465
CLM02129,1365,SUP-007,Wheel Bearing,Leak,36222,4366,11,49,3,0,0,0.032333445
CLM02130,1329,SUP-081,Radiator Hose,Misalignment,16828,16486,5,267,5,0,0,0.0015373726
CLM02131,1106,SUP-093,Relay Valve,Wear,5957,29177,13,159,2,0,0,0.0015715231
CLM02132,1225,SUP-094,V-Belt,Sensor Failure,19671,2845,1,138,8,0,0,0.0016502267
CLM02133,1824,SUP-071,Fuel/Water Separator,Sensor Failure,40060,26016,6,21,3,0,0,0.033774026
CLM02134,1217,SUP-097,Relay Valve,Sensor Failure,32303,8950,11,254,5,0,0,0.019497352
CLM02135,1936,SUP-071,Radiator Hose,Leak,9696,15849,10,302,1,0,0,0.0014657235
CLM02136,1752,SUP-024,Air Filter,Sensor Failure,45727,1563,1,223,5,0,0,0.033583082
CLM02137,1505,SUP-011,Wheel Bearing,Misalignment,13812,17159,16,203,1,0,0,0.029602092
CLM02138,1258,SUP-073,U-Joint,Wear,10595,11483,13,107,9,0,0,0.0014832441
CLM02139,1887,SUP-012,Wheel Bearing,Misalignment,10959,3066,16,74,2,0,0,0.02882061
CLM02140,1773,SUP-035,Radiator Hose,Wear,16383,21806,15,20,6,0,0,0.0016338237
CLM02141,1516,SUP-063,Wheel Bearing,Breakage,9892,2430,7,277,9,0,0,0.0015889712
CLM02142,1772,SUP-068,Wheel Bearing,Corrosion,28780,15440,14,57,3,0,0,0.0014837505
CLM02143,1053,SUP-100,Relay Valve,Sensor Failure,29721,4082,11,57,6,0,0,0.0015704489
CLM02144,1046,SUP-092,Relay Valve,Misalignment,20389,1831,13,69,1,0,0,0.001532583
CLM02145,1726,SUP-057,U-Joint,Corrosion,46081,8566,5,198,7,0,0,0.034080815
CLM02146,1688,SUP-013,Wheel Speed Sensor,Corrosion,32369,26632,18,152,2,1,1,99.809044
CLM02147,1520,SUP-023,U-Joint,Corrosion,33778,13736,3,208,5,0,0,0.03250777
CLM02148,1098,SUP-083,Air Filter,Corrosion,14095,979,12,188,5,0,0,0.0015786476
CLM02149,1019,SUP-039,Relay Valve,Corrosion,6221,21393,7,151,1,0,0,0.0015250264
CLM02150,1889,SUP-088,Wheel Bearing,Wear,27634,3546,15,47,7,0,0,0.0016510232
CLM02151,1752,SUP-080,Fuel/Water Separator,Leak,49239,28670,1,208,4,0,0,0.036178745
CLM02152,1572,SUP-097,Wheel Bearing,Sensor Failure,4677,1988,19,243,4,0,0,0.0769781
CLM02153,1890,SUP-012,V-Belt,Sensor Failure,44779,14220,10,180,7,0,0,0.031002326
CLM02154,1489,SUP-034,U-Joint,Wear,48873,15909,14,141,1,0,0,0.03069645
CLM02155,1418,SUP-071,Fuel/Water Separator,Misalignment,26548,25036,15,237,6,0,0,0.0016160804
CLM02156,1689,SUP-075,V-Belt,Wear,8334,27900,2,8,1,0,0,0.0015959282
CLM02157,1849,SUP-031,Air Filter,Corrosion,45752,18976,17,102,6,1,1,99.88702
CLM02158,1061,SUP-093,Wheel Bearing,Leak,38932,17713,10,160,2,0,0,0.033224992
CLM02159,1144,SUP-062,Wheel Speed Sensor,Sensor Failure,10033,29446,5,145,1,0,0,0.0016306421
CLM02160,1215,SUP-013,Radiator Hose,Misalignment,48657,27010,6,5,8,0,0,0.036230035
CLM02161,1002,SUP-031,V-Belt,Breakage,1284,15894,6,328,7,0,0,0.0015722846
CLM02162,1159,SUP-002,Wheel Bearing,Wear,40311,24539,6,94,2,0,0,0.03509232
CLM02163,1738,SUP-015,Wheel Bearing,Breakage,39338,19584,14,217,2,0,0,0.033439077
CLM02164,1997,SUP-057,Wheel Speed Sensor,Sensor Failure,23115,8835,13,172,5,0,0,0.0015073745
CLM02165,1780,SUP-075,V-Belt,Wear,19819,21814,13,324,4,0,0,0.0015524223
CLM02166,1119,SUP-034,Relay Valve,Sensor Failure,41291,19688,10,138,4,0,0,0.03615058
CLM02167,1892,SUP-068,Radiator Hose,Wear,44791,10578,16,304,9,1,1,99.66294
CLM02168,1088,SUP-075,Wheel Bearing,Misalignment,13712,8490,7,156,1,0,0,0.0015823102
CLM02169,1328,SUP-029,Wheel Bearing,Sensor Failure,34797,23220,3,261,9,0,0,0.03689732
CLM02170,1579,SUP-066,Air Filter,Breakage,33297,27670,15,300,3,0,0,0.033938315
CLM02171,1909,SUP-016,Air Filter,Leak,31591,9475,5,159,8,0,0,0.016273966
CLM02172,1356,SUP-039,Wheel Speed Sensor,Misalignment,23968,22900,8,272,5,0,0,0.0016006028
CLM02173,1609,SUP-077,V-Belt,Misalignment,25475,4773,5,123,3,0,0,0.001560777
CLM02174,1266,SUP-037,Brake Chamber,Wear,20350,27905,2,279,9,0,0,0.0015877504
CLM02175,1616,SUP-081,Fuel/Water Separator,Breakage,32484,6961,19,349,9,1,1,99.80964
CLM02176,1951,SUP-021,V-Belt,Sensor Failure,8755,8058,11,21,8,0,0,0.0015420348
CLM02177,1322,SUP-044,Wheel Bearing,Breakage,34321,19082,11,279,3,0,0,0.034873504
CLM02178,1634,SUP-019,U-Joint,Misalignment,17651,25686,3,208,3,0,0,0.0016061227
CLM02179,1987,SUP-071,Air Filter,Wear,15203,28594,13,118,3,0,0,0.001549117
CLM02180,1540,SUP-008,Fuel/Water Separator,Breakage,24519,9232,19,123,6,0,0,0.07395807
CLM02181,1648,SUP-077,Relay Valve,Sensor Failure,2240,27273,15,201,2,0,0,0.0015915433
CLM02182,1194,SUP-066,Relay Valve,Corrosion,5159,7875,6,338,9,0,0,0.0015940527
CLM02183,1920,SUP-041,Air Filter,Misalignment,19873,14160,13,301,2,0,0,0.0014789164
CLM02184,1737,SUP-075,V-Belt,Leak,11780,27385,18,328,8,0,0,0.07354929
CLM02185,1331,SUP-088,Fuel/Water Separator,Leak,9661,24773,18,91,4,0,0,0.0761002
CLM02186,1169,SUP-070,Wheel Bearing,Misalignment,37055,912,1,81,4,0,0,0.033245973
CLM02187,1520,SUP-061,V-Belt,Corrosion,29512,24140,11,216,5,0,0,0.001502899
CLM02188,1462,SUP-026,Air Filter,Wear,19403,22752,16,277,1,0,0,0.030289426
CLM02189,1039,SUP-071,Wheel Speed Sensor,Breakage,43983,26859,1,1,4,0,0,0.029994844
CLM02190,1536,SUP-083,Brake Chamber,Breakage,43549,5877,19,144,6,1,1,99.88107
CLM02191,1260,SUP-070,V-Belt,Corrosion,30549,29663,8,250,2,0,0,0.0118069975
CLM02192,1394,SUP-029,Radiator Hose,Corrosion,49719,10419,19,171,3,1,1,99.83156
CLM02193,1954,SUP-066,Relay Valve,Sensor Failure,6313,6227,16,134,4,0,0,0.028876608
CLM02194,1225,SUP-019,Radiator Hose,Sensor Failure,48815,16407,3,76,3,0,0,0.030917466
CLM02195,1983,SUP-068,V-Belt,Leak,11252,13788,2,112,9,0,0,0.001446487
CLM02196,1123,SUP-058,V-Belt,Wear,5317,1927,12,250,6,0,0,0.0016490169
CLM02197,1974,SUP-070,Radiator Hose,Wear,43379,20394,10,267,5,0,0,0.03162478
CLM02198,1037,SUP-057,Wheel Speed Sensor,Corrosion,26456,16605,2,96,5,0,0,0.0014519546
CLM02199,1327,SUP-037,Radiator Hose,Leak,34606,2137,5,241,2,0,0,0.033390913
CLM02200,1250,SUP-061,Wheel Bearing,Leak,9461,21460,5,276,9,0,0,0.0015877504
CLM02201,1900,SUP-092,Fuel/Water Separator,Sensor Failure,28945,25255,6,277,2,0,0,0.0015346524
CLM02202,1175,SUP-030,Radiator Hose,Breakage,47690,20280,3,292,5,0,0,0.034476623
CLM02203,1601,SUP-071,Radiator Hose,Wear,5827,5177,10,38,7,0,0,0.0016046976
CLM02204,1913,SUP-073,Fuel/Water Separator,Leak,24371,22409,5,312,3,0,0,0.0015969253
CLM02205,1453,SUP-025,Brake Chamber,Sensor Failure,13903,14280,5,347,8,0,0,0.0015526622
CLM02206,1036,SUP-097,Radiator Hose,Sensor Failure,20887,7622,15,267,5,0,0,0.0015272765
CLM02207,1315,SUP-065,Radiator Hose,Sensor Failure,29536,18526,17,274,3,0,0,0.0720781
CLM02208,1687,SUP-006,Wheel Bearing,Breakage,31103,1794,17,81,3,1,1,99.6199
CLM02209,1972,SUP-018,Relay Valve,Leak,15400,15189,18,98,3,0,0,0.0638184
CLM02210,1795,SUP-010,Wheel Bearing,Corrosion,35843,10274,10,45,3,0,0,0.03088886
CLM02211,1964,SUP-092,Radiator Hose,Corrosion,15190,15802,7,154,4,0,0,0.0015191736
CLM02212,1972,SUP-011,Wheel Bearing,Sensor Failure,19668,20420,11,315,1,0,0,0.0015482707
CLM02213,1592,SUP-097,Fuel/Water Separator,Sensor Failure,32869,8287,14,134,3,0,0,0.025409631
CLM02214,1113,SUP-065,Wheel Speed Sensor,Breakage,48852,9055,9,43,5,0,0,0.033343546
CLM02215,1039,SUP-077,U-Joint,Sensor Failure,46301,2616,17,94,8,1,1,99.87982
CLM02216,1300,SUP-084,Fuel/Water Separator,Misalignment,48491,11047,2,180,8,0,0,0.03285426
CLM02217,1223,SUP-065,U-Joint,Leak,49032,13210,17,359,9,1,1,99.86981
CLM02218,1317,SUP-052,Radiator Hose,Sensor Failure,48369,3061,17,256,9,1,1,99.88124
CLM02219,1348,SUP-067,Radiator Hose,Sensor Failure,9995,28192,10,242,6,0,0,0.0016149742
CLM02220,1114,SUP-082,Wheel Speed Sensor,Leak,48331,6539,12,224,7,0,0,0.035364013
CLM02221,1697,SUP-078,V-Belt,Wear,29911,7900,12,17,4,0,0,0.0016018657
CLM02222,1322,SUP-031,U-Joint,Misalignment,45702,8368,15,333,3,0,0,0.029175088
CLM02223,1567,SUP-091,Wheel Bearing,Misalignment,46443,23149,9,117,3,0,0,0.036080167
CLM02224,1039,SUP-017,Wheel Speed Sensor,Corrosion,7521,3042,18,46,2,0,0,0.07181872
CLM02225,1865,SUP-055,Fuel/Water Separator,Sensor Failure,40123,7220,16,169,8,1,1,99.723145
CLM02226,1039,SUP-093,Brake Chamber,Leak,32514,20904,7,141,7,0,0,0.020747358
CLM02227,1858,SUP-036,Wheel Bearing,Corrosion,38539,17767,14,214,8,0,0,0.035080444
CLM02228,1972,SUP-026,Radiator Hose,Breakage,36464,1672,4,225,6,0,0,0.034453984
CLM02229,1748,SUP-053,Fuel/Water Separator,Wear,46226,26860,3,178,5,0,0,0.0365486
CLM02230,1288,SUP-017,Wheel Speed Sensor,Sensor Failure,47231,7538,12,48,1,0,0,0.031716026
CLM02231,1261,SUP-086,U-Joint,Wear,6796,22479,16,99,8,0,0,0.030370653
CLM02232,1215,SUP-025,U-Joint,Sensor Failure,34576,21558,4,283,2,0,0,0.034057688
CLM02233,1146,SUP-002,Air Filter,Sensor Failure,44111,15185,4,262,1,0,0,0.032675214
CLM02234,1335,SUP-086,Radiator Hose,Sensor Failure,4293,29044,3,58,9,0,0,0.0016443325
CLM02235,1167,SUP-005,Wheel Bearing,Wear,43265,24622,9,253,8,0,0,0.03104391
CLM02236,1091,SUP-004,Radiator Hose,Misalignment,4459,27238,14,191,9,0,0,0.0016386439
CLM02237,1352,SUP-036,Air Filter,Breakage,19803,11367,12,1,5,0,0,0.0015045609
CLM02238,1570,SUP-006,Air Filter,Misalignment,5224,29408,10,235,3,0,0,0.0016212718
CLM02239,1570,SUP-021,Wheel Bearing,Leak,8571,27170,14,284,8,0,0,0.0016139258
CLM02240,1815,SUP-077,Air Filter,Leak,23747,16480,12,285,4,0,0,0.0015361313
CLM02241,1680,SUP-089,Wheel Speed Sensor,Misalignment,26772,27397,12,352,1,0,0,0.0015775082
CLM02242,1780,SUP-026,Air Filter,Breakage,15171,25188,2,156,9,0,0,0.0015939479
CLM02243,1362,SUP-055,U-Joint,Breakage,49091,23572,19,91,4,1,1,99.8855
CLM02244,1556,SUP-039,Relay Valve,Sensor Failure,40519,7042,13,210,2,0,0,0.033440355
CLM02245,1344,SUP-084,V-Belt,Sensor Failure,10717,25867,10,324,3,0,0,0.001526547
CLM02246,1692,SUP-033,U-Joint,Leak,16411,18199,1,230,6,0,0,0.0015859298
CLM02247,1169,SUP-014,U-Joint,Sensor Failure,7237,27439,1,253,9,0,0,0.0015713808
CLM02248,1355,SUP-056,Brake Chamber,Sensor Failure,43559,20117,8,243,6,0,0,0.03515621
CLM02249,1190,SUP-100,Brake Chamber,Breakage,10236,16934,6,41,4,0,0,0.0015017886
CLM02250,1666,SUP-081,Radiator Hose,Wear,44113,28571,3,362,1,0,0,0.033563174
CLM02251,1421,SUP-021,Brake Chamber,Misalignment,47927,16265,13,123,2,0,0,0.032644916
CLM02252,1699,SUP-046,Radiator Hose,Corrosion,39087,643,12,197,7,0,0,0.035095163
CLM02253,1006,SUP-016,U-Joint,Corrosion,19251,20571,16,150,3,0,0,0.028643487
CLM02254,1132,SUP-016,V-Belt,Sensor Failure,35143,6301,11,240,2,0,0,0.031934667
CLM02255,1746,SUP-084,Wheel Bearing,Sensor Failure,41898,27651,4,313,6,0,0,0.03546324
CLM02256,1556,SUP-029,Wheel Bearing,Misalignment,22785,22136,8,278,4,0,0,0.0016006028
CLM02257,1825,SUP-092,Relay Valve,Corrosion,26187,22502,7,322,1,0,0,0.0015643995
CLM02258,1760,SUP-008,Fuel/Water Separator,Breakage,40760,21369,16,43,9,1,1,99.71473
CLM02259,1030,SUP-088,Wheel Bearing,Corrosion,14850,7837,12,34,9,0,0,0.0015117885
CLM02260,1534,SUP-003,Fuel/Water Separator,Corrosion,20700,25035,6,114,5,0,0,0.0016192229
CLM02261,1425,SUP-089,Air Filter,Corrosion,47003,10712,6,2,8,0,0,0.033009104
CLM02262,1393,SUP-019,U-Joint,Sensor Failure,18982,8616,11,238,6,0,0,0.0015339736
CLM02263,1671,SUP-097,V-Belt,Sensor Failure,5949,20614,12,247,7,0,0,0.0015370486
CLM02264,1362,SUP-066,Radiator Hose,Misalignment,31581,25824,16,59,6,1,1,99.362526
CLM02265,1436,SUP-079,Fuel/Water Separator,Corrosion,7572,15247,16,36,7,0,0,0.028842682
CLM02266,1669,SUP-086,Relay Valve,Sensor Failure,27553,14498,16,232,3,0,0,0.028281897
CLM02267,1550,SUP-074,Wheel Bearing,Misalignment,30733,9566,4,8,3,0,0,0.013536606
CLM02268,1926,SUP-082,Wheel Speed Sensor,Corrosion,47498,19828,12,161,3,0,0,0.029015256
CLM02269,1081,SUP-022,Wheel Bearing,Breakage,13589,21687,5,289,6,0,0,0.0016423517
CLM02270,1355,SUP-046,Brake Chamber,Sensor Failure,37934,18092,9,18,1,0,0,0.030330548
CLM02271,1257,SUP-091,U-Joint,Wear,11114,20617,18,64,9,0,0,0.07705164
CLM02272,1717,SUP-013,Brake Chamber,Misalignment,1645,713,9,61,9,0,0,0.0016290488
CLM02273,1588,SUP-033,Wheel Bearing,Sensor Failure,6884,15405,16,83,4,0,0,0.025521
CLM02274,1988,SUP-005,Wheel Speed Sensor,Breakage,24052,12800,1,10,2,0,0,0.0014456322
CLM02275,1523,SUP-090,Brake Chamber,Breakage,13461,23450,5,106,7,0,0,0.0016116265
CLM02276,1294,SUP-077,V-Belt,Sensor Failure,27574,18702,19,233,7,0,0,0.06917448
CLM02277,1961,SUP-027,Brake Chamber,Leak,17473,3994,3,222,6,0,0,0.001589855
CLM02278,1223,SUP-078,Wheel Speed Sensor,Misalignment,48471,985,1,278,8,0,0,0.029801982
CLM02279,1524,SUP-024,Brake Chamber,Corrosion,48904,8044,14,39,3,0,0,0.031247905
CLM02280,1045,SUP-067,Fuel/Water Separator,Corrosion,45238,19899,18,358,2,1,1,99.87022
CLM02281,1666,SUP-063,Air Filter,Breakage,16421,12415,8,321,1,0,0,0.0015244825
CLM02282,1112,SUP-094,Radiator Hose,Sensor Failure,34318,3979,14,286,3,0,0,0.033825424
CLM02283,1232,SUP-099,Wheel Bearing,Leak,6224,7429,13,133,8,0,0,0.001532963
CLM02284,1016,SUP-048,Fuel/Water Separator,Misalignment,47318,12906,16,243,8,1,1,99.70119
CLM02285,1359,SUP-063,Radiator Hose,Wear,39349,23298,9,282,7,0,0,0.03216778
CLM02286,1222,SUP-078,Air Filter,Corrosion,10435,29103,7,120,2,0,0,0.0015985664
CLM02287,1865,SUP-012,Fuel/Water Separator,Misalignment,4479,13699,3,63,3,0,0,0.0015261496
CLM02288,1699,SUP-028,Relay Valve,Misalignment,10137,22100,1,174,7,0,0,0.0015677105
CLM02289,1447,SUP-044,Fuel/Water Separator,Leak,27528,5437,8,31,8,0,0,0.001621864
CLM02290,1855,SUP-093,V-Belt,Misalignment,39859,20002,14,231,9,0,0,0.030714776
CLM02291,1364,SUP-043,Wheel Speed Sensor,Corrosion,36401,1163,13,169,6,0,0,0.03353268
CLM02292,1674,SUP-017,Wheel Bearing,Sensor Failure,40558,17907,7,140,3,0,0,0.034060612
CLM02293,1325,SUP-040,U-Joint,Corrosion,4501,6816,13,273,9,0,0,0.0015486592
CLM02294,1466,SUP-049,Radiator Hose,Wear,1889,13574,7,146,5,0,0,0.0015363263
CLM02295,1413,SUP-085,Brake Chamber,Sensor Failure,9765,21326,5,194,4,0,0,0.001545537
CLM02296,1454,SUP-057,Wheel Bearing,Breakage,15197,736,4,348,9,0,0,0.0015889712
CLM02297,1585,SUP-087,U-Joint,Leak,37928,23570,4,244,2,0,0,0.03559527
CLM02298,1232,SUP-084,Air Filter,Corrosion,43924,11976,6,295,4,0,0,0.033822358
CLM02299,1223,SUP-064,Fuel/Water Separator,Sensor Failure,37819,20227,14,74,6,0,0,0.036510747
CLM02300,1993,SUP-075,U-Joint,Misalignment,49995,7050,3,136,6,0,0,0.030400867
CLM02301,1830,SUP-057,Relay Valve,Sensor Failure,7197,19009,3,91,5,0,0,0.0016064888
CLM02302,1411,SUP-098,Wheel Bearing,Corrosion,14532,24842,3,26,7,0,0,0.0016341899
CLM02303,1571,SUP-074,Wheel Bearing,Breakage,3283,14364,4,76,5,0,0,0.0014867448
CLM02304,1334,SUP-074,Wheel Bearing,Corrosion,38752,20101,9,35,6,0,0,0.035431575
CLM02305,1221,SUP-070,Wheel Speed Sensor,Breakage,17995,18839,16,313,1,0,0,0.029720718
CLM02306,1036,SUP-100,Air Filter,Misalignment,32723,23039,19,207,8,1,1,99.826256
CLM02307,1988,SUP-088,Wheel Speed Sensor,Corrosion,47182,24811,16,277,5,1,1,99.673225
CLM02308,1277,SUP-076,Wheel Bearing,Sensor Failure,40605,728,12,165,5,0,0,0.034021992
CLM02309,1195,SUP-043,Relay Valve,Wear,24490,21822,6,124,6,0,0,0.0015979522
CLM02310,1915,SUP-023,Brake Chamber,Wear,47500,21944,3,222,6,0,0,0.029894155
CLM02311,1863,SUP-027,Relay Valve,Misalignment,41043,28488,5,273,8,0,0,0.035265002
CLM02312,1483,SUP-058,Radiator Hose,Sensor Failure,9715,23699,7,354,4,0,0,0.0015207682
CLM02313,1241,SUP-037,Air Filter,Wear,37345,16592,5,97,4,0,0,0.032471035
CLM02314,1323,SUP-006,Fuel/Water Separator,Misalignment,15739,3386,9,82,3,0,0,0.0015738372
CLM02315,1730,SUP-065,Wheel Bearing,Breakage,23870,12951,15,25,9,0,0,0.001504818
CLM02316,1191,SUP-006,U-Joint,Sensor Failure,33341,14491,6,361,8,0,0,0.03277458
CLM02317,1016,SUP-050,Brake Chamber,Breakage,30471,13169,8,61,5,0,0,0.011913134
CLM02318,1523,SUP-022,Fuel/Water Separator,Sensor Failure,12590,7374,5,94,8,0,0,0.0016001464
CLM02319,1917,SUP-088,Relay Valve,Breakage,19645,29753,17,293,6,0,0,0.07343829
CLM02320,1400,SUP-025,Brake Chamber,Breakage,2023,24489,10,246,5,0,0,0.0016078837
CLM02321,1905,SUP-079,Wheel Speed Sensor,Wear,27155,19703,1,141,9,0,0,0.0015939479
CLM02322,1885,SUP-090,Fuel/Water Separator,Sensor Failure,25897,3489,16,253,9,0,0,0.029557588
CLM02323,1704,SUP-072,Air Filter,Corrosion,16437,9778,1,296,8,0,0,0.001590689
CLM02324,1021,SUP-051,Relay Valve,Wear,12318,7638,3,170,3,0,0,0.0014677867
CLM02325,1473,SUP-088,Brake Chamber,Breakage,44791,2493,6,340,9,0,0,0.033993788
CLM02326,1119,SUP-048,Relay Valve,Breakage,32575,29417,17,326,6,1,1,99.84927
CLM02327,1209,SUP-070,Brake Chamber,Corrosion,49198,3545,2,238,9,0,0,0.03507392
CLM02328,1305,SUP-099,Brake Chamber,Corrosion,41003,6693,5,170,1,0,0,0.030496081
CLM02329,1269,SUP-065,Fuel/Water Separator,Breakage,11619,16657,11,351,1,0,0,0.0015110477
CLM02330,1703,SUP-060,Relay Valve,Corrosion,21141,20189,10,299,6,0,0,0.0016023134
CLM02331,1686,SUP-046,Fuel/Water Separator,Leak,41836,18876,15,196,4,0,0,0.036749285
CLM02332,1284,SUP-036,Radiator Hose,Wear,2284,20483,18,345,5,0,0,0.07323592
CLM02333,1715,SUP-058,Air Filter,Sensor Failure,29094,14759,17,156,5,0,0,0.07224845
CLM02334,1675,SUP-076,Radiator Hose,Corrosion,15466,20471,14,99,3,0,0,0.0015708323
CLM02335,1762,SUP-038,V-Belt,Corrosion,39121,1805,13,297,9,0,0,0.034474585
CLM02336,1226,SUP-011,Wheel Bearing,Leak,1903,23247,2,317,1,0,0,0.0015883606
CLM02337,1947,SUP-012,Radiator Hose,Sensor Failure,43137,5967,12,133,6,0,0,0.03181673
CLM02338,1380,SUP-042,Wheel Speed Sensor,Leak,42289,4959,11,353,2,0,0,0.029873697
CLM02339,1459,SUP-039,Air Filter,Sensor Failure,43849,5587,19,139,2,1,1,99.865135
CLM02340,1006,SUP-071,Wheel Bearing,Wear,17365,17803,12,264,9,0,0,0.0015943582
CLM02341,1028,SUP-011,Fuel/Water Separator,Corrosion,23394,15398,4,149,2,0,0,0.0014985083
CLM02342,1906,SUP-036,Wheel Speed Sensor,Wear,16971,8733,10,261,9,0,0,0.001537575
CLM02343,1032,SUP-052,Wheel Bearing,Sensor Failure,43827,15258,12,34,8,0,0,0.029367171
CLM02344,1645,SUP-031,Wheel Bearing,Corrosion,44475,14970,7,9,7,0,0,0.03278199
CLM02345,1878,SUP-033,Brake Chamber,Leak,32359,15621,6,294,8,0,0,0.021908225
CLM02346,1078,SUP-013,V-Belt,Breakage,34180,18166,8,43,9,0,0,0.029226203
CLM02347,1927,SUP-018,Fuel/Water Separator,Leak,7639,14002,11,96,9,0,0,0.0015251064
CLM02348,1946,SUP-041,Relay Valve,Breakage,31212,15583,6,12,3,0,0,0.013455697
CLM02349,1458,SUP-058,Radiator Hose,Leak,37601,28641,3,355,1,0,0,0.028818328
CLM02350,1569,SUP-056,Air Filter,Sensor Failure,19970,16647,19,140,8,0,0,0.071719095
CLM02351,1982,SUP-024,V-Belt,Wear,32356,16725,1,287,4,0,0,0.019039445
CLM02352,1537,SUP-073,Brake Chamber,Breakage,22955,6609,4,267,5,0,0,0.0015684329
CLM02353,1481,SUP-031,Brake Chamber,Sensor Failure,27140,2620,19,354,6,0,0,0.068779774
CLM02354,1429,SUP-055,Wheel Bearing,Wear,46570,11837,17,283,6,1,1,99.88471
CLM02355,1737,SUP-010,U-Joint,Wear,40325,27758,19,21,7,1,1,99.88369
CLM02356,1284,SUP-060,Radiator Hose,Corrosion,11467,14393,14,269,3,0,0,0.0015078015
CLM02357,1515,SUP-002,V-Belt,Corrosion,13032,21380,10,250,2,0,0,0.0014816733
CLM02358,1976,SUP-015,Wheel Bearing,Corrosion,16126,20034,9,45,9,0,0,0.0016159478
CLM02359,1098,SUP-003,V-Belt,Breakage,3882,5806,16,175,2,0,0,0.029841417
CLM02360,1396,SUP-043,Wheel Speed Sensor,Breakage,45703,28800,15,281,9,0,0,0.0343718
CLM02361,1488,SUP-031,Fuel/Water Separator,Wear,36287,18717,16,77,4,1,1,99.726875
CLM02362,1038,SUP-070,Air Filter,Breakage,13805,24607,18,233,1,0,0,0.07146492
CLM02363,1270,SUP-067,Radiator Hose,Wear,5400,6378,10,320,3,0,0,0.0014804106
CLM02364,1886,SUP-056,Brake Chamber,Sensor Failure,42614,11209,3,198,2,0,0,0.027982974
CLM02365,1796,SUP-063,U-Joint,Leak,27553,15414,7,355,4,0,0,0.0014970484
CLM02366,1156,SUP-075,Relay Valve,Wear,17564,28912,7,255,2,0,0,0.0015753525
CLM02367,1074,SUP-015,Fuel/Water Separator,Wear,21509,16651,11,156,6,0,0,0.0016104756
CLM02368,1883,SUP-092,Radiator Hose,Sensor Failure,36787,5509,3,4,1,0,0,0.023663705
CLM02369,1799,SUP-010,Wheel Speed Sensor,Corrosion,1764,20746,18,84,5,0,0,0.077283904
CLM02370,1129,SUP-038,Radiator Hose,Misalignment,21519,17012,12,197,9,0,0,0.0016578424
CLM02371,1686,SUP-047,Air Filter,Corrosion,11558,29550,17,214,1,0,0,0.07457972
CLM02372,1973,SUP-057,Air Filter,Corrosion,17175,28262,9,280,4,0,0,0.0015795904
CLM02373,1083,SUP-050,V-Belt,Wear,27947,1845,5,145,2,0,0,0.0015940436
CLM02374,1021,SUP-071,Wheel Bearing,Wear,15214,11128,18,57,2,0,0,0.068312824
CLM02375,1458,SUP-015,Air Filter,Breakage,22422,11525,9,154,5,0,0,0.0015165348
CLM02376,1538,SUP-018,U-Joint,Breakage,7799,29635,13,100,2,0,0,0.0015870237
CLM02377,1706,SUP-082,Relay Valve,Leak,33021,24253,3,200,5,0,0,0.034049038
CLM02378,1848,SUP-088,Wheel Speed Sensor,Leak,15509,7632,4,8,1,0,0,0.0015279495
CLM02379,1381,SUP-002,Brake Chamber,Misalignment,10974,21526,18,10,5,0,0,0.07660924
CLM02380,1747,SUP-084,Air Filter,Breakage,30356,13196,15,124,3,0,0,0.012806593
CLM02381,1439,SUP-098,Brake Chamber,Wear,19840,29789,6,270,2,0,0,0.0015417627
CLM02382,1603,SUP-043,Air Filter,Sensor Failure,39449,29932,9,347,4,0,0,0.033890847
CLM02383,1988,SUP-026,U-Joint,Breakage,7997,20107,11,27,1,0,0,0.0015754787
CLM02384,1020,SUP-071,Brake Chamber,Wear,10374,20360,13,5,3,0,0,0.0014765331
CLM02385,1302,SUP-038,Wheel Bearing,Breakage,37900,5597,4,335,1,0,0,0.027935337
CLM02386,1975,SUP-094,Wheel Speed Sensor,Corrosion,3453,27614,15,133,8,0,0,0.0015794231
CLM02387,1868,SUP-042,Relay Valve,Breakage,1538,27930,17,342,5,0,0,0.06997048
CLM02388,1954,SUP-005,U-Joint,Misalignment,11615,13973,12,140,1,0,0,0.001443545
CLM02389,1083,SUP-011,Wheel Bearing,Corrosion,31593,10127,6,264,2,0,0,0.016238114
CLM02390,1773,SUP-065,Relay Valve,Wear,3303,25331,7,315,9,0,0,0.0015941303
CLM02391,1658,SUP-034,Wheel Bearing,Corrosion,19556,22606,17,227,7,0,0,0.07440803
CLM02392,1952,SUP-001,Wheel Bearing,Breakage,35103,11109,11,60,3,0,0,0.029265711
CLM02393,1452,SUP-083,Wheel Bearing,Corrosion,36027,26829,12,80,1,0,0,0.033804372
CLM02394,1386,SUP-002,V-Belt,Misalignment,7615,5246,13,55,2,0,0,0.0015665897
CLM02395,1506,SUP-085,Relay Valve,Sensor Failure,32468,20295,1,94,7,0,0,0.024500644
CLM02396,1256,SUP-020,Wheel Bearing,Corrosion,9691,16959,18,41,8,0,0,0.07068699
CLM02397,1569,SUP-061,Fuel/Water Separator,Misalignment,34578,4111,19,10,5,1,1,99.88852
CLM02398,1891,SUP-087,Fuel/Water Separator,Corrosion,24732,8501,11,226,4,0,0,0.0014917525
CLM02399,1933,SUP-021,Air Filter,Leak,24940,25580,18,116,4,0,0,0.074949145
CLM02400,1526,SUP-088,Wheel Speed Sensor,Sensor Failure,37481,3892,10,340,5,0,0,0.033397023
CLM02401,1161,SUP-068,Brake Chamber,Wear,4704,10684,6,107,7,0,0,0.0014909562
CLM02402,1956,SUP-012,Air Filter,Misalignment,34978,13449,2,7,7,0,0,0.033136487
CLM02403,1162,SUP-022,V-Belt,Corrosion,15211,5611,5,21,4,0,0,0.0015413421
CLM02404,1831,SUP-020,Fuel/Water Separator,Sensor Failure,49866,12070,10,252,1,0,0,0.02202207
CLM02405,1792,SUP-082,Relay Valve,Wear,37513,6619,15,331,5,0,0,0.031397514
CLM02406,1791,SUP-001,Wheel Speed Sensor,Sensor Failure,11178,2894,14,101,7,0,0,0.0016683163
CLM02407,1523,SUP-030,Wheel Speed Sensor,Misalignment,25175,1916,6,215,4,0,0,0.0015618848
CLM02408,1785,SUP-097,Brake Chamber,Leak,18875,8343,14,44,7,0,0,0.0015357651
CLM02409,1270,SUP-024,Relay Valve,Misalignment,16816,27305,14,223,8,0,0,0.0015635567
CLM02410,1491,SUP-014,Brake Chamber,Misalignment,33441,8931,12,210,2,0,0,0.029311812
CLM02411,1207,SUP-036,Wheel Speed Sensor,Wear,29846,22937,4,344,2,0,0,0.0015883606
CLM02412,1538,SUP-069,V-Belt,Wear,16620,18661,12,214,5,0,0,0.0015673024
CLM02413,1583,SUP-075,U-Joint,Corrosion,23844,6814,17,293,3,0,0,0.0727123
CLM02414,1059,SUP-024,U-Joint,Breakage,32589,6264,19,239,4,1,1,99.8466
CLM02415,1429,SUP-060,Fuel/Water Separator,Misalignment,46986,16452,16,65,1,1,1,99.706024
CLM02416,1984,SUP-095,Wheel Speed Sensor,Wear,7110,29336,18,254,4,0,0,0.07203811
CLM02417,1656,SUP-055,V-Belt,Misalignment,29940,4658,6,6,4,0,0,0.0015841038
CLM02418,1604,SUP-077,Brake Chamber,Misalignment,35585,27478,9,294,4,0,0,0.033473495
CLM02419,1308,SUP-080,V-Belt,Wear,7613,4646,19,221,3,0,0,0.068784654
CLM02420,1519,SUP-024,Radiator Hose,Leak,38087,19515,12,313,2,0,0,0.03287779
CLM02421,1590,SUP-077,Brake Chamber,Leak,8231,12598,11,203,4,0,0,0.0015316551
CLM02422,1026,SUP-024,Wheel Bearing,Misalignment,12214,11702,16,70,8,0,0,0.027705904
CLM02423,1685,SUP-054,Brake Chamber,Leak,3877,5940,2,65,3,0,0,0.00156032
CLM02424,1561,SUP-026,Fuel/Water Separator,Misalignment,33207,20273,18,252,6,1,1,99.885574
CLM02425,1198,SUP-066,U-Joint,Corrosion,37855,16075,6,183,2,0,0,0.03120685
CLM02426,1386,SUP-080,Brake Chamber,Wear,2147,12768,5,112,1,0,0,0.0014800506
CLM02427,1348,SUP-038,Wheel Bearing,Misalignment,49709,26290,9,252,7,0,0,0.034467917
CLM02428,1959,SUP-065,Radiator Hose,Leak,8609,17553,13,291,6,0,0,0.001574127
CLM02429,1939,SUP-075,V-Belt,Leak,10737,20445,7,280,4,0,0,0.0015201592
CLM02430,1692,SUP-051,Relay Valve,Sensor Failure,37751,23117,1,294,7,0,0,0.036021538
CLM02431,1535,SUP-035,U-Joint,Sensor Failure,46323,22425,10,3,6,0,0,0.036379237
CLM02432,1827,SUP-043,V-Belt,Leak,41902,8158,18,179,2,1,1,99.87662
CLM02433,1377,SUP-029,Radiator Hose,Corrosion,6606,25691,12,189,4,0,0,0.0015398611
CLM02434,1898,SUP-037,Relay Valve,Breakage,45686,5158,3,168,9,0,0,0.032021493
CLM02435,1915,SUP-081,Wheel Speed Sensor,Misalignment,49581,7921,5,54,8,0,0,0.031208903
CLM02436,1557,SUP-058,Air Filter,Sensor Failure,45861,9822,14,66,6,0,0,0.030295955
CLM02437,1526,SUP-054,Fuel/Water Separator,Misalignment,2095,24345,15,115,1,0,0,0.0016348602
CLM02438,1152,SUP-039,V-Belt,Sensor Failure,21211,22514,12,316,7,0,0,0.0015564858
CLM02439,1733,SUP-042,Relay Valve,Wear,21669,5855,4,271,1,0,0,0.0015389555
CLM02440,1205,SUP-028,Wheel Speed Sensor,Wear,18379,10213,16,214,8,0,0,0.028730653
CLM02441,1454,SUP-029,Air Filter,Leak,23065,8512,11,110,3,0,0,0.0014723949
CLM02442,1272,SUP-043,Air Filter,Wear,49844,21335,4,183,9,0,0,0.030723503
CLM02443,1893,SUP-003,U-Joint,Wear,38429,3164,6,260,5,0,0,0.03482885
CLM02444,1235,SUP-010,U-Joint,Breakage,17181,5362,16,24,6,0,0,0.028970392
CLM02445,1851,SUP-059,U-Joint,Corrosion,20167,25379,2,339,4,0,0,0.0015795904
CLM02446,1739,SUP-014,U-Joint,Leak,11087,12671,13,94,6,0,0,0.001511637
CLM02447,1520,SUP-076,U-Joint,Breakage,6682,10586,8,256,9,0,0,0.0015438445
CLM02448,1677,SUP-047,Wheel Speed Sensor,Leak,39729,2015,12,214,7,0,0,0.03661622
CLM02449,1943,SUP-042,Fuel/Water Separator,Corrosion,22152,1083,6,359,2,0,0,0.0014832582
CLM02450,1955,SUP-094,Brake Chamber,Leak,38972,25442,3,40,6,0,0,0.033925083
CLM02451,1830,SUP-032,Wheel Speed Sensor,Misalignment,8552,14453,15,283,9,0,0,0.0015613933
CLM02452,1725,SUP-032,Radiator Hose,Misalignment,17468,27122,8,37,8,0,0,0.001662857
CLM02453,1500,SUP-042,U-Joint,Misalignment,25531,25534,2,257,1,0,0,0.001595108
CLM02454,1116,SUP-032,Relay Valve,Wear,8084,17003,16,204,5,0,0,0.030325979
CLM02455,1385,SUP-026,Relay Valve,Corrosion,44848,20168,13,211,6,0,0,0.034424078
CLM02456,1343,SUP-001,Radiator Hose,Breakage,46647,8408,1,123,9,0,0,0.034435794
CLM02457,1583,SUP-056,Wheel Speed Sensor,Breakage,20163,20138,11,295,4,0,0,0.0015919986
CLM02458,1394,SUP-002,Relay Valve,Sensor Failure,7055,12257,1,286,1,0,0,0.0015096173
CLM02459,1063,SUP-081,Wheel Bearing,Breakage,3669,11994,8,276,6,0,0,0.0015458215
CLM02460,1716,SUP-030,Wheel Bearing,Misalignment,13028,16755,2,244,9,0,0,0.0016126811
CLM02461,1720,SUP-071,Brake Chamber,Misalignment,2008,4959,13,250,6,0,0,0.0016076982
CLM02462,1071,SUP-052,Wheel Bearing,Sensor Failure,16523,22449,2,143,7,0,0,0.0016136548
CLM02463,1788,SUP-091,V-Belt,Wear,46307,2468,4,249,4,0,0,0.03480004
CLM02464,1273,SUP-009,U-Joint,Breakage,3199,3031,2,320,2,0,0,0.0015218054
CLM02465,1989,SUP-022,Radiator Hose,Corrosion,43319,25927,13,67,3,0,0,0.033026733
CLM02466,1319,SUP-034,V-Belt,Sensor Failure,37207,6889,4,122,1,0,0,0.031203134
CLM02467,1337,SUP-049,Fuel/Water Separator,Breakage,39650,18813,15,235,2,0,0,0.034427818
CLM02468,1365,SUP-001,U-Joint,Wear,20297,18827,12,282,7,0,0,0.0015939143
CLM02469,1494,SUP-073,Relay Valve,Corrosion,5695,9455,12,220,9,0,0,0.0015220015
CLM02470,1606,SUP-084,U-Joint,Corrosion,2006,20180,5,126,9,0,0,0.0015710391
CLM02471,1165,SUP-053,Air Filter,Wear,8114,22160,10,262,9,0,0,0.0015747471
CLM02472,1543,SUP-083,Air Filter,Breakage,45012,27754,2,238,1,0,0,0.033310156
CLM02473,1010,SUP-100,V-Belt,Leak,30795,22609,8,32,7,0,0,0.012626431
CLM02474,1300,SUP-040,Wheel Speed Sensor,Breakage,18527,28887,5,203,7,0,0,0.0015635567
CLM02475,1728,SUP-045,Relay Valve,Sensor Failure,41320,1401,8,273,9,0,0,0.036829878
CLM02476,1800,SUP-068,Wheel Bearing,Sensor Failure,15027,26594,13,174,9,0,0,0.0015521959
CLM02477,1101,SUP-009,Air Filter,Breakage,28796,6465,13,309,1,0,0,0.0015219463
CLM02478,1424,SUP-022,Fuel/Water Separator,Misalignment,34992,3756,15,238,5,0,0,0.037219584
CLM02479,1391,SUP-018,Radiator Hose,Sensor Failure,29454,6006,15,356,2,0,0,0.0014709157
CLM02480,1778,SUP-076,U-Joint,Leak,38263,12678,11,110,6,0,0,0.03384384
CLM02481,1213,SUP-043,Radiator Hose,Misalignment,13441,25817,10,71,2,0,0,0.0016449646
CLM02482,1690,SUP-039,Air Filter,Leak,31189,20437,6,144,6,0,0,0.016210437
CLM02483,1087,SUP-073,Air Filter,Corrosion,1181,24316,5,206,7,0,0,0.0016259168
CLM02484,1552,SUP-006,Fuel/Water Separator,Sensor Failure,13812,2193,5,357,6,0,0,0.0015577227
CLM02485,1400,SUP-083,Brake Chamber,Misalignment,23716,23379,8,241,1,0,0,0.0016234114
CLM02486,1587,SUP-048,V-Belt,Breakage,41218,2629,1,91,4,0,0,0.03581041
CLM02487,1888,SUP-007,Wheel Bearing,Misalignment,36713,4511,2,158,3,0,0,0.030122284
CLM02488,1045,SUP-080,Wheel Speed Sensor,Corrosion,27633,20136,17,207,5,0,0,0.071124054
CLM02489,1671,SUP-069,Fuel/Water Separator,Leak,11939,1865,7,57,7,0,0,0.0016490627
CLM02490,1462,SUP-016,Brake Chamber,Corrosion,11072,8887,9,56,3,0,0,0.0014887311
CLM02491,1591,SUP-001,Wheel Bearing,Wear,45562,6703,4,167,1,0,0,0.032024056
CLM02492,1309,SUP-037,V-Belt,Sensor Failure,9846,650,7,127,9,0,0,0.001632075
CLM02493,1085,SUP-083,Wheel Bearing,Breakage,4686,5680,10,18,6,0,0,0.0015365108
CLM02494,1091,SUP-037,Brake Chamber,Leak,30998,21407,16,75,6,1,1,99.02948
CLM02495,1659,SUP-081,Air Filter,Corrosion,27775,23978,10,278,4,0,0,0.0016068397
CLM02496,1672,SUP-064,Wheel Bearing,Breakage,20215,830,7,259,1,0,0,0.0015819888
CLM02497,1713,SUP-090,Radiator Hose,Sensor Failure,28984,28186,2,24,9,0,0,0.0016283453
CLM02498,1935,SUP-086,Wheel Bearing,Breakage,44195,20208,2,308,7,0,0,0.03386805
CLM02499,1927,SUP-062,Air Filter,Sensor Failure,26297,25965,8,67,7,0,0,0.001656567
CLM02500,1241,SUP-072,U-Joint,Sensor Failure,32619,17838,14,123,7,0,0,0.029751508
CLM02501,1864,SUP-061,U-Joint,Sensor Failure,43160,12381,18,287,7,1,1,99.878494
CLM02502,1001,SUP-033,U-Joint,Corrosion,30552,7900,1,53,8,0,0,0.012769876
CLM02503,1224,SUP-066,Fuel/Water Separator,Sensor Failure,44422,21333,17,121,8,1,1,99.88464
CLM02504,1800,SUP-030,V-Belt,Breakage,25885,11640,17,186,3,0,0,0.061354145
CLM02505,1744,SUP-020,V-Belt,Wear,18409,28317,5,287,8,0,0,0.0015633676
CLM02506,1972,SUP-060,Wheel Bearing,Breakage,5412,23244,16,244,4,0,0,0.029016556
CLM02507,1925,SUP-082,Wheel Speed Sensor,Corrosion,47075,11087,7,76,7,0,0,0.028964013
CLM02508,1928,SUP-074,V-Belt,Sensor Failure,21027,2544,15,84,5,0,0,0.0015374079
CLM02509,1588,SUP-024,Radiator Hose,Wear,9559,6145,19,364,4,0,0,0.07373
CLM02510,1115,SUP-004,Radiator Hose,Corrosion,5650,23438,2,312,4,0,0,0.001655294
CLM02511,1665,SUP-037,Relay Valve,Leak,11844,20483,16,292,6,0,0,0.029230047
CLM02512,1917,SUP-004,Radiator Hose,Leak,18633,23758,9,307,2,0,0,0.0015643995
CLM02513,1102,SUP-077,V-Belt,Leak,36751,23925,18,147,5,1,1,99.87621
CLM02514,1193,SUP-089,Wheel Speed Sensor,Wear,38343,5510,10,337,8,0,0,0.034523528
CLM02515,1165,SUP-077,Air Filter,Breakage,31493,20874,4,360,2,0,0,0.014924465
CLM02516,1870,SUP-018,U-Joint,Wear,24831,8348,2,5,5,0,0,0.0015290224
CLM02517,1089,SUP-088,Wheel Bearing,Wear,37877,22529,14,101,7,0,0,0.038944345
CLM02518,1685,SUP-066,Air Filter,Wear,48131,12706,1,100,5,0,0,0.032418665
CLM02519,1121,SUP-048,Wheel Speed Sensor,Leak,46197,15078,8,173,9,0,0,0.034993332
CLM02520,1142,SUP-033,Fuel/Water Separator,Misalignment,2782,16690,11,108,9,0,0,0.0016841901
CLM02521,1993,SUP-058,U-Joint,Breakage,21952,16845,1,270,8,0,0,0.0015502505
CLM02522,1105,SUP-083,Relay Valve,Misalignment,31219,27131,5,28,9,0,0,0.0155406045
CLM02523,1886,SUP-073,Fuel/Water Separator,Misalignment,43167,11362,13,245,2,0,0,0.03019002
CLM02524,1427,SUP-028,V-Belt,Wear,5412,18459,17,265,3,0,0,0.06950784
CLM02525,1304,SUP-035,Wheel Speed Sensor,Breakage,31056,21903,10,315,4,0,0,0.014359274
CLM02526,1871,SUP-010,U-Joint,Misalignment,30116,7223,7,38,5,0,0,0.013549726
CLM02527,1970,SUP-065,Relay Valve,Sensor Failure,48507,6254,13,93,2,0,0,0.026011897
CLM02528,1316,SUP-042,Wheel Bearing,Wear,48855,26928,4,153,4,0,0,0.033890914
CLM02529,1962,SUP-085,Wheel Bearing,Wear,31633,2713,13,328,4,0,0,0.01575154
CLM02530,1634,SUP-009,V-Belt,Wear,15598,18110,1,48,5,0,0,0.0015113704
CLM02531,1901,SUP-060,Radiator Hose,Sensor Failure,11616,10355,11,130,6,0,0,0.0015520197
CLM02532,1008,SUP-015,Wheel Speed Sensor,Sensor Failure,38448,9055,9,6,1,0,0,0.029291283
CLM02533,1773,SUP-099,Relay Valve,Leak,34238,16011,13,61,6,0,0,0.033222556
CLM02534,1072,SUP-057,Relay Valve,Corrosion,13101,18831,11,258,9,0,0,0.0016554093
CLM02535,1358,SUP-069,Radiator Hose,Breakage,38595,6044,8,339,3,0,0,0.03253161
CLM02536,1222,SUP-022,Radiator Hose,Corrosion,38835,21637,7,269,2,0,0,0.03400785
CLM02537,1415,SUP-064,Fuel/Water Separator,Wear,11286,4132,15,305,8,0,0,0.0016478316
CLM02538,1552,SUP-041,U-Joint,Misalignment,36762,6088,15,245,2,0,0,0.033542734
CLM02539,1369,SUP-087,Fuel/Water Separator,Wear,12070,28557,12,8,8,0,0,0.0016414418
CLM02540,1715,SUP-071,Brake Chamber,Misalignment,29091,7158,17,265,4,0,0,0.07302273
CLM02541,1263,SUP-056,Brake Chamber,Leak,41702,26350,6,151,9,0,0,0.035676293
CLM02542,1839,SUP-023,V-Belt,Corrosion,47739,10137,13,200,4,0,0,0.029431133
CLM02543,1689,SUP-025,Wheel Speed Sensor,Wear,47707,5327,16,329,1,1,1,99.66481
CLM02544,1859,SUP-091,Relay Valve,Corrosion,22742,28033,1,268,8,0,0,0.0015935131
CLM02545,1317,SUP-006,U-Joint,Leak,34050,6638,13,217,1,0,0,0.030294104
CLM02546,1083,SUP-034,Wheel Bearing,Corrosion,41377,12148,7,338,5,0,0,0.032545567
CLM02547,1317,SUP-063,Wheel Bearing,Misalignment,15428,6479,13,210,7,0,0,0.0015250599
CLM02548,1110,SUP-009,Air Filter,Breakage,45608,16238,7,363,3,0,0,0.032026377
CLM02549,1250,SUP-060,Radiator Hose,Leak,3733,14039,8,171,6,0,0,0.0015234681
CLM02550,1382,SUP-049,V-Belt,Corrosion,5067,10857,18,101,1,0,0,0.06818959
CLM02551,1006,SUP-097,Air Filter,Wear,19741,26085,17,60,6,0,0,0.0744799
CLM02552,1458,SUP-051,Air Filter,Sensor Failure,12127,22270,16,323,5,0,0,0.029962521
CLM02553,1083,SUP-060,Wheel Speed Sensor,Sensor Failure,13010,16094,17,29,2,0,0,0.06914361
CLM02554,1207,SUP-070,Relay Valve,Leak,37006,5787,8,153,4,0,0,0.03291276
CLM02555,1899,SUP-037,U-Joint,Sensor Failure,10964,11511,7,66,7,0,0,0.0015182396
CLM02556,1389,SUP-031,Wheel Bearing,Breakage,29653,15765,18,239,6,0,0,0.07435757
CLM02557,1313,SUP-098,Wheel Bearing,Leak,25373,26804,4,5,6,0,0,0.0016217588
CLM02558,1021,SUP-041,Wheel Bearing,Wear,8210,9387,2,124,9,0,0,0.0015296846
CLM02559,1409,SUP-062,Brake Chamber,Wear,1787,5117,16,95,2,0,0,0.02900068
CLM02560,1894,SUP-093,Wheel Speed Sensor,Leak,49467,19268,18,5,1,1,1,99.83909
CLM02561,1514,SUP-058,V-Belt,Sensor Failure,25618,10074,8,85,2,0,0,0.0014544409
CLM02562,1126,SUP-014,Wheel Bearing,Sensor Failure,16060,11187,14,240,3,0,0,0.0016131885
CLM02563,1808,SUP-036,Wheel Bearing,Wear,46256,7296,18,49,9,1,1,99.88501
CLM02564,1699,SUP-036,V-Belt,Breakage,28518,20489,19,26,9,0,0,0.07290464
CLM02565,1873,SUP-079,Brake Chamber,Misalignment,48770,26923,4,327,5,0,0,0.029679917
CLM02566,1013,SUP-008,Air Filter,Sensor Failure,23168,7533,14,98,7,0,0,0.001561088
CLM02567,1970,SUP-026,V-Belt,Breakage,38411,26804,2,270,3,0,0,0.027446512
CLM02568,1977,SUP-036,Air Filter,Sensor Failure,29481,7247,17,274,2,0,0,0.06326116
CLM02569,1011,SUP-048,Radiator Hose,Misalignment,22112,13908,6,313,6,0,0,0.001568979
CLM02570,1086,SUP-085,Fuel/Water Separator,Leak,6640,25728,8,236,6,0,0,0.0016597216
CLM02571,1523,SUP-028,Wheel Bearing,Corrosion,4410,8436,16,209,5,0,0,0.029656721
CLM02572,1908,SUP-068,V-Belt,Wear,35126,17642,1,25,1,0,0,0.023677316
CLM02573,1536,SUP-062,Fuel/Water Separator,Leak,26780,1779,18,326,2,0,0,0.07354365
CLM02574,1300,SUP-080,U-Joint,Sensor Failure,45564,17325,3,133,7,0,0,0.033485338
CLM02575,1242,SUP-086,Wheel Speed Sensor,Misalignment,12185,13196,18,181,2,0,0,0.06917149
CLM02576,1121,SUP-076,Radiator Hose,Wear,16631,13597,10,85,5,0,0,0.0016246459
CLM02577,1146,SUP-080,U-Joint,Corrosion,44201,6728,2,246,4,0,0,0.035515953
CLM02578,1566,SUP-051,U-Joint,Corrosion,17921,28564,19,39,1,0,0,0.07676124
CLM02579,1749,SUP-042,Radiator Hose,Misalignment,29587,15788,11,251,5,0,0,0.001509485
CLM02580,1355,SUP-029,Air Filter,Misalignment,38344,24600,19,114,1,1,1,99.88433
CLM02581,1684,SUP-082,V-Belt,Sensor Failure,21909,28649,3,267,3,0,0,0.0015338579
CLM02582,1903,SUP-010,Relay Valve,Wear,20967,29868,10,102,9,0,0,0.0015580019
CLM02583,1732,SUP-039,Wheel Bearing,Sensor Failure,8898,21077,16,227,7,0,0,0.028721832
CLM02584,1630,SUP-082,Brake Chamber,Corrosion,42904,14641,3,254,2,0,0,0.032357126
CLM02585,1308,SUP-001,V-Belt,Leak,15216,20854,19,227,5,0,0,0.06946939
CLM02586,1694,SUP-039,Wheel Bearing,Leak,27399,13329,7,249,4,0,0,0.0015432999
CLM02587,1287,SUP-021,V-Belt,Breakage,29474,2026,17,281,7,0,0,0.07284144
CLM02588,1306,SUP-065,U-Joint,Corrosion,13398,690,8,158,4,0,0,0.0014941231
CLM02589,1811,SUP-015,Relay Valve,Corrosion,47762,2373,3,2,9,0,0,0.03300879
CLM02590,1593,SUP-004,Brake Chamber,Sensor Failure,42810,8458,7,212,3,0,0,0.031862408
CLM02591,1965,SUP-060,V-Belt,Breakage,20309,11707,10,36,6,0,0,0.0014893971
CLM02592,1913,SUP-061,Wheel Bearing,Misalignment,30658,7868,19,37,5,1,1,99.486885
CLM02593,1722,SUP-020,Brake Chamber,Breakage,42955,7989,15,258,8,0,0,0.033409156
CLM02594,1661,SUP-010,Brake Chamber,Wear,40482,8368,15,240,1,0,0,0.031752788
CLM02595,1548,SUP-087,Wheel Speed Sensor,Sensor Failure,24581,25333,5,364,2,0,0,0.0015684478
CLM02596,1351,SUP-034,U-Joint,Misalignment,33010,8846,3,91,7,0,0,0.03216686
CLM02597,1311,SUP-048,Wheel Speed Sensor,Misalignment,15287,28067,3,96,1,0,0,0.0015985664
CLM02598,1872,SUP-033,Wheel Bearing,Leak,23390,6106,4,187,5,0,0,0.0015633691
CLM02599,1058,SUP-098,Wheel Bearing,Wear,46721,12785,15,260,8,0,0,0.034035
CLM02600,1642,SUP-061,Air Filter,Breakage,9541,20786,16,219,5,0,0,0.029954806
CLM02601,1923,SUP-010,V-Belt,Leak,18921,10967,5,350,5,0,0,0.0015160997
CLM02602,1713,SUP-054,V-Belt,Corrosion,44937,7160,8,195,9,0,0,0.034916386
CLM02603,1754,SUP-084,Air Filter,Sensor Failure,41149,28658,10,46,5,0,0,0.035716143
CLM02604,1034,SUP-065,Fuel/Water Separator,Breakage,31238,24969,2,358,1,0,0,0.012344518
CLM02605,1444,SUP-077,Radiator Hose,Corrosion,3366,12861,14,65,3,0,0,0.0015194895
CLM02606,1092,SUP-001,V-Belt,Misalignment,14494,19296,5,227,5,0,0,0.0015274367
CLM02607,1949,SUP-005,Radiator Hose,Breakage,40796,16907,7,56,8,0,0,0.030978097
CLM02608,1958,SUP-080,V-Belt,Leak,44196,15298,11,204,2,0,0,0.025362868
CLM02609,1206,SUP-015,Fuel/Water Separator,Wear,12286,23508,3,35,4,0,0,0.0016711507
CLM02610,1352,SUP-028,Relay Valve,Leak,7041,8458,12,119,4,0,0,0.001560832
CLM02611,1902,SUP-095,Fuel/Water Separator,Sensor Failure,20985,18625,14,238,3,0,0,0.0015074335
CLM02612,1331,SUP-023,Wheel Bearing,Sensor Failure,5174,3660,1,101,6,0,0,0.0016741942
CLM02613,1816,SUP-017,Air Filter,Breakage,34691,28681,16,279,2,1,1,99.69319
CLM02614,1861,SUP-098,Wheel Bearing,Leak,23726,3871,15,225,3,0,0,0.0015184684
CLM02615,1724,SUP-013,Relay Valve,Wear,28838,27167,1,334,2,0,0,0.0016076306
CLM02616,1158,SUP-014,Wheel Speed Sensor,Misalignment,4303,9752,13,44,8,0,0,0.0014997006
CLM02617,1953,SUP-011,Wheel Bearing,Sensor Failure,47653,14285,15,1,2,0,0,0.028231224
CLM02618,1956,SUP-028,Wheel Bearing,Wear,28177,3851,17,219,5,0,0,0.07312772
CLM02619,1023,SUP-042,Wheel Bearing,Corrosion,43007,960,9,216,4,0,0,0.029799338
CLM02620,1403,SUP-096,Brake Chamber,Breakage,10890,13980,5,140,1,0,0,0.001496409
CLM02621,1804,SUP-099,Radiator Hose,Wear,22964,2617,12,276,7,0,0,0.0016109687
CLM02622,1515,SUP-061,Fuel/Water Separator,Breakage,27806,6856,17,112,6,0,0,0.07543672
CLM02623,1731,SUP-064,Wheel Speed Sensor,Corrosion,8600,2106,11,243,1,0,0,0.0016100594
CLM02624,1363,SUP-031,Fuel/Water Separator,Wear,27444,571,11,354,9,0,0,0.0015392166
CLM02625,1381,SUP-081,Radiator Hose,Wear,28230,13615,8,6,4,0,0,0.00152384
CLM02626,1531,SUP-073,Wheel Speed Sensor,Misalignment,41890,6851,15,277,1,0,0,0.03351034
CLM02627,1955,SUP-010,U-Joint,Corrosion,17466,12964,2,103,8,0,0,0.0015189142
CLM02628,1151,SUP-008,Brake Chamber,Leak,17476,1206,10,301,1,0,0,0.0015664134
CLM02629,1561,SUP-021,Wheel Bearing,Wear,33021,16160,14,70,2,0,0,0.029761096
CLM02630,1688,SUP-077,Brake Chamber,Misalignment,28732,18812,5,361,5,0,0,0.0015661624
CLM02631,1946,SUP-059,Fuel/Water Separator,Wear,8375,3298,17,187,1,0,0,0.06753345
CLM02632,1607,SUP-050,Wheel Speed Sensor,Misalignment,8837,26253,18,158,1,0,0,0.075280495
CLM02633,1616,SUP-069,Relay Valve,Sensor Failure,24108,8845,19,138,6,0,0,0.07312096
CLM02634,1419,SUP-070,Brake Chamber,Leak,18851,16913,7,331,1,0,0,0.001544877
CLM02635,1249,SUP-030,Wheel Bearing,Wear,27600,21955,18,257,5,0,0,0.066128984
CLM02636,1116,SUP-095,Relay Valve,Corrosion,16188,3811,12,83,5,0,0,0.0016584006
CLM02637,1865,SUP-017,Fuel/Water Separator,Breakage,45777,28902,15,74,2,0,0,0.035820622
CLM02638,1511,SUP-075,Relay Valve,Corrosion,6489,23671,14,14,3,0,0,0.0016278158
CLM02639,1739,SUP-020,Radiator Hose,Leak,20082,29862,10,131,3,0,0,0.0015649368
CLM02640,1577,SUP-048,U-Joint,Sensor Failure,9983,18758,17,196,3,0,0,0.074772045
CLM02641,1334,SUP-073,Wheel Bearing,Sensor Failure,34243,14933,1,168,3,0,0,0.03272132
CLM02642,1417,SUP-002,Brake Chamber,Sensor Failure,9695,8928,4,212,4,0,0,0.0015351808
CLM02643,1931,SUP-037,Wheel Speed Sensor,Misalignment,1230,16706,9,207,1,0,0,0.001443545
CLM02644,1773,SUP-001,Air Filter,Corrosion,40789,27261,4,135,4,0,0,0.034944594
CLM02645,1294,SUP-004,Relay Valve,Breakage,33103,13417,19,108,4,1,1,99.86488
CLM02646,1937,SUP-100,V-Belt,Breakage,43546,9309,5,259,8,0,0,0.027894085
CLM02647,1754,SUP-054,Air Filter,Misalignment,27350,18455,18,119,4,0,0,0.07576524
CLM02648,1370,SUP-025,Fuel/Water Separator,Wear,12282,24097,15,219,5,0,0,0.001601238
CLM02649,1185,SUP-003,V-Belt,Misalignment,21354,19321,8,165,4,0,0,0.0014848504
CLM02650,1245,SUP-009,V-Belt,Breakage,29802,24415,2,349,5,0,0,0.0016283111
CLM02651,1636,SUP-086,V-Belt,Breakage,12355,29531,13,154,3,0,0,0.001572502
CLM02652,1267,SUP-087,Air Filter,Wear,31238,17465,13,347,3,0,0,0.0137946615
CLM02653,1642,SUP-076,Fuel/Water Separator,Corrosion,44369,19138,14,25,8,0,0,0.0344667
CLM02654,1236,SUP-074,Brake Chamber,Corrosion,18144,6352,15,43,1,0,0,0.001488477
CLM02655,1529,SUP-034,U-Joint,Leak,6243,1100,12,115,3,0,0,0.0015668361
CLM02656,1551,SUP-043,Fuel/Water Separator,Corrosion,21336,9670,5,350,2,0,0,0.0014349064
CLM02657,1020,SUP-074,Brake Chamber,Sensor Failure,18680,9206,3,44,6,0,0,0.0014849438
CLM02658,1910,SUP-094,Brake Chamber,Sensor Failure,11594,17693,18,212,8,0,0,0.07308045
CLM02659,1736,SUP-022,V-Belt,Leak,19531,2985,3,285,6,0,0,0.001636242
CLM02660,1866,SUP-070,Wheel Bearing,Breakage,27215,7898,14,238,4,0,0,0.0015958506
CLM02661,1793,SUP-002,Air Filter,Leak,38164,18330,2,226,3,0,0,0.03278505
CLM02662,1519,SUP-094,Brake Chamber,Wear,17992,17352,18,218,4,0,0,0.07196927
CLM02663,1099,SUP-066,Air Filter,Leak,31523,17513,13,347,8,0,0,0.016772822
CLM02664,1751,SUP-032,Radiator Hose,Leak,34649,20266,2,246,9,0,0,0.036039602
CLM02665,1477,SUP-016,U-Joint,Misalignment,11442,7038,12,313,8,0,0,0.0016188909
CLM02666,1598,SUP-076,Radiator Hose,Sensor Failure,30893,613,2,364,9,0,0,0.014728817
CLM02667,1297,SUP-001,Brake Chamber,Wear,24700,18109,8,137,8,0,0,0.0015812679
CLM02668,1939,SUP-072,Fuel/Water Separator,Misalignment,44388,15377,5,278,5,0,0,0.03268998
CLM02669,1525,SUP-048,Air Filter,Wear,14042,22367,11,70,5,0,0,0.0016322819
CLM02670,1333,SUP-050,Radiator Hose,Leak,28577,13034,13,6,1,0,0,0.0015027728
CLM02671,1001,SUP-013,Air Filter,Misalignment,14494,18500,17,155,8,0,0,0.07299219
CLM02672,1374,SUP-015,Fuel/Water Separator,Misalignment,22275,3817,16,256,2,0,0,0.028383628
CLM02673,1292,SUP-053,Radiator Hose,Wear,40248,24235,19,122,6,1,1,99.88617
CLM02674,1836,SUP-044,Air Filter,Wear,24889,24464,15,118,6,0,0,0.0016064858
CLM02675,1933,SUP-008,Fuel/Water Separator,Corrosion,35762,23300,18,308,4,1,1,99.875916
CLM02676,1552,SUP-074,V-Belt,Wear,17173,21524,6,326,9,0,0,0.0015437725
CLM02677,1317,SUP-046,Relay Valve,Misalignment,8768,6233,4,209,3,0,0,0.0014578528
CLM02678,1501,SUP-069,V-Belt,Breakage,13509,27746,4,349,8,0,0,0.0015472346
CLM02679,1827,SUP-019,U-Joint,Wear,2011,22502,13,81,2,0,0,0.0015974081
CLM02680,1380,SUP-038,Brake Chamber,Sensor Failure,24287,21697,9,330,5,0,0,0.0015764736
CLM02681,1622,SUP-011,Wheel Bearing,Corrosion,33152,13565,10,107,6,0,0,0.032761835
CLM02682,1013,SUP-043,Relay Valve,Sensor Failure,18072,28144,14,136,2,0,0,0.0015610165
CLM02683,1503,SUP-020,Brake Chamber,Sensor Failure,37836,3037,8,14,7,0,0,0.033571944
CLM02684,1230,SUP-020,Radiator Hose,Breakage,37215,15050,3,31,5,0,0,0.02998538
CLM02685,1984,SUP-021,U-Joint,Corrosion,25281,20058,9,179,4,0,0,0.0015312987
CLM02686,1083,SUP-082,U-Joint,Leak,32038,24858,1,94,4,0,0,0.0213178
CLM02687,1129,SUP-057,Air Filter,Misalignment,16948,27713,15,82,2,0,0,0.0016779728
CLM02688,1742,SUP-050,U-Joint,Misalignment,24639,19106,15,180,9,0,0,0.0015965035
CLM02689,1837,SUP-074,Radiator Hose,Wear,11236,8521,7,249,1,0,0,0.0014694352
CLM02690,1144,SUP-098,Wheel Speed Sensor,Misalignment,25459,551,15,241,1,0,0,0.0016073241
CLM02691,1890,SUP-026,U-Joint,Breakage,26016,19228,7,165,4,0,0,0.0016378128
CLM02692,1856,SUP-030,V-Belt,Misalignment,26800,14799,13,286,3,0,0,0.0015036144
CLM02693,1027,SUP-073,Wheel Speed Sensor,Breakage,31271,27298,12,30,9,0,0,0.012946567
CLM02694,1065,SUP-031,Wheel Speed Sensor,Leak,36230,21948,18,356,7,1,1,99.8845
CLM02695,1162,SUP-042,Radiator Hose,Breakage,38891,23370,7,304,2,0,0,0.033603612
CLM02696,1228,SUP-068,Relay Valve,Leak,30621,22714,7,167,4,0,0,0.01214675
CLM02697,1260,SUP-061,V-Belt,Leak,5178,21579,15,283,5,0,0,0.0016034186
CLM02698,1448,SUP-061,U-Joint,Leak,33448,4766,9,202,4,0,0,0.034792114
CLM02699,1423,SUP-070,Wheel Speed Sensor,Breakage,14276,11800,6,94,4,0,0,0.0014880513
CLM02700,1459,SUP-078,Brake Chamber,Leak,15828,2158,9,15,4,0,0,0.0015598736
CLM02701,1951,SUP-068,Brake Chamber,Breakage,7149,24252,19,300,8,0,0,0.0712898
CLM02702,1675,SUP-090,Wheel Speed Sensor,Corrosion,28328,22067,16,48,7,0,0,0.031333555
CLM02703,1300,SUP-017,Air Filter,Leak,19136,28633,16,151,4,0,0,0.03023732
CLM02704,1918,SUP-019,U-Joint,Breakage,30018,13242,1,114,1,0,0,0.0014150267
CLM02705,1302,SUP-051,Radiator Hose,Breakage,32376,16559,13,14,6,0,0,0.02269092
CLM02706,1286,SUP-070,Wheel Speed Sensor,Breakage,44962,29898,19,310,5,1,1,99.87794
CLM02707,1394,SUP-063,V-Belt,Wear,6916,14220,4,348,5,0,0,0.0015652396
CLM02708,1009,SUP-093,Wheel Speed Sensor,Wear,5546,25962,19,171,6,0,0,0.07312225
CLM02709,1706,SUP-075,Fuel/Water Separator,Leak,16361,28129,10,61,8,0,0,0.0016713835
CLM02710,1629,SUP-080,Relay Valve,Misalignment,4359,11494,13,18,6,0,0,0.0015178471
CLM02711,1269,SUP-030,V-Belt,Corrosion,13134,27273,1,230,6,0,0,0.0014980439
CLM02712,1591,SUP-025,Fuel/Water Separator,Misalignment,45256,22505,13,86,7,0,0,0.037666123
CLM02713,1969,SUP-075,Relay Valve,Leak,30625,20894,10,201,8,0,0,0.0136281075
CLM02714,1604,SUP-071,Wheel Bearing,Sensor Failure,41372,1135,15,146,4,0,0,0.036159504
CLM02715,1777,SUP-026,V-Belt,Sensor Failure,46269,11706,15,57,7,0,0,0.031426474
CLM02716,1843,SUP-056,Brake Chamber,Corrosion,37782,12577,7,85,8,0,0,0.030567486
CLM02717,1861,SUP-022,Air Filter,Corrosion,1899,23305,14,271,6,0,0,0.0015935131
CLM02718,1360,SUP-089,Wheel Bearing,Corrosion,34957,27158,8,201,9,0,0,0.035736036
CLM02719,1256,SUP-019,Fuel/Water Separator,Wear,32092,16484,19,106,6,1,1,99.76061
CLM02720,1132,SUP-031,Wheel Bearing,Wear,34420,17058,18,314,4,1,1,99.88786
CLM02721,1275,SUP-026,Radiator Hose,Sensor Failure,1982,26132,15,130,6,0,0,0.0016104586
CLM02722,1775,SUP-042,U-Joint,Corrosion,34343,26824,9,14,2,0,0,0.033790257
CLM02723,1682,SUP-041,U-Joint,Breakage,9524,27838,12,21,8,0,0,0.0016411556
CLM02724,1971,SUP-100,Brake Chamber,Misalignment,5307,12160,14,45,6,0,0,0.0015088558
CLM02725,1512,SUP-023,Wheel Bearing,Sensor Failure,7753,27377,2,34,4,0,0,0.0016496619
CLM02726,1312,SUP-047,Fuel/Water Separator,Corrosion,44173,9259,5,71,7,0,0,0.032470632
CLM02727,1575,SUP-013,Brake Chamber,Breakage,44133,13110,5,252,8,0,0,0.033073932
CLM02728,1885,SUP-089,U-Joint,Corrosion,32900,6656,14,335,3,0,0,0.02621968
CLM02729,1979,SUP-066,Wheel Bearing,Leak,45793,14885,4,231,3,0,0,0.029695483
CLM02730,1283,SUP-066,Brake Chamber,Breakage,41508,26859,2,12,3,0,0,0.035323847
CLM02731,1120,SUP-016,V-Belt,Misalignment,18439,16092,1,123,3,0,0,0.0016275954
CLM02732,1106,SUP-073,Wheel Speed Sensor,Leak,39794,15829,2,263,2,0,0,0.031732026
CLM02733,1932,SUP-028,Air Filter,Wear,21753,24591,13,69,5,0,0,0.0016492937
CLM02734,1686,SUP-077,Relay Valve,Sensor Failure,35092,7509,17,111,6,1,1,99.885605
CLM02735,1996,SUP-035,V-Belt,Corrosion,49148,2643,13,359,1,0,0,0.022629345
CLM02736,1203,SUP-041,Brake Chamber,Sensor Failure,4595,29514,17,246,6,0,0,0.07510172
CLM02737,1164,SUP-077,Fuel/Water Separator,Misalignment,21211,7499,5,98,7,0,0,0.0015473246
CLM02738,1304,SUP-031,Radiator Hose,Corrosion,28238,27316,8,281,2,0,0,0.0016297139
CLM02739,1496,SUP-085,Wheel Speed Sensor,Leak,19707,11250,12,322,1,0,0,0.0015253434
CLM02740,1631,SUP-032,Relay Valve,Breakage,47086,18358,9,307,7,0,0,0.03490394
CLM02741,1555,SUP-054,V-Belt,Breakage,2882,22128,18,201,6,0,0,0.07204088
CLM02742,1823,SUP-098,Radiator Hose,Corrosion,28639,24132,16,162,3,0,0,0.029673126
CLM02743,1155,SUP-072,Radiator Hose,Leak,14766,20986,19,160,2,0,0,0.074674524
CLM02744,1366,SUP-059,Radiator Hose,Corrosion,2153,829,8,140,2,0,0,0.0015668361
CLM02745,1718,SUP-041,Wheel Speed Sensor,Corrosion,17660,12870,7,253,2,0,0,0.0014907528
CLM02746,1901,SUP-066,Wheel Bearing,Corrosion,39172,14347,9,303,8,0,0,0.030875342
CLM02747,1619,SUP-096,V-Belt,Breakage,39060,19557,12,166,1,0,0,0.02955505
CLM02748,1250,SUP-054,Wheel Bearing,Misalignment,25907,5122,14,249,3,0,0,0.0014682864
CLM02749,1956,SUP-040,Wheel Speed Sensor,Corrosion,44212,5732,10,266,8,0,0,0.031743553
CLM02750,1915,SUP-028,Radiator Hose,Breakage,12243,23467,16,355,6,0,0,0.027513193
CLM02751,1881,SUP-037,Radiator Hose,Wear,47010,17773,2,41,7,0,0,0.035031386
CLM02752,1333,SUP-065,Wheel Speed Sensor,Leak,44367,24905,6,55,2,0,0,0.036200378
CLM02753,1641,SUP-074,Air Filter,Wear,20586,25837,11,229,9,0,0,0.0015853053
CLM02754,1968,SUP-055,Fuel/Water Separator,Corrosion,17690,26099,4,224,7,0,0,0.0015860507
CLM02755,1510,SUP-004,Air Filter,Breakage,7663,2180,5,248,3,0,0,0.0015634703
CLM02756,1292,SUP-099,Wheel Bearing,Leak,48981,14854,5,199,9,0,0,0.03398076
CLM02757,1019,SUP-010,Wheel Speed Sensor,Sensor Failure,7189,14844,17,115,3,0,0,0.06873453
CLM02758,1281,SUP-047,Fuel/Water Separator,Leak,21673,6451,5,253,8,0,0,0.0015709973
CLM02759,1796,SUP-075,Air Filter,Leak,4589,28332,11,202,7,0,0,0.0016060998
CLM02760,1000,SUP-014,Wheel Bearing,Corrosion,37409,26137,9,43,3,0,0,0.031777587
CLM02761,1118,SUP-038,Brake Chamber,Wear,41104,7366,15,166,5,0,0,0.03520843
CLM02762,1034,SUP-012,U-Joint,Wear,16481,25979,3,155,7,0,0,0.0016102283
CLM02763,1197,SUP-045,Fuel/Water Separator,Sensor Failure,22492,17017,16,288,3,0,0,0.028911263
CLM02764,1484,SUP-017,Relay Valve,Corrosion,48310,22948,9,115,2,0,0,0.03426364
CLM02765,1756,SUP-080,Fuel/Water Separator,Leak,3162,18009,6,327,9,0,0,0.0015723251
CLM02766,1058,SUP-035,Wheel Bearing,Misalignment,15574,10656,9,176,2,0,0,0.0015128976
CLM02767,1836,SUP-066,Radiator Hose,Wear,24093,13960,19,282,3,0,0,0.07041868
CLM02768,1160,SUP-075,Wheel Bearing,Wear,30864,18923,6,58,1,0,0,0.013404461
CLM02769,1690,SUP-041,V-Belt,Breakage,6167,4688,11,332,1,0,0,0.0015659652
CLM02770,1205,SUP-067,Radiator Hose,Leak,44743,3349,2,182,1,0,0,0.03389773
CLM02771,1011,SUP-029,Wheel Bearing,Corrosion,20525,28287,18,114,3,0,0,0.07315026
CLM02772,1489,SUP-018,Air Filter,Wear,21987,3866,7,174,6,0,0,0.0016108059
CLM02773,1275,SUP-020,U-Joint,Corrosion,17538,19795,4,256,3,0,0,0.0015567855
CLM02774,1692,SUP-014,Wheel Bearing,Leak,4630,13561,7,90,4,0,0,0.0015050003
CLM02775,1241,SUP-034,Air Filter,Leak,9652,16452,17,141,2,0,0,0.069529705
CLM02776,1215,SUP-049,Relay Valve,Wear,26366,19475,4,358,7,0,0,0.0014900195
CLM02777,1250,SUP-054,V-Belt,Sensor Failure,47281,4783,13,6,4,0,0,0.034678135
CLM02778,1810,SUP-031,Brake Chamber,Corrosion,40565,27259,19,230,1,1,1,99.87675
CLM02779,1125,SUP-058,V-Belt,Corrosion,32036,21145,4,340,4,0,0,0.017382087
CLM02780,1993,SUP-042,Radiator Hose,Breakage,40362,12240,13,315,4,0,0,0.027019592
CLM02781,1216,SUP-058,U-Joint,Leak,2867,24018,1,219,3,0,0,0.0015641579
CLM02782,1305,SUP-082,V-Belt,Leak,27264,744,2,67,8,0,0,0.0015299238
CLM02783,1796,SUP-030,Fuel/Water Separator,Wear,1576,5628,7,152,7,0,0,0.0016290598
CLM02784,1184,SUP-025,Brake Chamber,Wear,8263,14247,17,271,3,0,0,0.07065836
CLM02785,1038,SUP-063,Radiator Hose,Wear,47999,9871,7,226,4,0,0,0.02728556
CLM02786,1222,SUP-019,Fuel/Water Separator,Breakage,4764,21809,13,63,8,0,0,0.0016516295
CLM02787,1183,SUP-072,Radiator Hose,Sensor Failure,25937,23715,17,306,3,0,0,0.073663875
CLM02788,1494,SUP-092,Fuel/Water Separator,Wear,34224,18662,1,352,5,0,0,0.03008916
CLM02789,1426,SUP-008,U-Joint,Wear,28825,23194,2,21,5,0,0,0.001627015
CLM02790,1177,SUP-095,Air Filter,Misalignment,29800,27611,6,1,5,0,0,0.0016146385
CLM02791,1918,SUP-003,V-Belt,Wear,36878,9128,12,255,5,0,0,0.027835561
CLM02792,1427,SUP-067,Relay Valve,Breakage,38675,10962,13,225,9,0,0,0.033204157
CLM02793,1293,SUP-086,Fuel/Water Separator,Corrosion,5968,23218,9,126,5,0,0,0.0016240139
CLM02794,1851,SUP-081,U-Joint,Sensor Failure,25925,6406,17,267,9,0,0,0.07501652
CLM02795,1150,SUP-100,Relay Valve,Corrosion,28268,26900,18,202,9,0,0,0.073269255
CLM02796,1383,SUP-017,V-Belt,Misalignment,15202,9485,8,108,4,0,0,0.0014672604
CLM02797,1637,SUP-014,Relay Valve,Leak,21931,29344,8,358,9,0,0,0.0016136441
CLM02798,1812,SUP-009,Brake Chamber,Leak,5083,26356,11,88,2,0,0,0.0015974081
CLM02799,1307,SUP-062,Wheel Speed Sensor,Wear,17492,26814,8,177,3,0,0,0.0015235508
CLM02800,1335,SUP-094,Radiator Hose,Misalignment,2231,25525,18,356,1,0,0,0.0717326
CLM02801,1945,SUP-021,Radiator Hose,Corrosion,34344,8168,18,129,7,1,1,99.88415
CLM02802,1745,SUP-076,Wheel Bearing,Breakage,1240,2454,13,321,9,0,0,0.0016272648
CLM02803,1891,SUP-037,Brake Chamber,Sensor Failure,11830,14912,1,320,3,0,0,0.001450612
CLM02804,1374,SUP-096,Wheel Speed Sensor,Corrosion,49215,9306,15,273,8,0,0,0.033851717
CLM02805,1007,SUP-011,Wheel Bearing,Misalignment,24950,29397,6,139,1,0,0,0.0015610165
CLM02806,1340,SUP-020,Relay Valve,Misalignment,39577,24277,6,125,6,0,0,0.03246586
CLM02807,1128,SUP-035,Wheel Bearing,Corrosion,27617,25814,13,10,6,0,0,0.0016106092
CLM02808,1775,SUP-053,Fuel/Water Separator,Sensor Failure,14573,18515,2,66,5,0,0,0.0016244723
CLM02809,1668,SUP-047,Brake Chamber,Corrosion,27728,21920,19,288,4,0,0,0.073819354
CLM02810,1351,SUP-075,Wheel Speed Sensor,Corrosion,43908,12863,17,16,3,1,1,99.870636
CLM02811,1357,SUP-052,V-Belt,Sensor Failure,41924,20549,1,251,4,0,0,0.031189123
CLM02812,1516,SUP-008,Brake Chamber,Breakage,27071,8760,14,282,7,0,0,0.0015799096
CLM02813,1494,SUP-004,U-Joint,Misalignment,11285,10566,16,360,7,0,0,0.028074821
CLM02814,1085,SUP-027,Radiator Hose,Sensor Failure,28513,15250,15,231,3,0,0,0.001560829
CLM02815,1174,SUP-044,U-Joint,Wear,11270,7374,9,330,3,0,0,0.0015238037
CLM02816,1801,SUP-040,Wheel Bearing,Wear,19839,17753,19,253,3,0,0,0.07032828
CLM02817,1192,SUP-047,Air Filter,Wear,20830,10085,8,100,5,0,0,0.0014767318
CLM02818,1310,SUP-094,Fuel/Water Separator,Wear,43365,12162,15,94,1,0,0,0.02963798
CLM02819,1118,SUP-044,Air Filter,Leak,17270,14625,10,5,7,0,0,0.0016047985
CLM02820,1217,SUP-048,Brake Chamber,Breakage,38579,20075,2,7,8,0,0,0.034950923
CLM02821,1426,SUP-091,Air Filter,Leak,8827,20003,18,65,7,0,0,0.0776418
CLM02822,1969,SUP-085,U-Joint,Corrosion,44705,18999,2,219,8,0,0,0.03275287
CLM02823,1413,SUP-052,V-Belt,Corrosion,28324,16198,12,268,9,0,0,0.0015149433
CLM02824,1113,SUP-084,Brake Chamber,Sensor Failure,27088,24136,10,208,4,0,0,0.0016301133
CLM02825,1977,SUP-068,Radiator Hose,Wear,41574,29041,12,176,3,0,0,0.030833984
CLM02826,1144,SUP-011,Wheel Speed Sensor,Sensor Failure,3923,15771,7,200,7,0,0,0.001559661
CLM02827,1537,SUP-077,Brake Chamber,Corrosion,38769,876,2,281,9,0,0,0.03341419
CLM02828,1647,SUP-073,Relay Valve,Wear,18192,11015,1,10,9,0,0,0.0015173551
CLM02829,1302,SUP-004,Radiator Hose,Misalignment,41244,27891,2,254,8,0,0,0.033826325
CLM02830,1743,SUP-076,Brake Chamber,Breakage,13886,18825,17,168,3,0,0,0.07321077
CLM02831,1880,SUP-073,Relay Valve,Corrosion,32352,15785,8,289,6,0,0,0.022310514
CLM02832,1587,SUP-077,Radiator Hose,Misalignment,39731,704,12,103,2,0,0,0.032570276
CLM02833,1986,SUP-048,Wheel Bearing,Sensor Failure,39703,25820,2,16,6,0,0,0.034083284
CLM02834,1839,SUP-026,Fuel/Water Separator,Misalignment,21614,11828,9,328,5,0,0,0.0015252372
CLM02835,1344,SUP-077,U-Joint,Sensor Failure,17711,7554,17,33,4,0,0,0.07251236
CLM02836,1813,SUP-039,Wheel Speed Sensor,Corrosion,29870,22832,17,35,3,0,0,0.070624776
CLM02837,1963,SUP-092,Brake Chamber,Leak,18066,24130,10,183,8,0,0,0.0015558031
CLM02838,1800,SUP-058,Wheel Bearing,Breakage,45291,26625,13,102,6,0,0,0.034509573
CLM02839,1000,SUP-019,Air Filter,Misalignment,33891,21304,5,332,9,0,0,0.033347327
CLM02840,1146,SUP-088,U-Joint,Misalignment,1753,19309,14,79,3,0,0,0.0015255501
CLM02841,1286,SUP-083,V-Belt,Corrosion,41882,27940,14,17,5,0,0,0.030461678
CLM02842,1975,SUP-077,Wheel Speed Sensor,Corrosion,35374,20857,15,283,4,0,0,0.031322114
CLM02843,1653,SUP-077,Air Filter,Sensor Failure,40293,13468,5,21,6,0,0,0.032102216
CLM02844,1052,SUP-058,Fuel/Water Separator,Wear,4578,17554,6,17,2,0,0,0.0015891439
CLM02845,1303,SUP-028,Brake Chamber,Wear,22050,20301,9,76,6,0,0,0.0016443325
CLM02846,1068,SUP-066,Wheel Bearing,Wear,16468,3565,9,44,3,0,0,0.0016490831
CLM02847,1360,SUP-010,Radiator Hose,Sensor Failure,20229,2227,4,28,8,0,0,0.0016127995
CLM02848,1601,SUP-086,V-Belt,Wear,3938,6476,1,25,6,0,0,0.0015930117
CLM02849,1957,SUP-077,Wheel Speed Sensor,Corrosion,49925,20910,15,201,8,0,0,0.03009467
CLM02850,1219,SUP-058,Fuel/Water Separator,Leak,43886,24746,14,303,7,0,0,0.03373522
CLM02851,1961,SUP-073,Fuel/Water Separator,Leak,14875,28008,1,101,6,0,0,0.001615629
CLM02852,1703,SUP-097,Air Filter,Leak,36195,16237,6,279,9,0,0,0.031536203
CLM02853,1965,SUP-014,Air Filter,Wear,25740,6564,8,75,9,0,0,0.00156096
CLM02854,1574,SUP-084,U-Joint,Leak,15150,4314,3,306,4,0,0,0.0016001146
CLM02855,1584,SUP-015,Wheel Bearing,Misalignment,10701,2203,17,65,8,0,0,0.07510812
CLM02856,1160,SUP-096,Wheel Speed Sensor,Wear,24291,28162,5,255,3,0,0,0.0015753525
CLM02857,1680,SUP-033,Radiator Hose,Misalignment,30286,8121,18,272,5,1,1,99.32705
CLM02858,1088,SUP-017,Radiator Hose,Corrosion,25116,28340,7,124,3,0,0,0.0016392738
CLM02859,1687,SUP-024,Brake Chamber,Misalignment,6886,14044,17,50,4,0,0,0.071103215
CLM02860,1780,SUP-030,Brake Chamber,Corrosion,14672,7930,15,13,5,0,0,0.001609091
CLM02861,1584,SUP-062,Wheel Speed Sensor,Sensor Failure,15508,21425,16,336,8,0,0,0.030077662
CLM02862,1756,SUP-013,Air Filter,Sensor Failure,29668,553,13,246,8,0,0,0.0016638483
CLM02863,1588,SUP-062,V-Belt,Misalignment,44770,17575,7,208,3,0,0,0.031204471
CLM02864,1158,SUP-047,Brake Chamber,Breakage,10392,6566,15,35,8,0,0,0.0015689341
CLM02865,1488,SUP-016,V-Belt,Corrosion,38936,12791,5,114,4,0,0,0.02987404
CLM02866,1970,SUP-066,Brake Chamber,Wear,47190,8948,12,32,2,0,0,0.025757065
CLM02867,1323,SUP-081,Radiator Hose,Breakage,4281,20316,10,253,3,0,0,0.0015567855
CLM02868,1609,SUP-096,Fuel/Water Separator,Corrosion,47839,1333,19,343,8,1,1,99.88544
CLM02869,1380,SUP-043,Brake Chamber,Wear,9810,16099,10,248,5,0,0,0.0015273901
CLM02870,1101,SUP-008,Fuel/Water Separator,Corrosion,38722,11221,7,156,2,0,0,0.029991727
CLM02871,1493,SUP-003,V-Belt,Corrosion,30850,6294,15,322,7,0,0,0.014678945
CLM02872,1643,SUP-012,Wheel Speed Sensor,Wear,37491,27972,9,351,5,0,0,0.035267793
CLM02873,1613,SUP-084,Fuel/Water Separator,Corrosion,35454,9853,6,353,6,0,0,0.03305987
CLM02874,1018,SUP-016,Radiator Hose,Corrosion,48659,20406,11,303,2,0,0,0.031125586
CLM02875,1453,SUP-078,Wheel Bearing,Corrosion,13924,14135,6,118,7,0,0,0.0014946132
CLM02876,1481,SUP-080,Radiator Hose,Sensor Failure,17023,25548,15,35,1,0,0,0.0016504738
CLM02877,1593,SUP-059,V-Belt,Leak,29508,22744,13,356,5,0,0,0.0015746631
CLM02878,1396,SUP-049,Fuel/Water Separator,Corrosion,29468,18910,6,320,9,0,0,0.0015884925
CLM02879,1278,SUP-063,Fuel/Water Separator,Wear,29379,10329,15,218,7,0,0,0.0015019476
CLM02880,1850,SUP-062,Wheel Speed Sensor,Misalignment,26929,4048,6,268,9,0,0,0.0015791745
CLM02881,1364,SUP-049,Fuel/Water Separator,Corrosion,38007,27316,16,181,9,1,1,99.69805
CLM02882,1330,SUP-051,Brake Chamber,Sensor Failure,42313,27430,1,44,1,0,0,0.034258578
CLM02883,1640,SUP-033,Relay Valve,Sensor Failure,17664,16401,6,174,8,0,0,0.0015304505
CLM02884,1343,SUP-030,Wheel Speed Sensor,Misalignment,14633,16666,16,267,7,0,0,0.026746165
CLM02885,1821,SUP-059,Relay Valve,Corrosion,45337,13546,1,198,2,0,0,0.031983845
CLM02886,1454,SUP-076,V-Belt,Breakage,5932,17789,7,345,3,0,0,0.0015272212
CLM02887,1600,SUP-015,Air Filter,Misalignment,17205,23248,10,302,6,0,0,0.001621734
CLM02888,1724,SUP-082,Radiator Hose,Leak,20934,15007,8,315,3,0,0,0.0015244825
CLM02889,1654,SUP-092,U-Joint,Wear,6183,1683,5,99,8,0,0,0.0015898126
CLM02890,1064,SUP-023,Fuel/Water Separator,Wear,21251,10911,18,210,4,0,0,0.07057771
CLM02891,1075,SUP-078,Radiator Hose,Wear,21744,12336,4,200,7,0,0,0.0015788373
CLM02892,1710,SUP-094,U-Joint,Wear,3053,1588,16,308,4,0,0,0.030213144
CLM02893,1142,SUP-097,V-Belt,Sensor Failure,38776,1692,10,304,2,0,0,0.028470302
CLM02894,1916,SUP-045,V-Belt,Leak,9359,19012,16,334,7,0,0,0.029281091
CLM02895,1914,SUP-062,Air Filter,Corrosion,48458,5887,8,147,8,0,0,0.028758852
CLM02896,1827,SUP-079,Wheel Speed Sensor,Corrosion,46905,20335,19,212,1,1,1,99.87203
CLM02897,1604,SUP-071,Radiator Hose,Breakage,35934,28917,1,358,5,0,0,0.034828488
CLM02898,1472,SUP-015,Radiator Hose,Corrosion,41874,14908,9,32,8,0,0,0.032728367
CLM02899,1416,SUP-046,Fuel/Water Separator,Leak,13461,831,6,346,1,0,0,0.0015694159
CLM02900,1304,SUP-064,V-Belt,Corrosion,44966,9903,13,156,3,0,0,0.029684583
CLM02901,1735,SUP-046,U-Joint,Sensor Failure,22566,17932,13,76,2,0,0,0.0015256956
CLM02902,1496,SUP-056,Wheel Bearing,Misalignment,46006,12780,18,202,3,1,1,99.8759
CLM02903,1290,SUP-044,Air Filter,Corrosion,28516,2775,14,227,3,0,0,0.0015215297
CLM02904,1939,SUP-075,Wheel Speed Sensor,Wear,36413,5737,2,289,3,0,0,0.029295275
CLM02905,1101,SUP-029,Wheel Bearing,Wear,48313,13919,16,142,1,1,1,99.689804
CLM02906,1985,SUP-095,Brake Chamber,Misalignment,47064,6885,17,104,3,1,1,99.84812
CLM02907,1266,SUP-062,Relay Valve,Wear,32469,18518,16,215,2,1,1,99.50947
CLM02908,1866,SUP-089,Air Filter,Wear,5627,28681,14,309,9,0,0,0.0015941303
CLM02909,1967,SUP-052,U-Joint,Sensor Failure,12191,8148,13,108,8,0,0,0.0015019275
CLM02910,1621,SUP-054,Wheel Bearing,Sensor Failure,34973,1002,16,298,6,1,1,99.72631
CLM02911,1973,SUP-088,U-Joint,Sensor Failure,7703,4069,1,292,7,0,0,0.0015324515
CLM02912,1841,SUP-057,Fuel/Water Separator,Corrosion,17611,9771,17,25,1,0,0,0.06760554
CLM02913,1961,SUP-083,Air Filter,Misalignment,46669,7816,1,229,7,0,0,0.032279883
CLM02914,1941,SUP-066,V-Belt,Wear,35904,26410,10,115,8,0,0,0.032037463
CLM02915,1776,SUP-022,Wheel Speed Sensor,Breakage,24695,21531,5,342,8,0,0,0.0016066711
CLM02916,1002,SUP-020,U-Joint,Misalignment,45691,20902,7,208,6,0,0,0.029280087
CLM02917,1084,SUP-033,Radiator Hose,Breakage,7958,4716,4,190,7,0,0,0.0016010272
CLM02918,1793,SUP-072,Wheel Bearing,Wear,17633,6391,1,215,2,0,0,0.0014956
CLM02919,1327,SUP-025,Radiator Hose,Leak,3272,10765,1,9,4,0,0,0.0015239664
CLM02920,1815,SUP-046,U-Joint,Misalignment,23422,29130,10,107,8,0,0,0.0016087365
CLM02921,1449,SUP-073,Wheel Bearing,Corrosion,4018,22115,3,227,4,0,0,0.0015686244
CLM02922,1453,SUP-098,V-Belt,Breakage,13960,16815,5,221,8,0,0,0.0014510852
CLM02923,1923,SUP-057,Relay Valve,Misalignment,3215,25098,13,206,4,0,0,0.0015979506
CLM02924,1628,SUP-087,Relay Valve,Misalignment,35925,24732,9,325,9,0,0,0.034650076
CLM02925,1220,SUP-005,Fuel/Water Separator,Sensor Failure,19180,26925,8,181,1,0,0,0.00151015
CLM02926,1153,SUP-055,Brake Chamber,Leak,20628,24315,11,326,6,0,0,0.0015877504
CLM02927,1664,SUP-061,Relay Valve,Sensor Failure,16870,10855,14,129,1,0,0,0.001506495
CLM02928,1011,SUP-089,Brake Chamber,Leak,1296,979,8,287,6,0,0,0.0015815258
CLM02929,1132,SUP-008,Wheel Bearing,Leak,35695,19238,10,173,4,0,0,0.035574302
CLM02930,1993,SUP-016,Relay Valve,Corrosion,15578,15066,3,156,8,0,0,0.0015140219
CLM02931,1303,SUP-048,U-Joint,Misalignment,14554,27824,4,102,8,0,0,0.0015979522
CLM02932,1292,SUP-061,V-Belt,Sensor Failure,41189,11231,12,116,9,0,0,0.030684602
CLM02933,1974,SUP-015,U-Joint,Sensor Failure,22585,21748,9,168,7,0,0,0.0015380515
CLM02934,1299,SUP-065,U-Joint,Breakage,35225,18027,11,4,8,0,0,0.03404503
CLM02935,1739,SUP-022,Brake Chamber,Misalignment,4546,2833,11,198,3,0,0,0.0016090249
CLM02936,1782,SUP-003,Wheel Speed Sensor,Wear,47622,21967,16,204,4,1,1,99.71608
CLM02937,1042,SUP-054,Relay Valve,Wear,47083,24836,13,62,4,0,0,0.02948517
CLM02938,1943,SUP-014,V-Belt,Breakage,41129,24458,14,71,6,0,0,0.0314363
CLM02939,1342,SUP-036,V-Belt,Leak,28703,15725,7,92,7,0,0,0.0014666353
CLM02940,1325,SUP-082,Radiator Hose,Breakage,4664,22155,12,176,9,0,0,0.0015348868
CLM02941,1813,SUP-082,U-Joint,Breakage,27165,19529,19,185,6,0,0,0.07131796
CLM02942,1497,SUP-067,V-Belt,Sensor Failure,32099,22328,8,56,2,0,0,0.019670542
CLM02943,1363,SUP-010,Wheel Bearing,Breakage,41422,15692,4,67,7,0,0,0.03339992
CLM02944,1890,SUP-049,Air Filter,Leak,17479,6567,17,63,9,0,0,0.07440013
CLM02945,1426,SUP-065,U-Joint,Wear,43319,17722,2,41,8,0,0,0.032695495
CLM02946,1020,SUP-091,Brake Chamber,Corrosion,7140,24297,13,231,4,0,0,0.0015352643
CLM02947,1406,SUP-057,U-Joint,Misalignment,18736,26925,7,151,2,0,0,0.001618613
CLM02948,1618,SUP-027,V-Belt,Breakage,23141,8691,18,175,8,0,0,0.07125058
CLM02949,1335,SUP-075,Fuel/Water Separator,Misalignment,22628,13705,10,321,6,0,0,0.0016005342
CLM02950,1814,SUP-005,Wheel Bearing,Breakage,47862,28462,4,226,8,0,0,0.030713372
CLM02951,1116,SUP-071,Wheel Bearing,Misalignment,28243,5535,8,97,9,0,0,0.0016832057
CLM02952,1123,SUP-083,Relay Valve,Sensor Failure,18214,11544,13,228,3,0,0,0.0015987203
CLM02953,1398,SUP-057,Brake Chamber,Sensor Failure,18989,2709,14,36,8,0,0,0.0016127995
CLM02954,1792,SUP-093,Relay Valve,Misalignment,22029,10084,17,14,8,0,0,0.07191851
CLM02955,1803,SUP-015,Wheel Speed Sensor,Breakage,45770,11948,12,165,5,0,0,0.03341505
CLM02956,1714,SUP-099,Air Filter,Breakage,8937,21932,4,181,6,0,0,0.0015601623
CLM02957,1050,SUP-076,Radiator Hose,Leak,30703,2459,9,193,5,0,0,0.012269787
CLM02958,1782,SUP-030,Wheel Bearing,Wear,46618,775,15,303,6,0,0,0.034540974
CLM02959,1323,SUP-020,Brake Chamber,Wear,40284,21508,15,199,1,0,0,0.0317938
CLM02960,1788,SUP-037,Brake Chamber,Corrosion,17605,26535,18,336,2,0,0,0.07145168
CLM02961,1140,SUP-003,Radiator Hose,Wear,26106,28407,6,246,8,0,0,0.0016939513
CLM02962,1469,SUP-073,Radiator Hose,Corrosion,7493,26034,2,14,1,0,0,0.0016278158
CLM02963,1786,SUP-041,Relay Valve,Sensor Failure,33502,2341,9,79,9,0,0,0.03702466
CLM02964,1801,SUP-039,U-Joint,Corrosion,33335,12751,5,1,7,0,0,0.03338534
CLM02965,1333,SUP-026,Wheel Speed Sensor,Corrosion,26957,21029,12,275,1,0,0,0.0015883606
CLM02966,1892,SUP-002,Wheel Speed Sensor,Wear,5117,16131,5,314,5,0,0,0.0015361313
CLM02967,1963,SUP-023,V-Belt,Breakage,39176,14046,12,135,2,0,0,0.024492584
CLM02968,1372,SUP-023,Wheel Speed Sensor,Sensor Failure,34521,15419,15,333,1,0,0,0.02622223
CLM02969,1563,SUP-085,Brake Chamber,Leak,13501,6175,2,115,1,0,0,0.0015441228
CLM02970,1493,SUP-016,Wheel Speed Sensor,Corrosion,2188,23941,11,64,5,0,0,0.0016496619
CLM02971,1538,SUP-009,Wheel Speed Sensor,Corrosion,48243,25065,19,274,4,1,1,99.882195
CLM02972,1668,SUP-013,Wheel Bearing,Misalignment,33113,12069,17,196,5,1,1,99.87692
CLM02973,1750,SUP-028,V-Belt,Corrosion,42368,11216,18,306,6,1,1,99.87072
CLM02974,1155,SUP-027,Brake Chamber,Breakage,44445,17371,10,324,1,0,0,0.030447973
CLM02975,1290,SUP-051,Radiator Hose,Leak,1796,19011,5,91,2,0,0,0.0015957821
CLM02976,1647,SUP-064,Relay Valve,Misalignment,48116,5905,17,272,2,1,1,99.87441
CLM02977,1143,SUP-052,Air Filter,Wear,15836,23588,1,78,5,0,0,0.0016258595
CLM02978,1105,SUP-081,Relay Valve,Sensor Failure,6145,7765,13,237,9,0,0,0.0015751797
CLM02979,1419,SUP-038,U-Joint,Breakage,37939,6097,2,312,7,0,0,0.03618754
CLM02980,1669,SUP-100,Air Filter,Leak,9175,2440,17,14,4,0,0,0.07559616
CLM02981,1657,SUP-065,Fuel/Water Separator,Sensor Failure,2514,11145,15,170,5,0,0,0.0015139655
CLM02982,1001,SUP-018,V-Belt,Wear,16451,29090,8,109,7,0,0,0.0015395499
CLM02983,1944,SUP-063,Radiator Hose,Sensor Failure,38704,12489,2,326,9,0,0,0.027394932
CLM02984,1588,SUP-051,Relay Valve,Misalignment,49393,8235,8,318,7,0,0,0.03317587
CLM02985,1643,SUP-009,Wheel Speed Sensor,Corrosion,17882,4850,5,43,2,0,0,0.00156032
CLM02986,1089,SUP-013,V-Belt,Corrosion,12433,1459,17,313,4,0,0,0.07532071
CLM02987,1344,SUP-040,Wheel Speed Sensor,Breakage,2369,16527,4,358,4,0,0,0.0015101702
CLM02988,1349,SUP-055,V-Belt,Sensor Failure,15068,7130,12,75,9,0,0,0.0015855563
CLM02989,1458,SUP-079,V-Belt,Corrosion,42658,6292,18,307,8,1,1,99.885284
CLM02990,1262,SUP-043,U-Joint,Breakage,9116,3063,6,241,6,0,0,0.0015805546
CLM02991,1350,SUP-044,Wheel Bearing,Breakage,44687,963,5,323,8,0,0,0.03462554
CLM02992,1107,SUP-068,Wheel Speed Sensor,Misalignment,27826,10628,19,80,7,0,0,0.06766752
CLM02993,1585,SUP-033,Wheel Speed Sensor,Breakage,44453,24555,5,172,8,0,0,0.035176992
CLM02994,1038,SUP-024,Wheel Speed Sensor,Wear,32237,29207,10,316,7,0,0,0.019996103
CLM02995,1908,SUP-036,U-Joint,Corrosion,6364,25091,19,259,2,0,0,0.072708696
CLM02996,1158,SUP-010,Relay Valve,Corrosion,1090,29146,4,328,6,0,0,0.0015877504
CLM02997,1582,SUP-100,Brake Chamber,Leak,13086,1418,13,114,4,0,0,0.0015604927
CLM02998,1958,SUP-020,Wheel Speed Sensor,Wear,12389,6587,13,336,4,0,0,0.001544345
CLM02999,1311,SUP-075,Relay Valve,Corrosion,17855,2113,17,111,6,0,0,0.07076676
CLM03000,1240,SUP-012,Wheel Bearing,Misalignment,39852,9514,18,310,8,1,1,99.88634
CLM03001,1937,SUP-062,Wheel Speed Sensor,Corrosion,43225,2620,19,2,5,1,1,99.87398
CLM03002,1444,SUP-018,Radiator Hose,Leak,28384,3891,17,29,3,0,0,0.07225309
CLM03003,1297,SUP-094,Fuel/Water Separator,Sensor Failure,2111,10658,3,272,1,0,0,0.0014639004
CLM03004,1951,SUP-063,Wheel Speed Sensor,Sensor Failure,34365,2381,13,247,5,0,0,0.028321994
CLM03005,1035,SUP-084,Brake Chamber,Wear,12408,9431,13,221,3,0,0,0.0014652371
CLM03006,1083,SUP-025,Radiator Hose,Breakage,25002,24246,3,95,3,0,0,0.0016392738
CLM03007,1451,SUP-012,U-Joint,Leak,18738,13545,2,234,4,0,0,0.0015500111
CLM03008,1885,SUP-021,Fuel/Water Separator,Leak,41645,21885,15,315,9,0,0,0.034220096
CLM03009,1774,SUP-025,U-Joint,Corrosion,13138,11758,3,243,4,0,0,0.0015632735
CLM03010,1821,SUP-011,Brake Chamber,Misalignment,12427,7756,16,24,5,0,0,0.029939419
CLM03011,1384,SUP-064,Fuel/Water Separator,Corrosion,11896,4343,10,339,5,0,0,0.0016174419
CLM03012,1171,SUP-073,Brake Chamber,Misalignment,3389,25873,2,160,1,0,0,0.0015994401
CLM03013,1375,SUP-050,U-Joint,Leak,16360,6629,15,330,7,0,0,0.0016110962
CLM03014,1684,SUP-062,Fuel/Water Separator,Breakage,37843,3710,8,182,2,0,0,0.03284092
CLM03015,1361,SUP-089,Air Filter,Sensor Failure,29226,26662,13,241,6,0,0,0.0016149742
CLM03016,1558,SUP-099,Relay Valve,Wear,17847,12422,1,184,4,0,0,0.0015237312
CLM03017,1890,SUP-096,Fuel/Water Separator,Misalignment,48565,10469,2,352,5,0,0,0.030791124
CLM03018,1140,SUP-049,Brake Chamber,Sensor Failure,18456,6016,9,343,5,0,0,0.0015754425
CLM03019,1886,SUP-014,Brake Chamber,Wear,6446,15788,19,353,4,0,0,0.06047722
CLM03020,1917,SUP-001,Wheel Bearing,Breakage,17857,3031,12,350,2,0,0,0.0014586662
CLM03021,1117,SUP-081,Brake Chamber,Leak,38751,11126,12,94,8,0,0,0.03538354
CLM03022,1276,SUP-025,V-Belt,Breakage,34706,22371,10,327,1,0,0,0.027764132
CLM03023,1725,SUP-059,Relay Valve,Misalignment,15703,28993,19,208,9,0,0,0.07570466
CLM03024,1219,SUP-072,U-Joint,Leak,18694,21437,10,53,6,0,0,0.0016443325
CLM03025,1904,SUP-069,Radiator Hose,Corrosion,40959,11161,19,94,4,1,1,99.86631
CLM03026,1025,SUP-005,Wheel Bearing,Wear,16058,19163,9,98,6,0,0,0.0015244404
CLM03027,1520,SUP-099,Brake Chamber,Corrosion,5056,10059,5,118,9,0,0,0.001490659
CLM03028,1782,SUP-019,V-Belt,Leak,13855,11459,3,290,9,0,0,0.0015181222
CLM03029,1009,SUP-023,Wheel Bearing,Wear,24488,7805,19,317,3,0,0,0.07318973
CLM03030,1983,SUP-009,V-Belt,Wear,16772,26473,4,358,8,0,0,0.0015161632
CLM03031,1377,SUP-094,Wheel Bearing,Corrosion,24116,22440,14,61,1,0,0,0.0016504738
CLM03032,1632,SUP-050,Brake Chamber,Wear,34027,654,6,252,9,0,0,0.034682035
CLM03033,1636,SUP-016,V-Belt,Leak,2656,11878,13,248,7,0,0,0.0015045581
CLM03034,1681,SUP-033,Fuel/Water Separator,Misalignment,44915,26191,7,264,7,0,0,0.03708033
CLM03035,1583,SUP-002,Radiator Hose,Misalignment,29855,14157,12,54,6,0,0,0.0015372966
CLM03036,1151,SUP-014,U-Joint,Leak,45079,20549,14,181,1,0,0,0.030544648
CLM03037,1719,SUP-001,Radiator Hose,Corrosion,40058,28672,13,148,2,0,0,0.035111025
CLM03038,1048,SUP-090,U-Joint,Breakage,6913,23611,11,46,3,0,0,0.0015533627
CLM03039,1153,SUP-058,Air Filter,Leak,8973,17998,6,118,1,0,0,0.0015381455
CLM03040,1858,SUP-089,Relay Valve,Misalignment,17975,1199,7,93,5,0,0,0.0015817308
CLM03041,1292,SUP-016,Air Filter,Leak,43392,8065,10,31,5,0,0,0.030605977
CLM03042,1579,SUP-079,Wheel Speed Sensor,Wear,14305,12892,15,213,6,0,0,0.0015304505
CLM03043,1049,SUP-090,Brake Chamber,Wear,11679,23839,9,154,7,0,0,0.0015420348
CLM03044,1663,SUP-047,Fuel/Water Separator,Leak,22961,7609,3,278,9,0,0,0.0015991123
CLM03045,1530,SUP-044,Fuel/Water Separator,Corrosion,1228,9287,5,313,7,0,0,0.001569784
CLM03046,1611,SUP-080,Radiator Hose,Breakage,16643,17897,10,104,6,0,0,0.0015950518
CLM03047,1059,SUP-014,U-Joint,Wear,28355,25615,15,154,9,0,0,0.0015981107
CLM03048,1166,SUP-093,Air Filter,Misalignment,43328,16138,3,273,2,0,0,0.0318938
CLM03049,1201,SUP-024,Fuel/Water Separator,Wear,19008,511,18,345,6,0,0,0.06902879
CLM03050,1856,SUP-055,Air Filter,Misalignment,24474,10635,3,357,5,0,0,0.0014960207
CLM03051,1145,SUP-015,Relay Valve,Breakage,4979,7974,7,155,6,0,0,0.0015815829
CLM03052,1914,SUP-083,Relay Valve,Wear,47343,21343,14,323,1,0,0,0.023262626
CLM03053,1675,SUP-072,U-Joint,Corrosion,1739,1161,16,56,5,0,0,0.030661264
CLM03054,1969,SUP-034,Wheel Speed Sensor,Misalignment,40289,14129,19,280,8,1,1,99.87588
CLM03055,1992,SUP-002,Fuel/Water Separator,Wear,20558,21517,4,25,3,0,0,0.001608235
CLM03056,1438,SUP-027,Air Filter,Wear,38817,7881,3,266,3,0,0,0.0323674
CLM03057,1241,SUP-074,Air Filter,Leak,27646,29485,3,292,7,0,0,0.0015877504
CLM03058,1580,SUP-099,Relay Valve,Corrosion,39154,22458,9,234,7,0,0,0.03406301
CLM03059,1686,SUP-087,Brake Chamber,Corrosion,33272,10114,4,210,2,0,0,0.029866036
CLM03060,1560,SUP-072,U-Joint,Leak,38339,6371,19,125,8,1,1,99.88808
CLM03061,1482,SUP-092,Air Filter,Misalignment,49055,26321,11,173,5,0,0,0.029875094
CLM03062,1107,SUP-023,Relay Valve,Sensor Failure,15260,1079,15,118,9,0,0,0.0016022812
CLM03063,1225,SUP-068,Relay Valve,Breakage,7594,25337,4,314,1,0,0,0.0015883606
CLM03064,1672,SUP-014,V-Belt,Corrosion,14185,17379,8,83,4,0,0,0.0014294593
CLM03065,1630,SUP-063,Air Filter,Sensor Failure,13572,15458,2,82,8,0,0,0.0014933011
CLM03066,1660,SUP-093,V-Belt,Misalignment,41248,4725,18,23,9,1,1,99.88122
CLM03067,1976,SUP-065,Relay Valve,Breakage,18569,13970,3,136,9,0,0,0.0015022055
CLM03068,1661,SUP-068,Brake Chamber,Corrosion,17973,13579,3,306,1,0,0,0.0015244825
CLM03069,1431,SUP-063,Brake Chamber,Wear,5217,16150,19,89,1,0,0,0.06896964
CLM03070,1804,SUP-096,V-Belt,Corrosion,8648,22818,12,299,7,0,0,0.0015422495
CLM03071,1654,SUP-097,Relay Valve,Breakage,18519,14354,14,352,6,0,0,0.0015835902
CLM03072,1418,SUP-090,V-Belt,Sensor Failure,47318,2636,13,211,7,0,0,0.035614923
CLM03073,1987,SUP-081,U-Joint,Wear,32953,5563,16,82,8,1,1,99.67816
CLM03074,1454,SUP-087,V-Belt,Breakage,20804,22335,17,96,6,0,0,0.07362457
CLM03075,1159,SUP-064,Wheel Speed Sensor,Misalignment,11750,25705,18,46,7,0,0,0.07705164
CLM03076,1522,SUP-032,Air Filter,Breakage,1001,25581,13,360,7,0,0,0.0015909923
CLM03077,1649,SUP-079,Wheel Bearing,Corrosion,18275,24181,13,271,7,0,0,0.0016007081
CLM03078,1968,SUP-013,Relay Valve,Misalignment,8882,17090,8,49,2,0,0,0.0015135801
CLM03079,1589,SUP-066,Brake Chamber,Leak,46854,12123,7,149,3,0,0,0.030099206
CLM03080,1076,SUP-019,Fuel/Water Separator,Leak,13748,3630,8,75,9,0,0,0.0016369476
CLM03081,1508,SUP-024,Air Filter,Wear,33601,15955,17,221,1,1,1,99.86033
CLM03082,1440,SUP-088,Wheel Bearing,Breakage,28575,18738,1,224,8,0,0,0.0016133486
CLM03083,1253,SUP-011,Wheel Speed Sensor,Sensor Failure,33369,22462,3,6,7,0,0,0.035474803
CLM03084,1920,SUP-059,Fuel/Water Separator,Wear,45617,5764,4,55,6,0,0,0.03218324
CLM03085,1769,SUP-086,Brake Chamber,Misalignment,16317,7977,19,339,1,0,0,0.07233966
CLM03086,1319,SUP-015,Wheel Speed Sensor,Wear,46109,18544,2,332,9,0,0,0.03266886
CLM03087,1802,SUP-010,Brake Chamber,Corrosion,29318,24968,11,15,2,0,0,0.0015754787
CLM03088,1262,SUP-041,Brake Chamber,Misalignment,47546,27657,11,11,5,0,0,0.033876833
CLM03089,1596,SUP-027,Relay Valve,Sensor Failure,37972,8048,19,167,9,1,1,99.88882
CLM03090,1657,SUP-060,Fuel/Water Separator,Breakage,42239,16212,2,74,8,0,0,0.033597622
CLM03091,1834,SUP-073,U-Joint,Misalignment,23168,5479,5,307,4,0,0,0.0015432837
CLM03092,1553,SUP-052,V-Belt,Breakage,19082,5546,19,165,8,0,0,0.073804826
CLM03093,1373,SUP-028,V-Belt,Breakage,12079,8976,9,185,9,0,0,0.0014830418
CLM03094,1636,SUP-065,Air Filter,Wear,3884,1218,7,88,5,0,0,0.0015785526
CLM03095,1166,SUP-017,Brake Chamber,Corrosion,28861,29064,12,243,1,0,0,0.0016033055
CLM03096,1936,SUP-095,Air Filter,Wear,37347,9193,19,356,6,1,1,99.85266
CLM03097,1752,SUP-044,Fuel/Water Separator,Leak,8195,17141,18,65,4,0,0,0.074758075
CLM03098,1458,SUP-010,Brake Chamber,Leak,3251,21789,18,273,6,0,0,0.07497207
CLM03099,1998,SUP-063,Brake Chamber,Breakage,5640,14887,9,191,1,0,0,0.0014381064
CLM03100,1279,SUP-093,Wheel Bearing,Corrosion,19740,19481,2,142,4,0,0,0.001547698
CLM03101,1699,SUP-082,V-Belt,Misalignment,49761,10614,2,38,5,0,0,0.028420834
CLM03102,1301,SUP-047,Fuel/Water Separator,Breakage,13815,8512,15,153,6,0,0,0.0015125484
CLM03103,1530,SUP-038,Wheel Speed Sensor,Misalignment,43891,26315,16,37,5,1,1,99.71981
CLM03104,1579,SUP-070,Wheel Speed Sensor,Breakage,42968,16305,14,227,2,0,0,0.03093377
CLM03105,1217,SUP-076,U-Joint,Wear,30913,28370,19,342,3,1,1,99.54173
CLM03106,1101,SUP-053,Radiator Hose,Breakage,13904,23682,15,252,5,0,0,0.001566893
CLM03107,1553,SUP-078,Fuel/Water Separator,Breakage,19462,3513,3,135,7,0,0,0.0016560726
CLM03108,1287,SUP-044,Radiator Hose,Corrosion,36482,22108,6,11,4,0,0,0.035224345
CLM03109,1166,SUP-074,Wheel Bearing,Corrosion,7947,21501,6,202,6,0,0,0.0015635567
CLM03110,1620,SUP-054,Wheel Speed Sensor,Misalignment,2338,21948,9,334,9,0,0,0.0016067555
CLM03111,1035,SUP-020,Fuel/Water Separator,Corrosion,13782,14565,11,238,7,0,0,0.0014915137
CLM03112,1743,SUP-079,Brake Chamber,Breakage,21073,1387,4,308,3,0,0,0.0015950518
CLM03113,1740,SUP-031,Relay Valve,Corrosion,7614,12146,14,69,5,0,0,0.0015043315
CLM03114,1352,SUP-007,U-Joint,Corrosion,1741,24165,13,170,9,0,0,0.0015226619
CLM03115,1675,SUP-058,Wheel Speed Sensor,Sensor Failure,31210,1244,15,71,5,0,0,0.015117782
CLM03116,1898,SUP-010,Air Filter,Sensor Failure,1733,24120,17,271,3,0,0,0.07255338
CLM03117,1072,SUP-010,Air Filter,Leak,14944,20320,8,149,8,0,0,0.0016136548
CLM03118,1647,SUP-039,Relay Valve,Wear,2806,22047,11,82,7,0,0,0.001629355
CLM03119,1352,SUP-028,Wheel Speed Sensor,Wear,14285,2204,11,1,5,0,0,0.0015598736
CLM03120,1890,SUP-030,Fuel/Water Separator,Corrosion,44338,25286,16,10,5,1,1,99.6898
CLM03121,1069,SUP-037,Brake Chamber,Leak,12457,15111,3,147,1,0,0,0.0015450183
CLM03122,1424,SUP-067,U-Joint,Leak,2753,4564,15,298,8,0,0,0.0016110962
CLM03123,1998,SUP-043,Air Filter,Misalignment,41126,5726,13,94,6,0,0,0.03076589
CLM03124,1707,SUP-079,Relay Valve,Sensor Failure,15587,18840,7,297,5,0,0,0.0015532116
CLM03125,1780,SUP-085,Brake Chamber,Leak,6857,11218,5,233,7,0,0,0.0015479726
CLM03126,1560,SUP-052,Air Filter,Breakage,34792,18586,12,148,2,0,0,0.03215904
CLM03127,1827,SUP-056,Fuel/Water Separator,Misalignment,43442,15040,3,124,3,0,0,0.034176312
CLM03128,1641,SUP-076,Brake Chamber,Corrosion,23148,4714,12,268,9,0,0,0.0016042077
CLM03129,1955,SUP-068,Fuel/Water Separator,Breakage,37322,25561,5,248,5,0,0,0.03378143
CLM03130,1516,SUP-009,U-Joint,Wear,10971,27232,19,98,6,0,0,0.075453475
CLM03131,1427,SUP-092,Brake Chamber,Sensor Failure,12908,19385,19,106,8,0,0,0.061097536
CLM03132,1538,SUP-023,U-Joint,Breakage,22202,12002,1,166,3,0,0,0.0014809938
CLM03133,1159,SUP-063,Relay Valve,Corrosion,27692,5627,12,113,1,0,0,0.0015083596
CLM03134,1148,SUP-061,Wheel Speed Sensor,Breakage,5566,21491,6,58,4,0,0,0.0016371132
CLM03135,1775,SUP-040,Wheel Bearing,Breakage,32019,9758,18,246,2,1,1,99.73017
CLM03136,1229,SUP-044,U-Joint,Leak,15022,14620,16,267,9,0,0,0.028350469
CLM03137,1711,SUP-086,Fuel/Water Separator,Sensor Failure,44925,29303,11,339,4,0,0,0.033039045
CLM03138,1561,SUP-024,Air Filter,Wear,44720,16577,10,176,9,0,0,0.03251434
CLM03139,1066,SUP-051,U-Joint,Corrosion,40662,10507,3,296,7,0,0,0.032584377
CLM03140,1811,SUP-058,Air Filter,Misalignment,28030,11490,18,114,7,0,0,0.070396945
CLM03141,1380,SUP-090,Relay Valve,Misalignment,40850,16648,12,94,1,0,0,0.030507307
CLM03142,1057,SUP-094,V-Belt,Corrosion,45714,7037,14,250,2,0,0,0.028452635
CLM03143,1258,SUP-033,Brake Chamber,Wear,20752,28705,4,355,7,0,0,0.0015788899
CLM03144,1341,SUP-016,Air Filter,Corrosion,36397,20940,10,68,5,0,0,0.03569034
CLM03145,1837,SUP-022,Air Filter,Leak,26104,17081,7,149,7,0,0,0.0015514573
CLM03146,1129,SUP-057,Brake Chamber,Misalignment,21616,8131,16,5,3,0,0,0.029379439
CLM03147,1726,SUP-062,V-Belt,Misalignment,31938,28447,9,246,8,0,0,0.018879943
CLM03148,1171,SUP-082,Fuel/Water Separator,Breakage,7661,13007,3,164,4,0,0,0.0015471771
CLM03149,1769,SUP-071,Wheel Speed Sensor,Leak,27047,5463,2,250,8,0,0,0.0015802607
CLM03150,1613,SUP-090,Air Filter,Misalignment,40043,24852,6,135,6,0,0,0.035742
CLM03151,1208,SUP-072,V-Belt,Leak,43995,14929,10,184,9,0,0,0.028364774
CLM03152,1802,SUP-070,V-Belt,Leak,47442,18199,4,287,6,0,0,0.030541824
CLM03153,1353,SUP-030,Relay Valve,Wear,26943,23180,4,212,4,0,0,0.0015686244
CLM03154,1470,SUP-023,Air Filter,Misalignment,35487,27648,10,25,3,0,0,0.033858977
CLM03155,1797,SUP-032,U-Joint,Sensor Failure,10233,24986,10,358,4,0,0,0.0015200867
CLM03156,1115,SUP-086,Fuel/Water Separator,Wear,4487,21746,13,184,7,0,0,0.0016258036
CLM03157,1263,SUP-057,V-Belt,Wear,25559,26257,6,217,8,0,0,0.0016132424
CLM03158,1661,SUP-009,Relay Valve,Leak,6844,3841,7,337,2,0,0,0.001551663
CLM03159,1811,SUP-031,Relay Valve,Sensor Failure,42519,15653,5,335,9,0,0,0.03220666
CLM03160,1441,SUP-071,Brake Chamber,Wear,27140,8247,15,162,7,0,0,0.0015419507
CLM03161,1547,SUP-009,Air Filter,Sensor Failure,12416,8948,8,172,7,0,0,0.0015339736
CLM03162,1452,SUP-013,V-Belt,Misalignment,23859,11440,10,363,4,0,0,0.0015206725
CLM03163,1844,SUP-058,Fuel/Water Separator,Leak,23253,3062,12,7,7,0,0,0.0016366823
CLM03164,1476,SUP-003,U-Joint,Wear,40230,16096,17,103,2,1,1,99.86824
CLM03165,1286,SUP-035,Wheel Bearing,Sensor Failure,19184,18551,16,307,3,0,0,0.029867917
CLM03166,1302,SUP-097,Wheel Bearing,Corrosion,28846,23198,1,153,2,0,0,0.001581191
CLM03167,1310,SUP-021,U-Joint,Wear,31221,6913,4,238,5,0,0,0.014862363
CLM03168,1207,SUP-064,V-Belt,Wear,43771,19532,8,170,1,0,0,0.027083501
CLM03169,1617,SUP-095,Air Filter,Wear,22459,6234,6,311,2,0,0,0.001551663
CLM03170,1445,SUP-052,Fuel/Water Separator,Sensor Failure,16498,9328,10,294,6,0,0,0.0015535997
CLM03171,1669,SUP-034,Brake Chamber,Breakage,5262,27898,18,56,6,0,0,0.07821159
CLM03172,1632,SUP-096,Air Filter,Misalignment,33914,25083,13,92,8,0,0,0.037488334
CLM03173,1054,SUP-035,Wheel Speed Sensor,Wear,46500,18463,5,162,9,0,0,0.033359062
CLM03174,1911,SUP-015,Air Filter,Corrosion,35885,24499,12,157,9,0,0,0.03211737
CLM03175,1011,SUP-096,Air Filter,Corrosion,39215,17018,18,176,7,1,1,99.87055
CLM03176,1656,SUP-006,V-Belt,Leak,22398,28907,8,72,1,0,0,0.0016334063
CLM03177,1399,SUP-085,Brake Chamber,Breakage,44623,4620,14,77,4,0,0,0.033719845
CLM03178,1907,SUP-097,V-Belt,Breakage,30924,3012,15,46,7,0,0,0.013477553
CLM03179,1647,SUP-032,Radiator Hose,Sensor Failure,1318,22989,5,293,2,0,0,0.0015910562
CLM03180,1979,SUP-052,Brake Chamber,Leak,13161,29545,5,247,9,0,0,0.0016091291
CLM03181,1514,SUP-083,V-Belt,Sensor Failure,13323,27319,17,3,1,0,0,0.07534813
CLM03182,1655,SUP-097,Wheel Bearing,Leak,6749,23731,13,334,9,0,0,0.0016013297
CLM03183,1541,SUP-028,Radiator Hose,Misalignment,34022,24932,17,224,7,1,1,99.8799
CLM03184,1236,SUP-095,Brake Chamber,Breakage,10528,23429,11,249,6,0,0,0.0015747471
CLM03185,1278,SUP-085,Wheel Speed Sensor,Misalignment,22441,27245,1,215,7,0,0,0.0015635567
CLM03186,1347,SUP-098,Fuel/Water Separator,Sensor Failure,9526,29943,13,77,2,0,0,0.0015957317
CLM03187,1626,SUP-064,Wheel Speed Sensor,Leak,45051,22916,18,231,2,1,1,99.88288
CLM03188,1103,SUP-079,Wheel Bearing,Breakage,38161,29730,6,50,3,0,0,0.035962004
CLM03189,1629,SUP-078,Wheel Bearing,Breakage,2044,12649,13,149,6,0,0,0.0015636611
CLM03190,1516,SUP-019,U-Joint,Wear,13765,1732,11,107,1,0,0,0.0015668361
CLM03191,1979,SUP-015,U-Joint,Sensor Failure,19175,12064,19,186,4,0,0,0.06728015
CLM03192,1871,SUP-006,Wheel Speed Sensor,Wear,49887,9645,9,287,8,0,0,0.032713924
CLM03193,1247,SUP-073,Air Filter,Breakage,1961,10230,13,7,8,0,0,0.0014997006
CLM03194,1363,SUP-084,V-Belt,Sensor Failure,4749,17791,15,313,5,0,0,0.0015179774
CLM03195,1320,SUP-098,Fuel/Water Separator,Sensor Failure,38333,16846,11,292,7,0,0,0.035167307
CLM03196,1632,SUP-038,Radiator Hose,Misalignment,41284,26756,16,342,5,1,1,99.7123
CLM03197,1285,SUP-026,Fuel/Water Separator,Corrosion,17973,26985,17,280,4,0,0,0.075614676
CLM03198,1148,SUP-082,Wheel Bearing,Leak,19372,6153,5,24,6,0,0,0.0015689341
CLM03199,1083,SUP-092,U-Joint,Corrosion,44799,5658,14,312,8,0,0,0.030490212
CLM03200,1965,SUP-051,Air Filter,Corrosion,44393,22810,15,213,1,0,0,0.028511235
CLM03201,1405,SUP-073,Relay Valve,Breakage,36757,4589,9,189,3,0,0,0.03290002
CLM03202,1977,SUP-096,Brake Chamber,Misalignment,39433,25694,14,77,4,0,0,0.033769097
CLM03203,1455,SUP-053,Relay Valve,Leak,5541,24663,10,124,5,0,0,0.0016031312
CLM03204,1742,SUP-056,Relay Valve,Corrosion,31678,22787,13,284,1,0,0,0.016312573
CLM03205,1799,SUP-059,U-Joint,Corrosion,19344,11480,17,160,9,0,0,0.07160177
CLM03206,1160,SUP-070,Relay Valve,Sensor Failure,46154,23974,1,333,8,0,0,0.033412468
CLM03207,1783,SUP-078,Radiator Hose,Breakage,9846,26985,14,224,2,0,0,0.0015849955
CLM03208,1459,SUP-092,Wheel Bearing,Corrosion,34846,19728,12,246,5,0,0,0.03170699
CLM03209,1549,SUP-058,Relay Valve,Leak,36842,4801,7,78,9,0,0,0.032564282
CLM03210,1499,SUP-088,Air Filter,Wear,43315,13370,3,96,3,0,0,0.032098547
CLM03211,1737,SUP-013,Brake Chamber,Wear,6029,25772,1,45,5,0,0,0.0016566934
CLM03212,1508,SUP-043,V-Belt,Breakage,17272,15247,13,69,9,0,0,0.0014545419
CLM03213,1653,SUP-076,U-Joint,Wear,49613,28480,2,99,6,0,0,0.03343828
CLM03214,1803,SUP-051,U-Joint,Sensor Failure,24770,4803,9,68,5,0,0,0.0016203227
CLM03215,1480,SUP-019,Wheel Speed Sensor,Sensor Failure,14104,9096,18,78,8,0,0,0.070503525
CLM03216,1662,SUP-021,Air Filter,Leak,16855,27511,4,146,5,0,0,0.0016099659
CLM03217,1113,SUP-091,Wheel Bearing,Misalignment,38524,26586,16,75,9,1,1,99.74927
CLM03218,1748,SUP-083,Radiator Hose,Breakage,38463,24433,6,339,3,0,0,0.033143025
CLM03219,1577,SUP-024,Air Filter,Breakage,1919,5462,3,2,1,0,0,0.00156032
CLM03220,1360,SUP-026,Fuel/Water Separator,Wear,43706,11010,11,157,4,0,0,0.032233693
CLM03221,1340,SUP-045,V-Belt,Corrosion,35526,12780,5,87,7,0,0,0.029861595
CLM03222,1769,SUP-028,Brake Chamber,Corrosion,35599,27560,1,250,3,0,0,0.029147705
CLM03223,1986,SUP-082,Wheel Speed Sensor,Misalignment,10363,1357,8,48,8,0,0,0.001589582
CLM03224,1760,SUP-100,Air Filter,Corrosion,15255,28805,19,254,2,0,0,0.07422808
CLM03225,1968,SUP-029,Wheel Speed Sensor,Misalignment,4810,19276,4,65,9,0,0,0.0015437577
CLM03226,1448,SUP-017,V-Belt,Leak,2440,29144,9,42,3,0,0,0.0016303358
CLM03227,1842,SUP-068,Relay Valve,Breakage,44879,7271,3,134,6,0,0,0.033389766
CLM03228,1834,SUP-044,Wheel Speed Sensor,Wear,2719,8059,5,315,7,0,0,0.001626413
CLM03229,1179,SUP-061,U-Joint,Leak,45213,21166,16,81,5,1,1,99.71876
CLM03230,1701,SUP-093,Relay Valve,Sensor Failure,1555,16903,8,19,5,0,0,0.0015305366
CLM03231,1406,SUP-068,Air Filter,Sensor Failure,43193,22341,6,364,1,0,0,0.03105735
CLM03232,1665,SUP-074,Brake Chamber,Sensor Failure,13112,2920,3,180,4,0,0,0.0016717548
CLM03233,1195,SUP-025,U-Joint,Misalignment,3297,11718,16,317,1,0,0,0.028894318
CLM03234,1465,SUP-095,V-Belt,Misalignment,2535,8423,8,120,9,0,0,0.0015552748
CLM03235,1310,SUP-067,Relay Valve,Breakage,15931,16950,13,335,9,0,0,0.001557485
CLM03236,1261,SUP-002,U-Joint,Sensor Failure,7282,3633,5,19,5,0,0,0.0016440519
CLM03237,1418,SUP-089,Relay Valve,Misalignment,29634,28633,6,353,5,0,0,0.0015916708
CLM03238,1405,SUP-049,Wheel Bearing,Misalignment,45262,1285,3,70,5,0,0,0.034903374
CLM03239,1938,SUP-070,Wheel Bearing,Corrosion,26485,14786,8,189,7,0,0,0.0015733811
CLM03240,1142,SUP-026,Relay Valve,Misalignment,35729,23649,4,94,6,0,0,0.03626808
CLM03241,1341,SUP-072,Relay Valve,Sensor Failure,25587,8235,17,150,2,0,0,0.06976241
CLM03242,1315,SUP-099,Wheel Bearing,Leak,34747,19016,8,124,3,0,0,0.035097536
CLM03243,1100,SUP-027,Air Filter,Sensor Failure,34040,26505,19,133,5,1,1,99.89111
CLM03244,1243,SUP-089,Wheel Speed Sensor,Corrosion,46543,16635,14,222,7,0,0,0.032161403
CLM03245,1489,SUP-018,Brake Chamber,Sensor Failure,24641,18302,9,67,2,0,0,0.0015426113
CLM03246,1011,SUP-054,U-Joint,Wear,27573,4190,12,295,4,0,0,0.0015509411
CLM03247,1238,SUP-001,U-Joint,Corrosion,6144,2047,13,231,1,0,0,0.0015047936
CLM03248,1560,SUP-061,V-Belt,Breakage,2688,12963,8,156,7,0,0,0.0015018015
CLM03249,1041,SUP-003,Brake Chamber,Sensor Failure,49088,17242,3,150,2,0,0,0.030114418
CLM03250,1677,SUP-068,Radiator Hose,Misalignment,18979,15666,15,109,8,0,0,0.0015624702
CLM03251,1593,SUP-041,Wheel Bearing,Leak,32803,2062,19,307,1,1,1,99.849785
CLM03252,1428,SUP-037,Radiator Hose,Sensor Failure,17154,4886,4,103,2,0,0,0.0015653279
CLM03253,1802,SUP-051,Brake Chamber,Leak,38451,19061,2,81,8,0,0,0.033962235
CLM03254,1157,SUP-015,Fuel/Water Separator,Wear,16123,20694,5,106,5,0,0,0.0016240139
CLM03255,1215,SUP-008,V-Belt,Breakage,24998,978,2,307,5,0,0,0.0015742185
CLM03256,1669,SUP-038,Relay Valve,Misalignment,6786,17531,7,28,7,0,0,0.0015556694
CLM03257,1461,SUP-083,Wheel Speed Sensor,Corrosion,31289,23559,11,250,4,0,0,0.015030274
CLM03258,1133,SUP-056,Fuel/Water Separator,Corrosion,6129,763,12,286,9,0,0,0.0017428622
CLM03259,1066,SUP-047,Brake Chamber,Breakage,29914,23986,4,8,3,0,0,0.0015728665
CLM03260,1847,SUP-090,Brake Chamber,Wear,26777,24887,3,254,8,0,0,0.0015935131
CLM03261,1006,SUP-010,Radiator Hose,Wear,3845,4242,8,41,3,0,0,0.001516746
CLM03262,1947,SUP-078,Air Filter,Sensor Failure,9448,7146,18,153,8,0,0,0.07253454
CLM03263,1525,SUP-049,Radiator Hose,Wear,28139,11648,5,59,1,0,0,0.0015194895
CLM03264,1072,SUP-041,U-Joint,Sensor Failure,22718,16713,16,205,7,0,0,0.029648691
CLM03265,1398,SUP-083,Radiator Hose,Leak,24581,26637,12,290,1,0,0,0.0015936802
CLM03266,1404,SUP-030,Air Filter,Breakage,28993,5700,9,167,2,0,0,0.0015101314
CLM03267,1674,SUP-005,Wheel Speed Sensor,Leak,43048,26512,8,327,1,0,0,0.027761538
CLM03268,1577,SUP-095,Wheel Bearing,Leak,13923,15310,5,214,3,0,0,0.0015203098
CLM03269,1858,SUP-071,Brake Chamber,Leak,14084,15723,19,225,9,0,0,0.0719738
CLM03270,1129,SUP-083,Relay Valve,Leak,18560,18889,15,294,1,0,0,0.0015787755
CLM03271,1930,SUP-031,Radiator Hose,Corrosion,23567,14853,11,109,3,0,0,0.0014555675
CLM03272,1465,SUP-052,Fuel/Water Separator,Wear,20481,20024,13,244,2,0,0,0.0016227675
CLM03273,1205,SUP-088,Wheel Speed Sensor,Breakage,33016,25983,13,278,5,0,0,0.032354813
CLM03274,1787,SUP-098,V-Belt,Breakage,12422,629,17,191,7,0,0,0.06959374
CLM03275,1977,SUP-023,Brake Chamber,Misalignment,2724,9629,16,155,6,0,0,0.027530905
CLM03276,1767,SUP-048,Air Filter,Leak,31471,20602,17,21,5,1,1,99.723595
CLM03277,1265,SUP-040,U-Joint,Breakage,3628,17698,19,163,3,0,0,0.06802036
CLM03278,1536,SUP-006,Air Filter,Sensor Failure,28875,29038,14,250,7,0,0,0.0015983605
CLM03279,1961,SUP-038,Radiator Hose,Breakage,18734,6349,7,47,9,0,0,0.00156096
CLM03280,1792,SUP-041,U-Joint,Leak,25109,28457,9,50,2,0,0,0.0016221022
CLM03281,1252,SUP-100,Fuel/Water Separator,Breakage,1619,22490,2,138,6,0,0,0.0016311755
CLM03282,1821,SUP-027,Air Filter,Wear,14786,514,19,111,5,0,0,0.06823598
CLM03283,1288,SUP-075,Fuel/Water Separator,Leak,29634,14307,6,284,9,0,0,0.0015748929
CLM03284,1163,SUP-069,V-Belt,Corrosion,22927,10729,1,232,8,0,0,0.0014833388
CLM03285,1094,SUP-057,Fuel/Water Separator,Wear,10729,22189,7,293,9,0,0,0.0016496398
CLM03286,1781,SUP-017,Brake Chamber,Breakage,23237,3988,16,169,7,0,0,0.030734401
CLM03287,1832,SUP-071,Wheel Speed Sensor,Corrosion,37540,13794,2,189,5,0,0,0.032419533
CLM03288,1109,SUP-091,U-Joint,Misalignment,36301,25782,4,51,4,0,0,0.03799673
CLM03289,1335,SUP-047,Brake Chamber,Wear,42437,1202,14,8,8,0,0,0.033365358
CLM03290,1821,SUP-079,Relay Valve,Misalignment,22735,21725,11,229,2,0,0,0.0015626847
CLM03291,1237,SUP-013,Air Filter,Sensor Failure,35808,7075,9,233,1,0,0,0.029339997
CLM03292,1380,SUP-011,Air Filter,Wear,18949,15925,5,19,3,0,0,0.0014772839
CLM03293,1435,SUP-090,Relay Valve,Corrosion,21509,15940,3,30,7,0,0,0.001499576
CLM03294,1898,SUP-086,Fuel/Water Separator,Misalignment,30398,14772,2,142,1,0,0,0.010313191
CLM03295,1482,SUP-092,Brake Chamber,Sensor Failure,5268,21015,10,292,5,0,0,0.0015764736
CLM03296,1936,SUP-024,U-Joint,Misalignment,36607,21726,10,116,5,0,0,0.03544181
CLM03297,1901,SUP-093,U-Joint,Breakage,45507,23044,7,107,3,0,0,0.030876666
CLM03298,1024,SUP-073,Relay Valve,Leak,48826,23541,15,34,1,0,0,0.027852127
CLM03299,1652,SUP-004,Air Filter,Misalignment,41944,14868,5,178,5,0,0,0.032980762
CLM03300,1116,SUP-046,Relay Valve,Breakage,40308,6992,8,32,8,0,0,0.035452385
CLM03301,1481,SUP-018,V-Belt,Leak,13412,5999,18,298,9,0,0,0.07453858
CLM03302,1391,SUP-043,V-Belt,Leak,36511,19439,6,161,6,0,0,0.032436814
CLM03303,1916,SUP-080,V-Belt,Corrosion,28150,29817,11,270,1,0,0,0.0015023516
CLM03304,1993,SUP-033,Wheel Bearing,Sensor Failure,6642,11678,8,114,5,0,0,0.0014714377
CLM03305,1963,SUP-093,Wheel Speed Sensor,Sensor Failure,11069,4439,4,94,2,0,0,0.0014324822
CLM03306,1536,SUP-010,Radiator Hose,Wear,32832,21835,7,31,1,0,0,0.029241392
CLM03307,1078,SUP-073,Wheel Bearing,Breakage,2026,20222,2,152,3,0,0,0.0016073716
CLM03308,1579,SUP-059,U-Joint,Corrosion,4592,25592,15,243,5,0,0,0.0016219583
CLM03309,1172,SUP-031,Fuel/Water Separator,Misalignment,1987,17681,9,265,9,0,0,0.0016032611
CLM03310,1955,SUP-028,Air Filter,Breakage,16917,25560,19,356,7,0,0,0.0678376
CLM03311,1011,SUP-060,Fuel/Water Separator,Misalignment,8238,16206,19,326,6,0,0,0.07558211
CLM03312,1799,SUP-003,Relay Valve,Misalignment,36515,4174,5,24,9,0,0,0.03421145
CLM03313,1127,SUP-055,Air Filter,Misalignment,9330,27787,19,218,6,0,0,0.0758477
CLM03314,1607,SUP-014,Radiator Hose,Wear,6650,9134,3,354,4,0,0,0.0016074773
CLM03315,1091,SUP-058,Radiator Hose,Wear,38264,23405,12,65,7,0,0,0.03706598
CLM03316,1652,SUP-089,Brake Chamber,Corrosion,26217,2153,7,215,2,0,0,0.0015855987
CLM03317,1542,SUP-015,Fuel/Water Separator,Wear,18807,26089,5,100,2,0,0,0.00162002
CLM03318,1845,SUP-002,Radiator Hose,Corrosion,26712,9654,12,306,6,0,0,0.0015624672
CLM03319,1531,SUP-024,Wheel Speed Sensor,Wear,37489,25648,4,250,5,0,0,0.034926906
CLM03320,1657,SUP-078,Brake Chamber,Sensor Failure,28865,13145,19,276,6,0,0,0.07271819
CLM03321,1988,SUP-064,Air Filter,Corrosion,25633,23565,13,315,2,0,0,0.0015643995
CLM03322,1827,SUP-071,Fuel/Water Separator,Sensor Failure,26275,13408,15,315,2,0,0,0.0014845544
CLM03323,1446,SUP-100,Fuel/Water Separator,Sensor Failure,2145,22883,10,90,1,0,0,0.001606115
CLM03324,1389,SUP-024,Radiator Hose,Corrosion,22963,26906,1,340,2,0,0,0.0015936802
CLM03325,1671,SUP-027,Air Filter,Breakage,10300,16069,3,251,7,0,0,0.0015364185
CLM03326,1860,SUP-037,Brake Chamber,Leak,47697,12534,18,65,2,1,1,99.85355
CLM03327,1042,SUP-094,Wheel Speed Sensor,Wear,21879,29977,16,236,3,0,0,0.028939556
CLM03328,1253,SUP-091,U-Joint,Misalignment,7242,1315,12,77,6,0,0,0.001515147
CLM03329,1129,SUP-039,U-Joint,Wear,14832,28747,16,58,6,0,0,0.030076772
CLM03330,1059,SUP-063,Wheel Bearing,Misalignment,25683,7467,11,100,9,0,0,0.0015189042
CLM03331,1662,SUP-079,Wheel Speed Sensor,Breakage,15285,11228,11,300,2,0,0,0.0015244825
CLM03332,1466,SUP-026,Air Filter,Leak,29823,18094,14,245,7,0,0,0.0015990299
CLM03333,1286,SUP-065,Air Filter,Breakage,10097,20018,17,52,1,0,0,0.076173365
CLM03334,1516,SUP-004,Brake Chamber,Leak,48852,22339,19,162,6,1,1,99.885666
CLM03335,1466,SUP-029,Fuel/Water Separator,Corrosion,2992,17438,11,191,9,0,0,0.0015293694
CLM03336,1929,SUP-001,Wheel Bearing,Corrosion,37890,3292,4,122,8,0,0,0.031263757
CLM03337,1777,SUP-050,Brake Chamber,Misalignment,29790,22749,10,268,6,0,0,0.0015924177
CLM03338,1344,SUP-086,Wheel Bearing,Sensor Failure,30394,6718,19,294,6,1,1,99.50342
CLM03339,1641,SUP-011,Fuel/Water Separator,Sensor Failure,46058,7408,4,246,6,0,0,0.03770557
CLM03340,1381,SUP-074,Relay Valve,Misalignment,19376,29996,11,184,8,0,0,0.0015041464
CLM03341,1778,SUP-059,Wheel Bearing,Corrosion,24880,13960,7,346,2,0,0,0.00154065
CLM03342,1689,SUP-062,Brake Chamber,Misalignment,20984,12754,9,168,9,0,0,0.0015641385
CLM03343,1252,SUP-081,Relay Valve,Sensor Failure,14541,12457,2,104,8,0,0,0.0014832441
CLM03344,1926,SUP-036,Wheel Speed Sensor,Misalignment,29975,4802,1,89,2,0,0,0.0015106973
CLM03345,1055,SUP-056,Radiator Hose,Corrosion,5010,8352,8,12,8,0,0,0.0014781379
CLM03346,1462,SUP-090,Brake Chamber,Breakage,9275,1764,19,89,1,0,0,0.074272014
CLM03347,1456,SUP-021,U-Joint,Wear,37088,23703,16,154,6,1,1,99.72517
CLM03348,1982,SUP-013,U-Joint,Corrosion,19889,15410,14,36,6,0,0,0.0014982839
CLM03349,1082,SUP-009,Air Filter,Misalignment,41596,9585,4,16,9,0,0,0.030874167
CLM03350,1904,SUP-011,Brake Chamber,Corrosion,41653,16094,19,206,9,1,1,99.85683
CLM03351,1098,SUP-075,V-Belt,Corrosion,41016,10864,6,162,5,0,0,0.028828386
CLM03352,1148,SUP-070,Radiator Hose,Sensor Failure,41636,19188,15,200,1,0,0,0.03308238
CLM03353,1328,SUP-001,V-Belt,Misalignment,33155,28239,13,205,1,0,0,0.030310515
CLM03354,1155,SUP-070,Wheel Speed Sensor,Sensor Failure,7349,29908,19,157,7,0,0,0.07224669
CLM03355,1189,SUP-077,Air Filter,Misalignment,24347,16566,4,319,4,0,0,0.0015500673
CLM03356,1493,SUP-086,Radiator Hose,Sensor Failure,4062,4458,2,299,9,0,0,0.0016187412
CLM03357,1882,SUP-056,Relay Valve,Sensor Failure,4852,16066,3,19,3,0,0,0.0014706913
CLM03358,1262,SUP-031,Wheel Bearing,Breakage,14160,6036,14,138,6,0,0,0.001532963
CLM03359,1079,SUP-086,Radiator Hose,Corrosion,17322,29459,4,56,9,0,0,0.0016731088
CLM03360,1399,SUP-037,Fuel/Water Separator,Breakage,1387,26314,16,188,4,0,0,0.028452339
CLM03361,1763,SUP-047,Relay Valve,Sensor Failure,47891,16557,11,43,5,0,0,0.031374145
CLM03362,1608,SUP-091,Wheel Bearing,Breakage,40805,15473,13,304,5,0,0,0.035355147
CLM03363,1259,SUP-078,Wheel Speed Sensor,Corrosion,7910,18701,1,296,5,0,0,0.0015748448
CLM03364,1771,SUP-047,U-Joint,Corrosion,16758,17650,13,290,2,0,0,0.0015463214
CLM03365,1614,SUP-069,Wheel Bearing,Sensor Failure,3003,11251,15,113,2,0,0,0.0014717547
CLM03366,1551,SUP-058,Fuel/Water Separator,Corrosion,26607,17456,7,129,1,0,0,0.0015499875
CLM03367,1784,SUP-036,Air Filter,Breakage,39513,21347,5,275,1,0,0,0.034627393
CLM03368,1100,SUP-032,Wheel Bearing,Leak,26025,14212,6,257,4,0,0,0.0015424626
CLM03369,1358,SUP-098,Radiator Hose,Corrosion,4547,5820,9,88,3,0,0,0.0015418567
CLM03370,1379,SUP-064,Radiator Hose,Breakage,26672,24632,6,216,4,0,0,0.0015809016
CLM03371,1819,SUP-071,Air Filter,Breakage,42819,11024,6,359,6,0,0,0.031655397
CLM03372,1220,SUP-042,Radiator Hose,Breakage,15456,27186,2,340,1,0,0,0.0015883606
CLM03373,1819,SUP-048,Wheel Speed Sensor,Corrosion,1301,29817,6,284,8,0,0,0.0015671649
CLM03374,1419,SUP-074,Fuel/Water Separator,Leak,40872,17634,10,107,8,0,0,0.03526416
CLM03375,1123,SUP-081,Brake Chamber,Sensor Failure,32603,19695,5,301,7,0,0,0.029390588
CLM03376,1421,SUP-030,Brake Chamber,Sensor Failure,42840,21340,12,24,4,0,0,0.035274144
CLM03377,1230,SUP-021,U-Joint,Corrosion,44241,24238,6,232,8,0,0,0.03524292
CLM03378,1689,SUP-060,Wheel Speed Sensor,Corrosion,21545,20438,6,44,9,0,0,0.0016357617
CLM03379,1062,SUP-013,Brake Chamber,Wear,41478,2918,8,78,5,0,0,0.032756682
CLM03380,1484,SUP-001,Wheel Bearing,Misalignment,17178,5640,17,318,6,0,0,0.075860426
CLM03381,1627,SUP-065,Wheel Bearing,Leak,19216,21920,18,143,8,0,0,0.07419837
CLM03382,1702,SUP-033,Wheel Bearing,Breakage,9242,3488,11,215,5,0,0,0.0016672697
CLM03383,1573,SUP-038,Radiator Hose,Misalignment,8496,1354,1,4,4,0,0,0.0015861898
CLM03384,1767,SUP-025,Radiator Hose,Breakage,21866,3350,7,212,8,0,0,0.0016350192
CLM03385,1482,SUP-026,V-Belt,Misalignment,29357,3879,8,287,3,0,0,0.0015581
CLM03386,1518,SUP-077,Wheel Bearing,Sensor Failure,47252,693,3,315,6,0,0,0.03333493
CLM03387,1154,SUP-059,Wheel Bearing,Misalignment,32212,13868,19,199,9,1,1,99.78813
CLM03388,1091,SUP-092,Relay Valve,Corrosion,6887,26653,16,1,6,0,0,0.024773879
CLM03389,1981,SUP-033,Air Filter,Leak,18862,10172,8,325,9,0,0,0.0015502712
CLM03390,1525,SUP-041,Brake Chamber,Sensor Failure,35856,29504,6,14,8,0,0,0.035384484
CLM03391,1454,SUP-030,Radiator Hose,Misalignment,7040,25822,2,222,9,0,0,0.0015955553
CLM03392,1740,SUP-057,Fuel/Water Separator,Leak,25536,21845,12,279,9,0,0,0.0015968613
CLM03393,1597,SUP-049,Radiator Hose,Corrosion,14440,11779,6,108,8,0,0,0.0015367673
CLM03394,1644,SUP-048,Fuel/Water Separator,Breakage,48189,21624,14,118,9,0,0,0.03522703
CLM03395,1509,SUP-072,V-Belt,Wear,29371,22516,7,119,7,0,0,0.0015711425
CLM03396,1182,SUP-049,Fuel/Water Separator,Leak,20724,15579,9,238,7,0,0,0.0015291026
CLM03397,1385,SUP-047,Radiator Hose,Breakage,3343,25225,7,354,4,0,0,0.0015840073
CLM03398,1573,SUP-056,U-Joint,Leak,8188,8483,15,254,1,0,0,0.0015307702
CLM03399,1730,SUP-065,Radiator Hose,Leak,35006,24033,12,45,7,0,0,0.03884431
CLM03400,1404,SUP-012,Wheel Speed Sensor,Leak,30096,22637,17,126,8,1,1,99.418976
CLM03401,1245,SUP-069,U-Joint,Corrosion,46216,12557,15,135,9,0,0,0.03294902
CLM03402,1741,SUP-088,Wheel Bearing,Sensor Failure,7856,21781,15,313,1,0,0,0.001576361
CLM03403,1590,SUP-006,Brake Chamber,Leak,23044,13669,14,64,9,0,0,0.0015118893
CLM03404,1660,SUP-089,Fuel/Water Separator,Corrosion,11620,7469,11,258,7,0,0,0.001606466
CLM03405,1649,SUP-065,Radiator Hose,Wear,21723,22216,11,6,7,0,0,0.0016069869
CLM03406,1470,SUP-025,Radiator Hose,Sensor Failure,42142,7034,13,364,3,0,0,0.031968024
CLM03407,1825,SUP-001,Fuel/Water Separator,Corrosion,42503,27404,13,317,1,0,0,0.029831659
CLM03408,1887,SUP-032,Brake Chamber,Wear,24475,8620,8,17,7,0,0,0.0015357651
CLM03409,1422,SUP-003,Relay Valve,Sensor Failure,31243,10367,7,282,8,0,0,0.015122337
CLM03410,1900,SUP-049,Air Filter,Corrosion,33860,6290,13,332,6,0,0,0.027462823
CLM03411,1064,SUP-019,Wheel Bearing,Wear,3415,16866,11,41,7,0,0,0.0015743462
CLM03412,1012,SUP-060,U-Joint,Corrosion,5254,27662,19,355,9,0,0,0.07175427
CLM03413,1212,SUP-029,Radiator Hose,Wear,11637,27465,6,355,8,0,0,0.0015788899
CLM03414,1985,SUP-050,V-Belt,Leak,25510,17557,8,310,5,0,0,0.0015209771
CLM03415,1241,SUP-002,Brake Chamber,Leak,38301,4201,19,304,4,1,1,99.87436
CLM03416,1492,SUP-073,Fuel/Water Separator,Sensor Failure,7516,18244,5,351,4,0,0,0.0014925096
CLM03417,1212,SUP-056,Radiator Hose,Wear,5401,11758,10,232,4,0,0,0.0015167792
CLM03418,1692,SUP-017,U-Joint,Leak,36800,11838,1,90,2,0,0,0.030295292
CLM03419,1337,SUP-060,V-Belt,Sensor Failure,33122,12309,12,150,7,0,0,0.03147268
CLM03420,1996,SUP-036,Air Filter,Breakage,20673,3567,7,72,8,0,0,0.0016232086
CLM03421,1172,SUP-061,Air Filter,Leak,30653,27238,8,360,7,0,0,0.01320343
CLM03422,1671,SUP-017,U-Joint,Leak,44336,1944,18,308,8,1,1,99.88824
CLM03423,1163,SUP-049,Brake Chamber,Misalignment,21822,12717,7,257,9,0,0,0.0015441523
CLM03424,1464,SUP-076,V-Belt,Corrosion,7867,27236,14,45,8,0,0,0.0015875127
CLM03425,1994,SUP-060,Fuel/Water Separator,Breakage,47944,22371,18,40,5,1,1,99.87764
CLM03426,1496,SUP-020,V-Belt,Wear,37002,5679,4,192,4,0,0,0.03194505
CLM03427,1699,SUP-050,Wheel Speed Sensor,Sensor Failure,23381,3853,10,11,5,0,0,0.0016325791
CLM03428,1394,SUP-003,Fuel/Water Separator,Breakage,40069,23264,11,352,1,0,0,0.03365767
CLM03429,1702,SUP-043,Wheel Bearing,Wear,18517,23665,11,135,5,0,0,0.0016099659
CLM03430,1916,SUP-057,Relay Valve,Leak,12830,22944,19,179,6,0,0,0.07330903
CLM03431,1307,SUP-050,Wheel Bearing,Misalignment,11589,24096,1,221,9,0,0,0.0015635567
CLM03432,1767,SUP-068,Relay Valve,Sensor Failure,35830,6419,2,222,9,0,0,0.033671983
CLM03433,1182,SUP-081,Wheel Bearing,Sensor Failure,5627,22744,9,39,3,0,0,0.0016449646
CLM03434,1628,SUP-050,V-Belt,Breakage,46910,16056,17,44,8,1,1,99.86718
CLM03435,1793,SUP-037,Brake Chamber,Corrosion,1468,13511,5,313,8,0,0,0.0015624672
CLM03436,1509,SUP-046,U-Joint,Wear,2344,15334,2,297,9,0,0,0.0015565925
CLM03437,1707,SUP-042,Radiator Hose,Misalignment,26454,14394,4,295,1,0,0,0.0015299894
CLM03438,1545,SUP-015,Relay Valve,Misalignment,7098,18654,7,148,5,0,0,0.0016321652
CLM03439,1563,SUP-033,Radiator Hose,Breakage,45869,22794,17,22,5,1,1,99.87489
CLM03440,1623,SUP-080,Wheel Speed Sensor,Corrosion,33229,13236,3,157,7,0,0,0.032022957
CLM03441,1763,SUP-011,Wheel Speed Sensor,Corrosion,37575,10394,9,302,8,0,0,0.033248253
CLM03442,1593,SUP-020,Radiator Hose,Corrosion,38504,17078,1,3,7,0,0,0.03045015
CLM03443,1743,SUP-024,Wheel Speed Sensor,Sensor Failure,22341,14496,16,201,6,0,0,0.029432144
CLM03444,1226,SUP-064,Fuel/Water Separator,Wear,16375,25650,3,312,4,0,0,0.0016136455
CLM03445,1744,SUP-080,Radiator Hose,Wear,31106,27705,19,323,9,1,1,99.60027
CLM03446,1732,SUP-094,Wheel Speed Sensor,Breakage,37651,22738,16,345,2,1,1,99.68691
CLM03447,1435,SUP-098,Relay Valve,Leak,26905,22798,1,97,6,0,0,0.0016102007
CLM03448,1924,SUP-065,Brake Chamber,Breakage,1091,21570,12,109,6,0,0,0.0016250272
CLM03449,1421,SUP-088,Wheel Speed Sensor,Wear,2884,5143,6,228,4,0,0,0.0015572874
CLM03450,1553,SUP-088,Radiator Hose,Sensor Failure,14432,25464,3,242,3,0,0,0.0016086751
CLM03451,1020,SUP-073,Relay Valve,Breakage,48050,24758,7,297,3,0,0,0.029980008
CLM03452,1553,SUP-086,Radiator Hose,Leak,20505,14246,3,29,2,0,0,0.0015078058
CLM03453,1396,SUP-076,Air Filter,Misalignment,15202,2252,13,359,3,0,0,0.0015451612
CLM03454,1624,SUP-017,V-Belt,Breakage,11231,15635,16,109,4,0,0,0.02774111
CLM03455,1104,SUP-089,V-Belt,Corrosion,41410,1160,14,11,4,0,0,0.029795874
CLM03456,1191,SUP-092,V-Belt,Leak,41720,22499,9,95,7,0,0,0.029338347
CLM03457,1016,SUP-061,Wheel Bearing,Corrosion,10595,3332,8,132,4,0,0,0.0015546448
CLM03458,1119,SUP-015,Fuel/Water Separator,Sensor Failure,21087,13321,15,93,9,0,0,0.0016727245
CLM03459,1392,SUP-094,Radiator Hose,Wear,5482,8988,19,54,8,0,0,0.07278929
CLM03460,1424,SUP-051,Fuel/Water Separator,Breakage,35749,6113,13,242,1,0,0,0.030197302
CLM03461,1128,SUP-027,Radiator Hose,Breakage,14918,23854,14,195,1,0,0,0.0016000045
CLM03462,1129,SUP-086,Air Filter,Corrosion,30984,23754,11,258,6,0,0,0.016017778
CLM03463,1571,SUP-074,Wheel Speed Sensor,Corrosion,43752,17214,18,356,4,1,1,99.87625
CLM03464,1559,SUP-061,Wheel Bearing,Wear,16813,7277,3,334,6,0,0,0.0016301787
CLM03465,1028,SUP-058,Brake Chamber,Breakage,5466,12541,4,304,9,0,0,0.00148938
CLM03466,1096,SUP-031,Radiator Hose,Wear,35999,13642,3,68,5,0,0,0.03515219
CLM03467,1009,SUP-091,Relay Valve,Corrosion,23165,26360,13,300,8,0,0,0.0015799715
CLM03468,1241,SUP-012,Wheel Speed Sensor,Misalignment,42164,9770,16,190,2,1,1,99.68277
CLM03469,1825,SUP-046,U-Joint,Corrosion,14241,5901,13,128,8,0,0,0.0015927427
CLM03470,1955,SUP-031,U-Joint,Leak,44179,23799,10,350,8,0,0,0.03333433
CLM03471,1231,SUP-032,Brake Chamber,Corrosion,14112,25950,18,339,2,0,0,0.07358691
CLM03472,1788,SUP-032,Relay Valve,Corrosion,25797,4366,8,19,7,0,0,0.001600197
CLM03473,1283,SUP-099,V-Belt,Misalignment,10383,13529,7,172,8,0,0,0.0014833388
CLM03474,1714,SUP-053,Wheel Bearing,Wear,20699,6613,17,62,7,0,0,0.075551756
CLM03475,1758,SUP-061,Fuel/Water Separator,Leak,12481,11377,6,67,6,0,0,0.001509138
CLM03476,1801,SUP-046,Wheel Bearing,Leak,6175,27565,15,211,3,0,0,0.0015487447
CLM03477,1775,SUP-085,Wheel Speed Sensor,Breakage,18982,24310,9,342,3,0,0,0.0015971141
CLM03478,1954,SUP-074,Air Filter,Misalignment,32334,2085,10,175,8,0,0,0.021340802
CLM03479,1725,SUP-080,Wheel Speed Sensor,Sensor Failure,18926,12499,8,340,4,0,0,0.0015287731
CLM03480,1199,SUP-007,U-Joint,Breakage,9333,3440,7,7,8,0,0,0.0015863215
CLM03481,1944,SUP-004,Fuel/Water Separator,Breakage,15460,14605,5,233,6,0,0,0.0015831223
CLM03482,1078,SUP-091,U-Joint,Breakage,1089,23173,18,199,3,0,0,0.07621853
CLM03483,1912,SUP-052,Radiator Hose,Leak,29561,29562,16,22,2,0,0,0.029943645
CLM03484,1955,SUP-089,U-Joint,Wear,21790,29544,15,229,1,0,0,0.0015487447
CLM03485,1854,SUP-031,Fuel/Water Separator,Corrosion,6490,14208,10,313,4,0,0,0.0015791806
CLM03486,1855,SUP-075,U-Joint,Leak,49055,23289,1,350,8,0,0,0.033721387
CLM03487,1172,SUP-084,Wheel Bearing,Corrosion,44223,13718,6,125,4,0,0,0.034005065
CLM03488,1466,SUP-036,Wheel Bearing,Corrosion,12704,18386,15,73,8,0,0,0.0015671217
CLM03489,1580,SUP-054,Brake Chamber,Sensor Failure,33627,17629,2,186,8,0,0,0.034168623
CLM03490,1415,SUP-054,Air Filter,Breakage,18593,3112,12,283,1,0,0,0.0015763805
CLM03491,1939,SUP-017,Fuel/Water Separator,Sensor Failure,38746,2008,1,38,6,0,0,0.033186503
CLM03492,1448,SUP-075,U-Joint,Breakage,36992,2270,15,248,8,0,0,0.035676908
CLM03493,1086,SUP-030,Fuel/Water Separator,Leak,38624,12471,13,76,8,0,0,0.034486458
CLM03494,1100,SUP-099,Wheel Speed Sensor,Corrosion,25177,2461,1,141,1,0,0,0.0015849668
CLM03495,1007,SUP-022,V-Belt,Sensor Failure,23623,10287,1,97,8,0,0,0.0014558715
CLM03496,1844,SUP-043,Relay Valve,Misalignment,26935,29856,4,143,9,0,0,0.0015659087
CLM03497,1199,SUP-027,Wheel Speed Sensor,Leak,1148,8251,14,80,6,0,0,0.0014930505
CLM03498,1504,SUP-037,Wheel Speed Sensor,Leak,16263,27609,17,256,7,0,0,0.07137243
CLM03499,1086,SUP-046,U-Joint,Misalignment,25449,4158,13,354,6,0,0,0.0016815693
CLM03500,1042,SUP-035,V-Belt,Breakage,25083,23861,12,304,5,0,0,0.0015581253
CLM03501,1384,SUP-004,Wheel Bearing,Corrosion,32602,23493,6,15,1,0,0,0.027051501
CLM03502,1620,SUP-080,Wheel Bearing,Breakage,43314,965,19,355,2,1,1,99.878
CLM03503,1434,SUP-080,Wheel Speed Sensor,Breakage,14538,18953,16,296,2,0,0,0.02982023
CLM03504,1407,SUP-085,Air Filter,Leak,47883,19327,16,286,9,1,1,99.62559
CLM03505,1482,SUP-026,Wheel Bearing,Breakage,27981,26308,12,23,6,0,0,0.0016341899
CLM03506,1663,SUP-100,Radiator Hose,Wear,49956,14374,13,265,3,0,0,0.025395293
CLM03507,1016,SUP-019,Wheel Speed Sensor,Misalignment,3363,8836,1,160,3,0,0,0.0015355615
CLM03508,1644,SUP-081,Relay Valve,Misalignment,28508,23447,18,291,2,0,0,0.0760226
CLM03509,1147,SUP-045,V-Belt,Corrosion,4107,8016,2,305,7,0,0,0.0015862157
CLM03510,1276,SUP-026,Brake Chamber,Misalignment,6628,27428,2,96,1,0,0,0.001617016
CLM03511,1231,SUP-022,Fuel/Water Separator,Breakage,2451,26883,1,272,1,0,0,0.0016213846
CLM03512,1825,SUP-058,Wheel Speed Sensor,Breakage,49963,19932,10,288,3,0,0,0.024320316
CLM03513,1926,SUP-063,Wheel Bearing,Sensor Failure,42409,4542,1,281,1,0,0,0.02298505
CLM03514,1365,SUP-028,Fuel/Water Separator,Corrosion,16180,21023,14,350,3,0,0,0.0015693306
CLM03515,1227,SUP-065,Relay Valve,Corrosion,13377,4702,8,293,9,0,0,0.0015486592
CLM03516,1650,SUP-044,U-Joint,Misalignment,44548,6624,1,37,7,0,0,0.03602885
CLM03517,1435,SUP-100,Air Filter,Breakage,21319,12937,14,163,9,0,0,0.0015113343
CLM03518,1398,SUP-043,Brake Chamber,Wear,31685,8273,10,301,7,0,0,0.017274128
CLM03519,1210,SUP-037,U-Joint,Sensor Failure,24214,18171,19,136,9,0,0,0.07075536
CLM03520,1390,SUP-066,Relay Valve,Wear,32113,8801,8,241,3,0,0,0.018413363
CLM03521,1498,SUP-017,Wheel Bearing,Breakage,18673,29921,2,175,7,0,0,0.0014969043
CLM03522,1539,SUP-040,Radiator Hose,Corrosion,32877,8003,4,292,6,0,0,0.032651763
CLM03523,1562,SUP-038,V-Belt,Corrosion,36865,15074,12,118,2,0,0,0.029683512
CLM03524,1490,SUP-085,U-Joint,Wear,47356,21703,9,338,6,0,0,0.034548648
CLM03525,1441,SUP-061,U-Joint,Leak,19531,19674,1,359,3,0,0,0.0015192477
CLM03526,1260,SUP-009,Brake Chamber,Breakage,10657,29499,8,257,2,0,0,0.0015753525
CLM03527,1772,SUP-077,V-Belt,Corrosion,5520,1361,17,218,5,0,0,0.07114856
CLM03528,1349,SUP-075,Relay Valve,Misalignment,47109,9152,16,203,5,1,1,99.69571
CLM03529,1351,SUP-061,Fuel/Water Separator,Leak,37484,17988,15,143,2,0,0,0.034179993
CLM03530,1519,SUP-080,Fuel/Water Separator,Corrosion,30577,5874,9,255,3,0,0,0.012103267
CLM03531,1319,SUP-016,V-Belt,Misalignment,48599,17627,8,96,8,0,0,0.030733526
CLM03532,1137,SUP-002,Air Filter,Corrosion,31558,19294,14,207,5,0,0,0.017023463
CLM03533,1549,SUP-072,Wheel Speed Sensor,Leak,42610,28868,12,348,8,0,0,0.036071327
CLM03534,1622,SUP-043,Air Filter,Wear,30669,14268,15,87,4,0,0,0.012659596
CLM03535,1991,SUP-042,Air Filter,Breakage,28838,5493,4,131,4,0,0,0.0015370325
CLM03536,1367,SUP-077,U-Joint,Leak,2210,9134,4,115,6,0,0,0.0015051623
CLM03537,1219,SUP-057,U-Joint,Leak,35955,2333,2,288,5,0,0,0.034216214
CLM03538,1336,SUP-081,Wheel Bearing,Corrosion,9058,1385,4,255,5,0,0,0.0015472036
CLM03539,1222,SUP-088,Relay Valve,Misalignment,44304,15819,18,148,9,1,1,99.874664
CLM03540,1647,SUP-067,Relay Valve,Leak,33699,4104,15,56,6,0,0,0.03553895
CLM03541,1767,SUP-030,U-Joint,Breakage,12463,5857,8,334,3,0,0,0.0015241321
CLM03542,1359,SUP-013,Brake Chamber,Wear,3843,16757,10,99,4,0,0,0.0015161344
CLM03543,1920,SUP-019,Brake Chamber,Misalignment,15335,29432,2,360,9,0,0,0.0015945483
CLM03544,1328,SUP-007,Wheel Bearing,Wear,20834,29451,9,298,6,0,0,0.0015877504
CLM03545,1961,SUP-009,V-Belt,Wear,28727,23973,16,329,8,0,0,0.029635666
CLM03546,1462,SUP-083,U-Joint,Breakage,7644,20105,12,60,7,0,0,0.0016569367
CLM03547,1945,SUP-054,Fuel/Water Separator,Corrosion,46314,8843,5,184,1,0,0,0.023664385
CLM03548,1962,SUP-086,Fuel/Water Separator,Misalignment,43596,23821,7,175,1,0,0,0.028996589
CLM03549,1560,SUP-082,U-Joint,Misalignment,31239,2096,15,152,7,0,0,0.01660369
CLM03550,1803,SUP-061,Radiator Hose,Breakage,21244,26747,13,297,2,0,0,0.0015643995
CLM03551,1381,SUP-087,V-Belt,Misalignment,18528,15871,8,4,9,0,0,0.001478623
CLM03552,1835,SUP-002,Fuel/Water Separator,Leak,41428,10226,19,76,9,1,1,99.87412
CLM03553,1589,SUP-050,Wheel Speed Sensor,Sensor Failure,1017,10257,19,1,2,0,0,0.07060008
CLM03554,1616,SUP-075,Air Filter,Sensor Failure,47388,9642,5,270,9,0,0,0.033376623
CLM03555,1168,SUP-031,U-Joint,Sensor Failure,6999,11606,18,353,9,0,0,0.067660525
CLM03556,1216,SUP-033,Radiator Hose,Wear,19040,19376,17,164,6,0,0,0.06558857
CLM03557,1377,SUP-078,Wheel Speed Sensor,Misalignment,13397,26417,7,298,5,0,0,0.0016006028
CLM03558,1118,SUP-080,Air Filter,Breakage,46386,25807,14,48,2,0,0,0.037749052
CLM03559,1189,SUP-011,Air Filter,Misalignment,35055,4833,15,18,6,0,0,0.034191497
CLM03560,1766,SUP-033,Wheel Bearing,Breakage,17651,1038,17,89,9,0,0,0.06794199
CLM03561,1369,SUP-007,V-Belt,Misalignment,34202,25047,3,332,3,0,0,0.030546306
CLM03562,1777,SUP-031,U-Joint,Wear,36265,17652,13,316,3,0,0,0.030815616
CLM03563,1148,SUP-048,Radiator Hose,Leak,40208,3356,11,156,4,0,0,0.03478326
CLM03564,1675,SUP-047,Wheel Bearing,Sensor Failure,39805,28801,3,181,4,0,0,0.035249505
CLM03565,1651,SUP-078,Brake Chamber,Sensor Failure,41574,23789,6,9,1,0,0,0.035124213
CLM03566,1858,SUP-092,Wheel Speed Sensor,Misalignment,35381,19005,6,152,2,0,0,0.030399129
CLM03567,1487,SUP-053,Wheel Speed Sensor,Wear,42678,6053,6,148,6,0,0,0.03514753
CLM03568,1769,SUP-080,U-Joint,Sensor Failure,45938,16157,6,27,5,0,0,0.033273432
CLM03569,1373,SUP-019,Radiator Hose,Misalignment,24548,10426,6,101,4,0,0,0.0015380912
CLM03570,1780,SUP-081,Radiator Hose,Corrosion,49524,29467,14,199,9,0,0,0.031039441
CLM03571,1692,SUP-090,Air Filter,Misalignment,48515,513,11,83,2,0,0,0.030406462
CLM03572,1159,SUP-006,Radiator Hose,Breakage,45632,5207,16,54,8,1,1,99.71885
CLM03573,1350,SUP-049,Fuel/Water Separator,Sensor Failure,23847,28750,19,342,4,0,0,0.072394624
CLM03574,1911,SUP-073,Wheel Speed Sensor,Sensor Failure,26316,4990,7,82,9,0,0,0.0015429703
CLM03575,1287,SUP-050,Air Filter,Corrosion,6695,25266,6,143,4,0,0,0.0015909363
CLM03576,1287,SUP-081,U-Joint,Leak,14637,6493,11,253,2,0,0,0.0014682864
CLM03577,1891,SUP-095,Radiator Hose,Misalignment,14878,19748,4,97,6,0,0,0.0016213275
CLM03578,1225,SUP-012,Relay Valve,Leak,38280,24489,1,359,9,0,0,0.035906613
CLM03579,1522,SUP-023,U-Joint,Misalignment,41728,4602,9,40,7,0,0,0.03362425
CLM03580,1521,SUP-054,Fuel/Water Separator,Corrosion,46937,1604,13,229,1,0,0,0.03318027
CLM03581,1782,SUP-069,V-Belt,Leak,5886,3312,8,197,9,0,0,0.0016028498
CLM03582,1272,SUP-100,Brake Chamber,Wear,4771,6631,2,171,6,0,0,0.0015329893
CLM03583,1935,SUP-059,Relay Valve,Corrosion,31647,17535,16,320,9,1,1,99.26198
CLM03584,1401,SUP-036,Air Filter,Misalignment,39672,7128,19,2,2,1,1,99.870834
CLM03585,1182,SUP-003,Wheel Speed Sensor,Breakage,47686,26456,8,286,7,0,0,0.034794435
CLM03586,1968,SUP-058,V-Belt,Breakage,48193,15341,12,52,8,0,0,0.025254285
CLM03587,1664,SUP-088,Relay Valve,Breakage,16094,15354,11,357,8,0,0,0.0015312082
CLM03588,1487,SUP-055,Wheel Speed Sensor,Misalignment,20896,8331,9,103,5,0,0,0.0015058042
CLM03589,1826,SUP-057,Brake Chamber,Sensor Failure,26674,17685,10,33,7,0,0,0.0015556325
CLM03590,1845,SUP-017,Wheel Bearing,Corrosion,45765,16497,1,265,7,0,0,0.03454285
CLM03591,1123,SUP-039,Wheel Bearing,Corrosion,47346,21428,19,11,3,1,1,99.87877
CLM03592,1984,SUP-090,Relay Valve,Leak,28559,6928,17,76,2,0,0,0.06775105
CLM03593,1625,SUP-068,V-Belt,Corrosion,25487,16141,4,54,5,0,0,0.0014644074
CLM03594,1789,SUP-055,Wheel Bearing,Corrosion,12575,10813,12,331,4,0,0,0.0015694639
CLM03595,1413,SUP-045,Wheel Bearing,Leak,19228,10676,8,97,8,0,0,0.0014946132
CLM03596,1979,SUP-076,Relay Valve,Corrosion,4924,4640,16,148,5,0,0,0.027823806
CLM03597,1724,SUP-001,Relay Valve,Corrosion,49469,18436,1,5,9,0,0,0.03096419
CLM03598,1171,SUP-021,V-Belt,Wear,30097,3292,9,280,7,0,0,0.012074034
CLM03599,1287,SUP-083,Air Filter,Misalignment,46938,3223,11,287,1,0,0,0.030917758
CLM03600,1434,SUP-021,Air Filter,Leak,31509,22460,12,106,2,0,0,0.018036459
CLM03601,1685,SUP-052,V-Belt,Wear,22265,2522,9,44,8,0,0,0.001610666
CLM03602,1112,SUP-082,U-Joint,Sensor Failure,17918,21554,6,206,8,0,0,0.0015709193
CLM03603,1887,SUP-043,Air Filter,Leak,41345,26506,9,280,2,0,0,0.03334291
CLM03604,1916,SUP-052,Air Filter,Misalignment,6730,4688,6,118,7,0,0,0.0015708773
CLM03605,1994,SUP-067,Wheel Speed Sensor,Corrosion,9476,27589,6,268,8,0,0,0.0015935131
CLM03606,1121,SUP-044,Relay Valve,Corrosion,41755,1103,3,178,4,0,0,0.034994766
CLM03607,1543,SUP-032,U-Joint,Wear,11861,7528,3,341,3,0,0,0.0015334996
CLM03608,1221,SUP-010,Wheel Bearing,Wear,26705,7650,16,228,9,0,0,0.028985672
CLM03609,1630,SUP-064,Air Filter,Sensor Failure,42463,15389,2,281,2,0,0,0.032673687
CLM03610,1038,SUP-079,Brake Chamber,Sensor Failure,5141,23780,4,117,3,0,0,0.0015426275
CLM03611,1496,SUP-069,Brake Chamber,Misalignment,41704,25402,9,142,8,0,0,0.03670555
CLM03612,1779,SUP-068,Air Filter,Corrosion,30839,12530,7,72,2,0,0,0.0127857905
CLM03613,1232,SUP-028,Brake Chamber,Breakage,23245,22846,3,29,5,0,0,0.0016146385
CLM03614,1942,SUP-053,Radiator Hose,Sensor Failure,19767,16442,13,25,8,0,0,0.0015554455
CLM03615,1529,SUP-051,U-Joint,Corrosion,19831,24862,14,87,7,0,0,0.0016394801
CLM03616,1148,SUP-053,Relay Valve,Sensor Failure,38572,3275,9,187,4,0,0,0.035881802
CLM03617,1396,SUP-004,Air Filter,Leak,48083,4139,1,100,9,0,0,0.03263561
CLM03618,1660,SUP-079,Air Filter,Wear,20653,25666,12,255,2,0,0,0.0015944646
CLM03619,1637,SUP-017,Wheel Bearing,Corrosion,9568,18322,1,178,7,0,0,0.0015598262
CLM03620,1903,SUP-067,U-Joint,Sensor Failure,43145,28646,9,140,7,0,0,0.032672223
CLM03621,1301,SUP-074,Fuel/Water Separator,Wear,28855,1350,7,82,7,0,0,0.0015327072
CLM03622,1359,SUP-047,Wheel Speed Sensor,Breakage,40830,17323,3,356,7,0,0,0.03347525
CLM03623,1237,SUP-056,Radiator Hose,Sensor Failure,15379,8300,4,19,5,0,0,0.0015347226
CLM03624,1646,SUP-023,V-Belt,Corrosion,3847,23741,7,255,1,0,0,0.0014946433
CLM03625,1662,SUP-018,V-Belt,Leak,25042,7075,15,53,4,0,0,0.0015692617
CLM03626,1235,SUP-001,Fuel/Water Separator,Wear,24830,11687,1,35,5,0,0,0.0014841652
CLM03627,1735,SUP-035,Relay Valve,Wear,25467,29499,6,155,4,0,0,0.0016099659
CLM03628,1202,SUP-064,V-Belt,Leak,34500,26741,5,67,7,0,0,0.035947576
CLM03629,1255,SUP-058,Brake Chamber,Corrosion,41081,19792,11,230,2,0,0,0.03090429
CLM03630,1597,SUP-095,Wheel Speed Sensor,Misalignment,24620,22077,17,51,2,0,0,0.076748915
CLM03631,1661,SUP-059,U-Joint,Breakage,46577,18141,3,361,2,0,0,0.03142923
CLM03632,1234,SUP-001,Wheel Bearing,Misalignment,35926,18428,12,43,3,0,0,0.032280684
CLM03633,1344,SUP-003,U-Joint,Leak,25195,18789,10,35,5,0,0,0.0016121828
CLM03634,1533,SUP-067,V-Belt,Breakage,45254,12371,7,15,9,0,0,0.0302868
CLM03635,1859,SUP-037,Wheel Bearing,Corrosion,29222,18699,15,144,3,0,0,0.0015732115
CLM03636,1796,SUP-083,U-Joint,Sensor Failure,5619,2776,18,355,6,0,0,0.06973861
CLM03637,1780,SUP-029,Air Filter,Sensor Failure,11503,28392,19,69,6,0,0,0.07762453
CLM03638,1465,SUP-089,Radiator Hose,Misalignment,33287,1950,1,199,6,0,0,0.03621843
CLM03639,1769,SUP-033,Wheel Bearing,Corrosion,21428,27123,13,85,5,0,0,0.0016492937
CLM03640,1540,SUP-100,Fuel/Water Separator,Breakage,2210,29915,4,169,2,0,0,0.0015220668
CLM03641,1212,SUP-061,Radiator Hose,Misalignment,12606,4044,18,193,1,0,0,0.071394846
CLM03642,1462,SUP-093,U-Joint,Leak,36938,15837,12,30,5,0,0,0.032481253
CLM03643,1435,SUP-090,Relay Valve,Misalignment,24857,5406,4,147,8,0,0,0.0016024846
CLM03644,1282,SUP-004,Fuel/Water Separator,Corrosion,19132,20518,4,88,5,0,0,0.0016711507
CLM03645,1561,SUP-014,Air Filter,Corrosion,16558,6348,5,302,3,0,0,0.001551663
CLM03646,1606,SUP-091,Wheel Bearing,Sensor Failure,1918,25249,19,316,3,0,0,0.07455692
CLM03647,1462,SUP-033,Brake Chamber,Leak,26695,9790,9,79,2,0,0,0.0014717423
CLM03648,1406,SUP-022,Wheel Bearing,Sensor Failure,9897,18006,7,227,7,0,0,0.0015938353
CLM03649,1087,SUP-048,Radiator Hose,Breakage,23438,11252,7,24,2,0,0,0.0015176111
CLM03650,1043,SUP-003,Wheel Bearing,Breakage,22313,27118,12,177,6,0,0,0.0015604168
CLM03651,1460,SUP-087,Radiator Hose,Wear,45390,7784,10,187,8,0,0,0.035710286
CLM03652,1277,SUP-085,Fuel/Water Separator,Corrosion,3861,12470,13,270,8,0,0,0.0015342559
CLM03653,1682,SUP-023,Wheel Bearing,Leak,35575,22236,6,214,2,0,0,0.033972953
CLM03654,1420,SUP-068,Fuel/Water Separator,Leak,26975,19060,9,295,6,0,0,0.0016270538
CLM03655,1700,SUP-021,Air Filter,Sensor Failure,3649,11113,19,264,3,0,0,0.07070353
CLM03656,1352,SUP-043,Air Filter,Misalignment,5423,16434,16,176,9,0,0,0.029090818
CLM03657,1695,SUP-095,Radiator Hose,Misalignment,43580,29407,11,80,3,0,0,0.036751594
CLM03658,1514,SUP-085,U-Joint,Sensor Failure,36210,14655,4,238,1,0,0,0.02921386
CLM03659,1702,SUP-026,Air Filter,Misalignment,8639,5337,1,81,9,0,0,0.0016201016
CLM03660,1629,SUP-041,Wheel Speed Sensor,Leak,3595,6833,12,197,8,0,0,0.0016138658
CLM03661,1018,SUP-099,Wheel Bearing,Sensor Failure,22521,28848,4,297,2,0,0,0.0015642833
CLM03662,1022,SUP-038,Wheel Speed Sensor,Misalignment,46974,23195,5,291,3,0,0,0.03007505
CLM03663,1412,SUP-088,Wheel Bearing,Wear,46132,16466,6,181,7,0,0,0.034792844
CLM03664,1029,SUP-011,V-Belt,Corrosion,5075,26768,14,54,6,0,0,0.0015228145
CLM03665,1806,SUP-029,Fuel/Water Separator,Wear,33241,17174,1,165,8,0,0,0.034398388
CLM03666,1107,SUP-060,Radiator Hose,Misalignment,10641,12623,8,18,5,0,0,0.0015283809
CLM03667,1366,SUP-067,Relay Valve,Breakage,21326,24392,15,277,5,0,0,0.0015928961
CLM03668,1280,SUP-065,U-Joint,Leak,35539,18302,12,256,2,0,0,0.032588262
CLM03669,1127,SUP-061,Radiator Hose,Wear,37460,6093,19,298,6,1,1,99.89405
CLM03670,1228,SUP-019,Air Filter,Wear,26094,14974,7,321,5,0,0,0.0015500673
CLM03671,1110,SUP-046,Brake Chamber,Sensor Failure,19735,22194,9,136,9,0,0,0.0016194299
CLM03672,1135,SUP-049,U-Joint,Sensor Failure,43095,18872,11,212,3,0,0,0.03419019
CLM03673,1361,SUP-022,U-Joint,Sensor Failure,20156,9259,8,241,5,0,0,0.0015654636
CLM03674,1185,SUP-078,Brake Chamber,Misalignment,34679,22522,4,114,3,0,0,0.031569354
CLM03675,1655,SUP-057,Fuel/Water Separator,Breakage,10007,22054,10,357,9,0,0,0.0015495248
CLM03676,1583,SUP-014,U-Joint,Wear,43922,19922,10,317,9,0,0,0.03253738
CLM03677,1128,SUP-044,V-Belt,Corrosion,14377,27421,8,197,7,0,0,0.0015617209
CLM03678,1875,SUP-016,U-Joint,Sensor Failure,2800,28219,14,187,1,0,0,0.0015085379
CLM03679,1260,SUP-097,Relay Valve,Breakage,18192,2803,4,266,9,0,0,0.0015267973
CLM03680,1514,SUP-077,Wheel Speed Sensor,Misalignment,38901,17192,3,191,9,0,0,0.032601498
CLM03681,1448,SUP-012,Fuel/Water Separator,Breakage,42529,19022,3,263,5,0,0,0.03627154
CLM03682,1899,SUP-055,Radiator Hose,Sensor Failure,1969,19080,4,35,2,0,0,0.0015611164
CLM03683,1103,SUP-051,Air Filter,Leak,37847,961,12,347,1,0,0,0.02917
CLM03684,1482,SUP-039,V-Belt,Wear,16601,13422,18,42,2,0,0,0.06454976
CLM03685,1223,SUP-033,Fuel/Water Separator,Sensor Failure,48456,16244,19,213,4,1,1,99.85966
CLM03686,1831,SUP-033,Wheel Speed Sensor,Corrosion,37087,20704,11,88,4,0,0,0.035339244
CLM03687,1873,SUP-029,Relay Valve,Wear,38473,24843,18,285,1,1,1,99.87288
CLM03688,1865,SUP-069,Wheel Speed Sensor,Breakage,40379,5232,14,155,8,0,0,0.034433823
CLM03689,1490,SUP-070,Radiator Hose,Corrosion,31655,17529,11,294,8,0,0,0.017612454
CLM03690,1472,SUP-031,Brake Chamber,Wear,16259,29689,14,258,8,0,0,0.001628131
CLM03691,1009,SUP-080,Air Filter,Corrosion,1387,22898,3,25,5,0,0,0.0014870113
CLM03692,1404,SUP-031,Brake Chamber,Breakage,47753,10088,2,194,2,0,0,0.029759025
CLM03693,1895,SUP-089,Wheel Bearing,Sensor Failure,41835,20152,9,294,4,0,0,0.03322151
CLM03694,1301,SUP-046,Relay Valve,Corrosion,46814,12977,8,59,1,0,0,0.031599794
CLM03695,1230,SUP-097,Air Filter,Sensor Failure,3489,28950,5,106,1,0,0,0.0015985664
CLM03696,1730,SUP-077,Radiator Hose,Breakage,42475,24799,9,7,3,0,0,0.03490344
CLM03697,1922,SUP-052,Fuel/Water Separator,Breakage,3890,12866,5,177,4,0,0,0.0014917525
CLM03698,1065,SUP-010,Air Filter,Corrosion,46100,10262,13,196,3,0,0,0.031653527
CLM03699,1936,SUP-088,Fuel/Water Separator,Corrosion,35210,17699,11,364,3,0,0,0.03011014
CLM03700,1111,SUP-074,Fuel/Water Separator,Breakage,1722,18789,11,232,8,0,0,0.0016157537
CLM03701,1012,SUP-041,Wheel Bearing,Corrosion,9947,8540,12,297,4,0,0,0.001607249
CLM03702,1392,SUP-095,V-Belt,Corrosion,36018,12859,19,202,3,1,1,99.86263
CLM03703,1499,SUP-077,Relay Valve,Corrosion,36354,27166,13,361,9,0,0,0.032681912
CLM03704,1931,SUP-003,Relay Valve,Misalignment,42345,5398,9,220,1,0,0,0.026556507
CLM03705,1597,SUP-059,Wheel Bearing,Corrosion,23510,3704,4,350,8,0,0,0.0016824626
CLM03706,1233,SUP-052,Brake Chamber,Wear,40541,12562,7,280,5,0,0,0.031712852
CLM03707,1601,SUP-034,Brake Chamber,Breakage,12207,1629,5,292,8,0,0,0.0016204385
CLM03708,1313,SUP-049,Radiator Hose,Breakage,16073,14482,7,336,3,0,0,0.001520252
CLM03709,1565,SUP-028,V-Belt,Leak,13647,10747,8,277,6,0,0,0.001557702
CLM03710,1011,SUP-083,Fuel/Water Separator,Sensor Failure,9190,18681,14,283,7,0,0,0.0015411804
CLM03711,1208,SUP-087,U-Joint,Leak,37855,20298,10,311,8,0,0,0.03556755
CLM03712,1973,SUP-096,U-Joint,Corrosion,38846,19368,6,85,7,0,0,0.031191027
CLM03713,1013,SUP-013,Brake Chamber,Corrosion,9142,23107,5,219,7,0,0,0.0015420348
CLM03714,1632,SUP-097,Wheel Bearing,Wear,27543,24607,15,227,2,0,0,0.0015915433
CLM03715,1417,SUP-098,V-Belt,Wear,46260,17572,16,315,3,1,1,99.64749
CLM03716,1436,SUP-097,Wheel Speed Sensor,Wear,36806,28539,2,330,6,0,0,0.030552596
CLM03717,1376,SUP-069,V-Belt,Wear,43032,25651,15,290,3,0,0,0.03393647
CLM03718,1019,SUP-067,Radiator Hose,Wear,27876,13687,8,52,9,0,0,0.0015193258
CLM03719,1586,SUP-061,Fuel/Water Separator,Wear,15413,23315,13,142,9,0,0,0.0015927232
CLM03720,1911,SUP-060,Fuel/Water Separator,Wear,1768,16680,17,59,6,0,0,0.076687105
CLM03721,1754,SUP-071,Relay Valve,Wear,28255,28086,15,57,1,0,0,0.0016308131
CLM03722,1734,SUP-024,Air Filter,Misalignment,42946,28978,14,120,1,0,0,0.035215985
CLM03723,1069,SUP-063,Air Filter,Wear,45066,22885,19,37,4,1,1,99.87334
CLM03724,1823,SUP-086,Relay Valve,Breakage,6557,29891,13,186,8,0,0,0.0015259385
CLM03725,1210,SUP-061,Radiator Hose,Wear,44319,23983,7,288,3,0,0,0.035421647
CLM03726,1100,SUP-023,Fuel/Water Separator,Sensor Failure,28620,29397,8,276,4,0,0,0.0015497908
CLM03727,1697,SUP-030,Air Filter,Wear,19691,23305,7,126,6,0,0,0.0016170656
CLM03728,1131,SUP-060,Air Filter,Misalignment,35157,7538,19,213,9,1,1,99.883705
CLM03729,1622,SUP-018,Air Filter,Corrosion,40507,12562,15,337,4,0,0,0.03208536
CLM03730,1380,SUP-096,Fuel/Water Separator,Misalignment,11773,19723,7,189,3,0,0,0.0015561725
CLM03731,1131,SUP-056,Radiator Hose,Misalignment,11263,19958,17,185,9,0,0,0.07845819
CLM03732,1019,SUP-053,Wheel Speed Sensor,Corrosion,14386,29716,18,109,7,0,0,0.07132558
CLM03733,1905,SUP-007,Brake Chamber,Wear,23381,3025,19,52,9,0,0,0.07522406
CLM03734,1535,SUP-097,V-Belt,Wear,43629,28557,3,344,6,0,0,0.030982852
CLM03735,1226,SUP-069,Wheel Bearing,Corrosion,16258,18901,7,341,4,0,0,0.0015748448
CLM03736,1153,SUP-092,U-Joint,Sensor Failure,26993,3878,10,335,5,0,0,0.0015497893
CLM03737,1804,SUP-072,V-Belt,Leak,49585,28361,7,101,2,0,0,0.026649185
CLM03738,1741,SUP-079,Air Filter,Breakage,40021,28177,11,316,3,0,0,0.032333106
CLM03739,1468,SUP-052,Radiator Hose,Corrosion,40001,29590,3,146,5,0,0,0.032994695
CLM03740,1821,SUP-004,Wheel Speed Sensor,Wear,13324,12300,9,205,3,0,0,0.0014667443
CLM03741,1999,SUP-034,U-Joint,Breakage,28445,9743,4,175,3,0,0,0.0014306678
CLM03742,1870,SUP-069,Relay Valve,Wear,27162,29780,8,231,9,0,0,0.0015543809
CLM03743,1404,SUP-033,Wheel Speed Sensor,Leak,5667,25162,12,126,4,0,0,0.0016031312
CLM03744,1201,SUP-069,Brake Chamber,Leak,33383,19981,8,268,4,0,0,0.033614766
CLM03745,1037,SUP-038,Air Filter,Corrosion,21786,29884,15,251,1,0,0,0.0015254277
CLM03746,1941,SUP-098,Wheel Bearing,Breakage,11418,27515,14,358,7,0,0,0.0015622556
CLM03747,1771,SUP-026,U-Joint,Misalignment,32259,8024,5,112,9,0,0,0.022685425
CLM03748,1187,SUP-001,Air Filter,Breakage,49879,15188,17,40,8,1,1,99.85752
CLM03749,1056,SUP-004,U-Joint,Misalignment,32651,14850,11,218,2,0,0,0.026463319
CLM03750,1940,SUP-039,Wheel Bearing,Leak,15055,6948,15,236,6,0,0,0.0015927427
CLM03751,1019,SUP-054,Brake Chamber,Wear,10123,1777,13,192,5,0,0,0.0015652502
CLM03752,1272,SUP-090,Relay Valve,Misalignment,40756,7266,4,275,8,0,0,0.032645945
CLM03753,1118,SUP-033,Fuel/Water Separator,Misalignment,14755,9211,13,87,1,0,0,0.0015384492
CLM03754,1582,SUP-033,Radiator Hose,Corrosion,10734,22954,13,240,9,0,0,0.0016163964
CLM03755,1515,SUP-072,Wheel Speed Sensor,Sensor Failure,49704,23880,11,356,9,0,0,0.031876355
CLM03756,1220,SUP-020,V-Belt,Leak,35760,7853,5,155,7,0,0,0.029643862
CLM03757,1525,SUP-016,Relay Valve,Misalignment,45666,9078,14,180,8,0,0,0.033671275
CLM03758,1514,SUP-021,Relay Valve,Leak,37827,15740,3,80,9,0,0,0.033160944
CLM03759,1727,SUP-045,U-Joint,Corrosion,24587,8167,18,7,5,0,0,0.0759713
CLM03760,1740,SUP-090,U-Joint,Wear,40661,513,3,251,2,0,0,0.03174504
CLM03761,1335,SUP-087,Wheel Speed Sensor,Breakage,12741,24281,6,191,1,0,0,0.0015235508
CLM03762,1697,SUP-082,U-Joint,Leak,20528,21070,8,77,5,0,0,0.0016413918
CLM03763,1054,SUP-062,Fuel/Water Separator,Corrosion,49157,20359,17,55,8,1,1,99.8816
CLM03764,1499,SUP-031,Radiator Hose,Corrosion,24266,12268,1,204,4,0,0,0.0015284057
CLM03765,1899,SUP-042,V-Belt,Corrosion,24854,16887,7,347,4,0,0,0.0014937926
CLM03766,1887,SUP-012,V-Belt,Breakage,16706,28145,18,159,4,0,0,0.07586632
CLM03767,1765,SUP-065,Wheel Bearing,Leak,43494,3790,4,139,8,0,0,0.034992166
CLM03768,1535,SUP-073,Wheel Bearing,Misalignment,16876,12351,10,230,7,0,0,0.001563806
CLM03769,1161,SUP-003,Radiator Hose,Corrosion,46802,29967,5,322,1,0,0,0.03095793
CLM03770,1669,SUP-090,Air Filter,Breakage,20058,29014,8,67,6,0,0,0.0016639992
CLM03771,1593,SUP-009,Air Filter,Wear,5548,29387,13,98,4,0,0,0.0015911426
CLM03772,1914,SUP-051,Relay Valve,Sensor Failure,30502,13970,17,114,2,1,1,99.353424
CLM03773,1158,SUP-016,Relay Valve,Leak,15263,8430,4,13,3,0,0,0.0014837617
CLM03774,1187,SUP-088,Brake Chamber,Breakage,2552,26678,10,147,4,0,0,0.0016092979
CLM03775,1059,SUP-078,Wheel Bearing,Sensor Failure,7014,14545,8,222,7,0,0,0.0015303527
CLM03776,1914,SUP-003,Brake Chamber,Sensor Failure,14106,13491,10,21,1,0,0,0.0014345164
CLM03777,1816,SUP-098,U-Joint,Breakage,18776,5326,13,215,1,0,0,0.0014956
CLM03778,1318,SUP-097,V-Belt,Misalignment,16396,8040,12,144,3,0,0,0.0014753987
CLM03779,1877,SUP-024,Relay Valve,Misalignment,27455,6660,13,340,2,0,0,0.0015243167
CLM03780,1210,SUP-073,Air Filter,Breakage,42340,4473,10,112,3,0,0,0.03151114
CLM03781,1405,SUP-013,Radiator Hose,Breakage,1648,27618,1,78,3,0,0,0.0016504738
CLM03782,1663,SUP-002,Wheel Bearing,Corrosion,46301,26718,9,154,1,0,0,0.035447724
CLM03783,1108,SUP-071,V-Belt,Wear,29197,26565,3,86,6,0,0,0.0016253913
CLM03784,1075,SUP-021,Wheel Speed Sensor,Misalignment,38428,23471,17,361,8,1,1,99.88444
CLM03785,1541,SUP-019,Radiator Hose,Corrosion,12609,12750,10,76,5,0,0,0.0015181237
CLM03786,1313,SUP-089,Brake Chamber,Sensor Failure,34588,23261,19,31,1,1,1,99.87415
CLM03787,1997,SUP-047,Fuel/Water Separator,Sensor Failure,27592,20117,6,360,7,0,0,0.0015970243
CLM03788,1116,SUP-022,Brake Chamber,Sensor Failure,16920,26771,7,324,9,0,0,0.0016608601
CLM03789,1926,SUP-075,Wheel Bearing,Breakage,22829,18270,11,168,7,0,0,0.0015695221
CLM03790,1867,SUP-033,Radiator Hose,Leak,8695,8043,16,283,9,0,0,0.027699986
CLM03791,1703,SUP-032,Fuel/Water Separator,Corrosion,38644,21676,4,349,9,0,0,0.03231286
CLM03792,1018,SUP-064,U-Joint,Leak,20179,18081,4,220,2,0,0,0.0015398714
CLM03793,1431,SUP-085,Wheel Speed Sensor,Wear,37984,19169,18,272,8,1,1,99.85863
CLM03794,1684,SUP-039,Brake Chamber,Wear,3134,16022,18,200,7,0,0,0.06882209
CLM03795,1739,SUP-084,Wheel Speed Sensor,Corrosion,3177,26063,7,113,7,0,0,0.0016170656
CLM03796,1349,SUP-072,Radiator Hose,Sensor Failure,19683,13801,11,13,2,0,0,0.0015078058
CLM03797,1182,SUP-042,V-Belt,Misalignment,32506,12681,5,60,1,0,0,0.01616697
CLM03798,1112,SUP-009,Radiator Hose,Wear,18767,19843,18,335,4,0,0,0.07403129
CLM03799,1182,SUP-025,Air Filter,Leak,12693,18145,7,188,7,0,0,0.0015079295
CLM03800,1480,SUP-089,Fuel/Water Separator,Leak,5142,14429,2,364,6,0,0,0.0015593381
CLM03801,1145,SUP-097,V-Belt,Misalignment,45622,29801,5,288,2,0,0,0.03114779
CLM03802,1830,SUP-002,Brake Chamber,Breakage,24028,26331,5,55,7,0,0,0.001656567
CLM03803,1627,SUP-019,U-Joint,Sensor Failure,27409,9279,19,243,9,0,0,0.073972486
CLM03804,1112,SUP-020,Wheel Speed Sensor,Breakage,3472,18424,2,153,2,0,0,0.0015376689
CLM03805,1762,SUP-093,Radiator Hose,Corrosion,16300,24781,19,169,5,0,0,0.07355819
CLM03806,1475,SUP-070,Wheel Bearing,Wear,31549,9485,5,282,2,0,0,0.015872974
CLM03807,1762,SUP-017,Brake Chamber,Misalignment,14018,28992,12,109,1,0,0,0.0016055423
CLM03808,1302,SUP-089,Wheel Bearing,Misalignment,13398,14047,13,338,7,0,0,0.0015906859
CLM03809,1970,SUP-068,V-Belt,Misalignment,26826,22547,7,36,2,0,0,0.0015893803
CLM03810,1824,SUP-094,Air Filter,Breakage,4110,6820,2,212,6,0,0,0.0015927427
CLM03811,1117,SUP-084,Brake Chamber,Breakage,42094,24551,14,353,7,0,0,0.037985105
CLM03812,1812,SUP-003,Air Filter,Corrosion,14606,27096,5,340,1,0,0,0.0015643995
CLM03813,1160,SUP-087,Air Filter,Leak,9801,17002,12,131,9,0,0,0.0015308082
CLM03814,1400,SUP-051,U-Joint,Leak,44994,18097,4,59,6,0,0,0.034652323
CLM03815,1197,SUP-082,V-Belt,Corrosion,23955,9305,17,162,2,0,0,0.06835884
CLM03816,1259,SUP-026,Radiator Hose,Misalignment,32811,15200,16,262,1,1,1,99.60568
CLM03817,1659,SUP-056,Fuel/Water Separator,Leak,4774,29657,10,159,1,0,0,0.001625024
CLM03818,1751,SUP-100,Air Filter,Corrosion,27822,14784,3,227,2,0,0,0.0014880213
CLM03819,1046,SUP-064,V-Belt,Leak,1258,29493,1,160,9,0,0,0.0015395499
CLM03820,1986,SUP-008,U-Joint,Corrosion,7868,21118,6,298,2,0,0,0.0015643995
CLM03821,1398,SUP-081,Brake Chamber,Leak,7817,8003,3,313,1,0,0,0.0015653606
CLM03822,1709,SUP-095,Relay Valve,Misalignment,39512,20357,19,329,4,1,1,99.86819
CLM03823,1558,SUP-037,Relay Valve,Breakage,31856,11989,7,46,9,0,0,0.016937634
CLM03824,1077,SUP-097,U-Joint,Breakage,13092,18173,9,344,8,0,0,0.0016261371
CLM03825,1123,SUP-027,V-Belt,Misalignment,32100,19264,12,312,7,0,0,0.017993635
CLM03826,1074,SUP-045,U-Joint,Leak,17621,723,14,123,8,0,0,0.0016616157
CLM03827,1870,SUP-004,Fuel/Water Separator,Misalignment,37123,13359,1,214,2,0,0,0.032874845
CLM03828,1136,SUP-086,Fuel/Water Separator,Corrosion,8904,11515,13,158,5,0,0,0.0015428613
CLM03829,1601,SUP-090,Radiator Hose,Breakage,23985,11706,2,164,7,0,0,0.0015424303
CLM03830,1399,SUP-096,Relay Valve,Wear,2158,6179,3,282,1,0,0,0.0015334996
CLM03831,1836,SUP-088,Relay Valve,Leak,34362,19524,11,50,6,0,0,0.034137655
CLM03832,1504,SUP-099,Fuel/Water Separator,Wear,19134,13596,5,130,7,0,0,0.0015488096
CLM03833,1499,SUP-037,U-Joint,Wear,17786,26062,2,362,8,0,0,0.0015909923
CLM03834,1572,SUP-096,Air Filter,Sensor Failure,26397,14702,14,364,5,0,0,0.0015603825
CLM03835,1137,SUP-071,Brake Chamber,Wear,11427,1523,13,263,8,0,0,0.0016488597
CLM03836,1049,SUP-033,Relay Valve,Wear,11494,18427,14,155,1,0,0,0.0015398714
CLM03837,1770,SUP-031,Fuel/Water Separator,Misalignment,8490,23888,3,336,4,0,0,0.0016532748
CLM03838,1972,SUP-055,U-Joint,Sensor Failure,27273,26348,8,305,6,0,0,0.0015901065
CLM03839,1618,SUP-012,V-Belt,Sensor Failure,29504,2279,13,46,4,0,0,0.0016191087
CLM03840,1624,SUP-011,Brake Chamber,Sensor Failure,15760,18584,12,248,5,0,0,0.0015600299
CLM03841,1861,SUP-088,Wheel Bearing,Corrosion,39302,12622,18,221,2,1,1,99.87243
CLM03842,1253,SUP-072,Wheel Bearing,Sensor Failure,6286,16280,18,213,7,0,0,0.07237397
CLM03843,1629,SUP-032,U-Joint,Misalignment,2613,24883,17,321,9,0,0,0.075993486
CLM03844,1709,SUP-057,Wheel Speed Sensor,Corrosion,46540,10926,7,2,7,0,0,0.032426916
CLM03845,1848,SUP-038,Wheel Speed Sensor,Leak,23963,13036,13,206,1,0,0,0.0014667443
CLM03846,1876,SUP-060,Relay Valve,Corrosion,33430,28274,13,230,2,0,0,0.033551306
CLM03847,1562,SUP-086,V-Belt,Leak,39419,11851,6,335,8,0,0,0.032598764
CLM03848,1756,SUP-098,Air Filter,Sensor Failure,4552,4483,19,192,1,0,0,0.072348036
CLM03849,1914,SUP-019,U-Joint,Sensor Failure,45638,14605,19,320,2,1,1,99.829
CLM03850,1425,SUP-084,Wheel Bearing,Leak,24622,9715,16,356,5,0,0,0.028420426
CLM03851,1546,SUP-056,Wheel Bearing,Breakage,49829,15081,3,253,6,0,0,0.030748969
CLM03852,1301,SUP-014,V-Belt,Misalignment,5996,15762,14,316,1,0,0,0.001534266
CLM03853,1921,SUP-033,Relay Valve,Corrosion,35232,16270,6,89,1,0,0,0.024943054
CLM03854,1580,SUP-010,Wheel Speed Sensor,Misalignment,40050,7885,17,15,2,1,1,99.87954
CLM03855,1348,SUP-080,Radiator Hose,Misalignment,40013,24478,16,165,3,1,1,99.716705
CLM03856,1831,SUP-064,Relay Valve,Wear,40379,23042,2,262,9,0,0,0.034257013
CLM03857,1932,SUP-064,Relay Valve,Sensor Failure,32002,20723,9,45,3,0,0,0.01825531
CLM03858,1979,SUP-062,Air Filter,Corrosion,36868,17709,13,332,8,0,0,0.030311788
CLM03859,1048,SUP-068,Air Filter,Misalignment,5113,3236,14,180,6,0,0,0.0015348868
CLM03860,1916,SUP-091,Wheel Bearing,Corrosion,27532,20290,12,106,5,0,0,0.0016027734
CLM03861,1073,SUP-092,Air Filter,Misalignment,37861,19658,11,322,9,0,0,0.031646706
CLM03862,1703,SUP-043,Wheel Bearing,Sensor Failure,9124,21516,19,148,8,0,0,0.075075455
CLM03863,1260,SUP-080,Relay Valve,Misalignment,22235,25567,10,190,3,0,0,0.0015235508
CLM03864,1355,SUP-059,V-Belt,Leak,26262,10551,18,129,7,0,0,0.070408046
CLM03865,1581,SUP-052,Radiator Hose,Sensor Failure,43996,11031,3,348,4,0,0,0.03295744
CLM03866,1601,SUP-097,V-Belt,Corrosion,4579,25667,16,205,8,0,0,0.02909534
CLM03867,1259,SUP-019,Relay Valve,Breakage,26619,3234,18,30,7,0,0,0.072219945
CLM03868,1637,SUP-021,Fuel/Water Separator,Misalignment,22829,23771,14,10,3,0,0,0.0016643404
CLM03869,1742,SUP-022,U-Joint,Leak,10571,1992,17,109,7,0,0,0.07318962
CLM03870,1294,SUP-009,Wheel Speed Sensor,Sensor Failure,21912,9639,5,150,6,0,0,0.0015194692
CLM03871,1930,SUP-009,U-Joint,Wear,41334,26651,17,285,6,1,1,99.8689
CLM03872,1640,SUP-073,Radiator Hose,Sensor Failure,43001,1182,14,325,3,0,0,0.031979118
CLM03873,1791,SUP-027,Air Filter,Corrosion,35341,25704,3,139,4,0,0,0.034944594
CLM03874,1312,SUP-017,U-Joint,Corrosion,13663,29764,15,154,4,0,0,0.0015349512
CLM03875,1611,SUP-044,Air Filter,Wear,23104,21366,12,147,6,0,0,0.0015833984
CLM03876,1837,SUP-045,Relay Valve,Leak,43323,14394,17,36,9,1,1,99.87185
CLM03877,1808,SUP-008,Radiator Hose,Corrosion,49277,21631,17,184,5,1,1,99.8756
CLM03878,1181,SUP-080,Wheel Speed Sensor,Leak,42970,19124,19,265,8,1,1,99.88132
CLM03879,1685,SUP-018,Wheel Speed Sensor,Leak,46771,12446,7,135,5,0,0,0.033234563
CLM03880,1827,SUP-033,Fuel/Water Separator,Sensor Failure,18640,600,5,18,6,0,0,0.0016746493
CLM03881,1363,SUP-001,Wheel Bearing,Leak,18511,1593,2,137,6,0,0,0.0015917754
CLM03882,1187,SUP-076,Wheel Speed Sensor,Misalignment,33699,13985,16,198,4,1,1,99.681526
CLM03883,1568,SUP-006,Brake Chamber,Corrosion,45654,11183,13,45,5,0,0,0.03333814
CLM03884,1542,SUP-041,Wheel Bearing,Corrosion,29892,20656,11,79,4,0,0,0.0016322819
CLM03885,1595,SUP-055,Wheel Speed Sensor,Breakage,2049,9124,7,87,2,0,0,0.0014893658
CLM03886,1663,SUP-005,Relay Valve,Leak,38951,5834,3,209,2,0,0,0.028656242
CLM03887,1984,SUP-059,Radiator Hose,Breakage,3301,1036,6,224,8,0,0,0.0015897928
CLM03888,1547,SUP-080,Radiator Hose,Sensor Failure,30497,17484,5,253,4,0,0,0.012691952
CLM03889,1724,SUP-018,Brake Chamber,Breakage,46065,10358,1,160,9,0,0,0.033429325
CLM03890,1925,SUP-049,Relay Valve,Leak,45120,3255,1,229,6,0,0,0.032403737
CLM03891,1407,SUP-082,Brake Chamber,Corrosion,32149,9010,18,195,5,1,1,99.768845
CLM03892,1875,SUP-065,Air Filter,Sensor Failure,43130,16145,3,144,7,0,0,0.03254076
CLM03893,1617,SUP-083,V-Belt,Leak,36966,24400,19,130,6,1,1,99.88606
CLM03894,1413,SUP-054,Wheel Speed Sensor,Sensor Failure,44705,21825,10,41,4,0,0,0.034931835
CLM03895,1341,SUP-061,Relay Valve,Wear,47698,24392,11,179,9,0,0,0.03322658
CLM03896,1219,SUP-008,V-Belt,Leak,43501,10554,8,14,6,0,0,0.028146995
CLM03897,1902,SUP-003,V-Belt,Wear,25889,12424,11,232,3,0,0,0.0014187832
CLM03898,1162,SUP-025,Radiator Hose,Breakage,3695,2027,5,27,4,0,0,0.0015433722
CLM03899,1950,SUP-069,Radiator Hose,Leak,7645,25146,4,337,4,0,0,0.0015795904
CLM03900,1219,SUP-055,Air Filter,Wear,26105,22132,13,329,8,0,0,0.0015877504
CLM03901,1269,SUP-040,Relay Valve,Misalignment,9149,943,6,10,5,0,0,0.0014994217
CLM03902,1631,SUP-083,Fuel/Water Separator,Corrosion,16032,16149,2,349,8,0,0,0.0016018887
CLM03903,1905,SUP-082,Relay Valve,Breakage,23243,29770,6,85,8,0,0,0.0016158354
CLM03904,1847,SUP-050,Air Filter,Leak,46915,9078,10,357,6,0,0,0.030977625
CLM03905,1399,SUP-095,Radiator Hose,Leak,44426,6174,4,2,5,0,0,0.034641292
CLM03906,1181,SUP-033,Radiator Hose,Corrosion,11433,5695,16,207,2,0,0,0.025960067
CLM03907,1990,SUP-018,Wheel Speed Sensor,Corrosion,25887,2369,10,89,1,0,0,0.0015138126
CLM03908,1617,SUP-057,U-Joint,Wear,18379,21532,1,121,7,0,0,0.0015833984
CLM03909,1728,SUP-016,Radiator Hose,Wear,7865,10703,13,30,7,0,0,0.0015793552
CLM03910,1204,SUP-080,Brake Chamber,Wear,14610,27997,14,9,2,0,0,0.0016223823
CLM03911,1581,SUP-038,Wheel Speed Sensor,Sensor Failure,24880,12043,12,129,3,0,0,0.0014880213
CLM03912,1555,SUP-041,Wheel Bearing,Breakage,11715,17163,13,312,8,0,0,0.0016148386
CLM03913,1840,SUP-007,U-Joint,Leak,3631,1270,1,312,4,0,0,0.0015614618
CLM03914,1812,SUP-078,U-Joint,Breakage,34031,22446,14,204,5,0,0,0.03263387
CLM03915,1227,SUP-053,Brake Chamber,Corrosion,41452,17837,8,317,7,0,0,0.03221074
CLM03916,1695,SUP-063,U-Joint,Misalignment,14830,29500,14,301,8,0,0,0.0016250751
CLM03917,1618,SUP-089,Fuel/Water Separator,Breakage,25596,2059,1,138,1,0,0,0.0015785934
CLM03918,1595,SUP-032,Radiator Hose,Breakage,44484,27573,17,145,7,1,1,99.882515
CLM03919,1849,SUP-038,Radiator Hose,Wear,30220,20330,16,174,3,1,1,98.413994
CLM03920,1249,SUP-022,Wheel Speed Sensor,Corrosion,26772,12059,12,49,5,0,0,0.001493116
CLM03921,1874,SUP-016,Air Filter,Breakage,38811,28623,5,243,1,0,0,0.03430862
CLM03922,1440,SUP-052,Brake Chamber,Leak,6116,7482,18,90,3,0,0,0.07150358
CLM03923,1532,SUP-029,Radiator Hose,Wear,17303,19324,4,100,5,0,0,0.0015552097
CLM03924,1195,SUP-016,V-Belt,Breakage,20517,608,11,203,1,0,0,0.0015338579
CLM03925,1689,SUP-076,Radiator Hose,Corrosion,2636,21338,8,208,2,0,0,0.0015891849
CLM03926,1928,SUP-017,Relay Valve,Misalignment,42590,9647,9,93,3,0,0,0.028475024
CLM03927,1986,SUP-064,V-Belt,Leak,27802,7578,10,237,8,0,0,0.0015736872
CLM03928,1518,SUP-091,Air Filter,Misalignment,8811,20244,7,274,5,0,0,0.0016006028
CLM03929,1069,SUP-089,V-Belt,Corrosion,16223,20373,19,267,5,0,0,0.07104188
CLM03930,1638,SUP-013,U-Joint,Corrosion,11581,817,1,201,3,0,0,0.0015855987
CLM03931,1398,SUP-072,Wheel Bearing,Corrosion,21919,840,5,250,9,0,0,0.0015759581
CLM03932,1977,SUP-056,Radiator Hose,Misalignment,18482,14128,6,96,9,0,0,0.001535055
CLM03933,1671,SUP-005,Wheel Speed Sensor,Sensor Failure,3604,4944,12,226,2,0,0,0.0015717704
CLM03934,1759,SUP-012,Fuel/Water Separator,Leak,1207,18958,12,104,8,0,0,0.0016557865
CLM03935,1202,SUP-041,Air Filter,Corrosion,29390,25713,14,144,1,0,0,0.0015985664
CLM03936,1147,SUP-003,Wheel Speed Sensor,Sensor Failure,9463,13188,7,137,5,0,0,0.001512798
CLM03937,1471,SUP-099,Radiator Hose,Wear,37446,16541,14,68,7,0,0,0.03440036
CLM03938,1654,SUP-033,Wheel Speed Sensor,Sensor Failure,25990,22562,16,173,8,0,0,0.026467908
CLM03939,1943,SUP-086,Relay Valve,Wear,37236,13155,9,2,8,0,0,0.031142863
CLM03940,1198,SUP-050,V-Belt,Misalignment,13671,11082,2,119,6,0,0,0.0015159651
CLM03941,1916,SUP-056,Fuel/Water Separator,Sensor Failure,10476,22368,17,345,7,0,0,0.071230784
CLM03942,1425,SUP-009,Radiator Hose,Misalignment,5986,12680,4,120,4,0,0,0.0015903371
CLM03943,1665,SUP-082,U-Joint,Corrosion,43622,13691,14,278,7,0,0,0.034154747
CLM03944,1491,SUP-050,Air Filter,Sensor Failure,29590,13884,14,149,7,0,0,0.0015311162
CLM03945,1887,SUP-029,U-Joint,Sensor Failure,16526,11885,15,330,9,0,0,0.001534288
CLM03946,1895,SUP-039,V-Belt,Corrosion,43001,12628,12,343,2,0,0,0.02845391
CLM03947,1141,SUP-091,Fuel/Water Separator,Wear,7803,12973,13,219,8,0,0,0.0016516485
CLM03948,1312,SUP-100,V-Belt,Corrosion,12905,7479,10,183,9,0,0,0.001513954
CLM03949,1164,SUP-045,Brake Chamber,Leak,3461,2866,16,4,3,0,0,0.029933568
CLM03950,1313,SUP-017,U-Joint,Sensor Failure,41713,28078,15,58,8,0,0,0.036680575
CLM03951,1020,SUP-056,V-Belt,Leak,6673,13381,8,198,1,0,0,0.0014405223
CLM03952,1081,SUP-098,V-Belt,Corrosion,11954,15827,4,26,5,0,0,0.0014581113
CLM03953,1580,SUP-046,Wheel Speed Sensor,Misalignment,47772,2065,1,113,1,0,0,0.032839544
CLM03954,1130,SUP-067,Radiator Hose,Corrosion,11420,25868,14,197,1,0,0,0.0016000045
CLM03955,1598,SUP-069,Wheel Speed Sensor,Breakage,47735,4204,9,229,6,0,0,0.03591356
CLM03956,1729,SUP-014,Brake Chamber,Leak,18327,27476,19,360,5,0,0,0.06671593
CLM03957,1932,SUP-067,Wheel Speed Sensor,Breakage,30564,25430,6,98,5,0,0,0.013518522
CLM03958,1983,SUP-023,Wheel Bearing,Leak,5156,4701,16,304,2,0,0,0.027481861
CLM03959,1304,SUP-094,U-Joint,Misalignment,13251,28971,11,200,9,0,0,0.0015635567
CLM03960,1914,SUP-061,Wheel Speed Sensor,Breakage,14520,13205,11,21,5,0,0,0.0015172655
CLM03961,1370,SUP-023,Relay Valve,Breakage,17549,12709,14,186,3,0,0,0.0014809938
CLM03962,1856,SUP-027,Relay Valve,Leak,2905,13429,11,175,7,0,0,0.0015399655
CLM03963,1852,SUP-054,Air Filter,Corrosion,10515,10944,14,279,6,0,0,0.0015624672
CLM03964,1383,SUP-010,Brake Chamber,Wear,17734,9256,1,208,6,0,0,0.0015419507
CLM03965,1907,SUP-089,Brake Chamber,Corrosion,49188,3953,11,91,5,0,0,0.029604094
CLM03966,1444,SUP-077,Wheel Speed Sensor,Wear,27886,16156,18,263,4,0,0,0.07028416
CLM03967,1424,SUP-016,Fuel/Water Separator,Leak,37077,9994,17,305,6,1,1,99.88252
CLM03968,1160,SUP-041,V-Belt,Sensor Failure,6661,15024,4,216,7,0,0,0.0014833388
CLM03969,1177,SUP-098,Radiator Hose,Corrosion,34699,26826,14,253,8,0,0,0.0357898
CLM03970,1628,SUP-055,V-Belt,Breakage,4838,19474,8,355,2,0,0,0.0015112162
CLM03971,1707,SUP-061,V-Belt,Corrosion,47960,24501,15,31,4,0,0,0.034161225
CLM03972,1894,SUP-086,Brake Chamber,Leak,43073,757,16,125,7,1,1,99.682816
CLM03973,1489,SUP-081,Brake Chamber,Sensor Failure,11378,15288,1,349,3,0,0,0.0014595735
CLM03974,1326,SUP-087,Relay Valve,Sensor Failure,9058,26671,1,196,5,0,0,0.0015566921
CLM03975,1597,SUP-100,Brake Chamber,Corrosion,2989,23105,10,291,7,0,0,0.0016139258
CLM03976,1288,SUP-049,Wheel Speed Sensor,Corrosion,10577,1546,2,34,9,0,0,0.001515147
CLM03977,1592,SUP-073,Relay Valve,Misalignment,20868,7146,12,231,6,0,0,0.0016216738
CLM03978,1663,SUP-052,U-Joint,Corrosion,48963,19116,4,15,2,0,0,0.031215392
CLM03979,1572,SUP-002,V-Belt,Leak,25270,27670,19,334,9,0,0,0.072975636
CLM03980,1572,SUP-096,U-Joint,Wear,34884,20961,1,341,6,0,0,0.035163447
CLM03981,1353,SUP-050,V-Belt,Misalignment,29527,28660,1,327,2,0,0,0.0015565808
CLM03982,1027,SUP-086,V-Belt,Wear,43187,26716,9,337,1,0,0,0.027499503
CLM03983,1953,SUP-043,Air Filter,Breakage,40730,26787,13,170,4,0,0,0.032835566
CLM03984,1042,SUP-077,V-Belt,Leak,39735,16932,11,146,2,0,0,0.025503367
CLM03985,1680,SUP-008,Fuel/Water Separator,Misalignment,16981,25243,19,206,7,0,0,0.07646045
CLM03986,1422,SUP-059,U-Joint,Sensor Failure,28080,2353,17,38,7,0,0,0.07557508
CLM03987,1597,SUP-065,V-Belt,Misalignment,12797,12546,3,320,3,0,0,0.0015526298
CLM03988,1176,SUP-081,Wheel Bearing,Breakage,27457,20625,13,29,1,0,0,0.0016032611
CLM03989,1528,SUP-012,Wheel Bearing,Sensor Failure,21917,2568,19,10,2,0,0,0.07544348
CLM03990,1609,SUP-004,Wheel Bearing,Misalignment,9871,25467,9,273,8,0,0,0.001621734
CLM03991,1965,SUP-077,Wheel Speed Sensor,Sensor Failure,20053,28026,19,115,4,0,0,0.07134193
CLM03992,1493,SUP-095,Relay Valve,Corrosion,26823,13916,19,84,3,0,0,0.06896964
CLM03993,1197,SUP-041,U-Joint,Sensor Failure,2191,7957,1,81,7,0,0,0.0015975073
CLM03994,1609,SUP-007,V-Belt,Misalignment,18514,6323,17,71,4,0,0,0.07423143
CLM03995,1576,SUP-087,Relay Valve,Sensor Failure,18787,26525,14,56,2,0,0,0.0016381314
CLM03996,1841,SUP-088,Radiator Hose,Leak,39398,728,12,317,3,0,0,0.029364765
CLM03997,1852,SUP-069,Fuel/Water Separator,Corrosion,32528,3752,2,359,4,0,0,0.020386387
CLM03998,1516,SUP-069,Radiator Hose,Corrosion,10522,851,3,300,1,0,0,0.0015763805
CLM03999,1513,SUP-081,Brake Chamber,Breakage,6030,2772,5,222,8,0,0,0.0016011815
CLM04000,1021,SUP-030,Relay Valve,Corrosion,2381,20921,3,104,8,0,0,0.0015244404
CLM04001,1111,SUP-073,Air Filter,Wear,17753,25309,14,233,5,0,0,0.0015640222
CLM04002,1056,SUP-006,V-Belt,Leak,6092,25341,18,178,6,0,0,0.074582994
CLM04003,1065,SUP-089,Wheel Speed Sensor,Breakage,23084,17741,5,74,4,0,0,0.0015726191
CLM04004,1841,SUP-019,U-Joint,Wear,15557,15149,3,288,3,0,0,0.0015026826
CLM04005,1097,SUP-080,V-Belt,Sensor Failure,9567,25574,2,346,3,0,0,0.0016029432
CLM04006,1143,SUP-085,U-Joint,Wear,15616,9568,9,53,4,0,0,0.0015326109
CLM04007,1879,SUP-066,Air Filter,Breakage,20144,27334,18,257,6,0,0,0.074672
CLM04008,1434,SUP-010,V-Belt,Corrosion,28866,4694,2,359,2,0,0,0.0015032159
CLM04009,1636,SUP-016,Fuel/Water Separator,Leak,35711,26720,19,118,6,1,1,99.891045
CLM04010,1678,SUP-037,Brake Chamber,Breakage,49743,14199,3,218,8,0,0,0.032096926
CLM04011,1085,SUP-079,Wheel Bearing,Wear,26386,19276,18,30,9,0,0,0.07436607
CLM04012,1587,SUP-077,Air Filter,Wear,22306,3824,14,265,4,0,0,0.00158701
CLM04013,1343,SUP-077,Brake Chamber,Breakage,47901,11643,13,108,5,0,0,0.031652924
CLM04014,1935,SUP-032,V-Belt,Misalignment,24013,29695,16,289,8,0,0,0.029498948
CLM04015,1293,SUP-047,Brake Chamber,Misalignment,30006,6761,11,282,2,0,0,0.0014804106
CLM04016,1955,SUP-072,Wheel Speed Sensor,Breakage,7885,27723,12,298,2,0,0,0.0015643995
CLM04017,1570,SUP-043,Brake Chamber,Misalignment,42369,21835,3,202,9,0,0,0.03549537
CLM04018,1649,SUP-082,Radiator Hose,Breakage,33821,27332,6,298,6,0,0,0.037000176
CLM04019,1610,SUP-036,Fuel/Water Separator,Corrosion,38564,1932,16,96,9,1,1,99.70589
CLM04020,1703,SUP-026,Air Filter,Breakage,15045,980,12,39,7,0,0,0.0016301693
CLM04021,1242,SUP-010,Wheel Bearing,Sensor Failure,26674,25075,6,317,5,0,0,0.0015644815
CLM04022,1830,SUP-031,V-Belt,Leak,19780,3470,14,248,9,0,0,0.0016139565
CLM04023,1560,SUP-097,Air Filter,Leak,26550,2165,9,303,9,0,0,0.0016077916
CLM04024,1959,SUP-029,Relay Valve,Sensor Failure,25235,17212,17,304,2,0,0,0.07108478
CLM04025,1031,SUP-005,Air Filter,Wear,13841,20138,12,240,8,0,0,0.0015543379
CLM04026,1390,SUP-077,Wheel Speed Sensor,Wear,49284,14765,1,180,8,0,0,0.032630756
CLM04027,1276,SUP-001,Air Filter,Wear,48184,9108,8,161,2,0,0,0.029610641
CLM04028,1531,SUP-087,Relay Valve,Wear,22305,7750,12,155,7,0,0,0.0015865469
CLM04029,1153,SUP-003,Brake Chamber,Corrosion,41021,19185,16,157,1,1,1,99.700966
CLM04030,1382,SUP-067,Radiator Hose,Sensor Failure,22223,1444,1,210,5,0,0,0.0015904221
CLM04031,1067,SUP-071,Brake Chamber,Leak,44184,2552,3,355,5,0,0,0.033661038
CLM04032,1877,SUP-100,Brake Chamber,Sensor Failure,19942,11042,12,111,5,0,0,0.0015044333
CLM04033,1883,SUP-035,Relay Valve,Leak,12882,26055,4,284,2,0,0,0.0015643995
CLM04034,1213,SUP-015,U-Joint,Wear,25714,8203,10,266,3,0,0,0.0015113242
CLM04035,1654,SUP-067,Wheel Bearing,Corrosion,45133,26732,2,362,6,0,0,0.036128595
CLM04036,1375,SUP-093,Relay Valve,Breakage,47901,27730,9,144,1,0,0,0.0325677
CLM04037,1743,SUP-030,Brake Chamber,Breakage,22021,1951,3,100,6,0,0,0.0016247559
CLM04038,1212,SUP-082,Air Filter,Misalignment,44201,11703,1,257,6,0,0,0.032822013
CLM04039,1078,SUP-075,Wheel Bearing,Wear,24013,11475,5,118,7,0,0,0.0015494479
CLM04040,1725,SUP-043,V-Belt,Wear,18721,8418,5,338,9,0,0,0.0015783464
CLM04041,1627,SUP-060,V-Belt,Sensor Failure,13281,14465,2,213,9,0,0,0.0014900791
CLM04042,1603,SUP-040,Wheel Speed Sensor,Corrosion,15008,20887,15,132,4,0,0,0.0015764466
CLM04043,1781,SUP-065,Brake Chamber,Corrosion,3294,2086,1,115,2,0,0,0.001549148
CLM04044,1922,SUP-029,Air Filter,Sensor Failure,20061,17273,5,319,5,0,0,0.0015316391
CLM04045,1380,SUP-074,U-Joint,Corrosion,33840,4228,7,291,1,0,0,0.030640809
CLM04046,1679,SUP-092,Radiator Hose,Corrosion,41004,25925,11,116,5,0,0,0.03181433
CLM04047,1057,SUP-095,Radiator Hose,Breakage,16089,24891,10,301,3,0,0,0.0016148849
CLM04048,1795,SUP-019,Wheel Bearing,Corrosion,11237,25894,2,57,7,0,0,0.001656567
CLM04049,1025,SUP-003,U-Joint,Wear,12694,20519,14,152,7,0,0,0.0015244404
CLM04050,1880,SUP-036,V-Belt,Breakage,21936,12799,5,276,3,0,0,0.0014902012
CLM04051,1446,SUP-043,Fuel/Water Separator,Wear,37269,6980,16,166,5,1,1,99.71992
CLM04052,1065,SUP-015,V-Belt,Wear,11468,19538,2,152,9,0,0,0.0015226025
CLM04053,1920,SUP-097,V-Belt,Sensor Failure,19461,29030,10,212,4,0,0,0.0015685586
CLM04054,1759,SUP-041,V-Belt,Misalignment,10840,14964,18,280,2,0,0,0.070462316
CLM04055,1253,SUP-090,Air Filter,Corrosion,9526,4606,5,326,3,0,0,0.0014804106
CLM04056,1898,SUP-080,Relay Valve,Corrosion,13464,9181,17,102,1,0,0,0.06700398
CLM04057,1967,SUP-036,Air Filter,Corrosion,12063,19203,11,253,5,0,0,0.0016042475
CLM04058,1043,SUP-097,Radiator Hose,Corrosion,36383,11620,5,281,9,0,0,0.026007261
CLM04059,1096,SUP-084,Air Filter,Breakage,15744,11855,6,81,2,0,0,0.0015310957
CLM04060,1553,SUP-077,Air Filter,Leak,14064,6652,16,273,3,0,0,0.028217878
CLM04061,1226,SUP-033,Relay Valve,Wear,22740,19818,5,58,3,0,0,0.0016255772
CLM04062,1773,SUP-005,Wheel Bearing,Misalignment,14589,26222,16,2,7,0,0,0.031030891
CLM04063,1678,SUP-078,U-Joint,Misalignment,1932,19707,17,339,7,0,0,0.07459177
CLM04064,1435,SUP-091,Wheel Bearing,Leak,18019,3005,9,9,1,0,0,0.0015849711
CLM04065,1790,SUP-087,Fuel/Water Separator,Leak,23157,23963,2,191,3,0,0,0.001563709
CLM04066,1600,SUP-014,Radiator Hose,Leak,18574,15286,19,123,1,0,0,0.06735107
CLM04067,1378,SUP-068,Fuel/Water Separator,Breakage,49312,8298,17,104,9,1,1,99.85729
CLM04068,1177,SUP-083,Fuel/Water Separator,Leak,6508,24753,5,83,7,0,0,0.0016516295
CLM04069,1426,SUP-047,U-Joint,Breakage,33779,7434,2,109,5,0,0,0.034752168
CLM04070,1914,SUP-054,U-Joint,Sensor Failure,45962,9503,11,120,7,0,0,0.031018913
CLM04071,1708,SUP-004,Relay Valve,Sensor Failure,31888,16939,1,228,3,0,0,0.017225213
CLM04072,1306,SUP-094,Relay Valve,Misalignment,46886,9399,9,267,3,0,0,0.031051904
CLM04073,1778,SUP-083,Wheel Bearing,Sensor Failure,27025,15214,6,106,1,0,0,0.001470941
CLM04074,1503,SUP-095,Relay Valve,Breakage,9060,16361,11,217,5,0,0,0.0015165348
CLM04075,1267,SUP-095,Relay Valve,Breakage,34216,17893,8,128,7,0,0,0.034712467
CLM04076,1585,SUP-009,Wheel Speed Sensor,Wear,8661,21002,13,286,3,0,0,0.0015927822
CLM04077,1007,SUP-053,Brake Chamber,Leak,36264,28924,12,338,5,0,0,0.03186724
CLM04078,1919,SUP-077,Wheel Bearing,Corrosion,6885,3816,9,149,1,0,0,0.0014811195
CLM04079,1507,SUP-078,U-Joint,Corrosion,1426,13559,15,151,7,0,0,0.0015311162
CLM04080,1475,SUP-060,Wheel Bearing,Leak,40867,3989,5,61,8,0,0,0.034922443
CLM04081,1296,SUP-046,U-Joint,Corrosion,26491,21210,15,158,8,0,0,0.0015805834
CLM04082,1163,SUP-054,Air Filter,Corrosion,20553,21189,2,174,1,0,0,0.0015235508
CLM04083,1484,SUP-074,Brake Chamber,Corrosion,13918,22165,15,274,4,0,0,0.0015928961
CLM04084,1596,SUP-095,Wheel Speed Sensor,Misalignment,13513,10092,3,318,9,0,0,0.0015950989
CLM04085,1071,SUP-037,Wheel Speed Sensor,Breakage,17830,15701,10,244,2,0,0,0.0015671711
CLM04086,1566,SUP-023,Radiator Hose,Breakage,45695,18077,7,173,1,0,0,0.03190235
CLM04087,1904,SUP-027,U-Joint,Breakage,31171,5494,10,317,6,0,0,0.01359317
CLM04088,1558,SUP-070,Radiator Hose,Leak,3250,8006,10,59,1,0,0,0.0015854473
CLM04089,1910,SUP-090,Air Filter,Sensor Failure,14608,24853,8,110,6,0,0,0.0016064858
CLM04090,1943,SUP-066,Wheel Speed Sensor,Misalignment,3681,1997,13,215,1,0,0,0.0014943924
CLM04091,1237,SUP-061,Air Filter,Misalignment,18785,9942,2,307,6,0,0,0.0015569029
CLM04092,1103,SUP-077,Fuel/Water Separator,Corrosion,4407,25948,12,65,9,0,0,0.0016547323
CLM04093,1209,SUP-051,Brake Chamber,Wear,40529,2910,9,252,5,0,0,0.033093423
CLM04094,1553,SUP-050,Air Filter,Breakage,49901,12242,1,298,4,0,0,0.027810255
CLM04095,1827,SUP-019,Brake Chamber,Misalignment,18427,26654,12,148,8,0,0,0.0016239116
CLM04096,1467,SUP-001,Wheel Bearing,Misalignment,22747,9166,12,228,4,0,0,0.0015679288
CLM04097,1453,SUP-040,Air Filter,Wear,14555,29366,3,299,4,0,0,0.0015928961
CLM04098,1267,SUP-032,Relay Valve,Corrosion,28594,22015,8,208,9,0,0,0.0015635567
CLM04099,1385,SUP-022,V-Belt,Misalignment,1391,20450,13,197,1,0,0,0.0015379797
CLM04100,1774,SUP-093,Wheel Speed Sensor,Misalignment,5819,20932,17,243,3,0,0,0.075816855
CLM04101,1847,SUP-066,Wheel Speed Sensor,Sensor Failure,24263,7427,10,191,4,0,0,0.0015996355
CLM04102,1386,SUP-040,Wheel Speed Sensor,Wear,6984,15921,15,171,8,0,0,0.0015232225
CLM04103,1876,SUP-038,Wheel Bearing,Corrosion,7363,21508,9,242,1,0,0,0.0015791189
CLM04104,1258,SUP-048,V-Belt,Corrosion,6127,8962,18,258,3,0,0,0.069828264
CLM04105,1282,SUP-055,Brake Chamber,Breakage,40357,23565,8,151,2,0,0,0.035078205
CLM04106,1625,SUP-075,Wheel Bearing,Sensor Failure,44394,6517,14,300,6,0,0,0.036690824
CLM04107,1874,SUP-081,Wheel Speed Sensor,Corrosion,13512,23684,11,237,9,0,0,0.0015935648
CLM04108,1039,SUP-055,Wheel Speed Sensor,Sensor Failure,49468,7505,13,153,9,0,0,0.030382931
CLM04109,1485,SUP-051,Radiator Hose,Breakage,5037,20435,16,291,5,0,0,0.030274529
CLM04110,1928,SUP-060,Radiator Hose,Wear,28623,14609,14,65,3,0,0,0.001464156
CLM04111,1219,SUP-008,Fuel/Water Separator,Misalignment,7854,21469,9,250,8,0,0,0.0015817353
CLM04112,1128,SUP-086,Radiator Hose,Misalignment,26733,4957,9,190,9,0,0,0.0016431537
CLM04113,1519,SUP-068,Wheel Speed Sensor,Leak,20633,20767,19,159,9,0,0,0.06938094
CLM04114,1612,SUP-075,Relay Valve,Leak,29203,27695,5,32,1,0,0,0.0016381314
CLM04115,1927,SUP-072,V-Belt,Leak,35311,9686,15,322,5,0,0,0.02606818
CLM04116,1891,SUP-009,Relay Valve,Misalignment,18175,17652,11,60,9,0,0,0.0015545631
CLM04117,1687,SUP-090,Wheel Bearing,Sensor Failure,47618,13830,19,179,3,1,1,99.86998
CLM04118,1618,SUP-002,Brake Chamber,Leak,26012,25620,6,236,7,0,0,0.0016162161
CLM04119,1612,SUP-080,Air Filter,Wear,22554,5574,10,187,9,0,0,0.0016012685
CLM04120,1259,SUP-095,Air Filter,Corrosion,29090,9623,16,205,2,0,0,0.028054457
CLM04121,1989,SUP-070,V-Belt,Sensor Failure,46636,25166,5,115,2,0,0,0.027783645
CLM04122,1965,SUP-085,U-Joint,Misalignment,39866,14798,18,254,5,1,1,99.84683
CLM04123,1365,SUP-090,Air Filter,Wear,33712,21217,19,68,8,1,1,99.8867
CLM04124,1757,SUP-059,V-Belt,Misalignment,41216,15297,10,223,5,0,0,0.03126057
CLM04125,1786,SUP-019,U-Joint,Sensor Failure,40979,7691,10,320,8,0,0,0.034745242
CLM04126,1543,SUP-028,Wheel Bearing,Sensor Failure,8798,25926,12,310,4,0,0,0.0015764736
CLM04127,1648,SUP-072,U-Joint,Sensor Failure,46420,8048,3,332,9,0,0,0.034354866
CLM04128,1523,SUP-014,Brake Chamber,Breakage,21748,19852,4,172,4,0,0,0.001545537
CLM04129,1906,SUP-024,Air Filter,Corrosion,2716,13564,12,210,5,0,0,0.0015332041
CLM04130,1813,SUP-044,Wheel Speed Sensor,Leak,37404,28153,7,127,7,0,0,0.035365734
CLM04131,1886,SUP-056,Radiator Hose,Breakage,45324,3159,12,158,9,0,0,0.03573869
CLM04132,1015,SUP-090,Wheel Bearing,Corrosion,8870,1133,3,88,5,0,0,0.0015290981
CLM04133,1128,SUP-095,Wheel Bearing,Misalignment,14682,16216,18,54,7,0,0,0.07141907
CLM04134,1574,SUP-051,V-Belt,Leak,23055,3728,19,48,4,0,0,0.07387428
CLM04135,1108,SUP-032,Fuel/Water Separator,Breakage,46133,26300,5,291,2,0,0,0.03671115
CLM04136,1886,SUP-050,U-Joint,Breakage,9380,18132,14,324,2,0,0,0.0015361842
CLM04137,1532,SUP-041,U-Joint,Wear,6726,17866,8,26,5,0,0,0.0015496166
CLM04138,1669,SUP-066,V-Belt,Breakage,8557,3010,15,328,2,0,0,0.0015833215
CLM04139,1268,SUP-025,Radiator Hose,Sensor Failure,32768,20734,16,88,2,1,1,99.66928
CLM04140,1161,SUP-061,Wheel Speed Sensor,Misalignment,25166,21642,18,107,2,0,0,0.07490862
CLM04141,1259,SUP-066,Wheel Bearing,Breakage,36486,20877,11,237,4,0,0,0.03467724
CLM04142,1923,SUP-042,Radiator Hose,Sensor Failure,41655,16116,2,312,8,0,0,0.027022604
CLM04143,1101,SUP-065,Wheel Speed Sensor,Corrosion,29506,1489,10,204,7,0,0,0.0015319751
CLM04144,1505,SUP-036,Fuel/Water Separator,Corrosion,41771,2116,11,69,5,0,0,0.034405507
CLM04145,1734,SUP-076,V-Belt,Sensor Failure,25102,23905,5,80,7,0,0,0.0016322711
CLM04146,1570,SUP-009,Brake Chamber,Wear,49291,9116,17,352,6,1,1,99.87714
CLM04147,1246,SUP-036,Fuel/Water Separator,Wear,10094,10122,1,157,8,0,0,0.0015019476
CLM04148,1639,SUP-092,V-Belt,Corrosion,42300,18519,14,126,8,0,0,0.028932577
CLM04149,1794,SUP-038,V-Belt,Misalignment,20265,12892,15,361,7,0,0,0.0015542636
CLM04150,1836,SUP-033,V-Belt,Breakage,24094,6895,7,315,5,0,0,0.0015639968
CLM04151,1536,SUP-042,Air Filter,Corrosion,14353,5718,8,25,6,0,0,0.0015857089
CLM04152,1130,SUP-061,Radiator Hose,Corrosion,46953,17061,16,27,8,1,1,99.71847
CLM04153,1352,SUP-046,Wheel Speed Sensor,Sensor Failure,16173,14076,13,355,7,0,0,0.0015011916
CLM04154,1195,SUP-086,U-Joint,Wear,34411,5751,5,22,5,0,0,0.035255354
CLM04155,1792,SUP-089,Wheel Bearing,Misalignment,12264,14010,3,228,8,0,0,0.0015723011
CLM04156,1915,SUP-061,Wheel Bearing,Sensor Failure,34445,28852,13,303,4,0,0,0.029302342
CLM04157,1929,SUP-018,Brake Chamber,Corrosion,16931,1219,19,204,6,0,0,0.0757734
CLM04158,1665,SUP-070,Brake Chamber,Leak,43059,3628,12,311,4,0,0,0.033993557
CLM04159,1381,SUP-082,Brake Chamber,Breakage,3650,23919,19,265,5,0,0,0.07403222
CLM04160,1644,SUP-080,Relay Valve,Corrosion,4469,29580,17,54,3,0,0,0.07676124
CLM04161,1226,SUP-015,Brake Chamber,Sensor Failure,41654,28077,11,320,2,0,0,0.03110025
CLM04162,1700,SUP-048,Wheel Bearing,Leak,44024,15097,3,99,1,0,0,0.031810872
CLM04163,1475,SUP-072,Fuel/Water Separator,Leak,12592,3289,2,83,3,0,0,0.001525214
CLM04164,1476,SUP-013,Wheel Speed Sensor,Corrosion,44831,25729,14,220,1,0,0,0.03471548
CLM04165,1264,SUP-043,Brake Chamber,Misalignment,44390,27698,17,8,6,1,1,99.87895
CLM04166,1371,SUP-060,Fuel/Water Separator,Wear,6684,23145,2,363,2,0,0,0.0015693306
CLM04167,1485,SUP-057,Relay Valve,Leak,14457,12248,18,112,3,0,0,0.06900024
CLM04168,1433,SUP-071,Relay Valve,Breakage,7596,15806,15,253,8,0,0,0.0015341257
CLM04169,1645,SUP-017,U-Joint,Sensor Failure,16151,28468,12,224,5,0,0,0.0015907603
CLM04170,1210,SUP-050,Air Filter,Sensor Failure,8074,13095,16,213,2,0,0,0.028054457
CLM04171,1571,SUP-032,Air Filter,Sensor Failure,34259,25565,16,138,2,1,1,99.71222
CLM04172,1939,SUP-022,Air Filter,Corrosion,33979,26420,7,362,3,0,0,0.030571362
CLM04173,1376,SUP-055,Radiator Hose,Sensor Failure,47412,7400,6,144,3,0,0,0.032913227
CLM04174,1394,SUP-057,Air Filter,Sensor Failure,41743,24407,14,11,8,0,0,0.035726804
CLM04175,1449,SUP-013,Relay Valve,Breakage,4722,1107,8,19,5,0,0,0.0015598736
CLM04176,1942,SUP-047,U-Joint,Wear,12709,15572,19,52,8,0,0,0.07141492
CLM04177,1363,SUP-087,Fuel/Water Separator,Misalignment,43925,4091,19,205,4,1,1,99.879326
CLM04178,1875,SUP-062,Brake Chamber,Corrosion,17687,6145,12,143,9,0,0,0.0015885289
CLM04179,1456,SUP-054,Air Filter,Corrosion,37540,4619,9,42,3,0,0,0.031346343
CLM04180,1724,SUP-029,Fuel/Water Separator,Sensor Failure,19165,5811,9,356,2,0,0,0.0014596446
CLM04181,1727,SUP-022,V-Belt,Breakage,47889,9444,5,96,6,0,0,0.032087315
CLM04182,1225,SUP-065,Wheel Bearing,Leak,36993,3548,14,339,4,0,0,0.033686783
CLM04183,1981,SUP-029,Air Filter,Sensor Failure,30194,4944,1,335,2,0,0,0.00939107
CLM04184,1130,SUP-048,Wheel Bearing,Sensor Failure,42767,4620,3,166,6,0,0,0.034951758
CLM04185,1587,SUP-005,Air Filter,Corrosion,12382,12153,11,86,4,0,0,0.0014867448
CLM04186,1475,SUP-035,V-Belt,Corrosion,29618,16500,4,305,4,0,0,0.0015652396
CLM04187,1797,SUP-074,Brake Chamber,Sensor Failure,21587,1514,1,333,4,0,0,0.0015419935
CLM04188,1985,SUP-083,Radiator Hose,Corrosion,2353,13386,6,84,4,0,0,0.0015168154
CLM04189,1276,SUP-071,Wheel Speed Sensor,Breakage,9371,10460,10,305,8,0,0,0.0015569029
CLM04190,1155,SUP-046,Fuel/Water Separator,Leak,10072,21780,4,335,1,0,0,0.0016213846
CLM04191,1759,SUP-035,Fuel/Water Separator,Leak,5698,23937,17,199,9,0,0,0.07500555
CLM04192,1217,SUP-045,Brake Chamber,Leak,20184,26034,5,150,3,0,0,0.001617016
CLM04193,1189,SUP-013,U-Joint,Sensor Failure,7902,2091,2,50,5,0,0,0.001583918
CLM04194,1416,SUP-010,Relay Valve,Misalignment,21647,11953,1,340,5,0,0,0.0015695058
CLM04195,1980,SUP-066,Air Filter,Sensor Failure,30140,13839,16,124,4,1,1,98.34562
CLM04196,1674,SUP-070,Wheel Speed Sensor,Sensor Failure,36005,3088,7,19,4,0,0,0.03386488
CLM04197,1691,SUP-072,U-Joint,Breakage,31221,3038,3,347,7,0,0,0.015437913
CLM04198,1545,SUP-100,Wheel Speed Sensor,Leak,35546,15323,14,72,4,0,0,0.03142165
CLM04199,1040,SUP-025,Relay Valve,Corrosion,18004,25866,19,146,3,0,0,0.07315026
CLM04200,1306,SUP-044,Wheel Bearing,Corrosion,13505,12959,16,266,9,0,0,0.028965477
CLM04201,1942,SUP-060,Air Filter,Wear,22814,6681,6,50,4,0,0,0.0015835873
CLM04202,1337,SUP-047,Relay Valve,Wear,40147,12708,1,49,4,0,0,0.031224469
CLM04203,1313,SUP-040,Fuel/Water Separator,Misalignment,38031,21278,7,99,8,0,0,0.03642609
CLM04204,1074,SUP-007,Fuel/Water Separator,Corrosion,44787,19982,11,23,7,0,0,0.03152541
CLM04205,1952,SUP-046,Air Filter,Leak,36008,25723,18,76,4,1,1,99.88577
CLM04206,1278,SUP-023,Radiator Hose,Sensor Failure,15577,13535,9,113,8,0,0,0.0015257406
CLM04207,1175,SUP-083,Brake Chamber,Corrosion,9043,6376,3,283,2,0,0,0.0015238037
CLM04208,1895,SUP-046,Brake Chamber,Misalignment,35130,1975,8,6,9,0,0,0.034301486
CLM04209,1661,SUP-086,Fuel/Water Separator,Misalignment,28414,14280,8,280,2,0,0,0.0015815635
CLM04210,1272,SUP-013,Fuel/Water Separator,Corrosion,40303,22088,1,86,3,0,0,0.037106395
CLM04211,1836,SUP-021,Relay Valve,Wear,7744,27136,10,323,6,0,0,0.0016066711
CLM04212,1619,SUP-001,V-Belt,Leak,42052,24621,15,70,7,0,0,0.036769155
CLM04213,1650,SUP-019,Radiator Hose,Corrosion,40260,5575,10,334,9,0,0,0.033752043
CLM04214,1861,SUP-060,U-Joint,Sensor Failure,41270,26199,8,298,8,0,0,0.035580512
CLM04215,1782,SUP-033,Relay Valve,Sensor Failure,4470,25691,2,316,6,0,0,0.0015901065
CLM04216,1858,SUP-004,Relay Valve,Breakage,32643,26360,18,339,8,1,1,99.82652
CLM04217,1930,SUP-003,Fuel/Water Separator,Sensor Failure,28811,27401,2,176,5,0,0,0.0015438373
CLM04218,1288,SUP-091,Fuel/Water Separator,Corrosion,5201,11829,19,231,9,0,0,0.07038433
CLM04219,1723,SUP-052,Air Filter,Corrosion,6351,20556,9,87,4,0,0,0.0016413918
CLM04220,1892,SUP-099,U-Joint,Sensor Failure,16327,3355,10,108,1,0,0,0.0014553397
CLM04221,1271,SUP-028,Relay Valve,Wear,49685,18507,4,207,8,0,0,0.029310195
CLM04222,1929,SUP-070,U-Joint,Leak,28340,28525,1,222,5,0,0,0.0015990481
CLM04223,1065,SUP-070,Wheel Speed Sensor,Misalignment,29180,6136,11,225,9,0,0,0.001576612
CLM04224,1482,SUP-055,Brake Chamber,Corrosion,14488,11395,2,182,3,0,0,0.0014886942
CLM04225,1935,SUP-057,Air Filter,Sensor Failure,31374,9832,4,147,9,0,0,0.014337589
CLM04226,1247,SUP-087,Brake Chamber,Misalignment,6413,3330,15,201,8,0,0,0.0015655397
CLM04227,1155,SUP-097,Air Filter,Sensor Failure,41200,9190,13,71,6,0,0,0.028712468
CLM04228,1046,SUP-016,Radiator Hose,Corrosion,23355,15040,1,24,8,0,0,0.0014564936
CLM04229,1934,SUP-024,Relay Valve,Breakage,14831,5182,2,361,8,0,0,0.001570771
CLM04230,1453,SUP-069,Brake Chamber,Leak,24821,9795,6,336,7,0,0,0.0015688369
CLM04231,1200,SUP-041,U-Joint,Corrosion,12426,3589,7,138,7,0,0,0.001652909
CLM04232,1659,SUP-077,Relay Valve,Misalignment,37396,2252,19,149,3,1,1,99.87313
CLM04233,1123,SUP-047,U-Joint,Sensor Failure,47132,4514,4,64,7,0,0,0.03760004
CLM04234,1000,SUP-076,Brake Chamber,Breakage,39120,1113,18,141,3,1,1,99.87552
CLM04235,1967,SUP-069,Fuel/Water Separator,Corrosion,29085,28123,9,242,9,0,0,0.0016045336
CLM04236,1758,SUP-031,Wheel Speed Sensor,Leak,36669,17527,11,247,5,0,0,0.03454871
CLM04237,1854,SUP-092,Radiator Hose,Breakage,48786,11560,5,71,8,0,0,0.030146131
CLM04238,1639,SUP-092,Radiator Hose,Misalignment,18925,29229,1,248,3,0,0,0.0016090709
CLM04239,1190,SUP-030,Brake Chamber,Sensor Failure,47006,18019,2,105,3,0,0,0.033073332
CLM04240,1578,SUP-018,Wheel Bearing,Wear,3091,13384,3,52,3,0,0,0.0014766416
CLM04241,1515,SUP-044,Wheel Speed Sensor,Leak,11842,16702,17,258,8,0,0,0.0704365
CLM04242,1441,SUP-027,V-Belt,Breakage,10923,14637,2,119,9,0,0,0.0015156616
CLM04243,1920,SUP-099,Air Filter,Corrosion,14827,20583,1,4,7,0,0,0.0016338237
CLM04244,1814,SUP-026,Radiator Hose,Corrosion,48736,11054,2,52,1,0,0,0.029751902
CLM04245,1805,SUP-060,Relay Valve,Breakage,25126,17045,8,7,6,0,0,0.0015556325
CLM04246,1142,SUP-018,Fuel/Water Separator,Corrosion,9283,10513,13,1,3,0,0,0.0014824464
CLM04247,1190,SUP-097,V-Belt,Breakage,5854,6569,14,339,1,0,0,0.0015378506
CLM04248,1532,SUP-089,Relay Valve,Leak,38817,29495,12,186,2,0,0,0.03345416
CLM04249,1226,SUP-056,Brake Chamber,Corrosion,6557,27841,9,190,3,0,0,0.0015411364
CLM04250,1312,SUP-031,Wheel Speed Sensor,Leak,5432,3902,19,350,7,0,0,0.06735223
CLM04251,1628,SUP-059,Radiator Hose,Sensor Failure,13006,11319,7,114,6,0,0,0.0015367673
CLM04252,1948,SUP-002,Air Filter,Sensor Failure,30989,4493,10,194,2,0,0,0.012001888
CLM04253,1301,SUP-097,V-Belt,Sensor Failure,41755,13686,3,55,5,0,0,0.02728384
CLM04254,1653,SUP-039,Radiator Hose,Sensor Failure,38788,21739,19,117,1,1,1,99.87306
CLM04255,1995,SUP-061,Wheel Bearing,Corrosion,27887,29673,17,269,3,0,0,0.06959268
CLM04256,1459,SUP-063,Wheel Bearing,Breakage,23632,556,8,284,1,0,0,0.0015763805
CLM04257,1400,SUP-096,Wheel Bearing,Corrosion,31943,22168,18,270,3,1,1,99.72726
CLM04258,1550,SUP-018,Fuel/Water Separator,Misalignment,29066,20121,7,272,2,0,0,0.0016223683
CLM04259,1392,SUP-017,Brake Chamber,Corrosion,1977,27420,7,345,4,0,0,0.0015928961
CLM04260,1866,SUP-098,Relay Valve,Leak,21594,21786,16,98,5,0,0,0.030462202
CLM04261,1763,SUP-039,Radiator Hose,Breakage,40802,6496,15,169,3,0,0,0.03225441
CLM04262,1844,SUP-071,Relay Valve,Wear,35026,1119,14,157,5,0,0,0.03555179
CLM04263,1206,SUP-054,Relay Valve,Wear,45815,16541,16,275,7,1,1,99.698814
CLM04264,1209,SUP-099,Radiator Hose,Breakage,18681,21758,9,148,9,0,0,0.0016104586
CLM04265,1114,SUP-094,Fuel/Water Separator,Wear,11170,13566,10,277,8,0,0,0.0017289778
CLM04266,1736,SUP-076,Fuel/Water Separator,Breakage,8397,3113,15,148,6,0,0,0.0016838431
CLM04267,1645,SUP-035,Wheel Speed Sensor,Leak,40640,24025,10,348,9,0,0,0.035468444
CLM04268,1250,SUP-011,Brake Chamber,Leak,31083,29337,2,303,8,0,0,0.015473194
CLM04269,1218,SUP-061,Wheel Speed Sensor,Corrosion,2732,22257,5,91,4,0,0,0.0015909363
CLM04270,1406,SUP-044,Relay Valve,Wear,49628,19719,8,44,2,0,0,0.028882528
CLM04271,1442,SUP-068,Brake Chamber,Breakage,3942,25741,6,238,9,0,0,0.0015812858
CLM04272,1602,SUP-025,Wheel Speed Sensor,Leak,32548,8819,6,114,6,0,0,0.022297265
CLM04273,1353,SUP-048,Wheel Speed Sensor,Corrosion,10429,4057,1,89,8,0,0,0.0015857089
CLM04274,1887,SUP-032,Wheel Bearing,Wear,30741,4671,16,2,8,1,1,98.88099
CLM04275,1557,SUP-084,Fuel/Water Separator,Wear,38268,5482,18,171,4,1,1,99.878555
CLM04276,1549,SUP-095,U-Joint,Wear,23517,14032,3,88,5,0,0,0.0014873914
CLM04277,1141,SUP-004,Wheel Speed Sensor,Leak,30949,7425,7,225,1,0,0,0.013123399
CLM04278,1611,SUP-038,V-Belt,Leak,29899,17518,12,147,9,0,0,0.0014927287
CLM04279,1500,SUP-063,Wheel Bearing,Wear,16068,20492,10,90,7,0,0,0.0016267124
CLM04280,1839,SUP-047,Relay Valve,Leak,48994,24490,10,169,1,0,0,0.030153114
CLM04281,1701,SUP-001,Air Filter,Wear,1165,16294,9,323,3,0,0,0.0015244825
CLM04282,1546,SUP-003,Fuel/Water Separator,Sensor Failure,13872,28765,11,91,9,0,0,0.0015986504
CLM04283,1658,SUP-086,Radiator Hose,Leak,22216,6237,19,14,1,0,0,0.07311768
CLM04284,1541,SUP-062,Wheel Bearing,Breakage,31206,13402,8,148,6,0,0,0.01577523
CLM04285,1845,SUP-064,V-Belt,Leak,30269,26061,18,291,5,1,1,99.36698
CLM04286,1506,SUP-017,V-Belt,Wear,30264,24829,4,57,4,0,0,0.013689595
CLM04287,1595,SUP-078,Radiator Hose,Breakage,13219,19457,2,2,1,0,0,0.0015213062
CLM04288,1880,SUP-062,Air Filter,Corrosion,20158,1656,13,66,7,0,0,0.0016179308
CLM04289,1280,SUP-035,Fuel/Water Separator,Breakage,26989,29612,14,345,1,0,0,0.0016213846
CLM04290,1423,SUP-013,Fuel/Water Separator,Breakage,43406,6153,15,87,1,0,0,0.032700706
CLM04291,1855,SUP-035,U-Joint,Leak,38788,4368,13,245,2,0,0,0.032166556
CLM04292,1269,SUP-043,V-Belt,Misalignment,29058,23418,6,237,9,0,0,0.0014889513
CLM04293,1153,SUP-002,Radiator Hose,Breakage,25132,8935,6,89,1,0,0,0.0014971356
CLM04294,1613,SUP-056,Wheel Speed Sensor,Breakage,17830,17651,1,347,8,0,0,0.0015796535
CLM04295,1726,SUP-077,Wheel Speed Sensor,Wear,29050,11909,15,52,1,0,0,0.0014880839
CLM04296,1661,SUP-051,Relay Valve,Leak,33864,9106,6,203,1,0,0,0.029925007
CLM04297,1943,SUP-054,V-Belt,Wear,36194,7070,15,209,9,0,0,0.031340845
CLM04298,1082,SUP-016,Brake Chamber,Leak,44677,11975,15,143,8,0,0,0.033420563
CLM04299,1621,SUP-018,Relay Valve,Corrosion,20641,13036,14,115,1,0,0,0.0014717547
CLM04300,1946,SUP-007,Relay Valve,Misalignment,31375,11798,10,287,7,0,0,0.014636511
CLM04301,1898,SUP-045,Relay Valve,Breakage,14555,3386,8,62,8,0,0,0.0016179308
CLM04302,1425,SUP-036,Radiator Hose,Leak,22110,15088,4,34,2,0,0,0.0015078058
CLM04303,1274,SUP-041,Fuel/Water Separator,Breakage,24235,1361,6,292,4,0,0,0.0015043387
CLM04304,1712,SUP-094,Relay Valve,Breakage,42462,21798,17,121,2,1,1,99.880615
CLM04305,1283,SUP-042,Fuel/Water Separator,Sensor Failure,29959,21841,7,104,6,0,0,0.0015838968
CLM04306,1979,SUP-007,Fuel/Water Separator,Wear,41957,28433,12,44,5,0,0,0.033430215
CLM04307,1172,SUP-015,V-Belt,Misalignment,46424,20817,4,191,5,0,0,0.030845363
CLM04308,1326,SUP-060,Radiator Hose,Leak,42024,12456,14,333,8,0,0,0.033654142
CLM04309,1717,SUP-040,Fuel/Water Separator,Corrosion,40508,17093,4,247,1,0,0,0.033833485
CLM04310,1062,SUP-083,Relay Valve,Misalignment,24098,23006,16,18,2,0,0,0.029606154
CLM04311,1072,SUP-037,Radiator Hose,Sensor Failure,16309,19041,1,301,1,0,0,0.0015887743
CLM04312,1762,SUP-066,Relay Valve,Wear,15105,2877,18,108,4,0,0,0.0742228
CLM04313,1635,SUP-055,Wheel Bearing,Corrosion,9672,19073,19,26,2,0,0,0.073450774
CLM04314,1374,SUP-077,Wheel Bearing,Corrosion,31328,25751,10,206,7,0,0,0.016226955
CLM04315,1632,SUP-095,Wheel Bearing,Breakage,15078,6730,5,357,5,0,0,0.001623509
CLM04316,1507,SUP-080,V-Belt,Wear,40647,23167,13,331,5,0,0,0.031993818
CLM04317,1786,SUP-056,Brake Chamber,Sensor Failure,38430,18239,6,96,1,0,0,0.030965194
CLM04318,1942,SUP-044,V-Belt,Leak,41583,15509,4,280,2,0,0,0.025183737
CLM04319,1397,SUP-057,Relay Valve,Leak,37029,25101,16,223,5,1,1,99.711006
CLM04320,1119,SUP-006,V-Belt,Sensor Failure,1405,11385,8,232,7,0,0,0.0016503447
CLM04321,1933,SUP-092,Relay Valve,Breakage,4560,16728,16,361,1,0,0,0.021141093
CLM04322,1436,SUP-032,Brake Chamber,Breakage,12575,2150,11,200,7,0,0,0.0015835692
CLM04323,1828,SUP-074,Fuel/Water Separator,Corrosion,12859,16552,1,39,2,0,0,0.0015793463
CLM04324,1675,SUP-018,V-Belt,Wear,31612,3458,18,200,2,1,1,99.71698
CLM04325,1935,SUP-068,U-Joint,Corrosion,14153,21341,4,159,9,0,0,0.0015939479
CLM04326,1464,SUP-073,Fuel/Water Separator,Leak,41624,6490,11,339,8,0,0,0.036111135
CLM04327,1285,SUP-007,Air Filter,Sensor Failure,43077,18566,10,167,4,0,0,0.031346727
CLM04328,1264,SUP-008,V-Belt,Wear,28013,13147,16,224,5,0,0,0.028069172
CLM04329,1319,SUP-064,Relay Valve,Sensor Failure,7690,18850,10,277,9,0,0,0.0016090878
CLM04330,1672,SUP-007,V-Belt,Wear,45442,3786,5,279,4,0,0,0.035703104
CLM04331,1375,SUP-041,Relay Valve,Misalignment,22715,17879,18,54,8,0,0,0.07406891
CLM04332,1819,SUP-040,Brake Chamber,Leak,1741,25152,11,164,5,0,0,0.0016178923
CLM04333,1088,SUP-003,Wheel Bearing,Leak,12431,19026,3,143,1,0,0,0.0016459422
CLM04334,1653,SUP-017,V-Belt,Misalignment,8181,1456,9,76,7,0,0,0.0016184588
CLM04335,1202,SUP-066,Wheel Speed Sensor,Wear,32305,28120,15,230,3,0,0,0.020867368
CLM04336,1820,SUP-079,Air Filter,Breakage,8731,717,19,326,7,0,0,0.07017182
CLM04337,1738,SUP-093,Wheel Speed Sensor,Wear,36689,20830,19,65,8,1,1,99.8822
CLM04338,1954,SUP-052,Fuel/Water Separator,Leak,41142,2915,5,230,4,0,0,0.032167688
CLM04339,1333,SUP-022,Fuel/Water Separator,Sensor Failure,29714,23079,6,306,6,0,0,0.0015575591
CLM04340,1221,SUP-004,Wheel Bearing,Corrosion,8023,12037,4,117,7,0,0,0.0014832441
CLM04341,1040,SUP-006,Wheel Bearing,Sensor Failure,39329,1967,12,240,8,0,0,0.032942675
CLM04342,1707,SUP-038,Fuel/Water Separator,Leak,39402,13474,5,343,3,0,0,0.031740226
CLM04343,1067,SUP-026,V-Belt,Sensor Failure,1910,19756,3,257,7,0,0,0.0015646607
CLM04344,1987,SUP-011,Radiator Hose,Breakage,29588,16916,10,21,5,0,0,0.0015432367
CLM04345,1775,SUP-090,V-Belt,Breakage,38470,11611,13,57,7,0,0,0.030021194
CLM04346,1513,SUP-017,Air Filter,Wear,48341,20371,4,147,6,0,0,0.034468047
CLM04347,1872,SUP-088,Fuel/Water Separator,Sensor Failure,23182,23671,8,29,5,0,0,0.0016123428
CLM04348,1636,SUP-092,Wheel Speed Sensor,Sensor Failure,30390,25500,1,218,3,0,0,0.011908341
CLM04349,1621,SUP-099,Wheel Bearing,Leak,46269,21766,2,34,2,0,0,0.035501834
CLM04350,1597,SUP-031,Wheel Speed Sensor,Wear,5038,3578,4,337,3,0,0,0.0016276744
CLM04351,1936,SUP-077,Fuel/Water Separator,Wear,29215,7138,1,54,2,0,0,0.0014500726
CLM04352,1631,SUP-035,Brake Chamber,Sensor Failure,32565,29910,7,32,3,0,0,0.027787648
CLM04353,1126,SUP-016,Fuel/Water Separator,Corrosion,20829,5362,5,30,2,0,0,0.0015410439
CLM04354,1254,SUP-079,U-Joint,Sensor Failure,33899,18701,13,351,1,0,0,0.027647484
CLM04355,1694,SUP-018,Air Filter,Sensor Failure,44016,22751,13,325,9,0,0,0.033258587
CLM04356,1015,SUP-062,U-Joint,Sensor Failure,23246,12618,8,29,5,0,0,0.0014767501
CLM04357,1476,SUP-027,Wheel Speed Sensor,Breakage,19862,22357,17,271,9,0,0,0.07377856
CLM04358,1061,SUP-035,Brake Chamber,Misalignment,23500,12710,10,79,8,0,0,0.0014808187
CLM04359,1880,SUP-045,Air Filter,Wear,17688,15531,10,309,7,0,0,0.0015624672
CLM04360,1431,SUP-035,Relay Valve,Misalignment,17282,4794,2,235,6,0,0,0.0015942228
CLM04361,1669,SUP-028,Radiator Hose,Breakage,3519,1214,6,359,4,0,0,0.0015896123
CLM04362,1267,SUP-009,U-Joint,Corrosion,7112,15270,1,146,7,0,0,0.0015194692
CLM04363,1034,SUP-076,Air Filter,Leak,1992,20091,18,166,7,0,0,0.071437545
CLM04364,1778,SUP-015,Air Filter,Corrosion,6647,4480,3,86,1,0,0,0.0015403342
CLM04365,1575,SUP-021,U-Joint,Wear,44519,4883,7,166,9,0,0,0.03577111
CLM04366,1493,SUP-052,Brake Chamber,Leak,30014,18908,16,55,4,1,0,0.030640984
CLM04367,1561,SUP-035,Brake Chamber,Misalignment,8597,28949,3,323,7,0,0,0.001621734
CLM04368,1468,SUP-097,Wheel Bearing,Corrosion,26633,12421,6,253,9,0,0,0.0015551816
CLM04369,1766,SUP-051,V-Belt,Wear,17854,7362,4,53,2,0,0,0.0015520287
CLM04370,1660,SUP-083,Wheel Speed Sensor,Corrosion,4566,19498,16,142,8,0,0,0.029276457
CLM04371,1324,SUP-055,Wheel Speed Sensor,Leak,42472,1310,3,47,4,0,0,0.03253989
CLM04372,1303,SUP-087,U-Joint,Leak,45353,11147,4,95,4,0,0,0.03203288
CLM04373,1275,SUP-077,Wheel Speed Sensor,Corrosion,4285,2530,11,345,3,0,0,0.0015218054
CLM04374,1868,SUP-044,Wheel Speed Sensor,Breakage,13029,13704,17,211,4,0,0,0.069405735
CLM04375,1962,SUP-065,V-Belt,Corrosion,44152,6533,19,140,9,1,1,99.85481
CLM04376,1683,SUP-093,Air Filter,Misalignment,13846,15745,8,263,1,0,0,0.0015258484
CLM04377,1928,SUP-088,Air Filter,Corrosion,14079,26861,14,142,9,0,0,0.0015939479
CLM04378,1200,SUP-080,Fuel/Water Separator,Corrosion,47804,2472,16,142,9,1,1,99.712746
CLM04379,1444,SUP-025,Air Filter,Breakage,9551,8454,19,179,1,0,0,0.06940299
CLM04380,1904,SUP-087,U-Joint,Sensor Failure,34052,25792,16,243,9,1,1,99.69837
CLM04381,1323,SUP-092,Relay Valve,Leak,16100,1324,10,142,6,0,0,0.0015300842
CLM04382,1034,SUP-047,Fuel/Water Separator,Misalignment,4277,2227,15,343,8,0,0,0.0015186884
CLM04383,1976,SUP-080,V-Belt,Wear,20015,8003,4,333,8,0,0,0.0016264876
CLM04384,1481,SUP-056,U-Joint,Leak,2757,5621,4,100,8,0,0,0.0015739559
CLM04385,1727,SUP-038,Brake Chamber,Leak,33085,19116,13,108,8,0,0,0.03412274
CLM04386,1479,SUP-011,V-Belt,Sensor Failure,22863,15509,12,321,1,0,0,0.0015235321
CLM04387,1064,SUP-067,Wheel Bearing,Leak,27098,6180,15,293,1,0,0,0.0015633495
CLM04388,1007,SUP-015,Wheel Speed Sensor,Leak,47220,7245,13,196,7,0,0,0.033377223
CLM04389,1300,SUP-001,Radiator Hose,Breakage,16295,8105,6,272,9,0,0,0.0015486592
CLM04390,1342,SUP-007,Brake Chamber,Breakage,39555,1262,14,243,8,0,0,0.03347978
CLM04391,1430,SUP-001,Fuel/Water Separator,Breakage,26821,521,3,224,5,0,0,0.0015723791
CLM04392,1423,SUP-049,U-Joint,Breakage,43372,19143,8,112,8,0,0,0.03632192
CLM04393,1331,SUP-096,Brake Chamber,Breakage,22833,15312,12,288,9,0,0,0.0015569029
CLM04394,1437,SUP-073,Wheel Bearing,Misalignment,26992,5061,14,341,7,0,0,0.0016188909
CLM04395,1587,SUP-029,U-Joint,Wear,9549,24016,5,158,3,0,0,0.0015919259
CLM04396,1173,SUP-026,Radiator Hose,Sensor Failure,23432,3805,2,148,9,0,0,0.0016441116
CLM04397,1558,SUP-087,Fuel/Water Separator,Corrosion,40498,29343,10,186,5,0,0,0.033409063
CLM04398,1526,SUP-045,V-Belt,Misalignment,21519,8270,3,29,8,0,0,0.0014900805
CLM04399,1872,SUP-093,Brake Chamber,Breakage,48376,21776,10,235,1,0,0,0.030042985
CLM04400,1658,SUP-097,Radiator Hose,Sensor Failure,49547,10233,9,27,1,0,0,0.024420695
CLM04401,1025,SUP-071,Wheel Bearing,Corrosion,4141,29415,17,251,3,0,0,0.07328444
CLM04402,1819,SUP-012,Brake Chamber,Leak,12068,9112,6,21,2,0,0,0.0014876568
CLM04403,1604,SUP-095,Relay Valve,Misalignment,32342,12236,9,92,5,0,0,0.02084915
CLM04404,1405,SUP-032,Relay Valve,Leak,15256,4936,3,172,9,0,0,0.0015741631
CLM04405,1231,SUP-020,Fuel/Water Separator,Sensor Failure,33964,7597,7,114,9,0,0,0.03326363
CLM04406,1532,SUP-051,V-Belt,Wear,6830,27059,12,98,8,0,0,0.0015813463
CLM04407,1818,SUP-081,Fuel/Water Separator,Wear,16868,7314,18,255,5,0,0,0.071317665
CLM04408,1549,SUP-036,Fuel/Water Separator,Sensor Failure,7679,8814,10,22,3,0,0,0.0014490827
CLM04409,1787,SUP-067,Wheel Speed Sensor,Wear,41754,21851,2,42,6,0,0,0.03568895
CLM04410,1504,SUP-001,V-Belt,Wear,34705,9125,17,121,8,1,1,99.878876
CLM04411,1668,SUP-027,Wheel Speed Sensor,Leak,12722,16835,3,211,6,0,0,0.0015491347
CLM04412,1178,SUP-040,U-Joint,Wear,21509,23215,1,190,7,0,0,0.0015229655
CLM04413,1131,SUP-097,Radiator Hose,Wear,14989,4665,8,304,7,0,0,0.0016556319
CLM04414,1822,SUP-084,Radiator Hose,Sensor Failure,44886,29822,13,136,7,0,0,0.03359144
CLM04415,1454,SUP-014,V-Belt,Wear,47200,20366,11,284,9,0,0,0.030178826
CLM04416,1347,SUP-100,V-Belt,Misalignment,24562,8537,8,53,9,0,0,0.0014900805
CLM04417,1539,SUP-069,U-Joint,Breakage,15919,19768,1,356,1,0,0,0.0015192477
CLM04418,1771,SUP-087,Radiator Hose,Breakage,42306,19522,2,129,3,0,0,0.033334836
CLM04419,1405,SUP-079,U-Joint,Sensor Failure,49380,20761,18,79,5,1,1,99.88746
CLM04420,1075,SUP-006,Wheel Bearing,Breakage,12036,15272,18,223,4,0,0,0.07591068
CLM04421,1940,SUP-033,Relay Valve,Leak,42078,18499,9,209,1,0,0,0.027175376
CLM04422,1578,SUP-055,Fuel/Water Separator,Misalignment,25438,16005,7,344,1,0,0,0.0015815635
CLM04423,1853,SUP-019,Brake Chamber,Misalignment,21999,22888,9,308,4,0,0,0.0015785045
CLM04424,1491,SUP-077,Wheel Speed Sensor,Sensor Failure,44740,4308,10,333,5,0,0,0.032670632
CLM04425,1193,SUP-029,Air Filter,Wear,44087,17110,2,213,4,0,0,0.03288933
CLM04426,1983,SUP-061,Brake Chamber,Breakage,42543,14193,5,24,2,0,0,0.02773323
CLM04427,1161,SUP-070,V-Belt,Leak,2708,14826,17,190,5,0,0,0.06920779
CLM04428,1346,SUP-079,Wheel Bearing,Sensor Failure,7377,15015,2,184,3,0,0,0.0015131299
CLM04429,1950,SUP-080,Air Filter,Sensor Failure,23788,1035,10,214,7,0,0,0.0015714723
CLM04430,1360,SUP-024,Air Filter,Wear,15269,1622,1,93,4,0,0,0.0015420273
CLM04431,1768,SUP-023,V-Belt,Corrosion,30717,21249,12,108,2,0,0,0.01327363
CLM04432,1583,SUP-010,Air Filter,Breakage,23605,7589,15,204,8,0,0,0.0016138658
CLM04433,1086,SUP-054,Wheel Speed Sensor,Leak,22221,22097,6,276,2,0,0,0.001642983
CLM04434,1933,SUP-041,Wheel Speed Sensor,Sensor Failure,42631,14603,14,34,7,0,0,0.03130814
CLM04435,1261,SUP-049,Air Filter,Breakage,32757,4034,14,271,8,0,0,0.02943812
CLM04436,1213,SUP-017,Air Filter,Leak,49275,17542,15,307,3,0,0,0.032021765
CLM04437,1664,SUP-056,V-Belt,Misalignment,19069,15881,1,245,6,0,0,0.0015386633
CLM04438,1721,SUP-045,Radiator Hose,Misalignment,44037,14837,17,127,4,1,1,99.88286
CLM04439,1912,SUP-030,U-Joint,Leak,43656,28183,11,260,2,0,0,0.029715337
CLM04440,1572,SUP-044,U-Joint,Misalignment,25324,27397,15,309,8,0,0,0.001621734
CLM04441,1779,SUP-074,Brake Chamber,Sensor Failure,29734,7718,16,142,2,0,0,0.029338347
CLM04442,1261,SUP-055,Brake Chamber,Breakage,20590,9858,9,193,9,0,0,0.0015194953
CLM04443,1729,SUP-019,Air Filter,Leak,29828,5491,12,50,9,0,0,0.0015997163
CLM04444,1282,SUP-029,Relay Valve,Sensor Failure,24096,14294,2,239,8,0,0,0.0015412833
CLM04445,1647,SUP-002,Wheel Speed Sensor,Breakage,30448,10663,15,235,3,0,0,0.011603259
CLM04446,1466,SUP-036,Fuel/Water Separator,Breakage,44261,25092,9,319,8,0,0,0.035306547
CLM04447,1379,SUP-019,Wheel Bearing,Sensor Failure,49110,18787,16,50,5,1,1,99.71272
CLM04448,1361,SUP-007,Wheel Bearing,Breakage,12450,18496,17,93,5,0,0,0.07356864
CLM04449,1448,SUP-026,Wheel Speed Sensor,Corrosion,31575,5897,4,248,2,0,0,0.015842564
CLM04450,1440,SUP-079,Brake Chamber,Leak,32592,12398,8,330,3,0,0,0.02370119
CLM04451,1092,SUP-038,V-Belt,Leak,40110,25511,7,342,8,0,0,0.035699837
CLM04452,1620,SUP-003,Wheel Bearing,Breakage,48984,12763,6,242,1,0,0,0.031963266
CLM04453,1752,SUP-080,Air Filter,Sensor Failure,39202,20339,5,97,4,0,0,0.03526228
CLM04454,1866,SUP-066,Relay Valve,Wear,21333,2504,10,100,6,0,0,0.0016304929
CLM04455,1423,SUP-095,Wheel Bearing,Misalignment,18663,3233,3,354,9,0,0,0.0015674146
CLM04456,1141,SUP-092,U-Joint,Breakage,10535,22135,17,227,8,0,0,0.06405901
CLM04457,1290,SUP-071,Relay Valve,Wear,39887,25338,16,155,5,1,1,99.70291
CLM04458,1431,SUP-094,Relay Valve,Breakage,19679,19325,11,30,7,0,0,0.0015716385
CLM04459,1748,SUP-043,Wheel Bearing,Wear,33474,8450,13,160,8,0,0,0.036496304
CLM04460,1851,SUP-062,V-Belt,Breakage,3560,22925,18,211,9,0,0,0.07201312
CLM04461,1823,SUP-071,V-Belt,Sensor Failure,24365,6851,14,278,3,0,0,0.0015456344
CLM04462,1688,SUP-100,Brake Chamber,Misalignment,11745,1307,2,213,8,0,0,0.0016542068
CLM04463,1652,SUP-093,Wheel Speed Sensor,Wear,1030,16560,12,69,3,0,0,0.0014711024
CLM04464,1700,SUP-024,Air Filter,Corrosion,9132,19396,10,149,1,0,0,0.0015162716
CLM04465,1997,SUP-039,Fuel/Water Separator,Sensor Failure,26874,857,7,256,4,0,0,0.0014951836
CLM04466,1048,SUP-068,Radiator Hose,Misalignment,46764,7811,2,56,7,0,0,0.030344635
CLM04467,1301,SUP-093,Fuel/Water Separator,Breakage,18269,2901,18,340,9,0,0,0.07214651
CLM04468,1880,SUP-044,U-Joint,Wear,27555,1774,17,230,7,0,0,0.07319793
CLM04469,1189,SUP-005,V-Belt,Misalignment,22227,13163,16,159,5,0,0,0.028069172
CLM04470,1135,SUP-055,Brake Chamber,Leak,37806,1488,2,357,1,0,0,0.031582657
CLM04471,1554,SUP-093,U-Joint,Sensor Failure,27702,16104,11,95,1,0,0,0.0014723949
CLM04472,1403,SUP-030,Fuel/Water Separator,Wear,19674,16901,19,239,9,0,0,0.06577198
CLM04473,1891,SUP-029,Relay Valve,Sensor Failure,4894,18622,7,171,4,0,0,0.0015294452
CLM04474,1864,SUP-026,Wheel Speed Sensor,Wear,5596,3263,17,216,3,0,0,0.07194603
CLM04475,1601,SUP-083,Relay Valve,Leak,17588,7128,15,246,5,0,0,0.0016151698
CLM04476,1806,SUP-026,Fuel/Water Separator,Corrosion,43443,5621,9,146,7,0,0,0.0348342
CLM04477,1340,SUP-037,Wheel Bearing,Leak,28346,28073,12,285,7,0,0,0.0015999207
CLM04478,1756,SUP-091,Wheel Speed Sensor,Breakage,30004,15211,8,124,5,0,0,0.0015794638
CLM04479,1944,SUP-094,Brake Chamber,Sensor Failure,28226,17797,2,189,8,0,0,0.0015441774
CLM04480,1703,SUP-053,Relay Valve,Corrosion,13453,9257,17,307,5,0,0,0.07328427
CLM04481,1317,SUP-030,Wheel Bearing,Sensor Failure,25581,24217,16,332,4,0,0,0.026762642
CLM04482,1617,SUP-003,U-Joint,Misalignment,41588,19796,16,268,6,1,1,99.712875
CLM04483,1362,SUP-043,U-Joint,Wear,25524,26428,3,93,3,0,0,0.0016039201
CLM04484,1821,SUP-007,V-Belt,Breakage,32843,1971,19,189,4,1,1,99.8624
CLM04485,1381,SUP-049,Wheel Speed Sensor,Breakage,44052,3663,16,71,8,1,1,99.717865
CLM04486,1232,SUP-073,V-Belt,Sensor Failure,13744,16379,11,144,3,0,0,0.0014662575
CLM04487,1776,SUP-041,Wheel Speed Sensor,Breakage,41784,22255,9,128,3,0,0,0.03504027
CLM04488,1343,SUP-077,Air Filter,Sensor Failure,17610,16801,14,12,6,0,0,0.0015199735
CLM04489,1548,SUP-079,Wheel Bearing,Wear,39910,9303,2,318,8,0,0,0.03575522
CLM04490,1816,SUP-054,Fuel/Water Separator,Wear,8482,26138,13,213,2,0,0,0.001580945
CLM04491,1552,SUP-069,U-Joint,Sensor Failure,41081,9127,5,362,1,0,0,0.030500764
CLM04492,1528,SUP-093,Fuel/Water Separator,Leak,33024,25723,14,60,1,0,0,0.031403232
CLM04493,1855,SUP-099,Relay Valve,Leak,24674,11101,1,337,7,0,0,0.0015624672
CLM04494,1788,SUP-091,Relay Valve,Wear,15030,4517,6,284,2,0,0,0.0015159912
CLM04495,1818,SUP-027,U-Joint,Corrosion,26472,3109,11,320,9,0,0,0.0015983942
CLM04496,1570,SUP-008,V-Belt,Leak,10512,582,17,95,4,0,0,0.06863709
CLM04497,1934,SUP-032,U-Joint,Sensor Failure,20045,2289,14,72,7,0,0,0.0015723447
CLM04498,1182,SUP-084,Air Filter,Wear,28135,14519,14,110,5,0,0,0.0014767318
CLM04499,1040,SUP-064,Air Filter,Breakage,35432,9742,7,282,5,0,0,0.030630559
CLM04500,1550,SUP-010,Fuel/Water Separator,Breakage,21134,6208,19,112,7,0,0,0.07543672
CLM04501,1396,SUP-013,Air Filter,Leak,30897,8473,6,159,9,0,0,0.015263031
CLM04502,1703,SUP-063,Wheel Bearing,Corrosion,15750,28914,13,211,4,0,0,0.001609579
CLM04503,1778,SUP-093,V-Belt,Misalignment,37422,4616,10,251,9,0,0,0.034113355
CLM04504,1493,SUP-035,V-Belt,Leak,14733,13856,19,327,9,0,0,0.07309675
CLM04505,1658,SUP-061,Air Filter,Corrosion,18480,13741,10,113,8,0,0,0.0014939635
CLM04506,1906,SUP-054,Radiator Hose,Leak,4098,6026,5,5,1,0,0,0.0014972198
CLM04507,1332,SUP-008,Relay Valve,Breakage,20624,19625,13,141,9,0,0,0.0015979522
CLM04508,1126,SUP-029,Radiator Hose,Corrosion,44782,1297,17,338,3,1,1,99.88735
CLM04509,1557,SUP-095,Wheel Speed Sensor,Breakage,41546,3026,5,243,8,0,0,0.03657258
CLM04510,1556,SUP-041,Wheel Speed Sensor,Sensor Failure,44887,21635,7,119,5,0,0,0.035154063
CLM04511,1000,SUP-030,V-Belt,Sensor Failure,25463,24615,7,306,6,0,0,0.0015488615
CLM04512,1167,SUP-086,Wheel Bearing,Wear,46953,17646,15,128,3,0,0,0.033469375
CLM04513,1619,SUP-021,Brake Chamber,Breakage,15250,9309,15,84,7,0,0,0.001522511
CLM04514,1018,SUP-076,Relay Valve,Breakage,37382,12572,1,244,2,0,0,0.033049665
CLM04515,1331,SUP-011,Wheel Speed Sensor,Wear,48022,5306,12,113,3,0,0,0.030891068
CLM04516,1583,SUP-002,Fuel/Water Separator,Sensor Failure,37384,13124,2,164,2,0,0,0.03187581
CLM04517,1455,SUP-050,Wheel Bearing,Sensor Failure,36472,20747,18,115,9,1,1,99.88752
CLM04518,1956,SUP-041,U-Joint,Corrosion,24138,16007,15,104,3,0,0,0.0014297704
CLM04519,1108,SUP-066,Fuel/Water Separator,Corrosion,4893,20570,7,180,8,0,0,0.0015778906
CLM04520,1267,SUP-098,Wheel Bearing,Misalignment,12573,17651,9,289,6,0,0,0.0016025549
CLM04521,1444,SUP-003,Fuel/Water Separator,Sensor Failure,12263,15654,3,232,1,0,0,0.0014783692
CLM04522,1239,SUP-080,Air Filter,Misalignment,36762,22485,10,325,6,0,0,0.035082716
CLM04523,1928,SUP-051,Fuel/Water Separator,Leak,38301,3685,2,352,8,0,0,0.029332304
CLM04524,1300,SUP-068,Wheel Speed Sensor,Breakage,35268,26096,12,158,3,0,0,0.031910107
CLM04525,1601,SUP-087,Wheel Bearing,Corrosion,2725,24313,7,96,7,0,0,0.0015981593
CLM04526,1102,SUP-084,U-Joint,Leak,43525,28569,5,231,6,0,0,0.035838045
CLM04527,1987,SUP-025,Fuel/Water Separator,Corrosion,48160,17961,4,324,1,0,0,0.02480011
CLM04528,1249,SUP-030,U-Joint,Wear,41109,11951,1,278,2,0,0,0.031072987
CLM04529,1452,SUP-082,Wheel Bearing,Breakage,17709,12302,15,315,5,0,0,0.0015958414
CLM04530,1519,SUP-011,U-Joint,Misalignment,38185,10467,9,264,7,0,0,0.03527314
CLM04531,1152,SUP-093,Brake Chamber,Misalignment,44190,14001,6,37,4,0,0,0.03071712
CLM04532,1858,SUP-017,Brake Chamber,Corrosion,3666,11570,14,99,6,0,0,0.0015268119
CLM04533,1173,SUP-026,Fuel/Water Separator,Sensor Failure,43169,2390,2,229,2,0,0,0.034319807
CLM04534,1342,SUP-023,Fuel/Water Separator,Misalignment,49771,2126,12,312,5,0,0,0.028942175
CLM04535,1669,SUP-056,Fuel/Water Separator,Wear,8152,12310,6,189,3,0,0,0.0014477927
CLM04536,1430,SUP-052,Relay Valve,Wear,30000,7146,13,86,1,0,0,0.0015172841
CLM04537,1726,SUP-048,Air Filter,Sensor Failure,29477,29360,4,65,6,0,0,0.0016639992
CLM04538,1688,SUP-020,U-Joint,Wear,45396,18455,16,103,9,1,1,99.67776
CLM04539,1686,SUP-002,Radiator Hose,Breakage,5778,20559,11,112,8,0,0,0.0016146692
CLM04540,1851,SUP-088,V-Belt,Corrosion,17169,26667,6,353,4,0,0,0.0014930307
CLM04541,1849,SUP-031,Fuel/Water Separator,Wear,18668,27702,5,68,8,0,0,0.0017072404
CLM04542,1657,SUP-027,Wheel Speed Sensor,Breakage,18762,22316,1,137,5,0,0,0.0015764466
CLM04543,1961,SUP-002,Brake Chamber,Sensor Failure,40107,26268,19,136,3,1,1,99.86419
CLM04544,1323,SUP-078,Brake Chamber,Corrosion,20945,5273,7,314,4,0,0,0.0015200983
CLM04545,1989,SUP-004,V-Belt,Sensor Failure,22836,5544,18,214,7,0,0,0.07032395
CLM04546,1672,SUP-013,U-Joint,Corrosion,11079,29323,10,362,5,0,0,0.0015790797
CLM04547,1638,SUP-100,Wheel Bearing,Wear,19362,13709,10,241,4,0,0,0.001587328
CLM04548,1419,SUP-035,V-Belt,Wear,13919,9820,17,310,3,0,0,0.072138265
CLM04549,1593,SUP-072,Air Filter,Corrosion,21800,12130,7,85,3,0,0,0.0014711024
CLM04550,1484,SUP-066,Fuel/Water Separator,Breakage,14758,9807,1,48,6,0,0,0.0015021367
CLM04551,1658,SUP-006,Wheel Speed Sensor,Breakage,29874,21692,12,361,8,0,0,0.0016030241
CLM04552,1750,SUP-031,U-Joint,Breakage,45121,29976,17,156,4,1,1,99.88876
CLM04553,1411,SUP-010,U-Joint,Leak,30298,10600,16,101,1,1,1,98.1398
CLM04554,1935,SUP-021,Fuel/Water Separator,Misalignment,15156,29603,15,81,4,0,0,0.0016824274
CLM04555,1083,SUP-074,Air Filter,Misalignment,44039,20636,19,128,5,1,1,99.879585
CLM04556,1112,SUP-023,Fuel/Water Separator,Misalignment,17239,1828,17,159,8,0,0,0.07262189
CLM04557,1736,SUP-003,Fuel/Water Separator,Breakage,8089,4623,4,237,7,0,0,0.0016584843
CLM04558,1331,SUP-032,V-Belt,Wear,14014,1811,4,59,2,0,0,0.0015643354
CLM04559,1377,SUP-020,Wheel Speed Sensor,Leak,24318,4950,3,237,9,0,0,0.0015741631
CLM04560,1754,SUP-074,U-Joint,Breakage,27866,12730,8,338,3,0,0,0.0015160257
CLM04561,1654,SUP-029,Fuel/Water Separator,Wear,6917,26938,9,289,9,0,0,0.0016084358
CLM04562,1040,SUP-052,Relay Valve,Leak,42029,27080,2,309,1,0,0,0.02991143
CLM04563,1934,SUP-046,Wheel Bearing,Wear,16350,12307,19,95,9,0,0,0.07062359
CLM04564,1769,SUP-034,Fuel/Water Separator,Corrosion,10286,3225,18,122,7,0,0,0.07750284
CLM04565,1958,SUP-084,Fuel/Water Separator,Wear,6742,24455,16,347,2,0,0,0.028690003
CLM04566,1796,SUP-061,U-Joint,Leak,38021,2683,18,121,7,1,1,99.88835
CLM04567,1104,SUP-072,Brake Chamber,Breakage,2839,15927,18,36,1,0,0,0.070914075
CLM04568,1201,SUP-071,Radiator Hose,Misalignment,19335,653,12,213,3,0,0,0.001548903
CLM04569,1449,SUP-070,Wheel Bearing,Leak,15661,22466,2,226,7,0,0,0.0015755419
CLM04570,1818,SUP-011,Brake Chamber,Breakage,43018,1315,1,290,3,0,0,0.030554436
CLM04571,1842,SUP-082,V-Belt,Breakage,12743,1619,16,61,2,0,0,0.029802011
CLM04572,1972,SUP-093,Relay Valve,Sensor Failure,19891,28344,17,188,5,0,0,0.06834721
CLM04573,1265,SUP-089,Radiator Hose,Corrosion,29483,19039,1,240,3,0,0,0.0016224287
CLM04574,1909,SUP-063,Wheel Bearing,Sensor Failure,32135,5665,3,3,9,0,0,0.016927753
CLM04575,1209,SUP-021,Brake Chamber,Misalignment,30557,1709,16,6,7,1,1,98.71903
CLM04576,1562,SUP-003,Wheel Speed Sensor,Leak,12682,25529,14,260,1,0,0,0.0015944646
CLM04577,1117,SUP-082,Wheel Speed Sensor,Sensor Failure,13798,23312,16,101,1,0,0,0.03077513
CLM04578,1712,SUP-088,Air Filter,Misalignment,30039,1606,9,309,6,0,0,0.0016389393
CLM04579,1376,SUP-010,Fuel/Water Separator,Breakage,44919,15485,2,359,4,0,0,0.033525072
CLM04580,1550,SUP-027,Relay Valve,Leak,15198,27872,13,327,1,0,0,0.0015936802
CLM04581,1539,SUP-012,Radiator Hose,Sensor Failure,42842,29620,5,166,9,0,0,0.03423494
CLM04582,1770,SUP-007,Wheel Bearing,Wear,33104,21300,17,164,2,1,1,99.86821
CLM04583,1083,SUP-017,Wheel Speed Sensor,Misalignment,8603,5764,6,290,1,0,0,0.0015752293
CLM04584,1453,SUP-065,Relay Valve,Misalignment,20009,13065,17,6,3,0,0,0.06986291
CLM04585,1666,SUP-064,Radiator Hose,Corrosion,39661,27735,2,27,1,0,0,0.03387977
CLM04586,1628,SUP-026,Air Filter,Wear,30965,1537,7,39,4,0,0,0.015125683
CLM04587,1513,SUP-015,Wheel Speed Sensor,Leak,24784,3833,17,307,4,0,0,0.07410407
CLM04588,1604,SUP-033,U-Joint,Sensor Failure,30340,17297,8,275,6,0,0,0.013165249
CLM04589,1677,SUP-062,Wheel Speed Sensor,Breakage,3153,11233,1,96,3,0,0,0.0014717547
CLM04590,1386,SUP-047,U-Joint,Sensor Failure,5761,29218,19,344,9,0,0,0.072786346
CLM04591,1911,SUP-095,Relay Valve,Leak,24569,8404,5,162,6,0,0,0.0015399655
CLM04592,1349,SUP-035,Air Filter,Leak,4566,2439,5,89,7,0,0,0.0015762346
CLM04593,1295,SUP-065,Brake Chamber,Leak,43468,17539,1,247,6,0,0,0.03374316
CLM04594,1257,SUP-072,V-Belt,Leak,28254,16055,10,24,9,0,0,0.0014603114
CLM04595,1080,SUP-076,Fuel/Water Separator,Misalignment,35612,7957,10,153,2,0,0,0.032606438
CLM04596,1936,SUP-083,Fuel/Water Separator,Sensor Failure,41037,12736,3,332,8,0,0,0.030926073
CLM04597,1267,SUP-025,Wheel Speed Sensor,Wear,28160,19363,12,350,5,0,0,0.0014834774
CLM04598,1418,SUP-057,Wheel Bearing,Breakage,13206,22523,12,243,2,0,0,0.0016086751
CLM04599,1234,SUP-032,U-Joint,Breakage,45211,28937,7,198,7,0,0,0.034879323
CLM04600,1832,SUP-063,Wheel Speed Sensor,Corrosion,2533,26423,16,30,5,0,0,0.03134613
CLM04601,1310,SUP-012,Air Filter,Misalignment,6596,22805,3,207,8,0,0,0.0016134687
CLM04602,1812,SUP-063,V-Belt,Leak,22153,16288,7,221,6,0,0,0.0014934707
CLM04603,1974,SUP-077,Brake Chamber,Leak,43383,10008,14,54,7,0,0,0.030014727
CLM04604,1985,SUP-092,V-Belt,Leak,32069,23404,4,78,1,0,0,0.013483929
CLM04605,1356,SUP-001,V-Belt,Misalignment,7358,4106,10,120,2,0,0,0.0015658906
CLM04606,1212,SUP-051,V-Belt,Wear,33035,5703,2,281,9,0,0,0.030845745
CLM04607,1573,SUP-070,Relay Valve,Leak,35459,28914,16,237,7,1,1,99.72092
CLM04608,1048,SUP-008,Air Filter,Corrosion,42287,4558,3,261,7,0,0,0.0288415
CLM04609,1126,SUP-068,Air Filter,Corrosion,35356,5504,15,2,4,0,0,0.031122915
CLM04610,1222,SUP-005,Radiator Hose,Wear,21137,23352,8,80,4,0,0,0.0016371132
CLM04611,1920,SUP-089,Wheel Speed Sensor,Misalignment,17481,8515,16,359,3,0,0,0.02592576
CLM04612,1278,SUP-086,Wheel Bearing,Leak,38522,17199,11,191,4,0,0,0.034062397
CLM04613,1407,SUP-092,Radiator Hose,Sensor Failure,27923,22947,11,124,6,0,0,0.0016228032
CLM04614,1504,SUP-039,Air Filter,Sensor Failure,39941,25296,11,182,3,0,0,0.034020886
CLM04615,1293,SUP-023,Fuel/Water Separator,Breakage,43057,22925,1,124,8,0,0,0.0352489
CLM04616,1795,SUP-068,Wheel Speed Sensor,Wear,48275,19145,2,17,1,0,0,0.030896103
CLM04617,1276,SUP-052,Relay Valve,Sensor Failure,30689,24523,1,31,6,0,0,0.013301821
CLM04618,1437,SUP-004,Brake Chamber,Breakage,9052,17728,19,134,2,0,0,0.07152512
CLM04619,1106,SUP-047,Fuel/Water Separator,Corrosion,22402,2014,10,223,1,0,0,0.0015483609
CLM04620,1657,SUP-021,Air Filter,Breakage,48187,1608,19,70,4,1,1,99.87765
CLM04621,1419,SUP-056,Wheel Speed Sensor,Leak,49088,15220,11,292,6,0,0,0.033607554
CLM04622,1610,SUP-066,Air Filter,Leak,6704,22007,12,93,7,0,0,0.0015833984
CLM04623,1428,SUP-059,U-Joint,Corrosion,41679,18614,10,73,1,0,0,0.032970514
CLM04624,1374,SUP-007,Radiator Hose,Wear,30985,3685,7,138,3,0,0,0.015041071
CLM04625,1072,SUP-049,Brake Chamber,Misalignment,30310,18122,8,24,6,0,0,0.012169544
CLM04626,1948,SUP-016,Brake Chamber,Leak,35045,5955,11,168,6,0,0,0.033529896
CLM04627,1997,SUP-017,Wheel Bearing,Leak,44671,3424,18,258,6,1,1,99.872765
CLM04628,1633,SUP-084,U-Joint,Breakage,47903,7296,16,276,7,1,1,99.72312
CLM04629,1029,SUP-087,V-Belt,Breakage,12715,26266,1,289,7,0,0,0.0015588446
CLM04630,1187,SUP-098,U-Joint,Breakage,22810,29458,6,14,8,0,0,0.0016217588
CLM04631,1363,SUP-075,Brake Chamber,Sensor Failure,41583,22923,17,55,2,1,1,99.88647
CLM04632,1865,SUP-034,Fuel/Water Separator,Corrosion,1183,20450,13,293,1,0,0,0.0016018244
CLM04633,1799,SUP-033,Wheel Bearing,Wear,42932,27507,10,216,7,0,0,0.03496172
CLM04634,1450,SUP-026,Fuel/Water Separator,Breakage,28961,15853,10,361,1,0,0,0.0015161082
CLM04635,1194,SUP-066,Wheel Speed Sensor,Wear,36156,27970,1,84,2,0,0,0.03355169
CLM04636,1155,SUP-063,V-Belt,Breakage,21706,15352,7,161,1,0,0,0.0014586983
CLM04637,1171,SUP-087,Radiator Hose,Leak,22316,18340,9,306,1,0,0,0.0015541436
CLM04638,1846,SUP-041,Fuel/Water Separator,Wear,37595,17993,11,228,3,0,0,0.033544686
CLM04639,1040,SUP-086,Wheel Speed Sensor,Sensor Failure,3497,14409,2,84,4,0,0,0.0014513109
CLM04640,1062,SUP-058,Air Filter,Breakage,14562,2430,1,198,5,0,0,0.0015093957
CLM04641,1022,SUP-098,Relay Valve,Misalignment,37247,24587,12,200,5,0,0,0.029476289
CLM04642,1359,SUP-079,V-Belt,Corrosion,29841,28192,7,335,2,0,0,0.0015256142
CLM04643,1074,SUP-010,Radiator Hose,Leak,9757,14781,19,342,3,0,0,0.07247574
CLM04644,1559,SUP-015,Wheel Bearing,Breakage,35703,17506,5,179,8,0,0,0.035420664
CLM04645,1671,SUP-042,U-Joint,Wear,23659,19221,12,189,2,0,0,0.001554228
CLM04646,1824,SUP-093,Relay Valve,Breakage,10018,10622,14,156,4,0,0,0.0015332041
CLM04647,1117,SUP-057,V-Belt,Leak,30277,27820,7,228,7,0,0,0.012422761
CLM04648,1611,SUP-087,Air Filter,Corrosion,45077,1758,8,356,9,0,0,0.0334869
CLM04649,1379,SUP-017,Wheel Bearing,Corrosion,17733,23184,14,172,3,0,0,0.0015286534
CLM04650,1928,SUP-060,Brake Chamber,Corrosion,19153,5001,12,211,3,0,0,0.0014664001
CLM04651,1919,SUP-009,Fuel/Water Separator,Misalignment,35572,8340,9,57,7,0,0,0.03187262
CLM04652,1678,SUP-036,Fuel/Water Separator,Leak,43020,14316,10,154,8,0,0,0.034825895
CLM04653,1289,SUP-073,Wheel Bearing,Misalignment,45469,7789,10,25,4,0,0,0.032734424
CLM04654,1439,SUP-080,Brake Chamber,Misalignment,5170,10660,1,271,1,0,0,0.00152671
CLM04655,1667,SUP-036,Fuel/Water Separator,Breakage,28666,28371,6,202,5,0,0,0.0016430441
CLM04656,1932,SUP-048,V-Belt,Leak,17785,18907,14,359,4,0,0,0.001523317
CLM04657,1006,SUP-051,Wheel Bearing,Leak,42147,17760,9,98,8,0,0,0.033221923
CLM04658,1195,SUP-097,Wheel Bearing,Breakage,45944,7690,12,77,7,0,0,0.031695202
CLM04659,1420,SUP-095,Brake Chamber,Sensor Failure,25714,10936,19,360,2,0,0,0.06628983
CLM04660,1567,SUP-070,Brake Chamber,Misalignment,33711,19410,12,321,6,0,0,0.033358805
CLM04661,1832,SUP-074,Wheel Bearing,Corrosion,46163,12281,13,111,4,0,0,0.03227053
CLM04662,1192,SUP-080,U-Joint,Wear,1220,29479,3,123,7,0,0,0.0015979522
CLM04663,1558,SUP-068,U-Joint,Misalignment,5240,25420,11,54,9,0,0,0.0016525025
CLM04664,1147,SUP-022,U-Joint,Wear,40769,4172,2,206,7,0,0,0.035343688
CLM04665,1786,SUP-077,Wheel Bearing,Breakage,13292,11760,18,167,2,0,0,0.06822772
CLM04666,1668,SUP-080,Fuel/Water Separator,Wear,29604,18797,18,276,8,0,0,0.07722538
CLM04667,1201,SUP-093,Air Filter,Sensor Failure,17771,2945,9,89,6,0,0,0.0016005312
CLM04668,1443,SUP-006,Radiator Hose,Leak,48671,9476,1,11,9,0,0,0.03469136
CLM04669,1913,SUP-026,Air Filter,Corrosion,12223,18371,16,52,7,0,0,0.030062927
CLM04670,1987,SUP-075,U-Joint,Wear,33714,21775,1,213,5,0,0,0.035013787
CLM04671,1418,SUP-088,Fuel/Water Separator,Wear,31429,28924,5,54,8,0,0,0.019364953
CLM04672,1426,SUP-093,Wheel Bearing,Breakage,39759,22118,17,247,7,1,1,99.886154
CLM04673,1478,SUP-003,Wheel Speed Sensor,Breakage,1559,15471,8,69,1,0,0,0.0014717423
CLM04674,1474,SUP-052,Fuel/Water Separator,Leak,2839,949,6,7,5,0,0,0.0015779522
CLM04675,1125,SUP-074,Wheel Speed Sensor,Corrosion,2771,15607,1,140,7,0,0,0.0015664238
CLM04676,1394,SUP-060,Wheel Bearing,Wear,25940,1927,13,359,7,0,0,0.0015335509
CLM04677,1816,SUP-063,V-Belt,Leak,25992,3095,18,224,3,0,0,0.07268892
CLM04678,1880,SUP-065,Brake Chamber,Corrosion,8676,19160,4,69,5,0,0,0.0016057767
CLM04679,1805,SUP-052,Radiator Hose,Leak,43595,6265,15,347,8,0,0,0.03274198
CLM04680,1575,SUP-090,Air Filter,Wear,19452,25319,14,351,9,0,0,0.0016136441
CLM04681,1324,SUP-076,Brake Chamber,Breakage,17900,2612,16,204,9,0,0,0.029252991
CLM04682,1391,SUP-014,Fuel/Water Separator,Breakage,43180,12000,5,121,5,0,0,0.032950215
CLM04683,1929,SUP-089,Relay Valve,Breakage,1660,9637,1,292,2,0,0,0.0014657235
CLM04684,1687,SUP-072,Wheel Bearing,Sensor Failure,25905,14771,4,277,8,0,0,0.0015887257
CLM04685,1627,SUP-068,Brake Chamber,Leak,1377,17910,17,309,7,0,0,0.0702505
CLM04686,1439,SUP-028,Radiator Hose,Wear,12474,10215,6,254,4,0,0,0.0015491568
CLM04687,1203,SUP-071,Brake Chamber,Leak,1159,28184,4,147,5,0,0,0.0016092979
CLM04688,1485,SUP-010,Radiator Hose,Breakage,30329,4192,7,3,2,0,0,0.012919362
CLM04689,1832,SUP-057,Relay Valve,Misalignment,16929,3549,1,188,9,0,0,0.0016673142
CLM04690,1030,SUP-100,Brake Chamber,Misalignment,37942,28397,10,337,6,0,0,0.03152803
CLM04691,1387,SUP-066,Wheel Speed Sensor,Leak,3199,23030,13,350,9,0,0,0.0015313397
CLM04692,1624,SUP-090,U-Joint,Corrosion,28140,28382,9,100,8,0,0,0.0015981593
CLM04693,1876,SUP-050,Relay Valve,Misalignment,13980,24468,14,157,1,0,0,0.0015630603
CLM04694,1433,SUP-014,Fuel/Water Separator,Misalignment,43997,7598,1,202,9,0,0,0.033710044
CLM04695,1836,SUP-016,Wheel Speed Sensor,Leak,44359,16110,9,185,9,0,0,0.033101786
CLM04696,1925,SUP-054,Radiator Hose,Sensor Failure,26800,29314,6,329,4,0,0,0.0015633048
CLM04697,1375,SUP-043,Brake Chamber,Sensor Failure,47006,22763,10,40,1,0,0,0.035415027
CLM04698,1343,SUP-042,Radiator Hose,Breakage,7276,25136,11,306,4,0,0,0.0015928961
CLM04699,1442,SUP-081,Radiator Hose,Wear,19372,14903,7,203,6,0,0,0.0015351458
CLM04700,1578,SUP-022,Relay Valve,Corrosion,24161,29250,12,147,4,0,0,0.0015911426
CLM04701,1074,SUP-068,Wheel Speed Sensor,Wear,9168,12090,12,242,9,0,0,0.0015972984
CLM04702,1556,SUP-019,Brake Chamber,Wear,34633,11106,14,179,4,0,0,0.03238802
CLM04703,1771,SUP-066,V-Belt,Corrosion,25966,21937,10,49,8,0,0,0.0015420655
CLM04704,1665,SUP-039,Air Filter,Sensor Failure,43368,28854,16,180,2,1,1,99.68515
CLM04705,1154,SUP-073,Air Filter,Misalignment,5915,20490,4,150,7,0,0,0.0015979522
CLM04706,1429,SUP-019,Relay Valve,Breakage,40009,7169,14,239,8,0,0,0.035824995
CLM04707,1362,SUP-016,Fuel/Water Separator,Leak,49921,17273,2,316,6,0,0,0.030338299
CLM04708,1447,SUP-054,Wheel Bearing,Sensor Failure,40903,16148,2,208,6,0,0,0.034792844
CLM04709,1986,SUP-025,V-Belt,Breakage,17197,5116,11,209,8,0,0,0.0015736872
CLM04710,1233,SUP-018,Brake Chamber,Misalignment,30011,10367,11,247,3,0,0,0.0015129941
CLM04711,1562,SUP-023,Air Filter,Sensor Failure,18938,10469,6,7,2,0,0,0.0015065582
CLM04712,1817,SUP-085,Fuel/Water Separator,Corrosion,5047,752,3,119,9,0,0,0.0016018244
CLM04713,1261,SUP-011,Wheel Bearing,Wear,17515,8552,9,31,8,0,0,0.0015102854
CLM04714,1826,SUP-039,Wheel Speed Sensor,Corrosion,4679,20050,3,349,5,0,0,0.0015359233
CLM04715,1124,SUP-068,Brake Chamber,Misalignment,23737,10406,1,7,5,0,0,0.0016101332
CLM04716,1910,SUP-025,Radiator Hose,Leak,20460,10742,2,235,6,0,0,0.0015520197
CLM04717,1244,SUP-063,Fuel/Water Separator,Corrosion,30048,1195,15,281,6,0,0,0.011111841
CLM04718,1541,SUP-096,Brake Chamber,Misalignment,13927,27169,11,289,2,0,0,0.0016082793
CLM04719,1937,SUP-030,V-Belt,Wear,35289,22807,8,95,7,0,0,0.03194919
CLM04720,1484,SUP-045,Radiator Hose,Sensor Failure,10933,21632,16,344,3,0,0,0.029637303
CLM04721,1121,SUP-090,V-Belt,Breakage,34971,11264,17,38,8,1,1,99.86168
CLM04722,1124,SUP-061,U-Joint,Misalignment,31481,8365,3,126,9,0,0,0.01947266
CLM04723,1548,SUP-100,Air Filter,Misalignment,20775,18389,8,260,3,0,0,0.0015607456
CLM04724,1169,SUP-051,Wheel Bearing,Leak,15836,12360,7,176,6,0,0,0.0015444381
CLM04725,1123,SUP-098,Fuel/Water Separator,Sensor Failure,21105,13205,3,101,8,0,0,0.0016727245
CLM04726,1868,SUP-009,Radiator Hose,Misalignment,46078,13789,7,317,6,0,0,0.03284975
CLM04727,1034,SUP-076,Air Filter,Misalignment,40543,19627,5,193,3,0,0,0.03044217
CLM04728,1086,SUP-002,Relay Valve,Breakage,24544,5154,1,81,4,0,0,0.0016065179
CLM04729,1645,SUP-005,V-Belt,Wear,16953,13718,5,334,9,0,0,0.0015589918
CLM04730,1707,SUP-062,U-Joint,Corrosion,10395,11969,3,61,1,0,0,0.0014880839
CLM04731,1785,SUP-069,V-Belt,Sensor Failure,5270,24773,18,129,4,0,0,0.07352105
CLM04732,1200,SUP-052,Brake Chamber,Breakage,9389,18182,19,6,1,0,0,0.07231836
CLM04733,1368,SUP-086,Wheel Speed Sensor,Breakage,12717,21574,10,21,8,0,0,0.0016341899
CLM04734,1796,SUP-005,U-Joint,Corrosion,37962,11942,4,195,7,0,0,0.02857309
CLM04735,1076,SUP-059,U-Joint,Sensor Failure,34512,11606,13,339,7,0,0,0.034177285
CLM04736,1058,SUP-068,Wheel Bearing,Sensor Failure,22930,16007,1,28,2,0,0,0.0014107326
CLM04737,1430,SUP-009,Fuel/Water Separator,Wear,4262,20752,4,140,6,0,0,0.0016436789
CLM04738,1637,SUP-093,Relay Valve,Sensor Failure,12213,13883,9,321,8,0,0,0.0015517874
CLM04739,1499,SUP-022,Relay Valve,Misalignment,25129,10956,17,235,8,0,0,0.06895074
CLM04740,1912,SUP-027,Wheel Bearing,Corrosion,31453,28868,11,93,5,0,0,0.016000299
CLM04741,1108,SUP-010,V-Belt,Sensor Failure,1498,11572,7,137,8,0,0,0.001513645
CLM04742,1735,SUP-080,Air Filter,Wear,45647,27929,7,82,2,0,0,0.03483589
CLM04743,1277,SUP-061,Brake Chamber,Breakage,17524,24484,13,318,4,0,0,0.0015807793
CLM04744,1067,SUP-051,Relay Valve,Misalignment,19098,12399,19,253,2,0,0,0.072158955
CLM04745,1068,SUP-010,Fuel/Water Separator,Sensor Failure,12012,16721,17,228,5,0,0,0.07240915
CLM04746,1164,SUP-006,Wheel Speed Sensor,Corrosion,37273,24084,18,355,3,1,1,99.87166
CLM04747,1488,SUP-062,V-Belt,Sensor Failure,4602,11520,13,356,6,0,0,0.0015043531
CLM04748,1304,SUP-005,Fuel/Water Separator,Leak,24059,715,17,235,7,0,0,0.067075595
CLM04749,1908,SUP-070,Fuel/Water Separator,Wear,42877,14751,18,35,6,1,1,99.8716
CLM04750,1673,SUP-063,Radiator Hose,Breakage,43782,6744,2,127,2,0,0,0.029954268
CLM04751,1364,SUP-056,U-Joint,Leak,23888,29641,19,339,2,0,0,0.073833175
CLM04752,1853,SUP-059,Air Filter,Corrosion,29398,679,15,347,4,0,0,0.0015614618
CLM04753,1820,SUP-063,U-Joint,Sensor Failure,11795,19570,9,259,7,0,0,0.0015901065
CLM04754,1378,SUP-089,Fuel/Water Separator,Wear,22187,16192,14,128,8,0,0,0.0015488096
CLM04755,1342,SUP-059,Wheel Bearing,Misalignment,19114,8155,19,53,5,0,0,0.07508046
CLM04756,1946,SUP-051,Radiator Hose,Sensor Failure,12620,22463,8,100,1,0,0,0.0015645026
CLM04757,1898,SUP-050,U-Joint,Sensor Failure,6976,17260,12,194,9,0,0,0.0015393487
CLM04758,1553,SUP-004,Brake Chamber,Sensor Failure,30232,27804,17,240,8,1,1,99.3577
CLM04759,1353,SUP-048,Wheel Speed Sensor,Misalignment,14284,23844,12,249,1,0,0,0.001595108
CLM04760,1415,SUP-032,Wheel Speed Sensor,Sensor Failure,40796,8545,15,293,9,0,0,0.033426836
CLM04761,1108,SUP-051,Air Filter,Wear,37486,18711,5,207,5,0,0,0.035771415
CLM04762,1562,SUP-052,Brake Chamber,Misalignment,47022,24656,2,101,8,0,0,0.035547383
CLM04763,1761,SUP-099,U-Joint,Misalignment,40856,22736,18,215,2,1,1,99.88186
CLM04764,1496,SUP-074,U-Joint,Leak,35392,24461,3,300,7,0,0,0.0371855
CLM04765,1340,SUP-034,Fuel/Water Separator,Corrosion,35574,11918,5,64,9,0,0,0.031639017
CLM04766,1941,SUP-036,U-Joint,Misalignment,27030,19211,2,239,7,0,0,0.0016757438
CLM04767,1382,SUP-070,Brake Chamber,Leak,9545,26578,9,124,9,0,0,0.0016160713
CLM04768,1532,SUP-043,Wheel Speed Sensor,Wear,36701,14010,5,6,4,0,0,0.03126653
CLM04769,1299,SUP-016,Fuel/Water Separator,Corrosion,34708,25828,17,225,5,1,1,99.88527
CLM04770,1138,SUP-059,V-Belt,Misalignment,8787,24468,15,325,7,0,0,0.0015878138
CLM04771,1358,SUP-053,Brake Chamber,Breakage,4945,28245,13,149,1,0,0,0.0016224318
CLM04772,1835,SUP-019,Wheel Bearing,Leak,24442,25325,9,57,2,0,0,0.0015974081
CLM04773,1498,SUP-098,U-Joint,Wear,29718,15749,2,156,2,0,0,0.0014809938
CLM04774,1384,SUP-089,Wheel Speed Sensor,Wear,9421,7772,2,85,9,0,0,0.0015609779
CLM04775,1603,SUP-095,U-Joint,Wear,12674,3320,11,24,3,0,0,0.0016039506
CLM04776,1958,SUP-041,Wheel Bearing,Corrosion,31596,5236,3,115,9,0,0,0.016072288
CLM04777,1279,SUP-081,Wheel Speed Sensor,Sensor Failure,22241,6970,3,92,1,0,0,0.0015479872
CLM04778,1636,SUP-047,Air Filter,Breakage,48165,25965,10,331,3,0,0,0.031698402
CLM04779,1482,SUP-094,U-Joint,Corrosion,8738,22485,2,191,2,0,0,0.0015286534
CLM04780,1908,SUP-054,Fuel/Water Separator,Corrosion,4772,21750,1,22,2,0,0,0.001608235
CLM04781,1110,SUP-055,Radiator Hose,Misalignment,13365,14615,6,34,1,0,0,0.0015445309
CLM04782,1865,SUP-095,Brake Chamber,Leak,11798,12694,6,249,6,0,0,0.0015278956
CLM04783,1138,SUP-019,Wheel Bearing,Breakage,40855,7020,11,37,5,0,0,0.034443017
CLM04784,1995,SUP-062,U-Joint,Wear,16775,28799,16,297,5,0,0,0.029458757
CLM04785,1434,SUP-099,V-Belt,Corrosion,2984,11778,1,335,9,0,0,0.0015598708
CLM04786,1508,SUP-093,Wheel Speed Sensor,Breakage,45055,16759,5,221,6,0,0,0.03231856
CLM04787,1272,SUP-059,Wheel Bearing,Leak,34820,19627,10,226,9,0,0,0.035636146
CLM04788,1098,SUP-065,Brake Chamber,Sensor Failure,39022,5076,6,361,4,0,0,0.033042416
CLM04789,1763,SUP-068,U-Joint,Breakage,1350,7683,11,299,7,0,0,0.0015933096
CLM04790,1849,SUP-028,V-Belt,Wear,1912,26832,16,278,4,0,0,0.029389607
CLM04791,1103,SUP-018,Wheel Speed Sensor,Corrosion,38213,11314,13,347,1,0,0,0.02783612
CLM04792,1213,SUP-026,Brake Chamber,Sensor Failure,11715,26852,12,21,4,0,0,0.0016146385
CLM04793,1760,SUP-019,Wheel Speed Sensor,Leak,34059,29656,18,52,2,1,1,99.88252
CLM04794,1663,SUP-055,Brake Chamber,Wear,26788,16138,13,260,5,0,0,0.0015320496
CLM04795,1761,SUP-057,U-Joint,Sensor Failure,16778,12096,5,327,2,0,0,0.0015003957
CLM04796,1786,SUP-006,Radiator Hose,Misalignment,16223,23284,13,208,2,0,0,0.0016143474
CLM04797,1164,SUP-001,Relay Valve,Misalignment,34235,16044,13,7,4,0,0,0.03149471
CLM04798,1998,SUP-008,Fuel/Water Separator,Leak,4277,24639,19,169,7,0,0,0.071037516
CLM04799,1852,SUP-097,Radiator Hose,Wear,15641,27150,19,138,3,0,0,0.0731608
CLM04800,1519,SUP-051,Relay Valve,Corrosion,12391,3596,13,190,7,0,0,0.0016619691
CLM04801,1283,SUP-085,U-Joint,Leak,23976,24905,11,140,9,0,0,0.0015979522
CLM04802,1516,SUP-088,U-Joint,Sensor Failure,21709,25074,16,347,3,0,0,0.029637303
CLM04803,1656,SUP-025,U-Joint,Wear,34832,1585,14,156,4,0,0,0.03565198
CLM04804,1612,SUP-047,Relay Valve,Misalignment,38656,4229,10,58,1,0,0,0.034011614
CLM04805,1163,SUP-055,V-Belt,Misalignment,48777,21212,2,184,7,0,0,0.031072455
CLM04806,1885,SUP-064,Wheel Bearing,Breakage,12655,1987,8,254,1,0,0,0.0014776884
CLM04807,1658,SUP-083,Relay Valve,Wear,14111,9040,8,146,3,0,0,0.001506495
CLM04808,1063,SUP-093,Wheel Bearing,Sensor Failure,27269,7953,14,185,9,0,0,0.0015588076
CLM04809,1090,SUP-010,Brake Chamber,Sensor Failure,19778,25489,14,178,5,0,0,0.0016374614
CLM04810,1116,SUP-056,Fuel/Water Separator,Breakage,44017,16455,18,127,2,1,1,99.88653
CLM04811,1865,SUP-012,Fuel/Water Separator,Sensor Failure,25662,27529,15,45,9,0,0,0.0016621941
CLM04812,1266,SUP-033,Fuel/Water Separator,Wear,28168,12144,16,190,6,0,0,0.025781905
CLM04813,1821,SUP-071,Air Filter,Misalignment,47418,7837,14,362,9,0,0,0.031752452
CLM04814,1684,SUP-017,Relay Valve,Leak,40626,14101,10,193,4,0,0,0.03370574
CLM04815,1558,SUP-061,V-Belt,Misalignment,1003,7602,2,55,6,0,0,0.0016064813
CLM04816,1139,SUP-010,Brake Chamber,Misalignment,39708,27639,5,294,7,0,0,0.035741862
CLM04817,1245,SUP-031,U-Joint,Wear,41816,1509,3,260,6,0,0,0.033859104
CLM04818,1660,SUP-060,Relay Valve,Sensor Failure,44908,21266,7,15,4,0,0,0.034152564
CLM04819,1757,SUP-070,Wheel Bearing,Breakage,45817,23589,12,149,8,0,0,0.03681275
CLM04820,1394,SUP-017,U-Joint,Breakage,48376,9473,10,149,6,0,0,0.03396748
CLM04821,1486,SUP-050,Air Filter,Corrosion,43434,3579,11,251,2,0,0,0.033344056
CLM04822,1475,SUP-037,Fuel/Water Separator,Breakage,10322,21336,17,254,6,0,0,0.07285529
CLM04823,1516,SUP-082,Wheel Bearing,Breakage,26977,27704,4,214,1,0,0,0.0015693964
CLM04824,1976,SUP-062,Radiator Hose,Sensor Failure,14223,12667,6,108,9,0,0,0.0015084043
CLM04825,1183,SUP-090,Wheel Speed Sensor,Leak,15166,2686,7,35,7,0,0,0.0015595598
CLM04826,1019,SUP-080,Wheel Bearing,Leak,19134,22514,5,260,8,0,0,0.0015272386
CLM04827,1936,SUP-072,Wheel Bearing,Sensor Failure,33769,12011,6,227,4,0,0,0.03249723
CLM04828,1557,SUP-088,Relay Valve,Breakage,10336,14352,17,220,8,0,0,0.07138062
CLM04829,1523,SUP-077,U-Joint,Wear,27214,9898,14,140,1,0,0,0.0014886686
CLM04830,1581,SUP-029,Radiator Hose,Misalignment,42108,28872,11,54,4,0,0,0.036990296
CLM04831,1528,SUP-032,Fuel/Water Separator,Misalignment,32667,5018,5,286,6,0,0,0.030818524
CLM04832,1882,SUP-088,Relay Valve,Leak,21631,13184,2,265,7,0,0,0.001549671
CLM04833,1146,SUP-080,Brake Chamber,Sensor Failure,25116,17188,14,275,3,0,0,0.0015529022
CLM04834,1665,SUP-011,U-Joint,Wear,33421,22022,16,336,2,1,1,99.68856
CLM04835,1303,SUP-096,V-Belt,Breakage,23419,3954,2,110,9,0,0,0.0015249028
CLM04836,1619,SUP-006,Fuel/Water Separator,Sensor Failure,44313,6582,17,45,1,1,1,99.88585
CLM04837,1747,SUP-035,Relay Valve,Leak,3043,27349,16,279,1,0,0,0.03055449
CLM04838,1819,SUP-033,Fuel/Water Separator,Wear,2702,5849,9,332,2,0,0,0.0014698738
CLM04839,1863,SUP-018,U-Joint,Wear,39715,1350,9,261,5,0,0,0.03326566
CLM04840,1581,SUP-037,Brake Chamber,Leak,44889,22611,5,212,1,0,0,0.03509784
CLM04841,1694,SUP-013,Brake Chamber,Wear,13762,25570,4,195,6,0,0,0.0016353359
CLM04842,1761,SUP-074,Fuel/Water Separator,Misalignment,35155,20439,7,119,8,0,0,0.036462363
CLM04843,1227,SUP-090,Brake Chamber,Leak,14382,19558,5,194,2,0,0,0.0014815801
CLM04844,1101,SUP-081,Relay Valve,Misalignment,27239,20314,3,43,5,0,0,0.0016401885
CLM04845,1586,SUP-064,Fuel/Water Separator,Sensor Failure,27656,16551,8,258,3,0,0,0.0015060914
CLM04846,1416,SUP-001,Relay Valve,Corrosion,30852,8040,16,176,2,1,1,98.819984
CLM04847,1957,SUP-063,Brake Chamber,Breakage,48881,20033,6,296,6,0,0,0.027408648
CLM04848,1215,SUP-089,Air Filter,Sensor Failure,49843,15162,9,99,1,0,0,0.025987232
CLM04849,1406,SUP-034,Wheel Speed Sensor,Misalignment,33130,3847,18,196,8,1,1,99.8811
CLM04850,1398,SUP-010,V-Belt,Breakage,11188,16211,11,117,6,0,0,0.0014666353
CLM04851,1922,SUP-084,U-Joint,Breakage,29268,4449,19,164,4,0,0,0.07326049
CLM04852,1714,SUP-007,V-Belt,Misalignment,28806,17388,7,296,5,0,0,0.00152841
CLM04853,1703,SUP-056,Relay Valve,Misalignment,48898,29778,10,125,2,0,0,0.032833904
CLM04854,1760,SUP-080,Wheel Speed Sensor,Leak,47618,8265,5,357,8,0,0,0.033020906
CLM04855,1498,SUP-037,Wheel Speed Sensor,Corrosion,26826,19538,7,289,6,0,0,0.0015564383
CLM04856,1753,SUP-029,Air Filter,Misalignment,32995,3906,6,364,6,0,0,0.030352129
CLM04857,1464,SUP-012,Radiator Hose,Breakage,5462,20401,18,147,3,0,0,0.07460788
CLM04858,1690,SUP-017,Radiator Hose,Breakage,31472,11396,15,171,1,0,0,0.014660983
CLM04859,1948,SUP-048,Relay Valve,Sensor Failure,35804,12456,10,310,8,0,0,0.032624755
CLM04860,1973,SUP-084,Wheel Speed Sensor,Corrosion,23789,22296,6,201,7,0,0,0.0015790436
CLM04861,1730,SUP-026,Air Filter,Corrosion,24173,15366,1,352,1,0,0,0.0014856973
CLM04862,1081,SUP-083,V-Belt,Breakage,39887,5757,10,348,8,0,0,0.03240229
CLM04863,1603,SUP-012,Fuel/Water Separator,Corrosion,31735,2079,15,348,2,0,0,0.016678011
CLM04864,1946,SUP-021,U-Joint,Sensor Failure,9982,26837,14,351,8,0,0,0.001546149
CLM04865,1686,SUP-042,Air Filter,Leak,30898,16804,16,61,5,1,1,98.887955
CLM04866,1750,SUP-061,Fuel/Water Separator,Breakage,7863,29208,5,141,8,0,0,0.0016242415
CLM04867,1771,SUP-058,Brake Chamber,Wear,19332,17197,14,170,6,0,0,0.001559524
CLM04868,1902,SUP-054,Relay Valve,Breakage,14989,4815,16,225,2,0,0,0.027726913
CLM04869,1364,SUP-034,Air Filter,Breakage,38946,3187,14,234,7,0,0,0.033823036
CLM04870,1162,SUP-007,Wheel Speed Sensor,Leak,22488,24194,7,274,6,0,0,0.0015877504
CLM04871,1047,SUP-035,Wheel Bearing,Misalignment,21527,6023,19,221,4,0,0,0.06976071
CLM04872,1510,SUP-015,Wheel Bearing,Misalignment,13947,10410,4,231,9,0,0,0.001563806
CLM04873,1328,SUP-065,Air Filter,Wear,27011,21383,18,328,4,0,0,0.074075684
CLM04874,1839,SUP-090,Fuel/Water Separator,Wear,45209,28702,15,113,1,0,0,0.034670964
CLM04875,1115,SUP-099,Fuel/Water Separator,Wear,20232,21458,17,249,3,0,0,0.077595204
CLM04876,1940,SUP-025,Air Filter,Misalignment,33473,23749,1,48,8,0,0,0.036804892
CLM04877,1848,SUP-059,U-Joint,Leak,31985,24611,15,351,3,0,0,0.015985308
CLM04878,1336,SUP-079,Brake Chamber,Corrosion,17545,9515,16,84,7,0,0,0.028377457
CLM04879,1880,SUP-086,V-Belt,Wear,13104,4815,11,164,1,0,0,0.0015110548
CLM04880,1736,SUP-006,Air Filter,Corrosion,14347,2914,9,87,4,0,0,0.001659364
CLM04881,1863,SUP-052,U-Joint,Sensor Failure,3634,22199,17,173,4,0,0,0.072987325
CLM04882,1839,SUP-079,Wheel Bearing,Leak,6101,13771,15,145,9,0,0,0.0015611014
CLM04883,1146,SUP-088,Fuel/Water Separator,Corrosion,23150,21663,8,250,1,0,0,0.0016235601
CLM04884,1574,SUP-021,Relay Valve,Misalignment,26970,20704,18,33,9,0,0,0.076719515
CLM04885,1805,SUP-071,Fuel/Water Separator,Misalignment,18893,6306,8,321,8,0,0,0.0016285192
CLM04886,1322,SUP-093,Brake Chamber,Wear,19703,18853,3,148,6,0,0,0.0016448046
CLM04887,1442,SUP-096,U-Joint,Wear,28826,16871,19,194,4,0,0,0.071093865
CLM04888,1836,SUP-032,Wheel Bearing,Corrosion,23489,28179,14,126,6,0,0,0.0016064858
CLM04889,1012,SUP-053,Brake Chamber,Misalignment,42439,11758,2,129,6,0,0,0.03108626
CLM04890,1942,SUP-059,V-Belt,Corrosion,47012,2259,1,163,2,0,0,0.02628536
CLM04891,1493,SUP-069,Radiator Hose,Sensor Failure,46214,3625,5,129,7,0,0,0.038174346
CLM04892,1700,SUP-062,Relay Valve,Leak,37767,23450,17,171,9,1,1,99.882515
CLM04893,1286,SUP-004,V-Belt,Misalignment,43796,29128,1,325,8,0,0,0.03301027
CLM04894,1719,SUP-086,Fuel/Water Separator,Breakage,17376,24749,16,75,3,0,0,0.031781193
CLM04895,1113,SUP-018,Wheel Speed Sensor,Misalignment,20733,19165,3,256,8,0,0,0.0017043578
CLM04896,1479,SUP-099,Wheel Speed Sensor,Sensor Failure,12406,29914,10,216,4,0,0,0.0015300522
CLM04897,1021,SUP-081,Wheel Bearing,Misalignment,29167,5729,19,231,1,0,0,0.06878433
CLM04898,1348,SUP-056,Air Filter,Sensor Failure,31659,11726,11,237,3,0,0,0.01569207
CLM04899,1725,SUP-024,Fuel/Water Separator,Misalignment,37979,15714,3,96,1,0,0,0.030201249
CLM04900,1682,SUP-066,Wheel Speed Sensor,Sensor Failure,45374,18007,2,183,5,0,0,0.033643745
CLM04901,1834,SUP-013,U-Joint,Wear,45404,6331,3,121,9,0,0,0.034253355
CLM04902,1565,SUP-062,Radiator Hose,Corrosion,8951,1734,15,195,7,0,0,0.0016108366
CLM04903,1905,SUP-054,Wheel Bearing,Misalignment,20157,23760,9,250,3,0,0,0.0015655532
CLM04904,1809,SUP-015,Relay Valve,Leak,35006,8070,15,111,7,0,0,0.0363531
CLM04905,1319,SUP-069,V-Belt,Wear,28524,6456,2,72,8,0,0,0.001513153
CLM04906,1125,SUP-003,V-Belt,Sensor Failure,1740,17558,6,52,4,0,0,0.0015357961
CLM04907,1276,SUP-037,Wheel Speed Sensor,Leak,29459,22397,5,155,3,0,0,0.001581191
CLM04908,1975,SUP-037,Wheel Bearing,Wear,13324,27778,6,320,2,0,0,0.0015643995
CLM04909,1203,SUP-003,Wheel Speed Sensor,Breakage,32099,19189,5,301,8,0,0,0.018871034
CLM04910,1193,SUP-063,V-Belt,Misalignment,44803,1768,12,195,3,0,0,0.027058285
CLM04911,1680,SUP-035,Brake Chamber,Misalignment,10727,21981,4,26,7,0,0,0.0016338626
CLM04912,1663,SUP-052,Fuel/Water Separator,Sensor Failure,1368,20105,14,227,2,0,0,0.0015445529
CLM04913,1546,SUP-087,Wheel Bearing,Wear,44231,21603,14,209,5,0,0,0.035227735
CLM04914,1695,SUP-028,U-Joint,Wear,27533,4694,11,221,5,0,0,0.001591607
CLM04915,1285,SUP-094,Wheel Speed Sensor,Sensor Failure,38677,28870,1,334,9,0,0,0.03345719
CLM04916,1056,SUP-018,Wheel Speed Sensor,Breakage,31408,29154,5,286,8,0,0,0.017469518
CLM04917,1733,SUP-036,Air Filter,Misalignment,38987,10751,5,253,8,0,0,0.03358145
CLM04918,1302,SUP-033,Radiator Hose,Corrosion,43058,18133,12,102,2,0,0,0.03402251
CLM04919,1162,SUP-064,Relay Valve,Breakage,41372,4529,5,265,2,0,0,0.03247803
CLM04920,1018,SUP-026,Wheel Speed Sensor,Sensor Failure,16038,3360,13,176,7,0,0,0.0016593956
CLM04921,1369,SUP-048,U-Joint,Corrosion,43351,4013,11,352,4,0,0,0.033826616
CLM04922,1263,SUP-040,Relay Valve,Wear,39974,3719,1,184,3,0,0,0.032019965
CLM04923,1793,SUP-017,Radiator Hose,Breakage,11223,8870,12,324,3,0,0,0.0015026826
CLM04924,1112,SUP-040,Air Filter,Breakage,27254,15866,6,193,7,0,0,0.0015135845
CLM04925,1487,SUP-007,Wheel Speed Sensor,Misalignment,27722,19083,11,345,1,0,0,0.0015833577
CLM04926,1326,SUP-057,Relay Valve,Misalignment,20208,5430,12,195,4,0,0,0.0014969342
CLM04927,1541,SUP-008,Relay Valve,Corrosion,21554,5177,6,21,6,0,0,0.0015857089
CLM04928,1646,SUP-056,Relay Valve,Wear,21165,5972,5,334,9,0,0,0.0016174543
CLM04929,1578,SUP-031,V-Belt,Breakage,28940,7208,18,286,1,0,0,0.07320773
CLM04930,1064,SUP-059,Radiator Hose,Corrosion,20512,24725,16,57,1,0,0,0.03157098
CLM04931,1291,SUP-058,U-Joint,Breakage,10464,14228,13,55,2,0,0,0.0014723529
CLM04932,1024,SUP-012,Air Filter,Misalignment,2979,14416,7,2,7,0,0,0.0014323716
CLM04933,1548,SUP-048,Radiator Hose,Wear,29273,24714,14,304,7,0,0,0.0015999207
CLM04934,1000,SUP-031,Brake Chamber,Wear,7612,14381,1,22,5,0,0,0.0014453798
CLM04935,1910,SUP-083,V-Belt,Leak,27763,12983,12,141,4,0,0,0.0014869135
CLM04936,1548,SUP-063,Air Filter,Corrosion,7022,3029,3,89,6,0,0,0.0016032824
CLM04937,1140,SUP-074,Brake Chamber,Misalignment,39849,27331,18,299,8,1,1,99.8919
CLM04938,1743,SUP-039,Relay Valve,Misalignment,10768,9627,11,75,7,0,0,0.0015286739
CLM04939,1647,SUP-076,Radiator Hose,Misalignment,29055,24354,7,74,2,0,0,0.0016531376
CLM04940,1900,SUP-020,U-Joint,Sensor Failure,8832,26032,10,305,2,0,0,0.0015482707
CLM04941,1187,SUP-048,Air Filter,Breakage,18639,2973,19,236,6,0,0,0.075510874
CLM04942,1127,SUP-071,Fuel/Water Separator,Wear,1299,1585,13,165,1,0,0,0.0016024158
CLM04943,1200,SUP-054,Brake Chamber,Breakage,20426,7862,14,217,5,0,0,0.0015488246
CLM04944,1126,SUP-078,V-Belt,Breakage,48264,5162,15,364,1,0,0,0.032158922
CLM04945,1256,SUP-075,V-Belt,Sensor Failure,31654,3934,6,291,7,0,0,0.018800274
CLM04946,1675,SUP-071,V-Belt,Wear,47997,8228,7,19,3,0,0,0.029356338
CLM04947,1546,SUP-029,Wheel Bearing,Leak,18664,3165,13,284,9,0,0,0.0016162392
CLM04948,1193,SUP-074,Wheel Bearing,Misalignment,14028,11684,16,362,5,0,0,0.028204296
CLM04949,1702,SUP-093,Air Filter,Corrosion,26437,26177,15,188,1,0,0,0.0015502268
CLM04950,1103,SUP-073,Fuel/Water Separator,Breakage,5589,13674,18,138,4,0,0,0.073982425
CLM04951,1534,SUP-100,U-Joint,Sensor Failure,9133,28052,3,335,8,0,0,0.0015834257
CLM04952,1264,SUP-048,Relay Valve,Sensor Failure,40400,8975,16,352,7,1,1,99.67859
CLM04953,1801,SUP-074,Wheel Bearing,Corrosion,16459,4971,1,280,6,0,0,0.0015933096
CLM04954,1941,SUP-083,Brake Chamber,Corrosion,20168,23403,1,202,9,0,0,0.001611957
CLM04955,1973,SUP-056,Radiator Hose,Wear,8398,28866,19,158,4,0,0,0.07073342
CLM04956,1383,SUP-095,Fuel/Water Separator,Breakage,24092,11511,6,233,1,0,0,0.001440955
CLM04957,1259,SUP-017,U-Joint,Breakage,13377,17671,11,115,6,0,0,0.0015140724
CLM04958,1413,SUP-009,Brake Chamber,Corrosion,10303,13160,7,225,4,0,0,0.00152442
CLM04959,1990,SUP-097,Fuel/Water Separator,Misalignment,26632,25932,3,45,1,0,0,0.0016452988
CLM04960,1357,SUP-034,Brake Chamber,Leak,43055,10390,6,217,3,0,0,0.030441763
CLM04961,1074,SUP-045,U-Joint,Breakage,47635,23789,1,118,1,0,0,0.036160402
CLM04962,1354,SUP-088,V-Belt,Sensor Failure,36068,8488,8,316,5,0,0,0.03190548
CLM04963,1583,SUP-009,Relay Valve,Misalignment,25353,7706,14,309,8,0,0,0.0016380658
CLM04964,1770,SUP-007,Relay Valve,Corrosion,16265,27756,4,359,2,0,0,0.0015861536
CLM04965,1909,SUP-016,Wheel Speed Sensor,Breakage,37759,2633,4,281,6,0,0,0.03163178
CLM04966,1187,SUP-019,Wheel Bearing,Wear,17897,12886,16,102,6,0,0,0.02819115
CLM04967,1972,SUP-006,Air Filter,Corrosion,37999,2921,11,132,5,0,0,0.031548534
CLM04968,1684,SUP-011,Radiator Hose,Sensor Failure,44636,27881,7,348,7,0,0,0.034154907
CLM04969,1991,SUP-076,Wheel Speed Sensor,Wear,40320,14306,1,212,1,0,0,0.025333095
CLM04970,1289,SUP-061,Wheel Speed Sensor,Corrosion,9312,4431,9,202,4,0,0,0.0014969342
CLM04971,1044,SUP-042,Wheel Speed Sensor,Corrosion,43461,6525,6,287,6,0,0,0.029271852
CLM04972,1572,SUP-013,U-Joint,Breakage,20231,22211,13,147,4,0,0,0.0015764466
CLM04973,1082,SUP-012,Relay Valve,Wear,34885,9316,12,258,6,0,0,0.036296997
CLM04974,1122,SUP-085,U-Joint,Corrosion,44951,7626,19,260,2,1,1,99.86016
CLM04975,1357,SUP-074,Fuel/Water Separator,Misalignment,43583,29254,17,335,9,1,1,99.881256
CLM04976,1527,SUP-020,Relay Valve,Sensor Failure,41629,26676,1,294,4,0,0,0.03159106
CLM04977,1065,SUP-050,V-Belt,Wear,36006,25076,9,33,5,0,0,0.0354995
CLM04978,1935,SUP-036,Brake Chamber,Misalignment,40368,15272,8,18,7,0,0,0.031066323
CLM04979,1656,SUP-092,V-Belt,Breakage,15031,29857,2,360,8,0,0,0.0015587659
CLM04980,1374,SUP-088,Air Filter,Leak,3433,13037,18,160,1,0,0,0.06940299
CLM04981,1161,SUP-069,V-Belt,Corrosion,26378,5005,4,115,7,0,0,0.0015459631
CLM04982,1745,SUP-037,Relay Valve,Leak,24393,23765,1,208,9,0,0,0.0016040578
CLM04983,1379,SUP-012,V-Belt,Corrosion,8166,10101,12,161,2,0,0,0.0014690835
CLM04984,1655,SUP-099,Wheel Bearing,Misalignment,38141,12559,16,290,2,1,1,99.698456
CLM04985,1357,SUP-040,V-Belt,Breakage,41914,13895,18,307,4,1,1,99.86824
CLM04986,1187,SUP-054,Radiator Hose,Breakage,2471,29661,5,319,1,0,0,0.0015883606
CLM04987,1321,SUP-002,Air Filter,Breakage,10018,11662,16,47,9,0,0,0.028503815
CLM04988,1449,SUP-050,Brake Chamber,Breakage,30616,11279,9,52,5,0,0,0.012208399
CLM04989,1473,SUP-041,U-Joint,Wear,31771,23407,9,349,3,0,0,0.016198523
CLM04990,1012,SUP-045,Radiator Hose,Wear,18812,1298,2,52,6,0,0,0.0015233286
CLM04991,1183,SUP-009,Radiator Hose,Corrosion,16029,26018,14,171,7,0,0,0.0015348868
CLM04992,1110,SUP-062,Radiator Hose,Wear,5306,3962,11,106,4,0,0,0.0015811473
CLM04993,1926,SUP-086,U-Joint,Corrosion,14177,7995,2,98,2,0,0,0.0015046385
CLM04994,1507,SUP-047,Wheel Bearing,Wear,4781,14291,16,209,5,0,0,0.029448928
CLM04995,1289,SUP-005,Wheel Bearing,Wear,27601,18211,19,131,7,0,0,0.07531396
CLM04996,1294,SUP-076,U-Joint,Wear,19701,7949,13,222,3,0,0,0.0014578528
CLM04997,1450,SUP-001,Fuel/Water Separator,Sensor Failure,7688,25770,17,223,2,0,0,0.07289623
CLM04998,1903,SUP-044,Wheel Bearing,Breakage,18390,28492,1,315,2,0,0,0.0015643995
CLM04999,1214,SUP-022,Relay Valve,Sensor Failure,35405,12922,19,127,4,1,1,99.873535
CLM05000,1973,SUP-038,U-Joint,Wear,26420,15404,16,325,4,0,0,0.02780747
CLM05001,1631,SUP-019,Wheel Bearing,Wear,38879,15974,13,126,5,0,0,0.035153728
CLM05002,1893,SUP-080,Relay Valve,Sensor Failure,24833,685,19,130,3,0,0,0.06270007
CLM05003,1566,SUP-031,V-Belt,Misalignment,13685,25553,3,196,1,0,0,0.0015865258
CLM05004,1026,SUP-067,Wheel Bearing,Corrosion,33492,7531,3,44,4,0,0,0.031615615
CLM05005,1629,SUP-087,Air Filter,Breakage,20671,12788,1,294,1,0,0,0.0015244825
CLM05006,1732,SUP-042,V-Belt,Corrosion,36629,27973,3,188,8,0,0,0.02994076
CLM05007,1230,SUP-082,V-Belt,Misalignment,9684,28091,16,244,5,0,0,0.029921526
CLM05008,1564,SUP-026,Wheel Bearing,Breakage,28574,7184,8,91,2,0,0,0.0015361358
CLM05009,1806,SUP-013,Relay Valve,Leak,6725,28891,16,15,5,0,0,0.030915901
CLM05010,1320,SUP-058,Air Filter,Breakage,12849,10377,13,182,5,0,0,0.0015049988
CLM05011,1912,SUP-018,Relay Valve,Corrosion,31793,26067,13,319,1,0,0,0.012866731
CLM05012,1232,SUP-067,Radiator Hose,Breakage,32171,8091,11,62,5,0,0,0.021030618
CLM05013,1669,SUP-087,Relay Valve,Leak,35253,3249,4,78,8,0,0,0.035944834
CLM05014,1436,SUP-003,Relay Valve,Leak,33651,29441,4,274,2,0,0,0.03503011
CLM05015,1780,SUP-055,Fuel/Water Separator,Wear,7581,3445,15,251,8,0,0,0.0016162932
CLM05016,1532,SUP-089,Wheel Speed Sensor,Leak,6221,23446,4,71,8,0,0,0.0016394801
CLM05017,1402,SUP-091,Brake Chamber,Sensor Failure,26545,20282,8,24,1,0,0,0.0016086305
CLM05018,1052,SUP-058,Wheel Speed Sensor,Corrosion,17127,25270,2,294,4,0,0,0.001607177
CLM05019,1786,SUP-063,Air Filter,Sensor Failure,6032,8560,15,134,5,0,0,0.0015332041
CLM05020,1312,SUP-091,Air Filter,Misalignment,40194,10994,14,246,8,0,0,0.032935012
CLM05021,1280,SUP-052,U-Joint,Sensor Failure,37777,578,2,202,3,0,0,0.032157417
CLM05022,1725,SUP-089,Relay Valve,Corrosion,16095,12638,3,22,1,0,0,0.0014880839
CLM05023,1030,SUP-024,V-Belt,Misalignment,22707,18005,11,161,7,0,0,0.0015108084
CLM05024,1336,SUP-072,Wheel Speed Sensor,Sensor Failure,22827,3721,7,215,4,0,0,0.0016054704
CLM05025,1182,SUP-009,U-Joint,Sensor Failure,31620,9477,16,46,5,1,1,99.27362
CLM05026,1022,SUP-037,Radiator Hose,Misalignment,7307,19745,7,105,6,0,0,0.0015363715
CLM05027,1543,SUP-094,Brake Chamber,Sensor Failure,36896,25522,11,170,4,0,0,0.034842934
CLM05028,1445,SUP-083,Relay Valve,Leak,38069,4718,2,85,1,0,0,0.030914458
CLM05029,1073,SUP-053,U-Joint,Corrosion,7027,6229,8,312,8,0,0,0.0016100119
CLM05030,1009,SUP-080,Wheel Speed Sensor,Corrosion,49428,3223,7,77,9,0,0,0.029987667
CLM05031,1483,SUP-024,Radiator Hose,Corrosion,46013,10273,6,42,3,0,0,0.030731503
CLM05032,1455,SUP-021,Fuel/Water Separator,Sensor Failure,49148,17242,16,13,4,1,1,99.70234
CLM05033,1565,SUP-100,Brake Chamber,Leak,18330,19170,11,310,5,0,0,0.0015860222
CLM05034,1563,SUP-040,Air Filter,Corrosion,4440,2265,3,291,9,0,0,0.0016077916
CLM05035,1659,SUP-062,Fuel/Water Separator,Breakage,2545,1304,18,339,5,0,0,0.07454185
CLM05036,1159,SUP-070,Relay Valve,Corrosion,46612,14567,9,9,7,0,0,0.031117871
CLM05037,1881,SUP-069,Brake Chamber,Wear,32480,6149,17,13,3,1,1,99.788086
CLM05038,1013,SUP-014,V-Belt,Breakage,33797,19614,2,22,1,0,0,0.024673343
CLM05039,1177,SUP-042,Fuel/Water Separator,Corrosion,43431,6491,10,40,6,0,0,0.031904142
CLM05040,1411,SUP-050,V-Belt,Sensor Failure,31944,29840,10,127,1,0,0,0.016715026
CLM05041,1877,SUP-061,Wheel Bearing,Corrosion,29336,15039,17,169,6,0,0,0.07372933
CLM05042,1052,SUP-004,Fuel/Water Separator,Leak,37447,8325,8,263,8,0,0,0.033636212
CLM05043,1407,SUP-072,Radiator Hose,Leak,15764,12754,6,222,9,0,0,0.001523163
CLM05044,1846,SUP-088,Relay Valve,Corrosion,22531,642,11,223,8,0,0,0.0016170347
CLM05045,1021,SUP-075,Fuel/Water Separator,Sensor Failure,1125,27310,5,311,5,0,0,0.0015431233
CLM05046,1029,SUP-017,Fuel/Water Separator,Sensor Failure,38676,28635,10,121,7,0,0,0.032069825
CLM05047,1702,SUP-085,Wheel Bearing,Sensor Failure,29432,27245,1,222,6,0,0,0.0016166768
CLM05048,1259,SUP-057,Brake Chamber,Corrosion,7642,28497,8,79,9,0,0,0.0016443325
CLM05049,1204,SUP-090,Brake Chamber,Corrosion,42613,9815,4,99,4,0,0,0.030125327
CLM05050,1058,SUP-048,Radiator Hose,Wear,33115,783,7,235,8,0,0,0.033256717
CLM05051,1470,SUP-044,Brake Chamber,Leak,25525,23976,19,186,9,0,0,0.06972389
CLM05052,1775,SUP-045,Wheel Speed Sensor,Breakage,47416,17267,15,279,7,0,0,0.034524877
CLM05053,1465,SUP-091,Wheel Bearing,Breakage,42700,18462,2,181,7,0,0,0.03470757
CLM05054,1011,SUP-080,Wheel Speed Sensor,Leak,41721,28948,17,293,2,1,1,99.87091
CLM05055,1630,SUP-090,Wheel Speed Sensor,Misalignment,25866,19829,16,276,9,0,0,0.03053789
CLM05056,1926,SUP-033,Wheel Bearing,Wear,12183,12974,14,236,5,0,0,0.0015664732
CLM05057,1973,SUP-031,Wheel Speed Sensor,Leak,32090,15867,3,146,3,0,0,0.016835663
CLM05058,1289,SUP-047,Wheel Speed Sensor,Wear,11769,1123,19,68,4,0,0,0.070265874
CLM05059,1849,SUP-006,Wheel Speed Sensor,Misalignment,11931,1044,8,302,2,0,0,0.001585266
CLM05060,1759,SUP-072,Radiator Hose,Wear,19077,8086,17,176,3,0,0,0.072741516
CLM05061,1353,SUP-071,Air Filter,Sensor Failure,39655,17797,18,20,6,1,1,99.87625
CLM05062,1638,SUP-034,Radiator Hose,Leak,26895,27213,1,72,1,0,0,0.0016431584
CLM05063,1074,SUP-053,V-Belt,Breakage,3821,19427,7,105,2,0,0,0.0015274367
CLM05064,1872,SUP-014,Fuel/Water Separator,Corrosion,32736,28808,4,360,4,0,0,0.02901188
CLM05065,1715,SUP-016,Brake Chamber,Misalignment,15754,12687,3,7,1,0,0,0.0014934578
CLM05066,1560,SUP-043,Wheel Bearing,Misalignment,49793,18631,19,306,6,1,1,99.87045
CLM05067,1590,SUP-073,Wheel Speed Sensor,Corrosion,17218,19047,10,53,4,0,0,0.0015853462
CLM05068,1440,SUP-074,U-Joint,Leak,45189,15520,3,329,2,0,0,0.030053928
CLM05069,1990,SUP-081,Wheel Bearing,Corrosion,2395,9735,2,267,4,0,0,0.0015566103
CLM05070,1240,SUP-012,Relay Valve,Wear,4961,27255,5,204,8,0,0,0.0016134687
CLM05071,1860,SUP-070,Wheel Bearing,Corrosion,36382,10007,17,32,6,1,1,99.87645
CLM05072,1153,SUP-019,Fuel/Water Separator,Wear,48821,18261,5,191,1,0,0,0.031156968
CLM05073,1785,SUP-041,Wheel Bearing,Wear,24254,28384,14,183,5,0,0,0.001557537
CLM05074,1095,SUP-053,Wheel Bearing,Breakage,18928,6208,16,187,6,0,0,0.030192815
CLM05075,1725,SUP-029,Radiator Hose,Corrosion,38993,25298,14,319,4,0,0,0.03271798
CLM05076,1293,SUP-070,Radiator Hose,Breakage,13093,5031,19,154,4,0,0,0.07069817
CLM05077,1208,SUP-059,Air Filter,Corrosion,15702,13114,13,51,3,0,0,0.0014723529
CLM05078,1342,SUP-089,V-Belt,Wear,46457,19037,12,289,6,0,0,0.031576067
CLM05079,1087,SUP-064,Wheel Bearing,Corrosion,27356,3199,16,26,9,0,0,0.029526802
CLM05080,1817,SUP-024,Wheel Speed Sensor,Misalignment,8986,20204,17,278,7,0,0,0.075236455
CLM05081,1775,SUP-089,Wheel Bearing,Misalignment,27726,1066,6,351,9,0,0,0.0015538768
CLM05082,1936,SUP-016,Relay Valve,Breakage,48428,18926,14,334,6,0,0,0.030436743
CLM05083,1389,SUP-052,Wheel Speed Sensor,Sensor Failure,13660,25705,16,210,2,0,0,0.02982805
CLM05084,1324,SUP-080,Air Filter,Misalignment,8034,3235,3,253,6,0,0,0.0015529984
CLM05085,1939,SUP-006,Radiator Hose,Breakage,43405,22357,19,360,7,1,1,99.86853
CLM05086,1888,SUP-037,U-Joint,Sensor Failure,14580,11209,7,191,2,0,0,0.0014306678
CLM05087,1831,SUP-085,Wheel Speed Sensor,Leak,43928,17608,5,145,1,0,0,0.032187354
CLM05088,1156,SUP-004,Radiator Hose,Breakage,18480,29436,10,41,6,0,0,0.0016443325
CLM05089,1667,SUP-098,Relay Valve,Misalignment,2204,24703,9,76,8,0,0,0.0016720498
CLM05090,1650,SUP-092,Wheel Speed Sensor,Misalignment,43880,20932,3,295,6,0,0,0.031604014
CLM05091,1632,SUP-038,Wheel Speed Sensor,Corrosion,25331,23864,10,161,8,0,0,0.0015981593
CLM05092,1576,SUP-041,Wheel Speed Sensor,Sensor Failure,4583,19782,16,288,6,0,0,0.030077662
CLM05093,1618,SUP-092,V-Belt,Misalignment,17256,1964,9,149,6,0,0,0.0016344158
CLM05094,1658,SUP-081,Wheel Speed Sensor,Corrosion,45099,26383,2,192,8,0,0,0.034395173
CLM05095,1136,SUP-014,V-Belt,Sensor Failure,8539,15620,6,334,3,0,0,0.0015365138
CLM05096,1922,SUP-071,Radiator Hose,Breakage,45379,10646,5,66,3,0,0,0.026832573
CLM05097,1673,SUP-086,Air Filter,Breakage,35806,13486,3,177,6,0,0,0.03430917
CLM05098,1427,SUP-051,V-Belt,Corrosion,23310,14530,7,327,4,0,0,0.0015652396
CLM05099,1451,SUP-065,V-Belt,Breakage,9223,16518,15,31,7,0,0,0.001471505
CLM05100,1611,SUP-093,Wheel Speed Sensor,Corrosion,11160,6114,6,348,7,0,0,0.0016301787
CLM05101,1849,SUP-052,Air Filter,Wear,20358,23973,4,199,9,0,0,0.0015935648
CLM05102,1910,SUP-095,Wheel Speed Sensor,Sensor Failure,32339,653,13,74,2,0,0,0.017449908
CLM05103,1818,SUP-030,Radiator Hose,Corrosion,12522,23647,5,111,2,0,0,0.0015612413
CLM05104,1140,SUP-057,Wheel Speed Sensor,Sensor Failure,37336,6959,15,94,6,0,0,0.034707304
CLM05105,1082,SUP-079,Brake Chamber,Wear,28501,12203,7,360,9,0,0,0.0015824098
CLM05106,1176,SUP-082,Fuel/Water Separator,Sensor Failure,29014,20950,7,169,7,0,0,0.0015401624
CLM05107,1197,SUP-099,Radiator Hose,Corrosion,45082,1310,10,297,6,0,0,0.03514622
CLM05108,1623,SUP-030,Wheel Bearing,Breakage,9298,17034,13,261,5,0,0,0.0015936834
CLM05109,1567,SUP-098,Air Filter,Sensor Failure,1201,8637,11,213,8,0,0,0.0015603884
CLM05110,1971,SUP-042,Brake Chamber,Sensor Failure,8956,16265,1,262,2,0,0,0.001450612
CLM05111,1690,SUP-011,V-Belt,Misalignment,8385,27298,11,318,3,0,0,0.0015702064
CLM05112,1420,SUP-027,Brake Chamber,Misalignment,7007,9770,1,272,6,0,0,0.001576427
CLM05113,1400,SUP-024,Fuel/Water Separator,Wear,35562,1278,3,208,1,0,0,0.031115172
CLM05114,1697,SUP-099,Radiator Hose,Leak,2408,14122,8,344,8,0,0,0.001571183
CLM05115,1470,SUP-039,Air Filter,Breakage,1916,21133,13,83,9,0,0,0.0016440048
CLM05116,1217,SUP-072,Brake Chamber,Corrosion,8778,20852,7,240,2,0,0,0.0016033055
CLM05117,1924,SUP-018,Relay Valve,Wear,43644,8167,3,123,9,0,0,0.032241743
CLM05118,1928,SUP-077,V-Belt,Corrosion,48208,14807,2,165,5,0,0,0.025570247
CLM05119,1827,SUP-045,Brake Chamber,Corrosion,7346,5096,18,64,8,0,0,0.07498497
CLM05120,1986,SUP-088,Air Filter,Sensor Failure,49637,7857,5,97,1,0,0,0.021869844
CLM05121,1728,SUP-087,Relay Valve,Wear,36934,3053,18,69,1,1,1,99.87155
CLM05122,1631,SUP-012,Wheel Bearing,Wear,41112,29320,16,201,4,1,1,99.72434
CLM05123,1950,SUP-049,Radiator Hose,Misalignment,17448,20987,7,135,1,0,0,0.0015752953
CLM05124,1905,SUP-094,Radiator Hose,Breakage,37418,14471,1,298,1,0,0,0.023634754
CLM05125,1174,SUP-031,Wheel Bearing,Leak,15715,22688,9,312,5,0,0,0.0016219352
CLM05126,1022,SUP-092,Wheel Speed Sensor,Corrosion,40166,13380,15,341,2,0,0,0.02656889
CLM05127,1724,SUP-022,Relay Valve,Breakage,35783,5064,1,364,4,0,0,0.033371624
CLM05128,1916,SUP-044,V-Belt,Misalignment,26897,6964,17,341,8,0,0,0.068135194
CLM05129,1234,SUP-092,Brake Chamber,Breakage,49708,23599,9,91,6,0,0,0.029604038
CLM05130,1012,SUP-064,Fuel/Water Separator,Corrosion,37792,29622,15,289,2,0,0,0.032848217
CLM05131,1100,SUP-077,Air Filter,Sensor Failure,23698,20562,10,282,3,0,0,0.001552526
CLM05132,1928,SUP-025,Wheel Speed Sensor,Sensor Failure,42572,14635,3,273,2,0,0,0.027184343
CLM05133,1535,SUP-051,V-Belt,Corrosion,9843,12915,5,21,4,0,0,0.0014650443
CLM05134,1875,SUP-007,Fuel/Water Separator,Misalignment,46773,4205,2,2,5,0,0,0.032908965
CLM05135,1522,SUP-006,Fuel/Water Separator,Misalignment,32551,3858,6,79,9,0,0,0.025549388
CLM05136,1784,SUP-024,V-Belt,Wear,35155,9544,16,44,7,1,1,99.689445
CLM05137,1451,SUP-019,Wheel Speed Sensor,Leak,28442,4682,12,194,8,0,0,0.0015865469
CLM05138,1430,SUP-083,Air Filter,Sensor Failure,27696,20849,17,71,7,0,0,0.0776418
CLM05139,1792,SUP-100,Wheel Bearing,Leak,22563,5700,12,36,8,0,0,0.001600197
CLM05140,1605,SUP-009,U-Joint,Breakage,23982,5129,17,46,5,0,0,0.07441583
CLM05141,1712,SUP-036,U-Joint,Breakage,23863,28399,7,235,3,0,0,0.0015915433
CLM05142,1532,SUP-040,Wheel Speed Sensor,Corrosion,5763,23217,16,224,7,0,0,0.028869644
CLM05143,1851,SUP-093,Fuel/Water Separator,Corrosion,28771,29995,18,67,1,0,0,0.07453212
CLM05144,1978,SUP-024,Brake Chamber,Corrosion,33198,24649,8,259,3,0,0,0.030717734
CLM05145,1722,SUP-048,Wheel Bearing,Misalignment,21493,6103,18,119,7,0,0,0.074940674
CLM05146,1651,SUP-063,Wheel Bearing,Sensor Failure,6535,4974,2,45,4,0,0,0.0016248814
CLM05147,1292,SUP-069,Wheel Speed Sensor,Leak,33519,9147,9,25,7,0,0,0.032364745
CLM05148,1809,SUP-053,Air Filter,Breakage,13020,14690,16,165,6,0,0,0.029268922
CLM05149,1912,SUP-054,Wheel Speed Sensor,Leak,30745,7675,17,164,4,1,1,99.50078
CLM05150,1100,SUP-042,Brake Chamber,Sensor Failure,31906,13105,10,291,7,0,0,0.01594956
CLM05151,1501,SUP-045,Radiator Hose,Leak,36896,15169,1,275,8,0,0,0.035393123
CLM05152,1303,SUP-090,U-Joint,Leak,22250,729,18,45,8,0,0,0.0660007
CLM05153,1870,SUP-014,Wheel Speed Sensor,Misalignment,38853,23691,15,211,7,0,0,0.036071327
CLM05154,1539,SUP-029,Wheel Bearing,Corrosion,12297,13295,9,225,2,0,0,0.0015131299
CLM05155,1552,SUP-006,Air Filter,Misalignment,27783,29961,3,146,8,0,0,0.0015763097
CLM05156,1354,SUP-007,U-Joint,Misalignment,17257,22478,16,350,5,0,0,0.028440785
CLM05157,1302,SUP-037,Relay Valve,Leak,39766,5519,15,287,9,0,0,0.034055933
CLM05158,1495,SUP-053,V-Belt,Leak,47791,3977,2,323,6,0,0,0.03534797
CLM05159,1657,SUP-018,Wheel Bearing,Misalignment,45137,20242,10,10,4,0,0,0.035136174
CLM05160,1767,SUP-087,Relay Valve,Leak,31086,15804,4,8,9,0,0,0.014637907
CLM05161,1973,SUP-038,Air Filter,Misalignment,25063,17643,19,34,1,0,0,0.06755695
CLM05162,1226,SUP-059,Wheel Bearing,Wear,44282,10482,17,234,4,1,1,99.87615
CLM05163,1235,SUP-001,Wheel Speed Sensor,Misalignment,30984,29617,10,181,5,0,0,0.014882245
CLM05164,1872,SUP-068,Wheel Bearing,Breakage,19421,1866,6,12,4,0,0,0.0016011372
CLM05165,1891,SUP-044,Air Filter,Breakage,42922,25400,1,238,9,0,0,0.034536496
CLM05166,1454,SUP-047,Wheel Bearing,Leak,2243,17760,11,192,1,0,0,0.0015281768
CLM05167,1012,SUP-035,Brake Chamber,Misalignment,43829,666,16,352,3,1,1,99.66054
CLM05168,1209,SUP-087,Fuel/Water Separator,Misalignment,22863,20548,7,273,9,0,0,0.0015947962
CLM05169,1740,SUP-091,Relay Valve,Corrosion,33337,24347,3,332,7,0,0,0.03394391
CLM05170,1396,SUP-060,Radiator Hose,Corrosion,35421,25656,14,327,5,0,0,0.032181367
CLM05171,1099,SUP-090,Fuel/Water Separator,Corrosion,25688,7850,4,335,6,0,0,0.0015404356
CLM05172,1030,SUP-052,Air Filter,Misalignment,8974,6195,9,2,4,0,0,0.0014746729
CLM05173,1897,SUP-008,U-Joint,Misalignment,10491,26875,15,27,5,0,0,0.0016255339
CLM05174,1527,SUP-080,Brake Chamber,Breakage,3304,26185,12,153,8,0,0,0.0015941089
CLM05175,1648,SUP-041,Relay Valve,Sensor Failure,30000,12319,16,140,5,0,0,0.028960422
CLM05176,1328,SUP-003,Air Filter,Leak,24304,27929,19,193,2,0,0,0.07139587
CLM05177,1165,SUP-096,Relay Valve,Breakage,12498,24936,14,95,8,0,0,0.0015979522
CLM05178,1458,SUP-069,Wheel Bearing,Corrosion,13338,26248,4,168,3,0,0,0.0015286534
CLM05179,1821,SUP-084,Wheel Speed Sensor,Breakage,4814,9463,6,5,5,0,0,0.0015290224
CLM05180,1951,SUP-014,Fuel/Water Separator,Breakage,25796,1427,11,220,6,0,0,0.0016357757
CLM05181,1981,SUP-096,Wheel Bearing,Breakage,28219,16682,4,28,1,0,0,0.0014345164
CLM05182,1992,SUP-026,V-Belt,Corrosion,30925,11600,8,249,3,0,0,0.0113416035
CLM05183,1099,SUP-070,U-Joint,Sensor Failure,13509,13743,9,72,1,0,0,0.0015126235
CLM05184,1620,SUP-058,V-Belt,Wear,38806,9297,2,308,7,0,0,0.032613155
CLM05185,1854,SUP-100,V-Belt,Leak,49793,12598,3,134,2,0,0,0.023894439
CLM05186,1172,SUP-040,Brake Chamber,Leak,14365,20984,6,274,7,0,0,0.0015877504
CLM05187,1748,SUP-051,Radiator Hose,Breakage,31326,20978,2,293,3,0,0,0.015263424
CLM05188,1161,SUP-005,Fuel/Water Separator,Sensor Failure,37549,14918,8,192,3,0,0,0.027243292
CLM05189,1904,SUP-077,Wheel Bearing,Corrosion,35726,23867,8,355,1,0,0,0.023044871
CLM05190,1727,SUP-032,V-Belt,Wear,40109,15384,3,35,7,0,0,0.030830368
CLM05191,1775,SUP-080,V-Belt,Wear,10224,14290,17,126,8,0,0,0.072097406
CLM05192,1262,SUP-001,U-Joint,Breakage,6082,24078,11,17,4,0,0,0.0016146385
CLM05193,1803,SUP-077,Wheel Bearing,Breakage,21706,26077,3,110,9,0,0,0.0015939479
CLM05194,1273,SUP-054,Fuel/Water Separator,Corrosion,41069,20857,12,88,4,0,0,0.036163986
CLM05195,1002,SUP-011,Fuel/Water Separator,Corrosion,48043,24628,14,10,5,0,0,0.029185604
CLM05196,1027,SUP-053,Wheel Bearing,Misalignment,16375,913,1,51,6,0,0,0.0014973653
CLM05197,1325,SUP-008,Brake Chamber,Corrosion,31934,29886,12,112,9,0,0,0.016847322
CLM05198,1939,SUP-025,Wheel Bearing,Breakage,28759,22812,18,337,9,0,0,0.070614204
CLM05199,1148,SUP-040,Wheel Speed Sensor,Sensor Failure,30526,18898,4,52,8,0,0,0.013492006
CLM05200,1539,SUP-032,Air Filter,Breakage,20612,10179,3,237,2,0,0,0.0014809938
CLM05201,1487,SUP-088,Wheel Speed Sensor,Breakage,18859,25858,17,320,1,0,0,0.07467979
CLM05202,1821,SUP-028,Brake Chamber,Wear,36175,9218,13,289,2,0,0,0.027211025
CLM05203,1437,SUP-078,Brake Chamber,Corrosion,24927,500,17,97,6,0,0,0.06843207
CLM05204,1064,SUP-003,Wheel Bearing,Leak,47013,8962,17,273,7,1,1,99.884834
CLM05205,1355,SUP-100,Wheel Bearing,Corrosion,44927,3031,19,177,6,1,1,99.88484
CLM05206,1532,SUP-091,Radiator Hose,Misalignment,39183,17955,5,364,1,0,0,0.031066203
CLM05207,1251,SUP-084,U-Joint,Sensor Failure,36013,25769,8,230,1,0,0,0.031563003
CLM05208,1234,SUP-079,Wheel Speed Sensor,Sensor Failure,23073,14810,2,127,1,0,0,0.0015284655
CLM05209,1226,SUP-062,Fuel/Water Separator,Corrosion,21721,16042,9,263,1,0,0,0.001550057
CLM05210,1524,SUP-027,Radiator Hose,Corrosion,7572,19771,7,266,1,0,0,0.0015619993
CLM05211,1312,SUP-045,Relay Valve,Breakage,4950,23400,16,287,2,0,0,0.030188382
CLM05212,1048,SUP-092,Fuel/Water Separator,Leak,20042,12270,12,25,2,0,0,0.0013838019
CLM05213,1117,SUP-025,Radiator Hose,Breakage,11006,24789,5,185,4,0,0,0.0016241285
CLM05214,1053,SUP-061,V-Belt,Wear,41253,15505,6,65,3,0,0,0.027474476
CLM05215,1649,SUP-044,Radiator Hose,Wear,20667,2495,17,131,4,0,0,0.07236924
CLM05216,1564,SUP-097,Radiator Hose,Sensor Failure,18680,4077,15,311,5,0,0,0.0015801659
CLM05217,1043,SUP-046,Radiator Hose,Sensor Failure,28731,15407,10,304,4,0,0,0.001467553
CLM05218,1814,SUP-014,Wheel Bearing,Leak,35415,23093,3,321,3,0,0,0.030440427
CLM05219,1052,SUP-008,Wheel Speed Sensor,Sensor Failure,48813,2209,7,235,3,0,0,0.032250565
CLM05220,1585,SUP-048,Radiator Hose,Misalignment,10356,14822,2,113,4,0,0,0.0015374224
CLM05221,1557,SUP-014,Wheel Bearing,Wear,41860,18983,13,60,6,0,0,0.034756344
CLM05222,1524,SUP-065,U-Joint,Leak,23013,6617,14,14,7,0,0,0.0015857089
CLM05223,1676,SUP-080,Wheel Speed Sensor,Wear,4244,25545,4,87,4,0,0,0.0016566934
CLM05224,1101,SUP-082,Brake Chamber,Corrosion,24571,19174,8,337,8,0,0,0.0015808411
CLM05225,1791,SUP-007,Fuel/Water Separator,Corrosion,37793,9028,5,14,6,0,0,0.031355847
CLM05226,1769,SUP-079,Relay Valve,Leak,12892,8470,12,341,5,0,0,0.0015361313
CLM05227,1981,SUP-088,Brake Chamber,Breakage,42462,17639,12,173,8,0,0,0.030478906
CLM05228,1848,SUP-049,Air Filter,Misalignment,14877,11293,11,2,6,0,0,0.001534711
CLM05229,1867,SUP-055,U-Joint,Misalignment,23754,10411,2,244,1,0,0,0.001508971
CLM05230,1397,SUP-013,Air Filter,Sensor Failure,21588,7712,5,160,1,0,0,0.0015451644
CLM05231,1137,SUP-073,V-Belt,Leak,42770,2599,13,264,6,0,0,0.032169838
CLM05232,1674,SUP-056,V-Belt,Misalignment,24638,912,18,292,8,0,0,0.07722696
CLM05233,1920,SUP-056,Radiator Hose,Sensor Failure,1785,28688,17,218,9,0,0,0.07525847
CLM05234,1386,SUP-015,U-Joint,Wear,1227,15404,6,271,4,0,0,0.0015491568
CLM05235,1110,SUP-057,Brake Chamber,Breakage,5947,16357,19,34,7,0,0,0.071731746
CLM05236,1613,SUP-058,U-Joint,Sensor Failure,8477,16646,17,149,9,0,0,0.07115971
CLM05237,1016,SUP-035,Brake Chamber,Corrosion,18211,28356,17,9,8,0,0,0.071642555
CLM05238,1779,SUP-088,Relay Valve,Corrosion,14894,20987,18,40,8,0,0,0.07762453
CLM05239,1181,SUP-097,Air Filter,Wear,29387,3493,15,254,1,0,0,0.0015853597
CLM05240,1883,SUP-016,Brake Chamber,Leak,11217,12154,4,26,6,0,0,0.0015357651
CLM05241,1535,SUP-008,Relay Valve,Sensor Failure,48488,746,4,25,9,0,0,0.03329739
CLM05242,1540,SUP-093,U-Joint,Wear,40024,24446,5,199,8,0,0,0.034885675
CLM05243,1170,SUP-087,Relay Valve,Corrosion,12556,12470,15,91,2,0,0,0.0014674802
CLM05244,1408,SUP-045,Fuel/Water Separator,Corrosion,12568,7477,2,45,5,0,0,0.0015520568
CLM05245,1739,SUP-095,Relay Valve,Corrosion,27914,24390,11,225,4,0,0,0.001609579
CLM05246,1377,SUP-040,Relay Valve,Breakage,26704,25487,3,277,8,0,0,0.0015999207
CLM05247,1187,SUP-054,Radiator Hose,Breakage,23466,23979,11,89,9,0,0,0.0016443325
CLM05248,1857,SUP-014,V-Belt,Corrosion,9482,14156,3,296,3,0,0,0.0015218287
CLM05249,1229,SUP-059,Air Filter,Misalignment,20932,15678,11,175,9,0,0,0.0015116357
CLM05250,1832,SUP-094,Fuel/Water Separator,Leak,8688,20251,2,342,1,0,0,0.0015969253
CLM05251,1851,SUP-053,Fuel/Water Separator,Breakage,1059,29406,15,61,7,0,0,0.0016639181
CLM05252,1118,SUP-027,V-Belt,Sensor Failure,39199,3189,8,270,8,0,0,0.035741176
CLM05253,1155,SUP-047,Wheel Speed Sensor,Breakage,29777,1087,2,200,6,0,0,0.0015668167
CLM05254,1783,SUP-080,Brake Chamber,Sensor Failure,20054,1968,18,344,4,0,0,0.07144024
CLM05255,1686,SUP-006,Relay Valve,Breakage,48192,732,8,323,4,0,0,0.033266388
CLM05256,1464,SUP-055,U-Joint,Corrosion,4339,7385,12,76,7,0,0,0.0015732567
CLM05257,1103,SUP-097,Relay Valve,Sensor Failure,20173,24895,6,175,6,0,0,0.0015709193
CLM05258,1603,SUP-044,U-Joint,Leak,33582,14732,2,327,4,0,0,0.031965308
CLM05259,1697,SUP-018,Relay Valve,Breakage,37422,24024,12,274,5,0,0,0.035038598
CLM05260,1971,SUP-016,Fuel/Water Separator,Breakage,46955,2386,12,23,4,0,0,0.031614203
CLM05261,1794,SUP-012,Wheel Speed Sensor,Corrosion,28068,17193,13,26,1,0,0,0.0014951208
CLM05262,1501,SUP-020,V-Belt,Sensor Failure,39316,24964,9,230,4,0,0,0.030784199
CLM05263,1692,SUP-045,Wheel Bearing,Misalignment,22486,26019,15,194,6,0,0,0.0015823268
CLM05264,1681,SUP-064,Air Filter,Corrosion,31641,25983,11,130,2,0,0,0.017855914
CLM05265,1698,SUP-059,Air Filter,Sensor Failure,20046,3248,9,150,7,0,0,0.0017031651
CLM05266,1174,SUP-093,Brake Chamber,Breakage,17585,11217,8,115,9,0,0,0.0014909562
CLM05267,1733,SUP-094,V-Belt,Breakage,8087,2100,18,166,2,0,0,0.073580205
CLM05268,1744,SUP-090,U-Joint,Breakage,47102,10791,11,249,7,0,0,0.03315058
CLM05269,1673,SUP-022,Air Filter,Breakage,42430,17429,5,170,2,0,0,0.032868296
CLM05270,1420,SUP-097,U-Joint,Wear,41711,27424,4,156,9,0,0,0.030653842
CLM05271,1133,SUP-047,V-Belt,Breakage,37124,4323,5,63,1,0,0,0.028392207
CLM05272,1390,SUP-029,Brake Chamber,Breakage,29330,11380,7,273,4,0,0,0.0015619488
CLM05273,1991,SUP-086,Wheel Bearing,Misalignment,44316,20198,17,243,2,1,1,99.87326
CLM05274,1735,SUP-045,V-Belt,Misalignment,37741,29527,18,187,1,1,1,99.86522
CLM05275,1500,SUP-077,Radiator Hose,Sensor Failure,14020,5430,1,115,2,0,0,0.0015653279
CLM05276,1664,SUP-009,Brake Chamber,Breakage,44543,6229,16,258,6,1,1,99.71086
CLM05277,1032,SUP-024,U-Joint,Breakage,5471,24875,9,355,5,0,0,0.0015730346
CLM05278,1054,SUP-015,Wheel Speed Sensor,Sensor Failure,28122,6061,12,335,1,0,0,0.0014918181
CLM05279,1953,SUP-036,Fuel/Water Separator,Breakage,4123,13664,19,207,3,0,0,0.06892361
CLM05280,1518,SUP-013,Fuel/Water Separator,Breakage,12333,15566,11,108,6,0,0,0.0015371395
CLM05281,1755,SUP-091,Wheel Speed Sensor,Corrosion,39771,18725,6,256,5,0,0,0.033756386
CLM05282,1824,SUP-044,Wheel Bearing,Wear,4790,18520,4,109,6,0,0,0.0015602648
CLM05283,1637,SUP-071,Fuel/Water Separator,Sensor Failure,33036,13930,16,247,8,1,1,99.699066
CLM05284,1011,SUP-072,Wheel Bearing,Corrosion,40289,8076,3,226,6,0,0,0.032553576
CLM05285,1527,SUP-078,Brake Chamber,Misalignment,36878,18559,8,178,5,0,0,0.030491984
CLM05286,1719,SUP-076,Wheel Speed Sensor,Leak,25923,29908,16,143,4,0,0,0.029846737
CLM05287,1554,SUP-036,Wheel Bearing,Leak,2601,2290,2,146,5,0,0,0.0015624195
CLM05288,1372,SUP-061,Radiator Hose,Misalignment,12788,3644,13,77,9,0,0,0.0016439907
CLM05289,1483,SUP-081,Wheel Bearing,Wear,22307,12212,19,38,6,0,0,0.07081733
CLM05290,1972,SUP-040,Relay Valve,Leak,28129,7467,16,80,5,0,0,0.026738593
CLM05291,1646,SUP-093,Brake Chamber,Wear,13712,26917,19,148,8,0,0,0.075753294
CLM05292,1227,SUP-027,Radiator Hose,Leak,23303,17039,8,282,5,0,0,0.0015616346
CLM05293,1622,SUP-001,Wheel Speed Sensor,Leak,47515,23798,2,121,5,0,0,0.03533591
CLM05294,1306,SUP-034,Air Filter,Corrosion,17004,9625,1,337,8,0,0,0.0015569029
CLM05295,1456,SUP-068,U-Joint,Leak,21162,25651,17,154,9,0,0,0.070119105
CLM05296,1159,SUP-088,Fuel/Water Separator,Misalignment,42281,26409,18,274,8,1,1,99.88505
CLM05297,1330,SUP-021,Relay Valve,Wear,29237,19991,7,172,9,0,0,0.0015229655
CLM05298,1775,SUP-033,Relay Valve,Breakage,11489,4843,9,135,9,0,0,0.001580312
CLM05299,1224,SUP-007,Air Filter,Breakage,17563,10143,3,236,8,0,0,0.0015116357
CLM05300,1982,SUP-065,Fuel/Water Separator,Breakage,21349,22047,11,35,7,0,0,0.0016358865
CLM05301,1728,SUP-003,Wheel Bearing,Wear,47059,21432,16,12,7,1,1,99.72388
CLM05302,1503,SUP-051,Wheel Speed Sensor,Wear,29143,5738,9,239,1,0,0,0.0015397496
CLM05303,1455,SUP-079,U-Joint,Breakage,49805,24400,12,300,7,0,0,0.034078863
CLM05304,1044,SUP-095,Radiator Hose,Misalignment,16685,7336,14,41,6,0,0,0.0015117885
CLM05305,1213,SUP-054,Radiator Hose,Leak,27609,13696,4,54,1,0,0,0.0015027728
CLM05306,1058,SUP-080,U-Joint,Breakage,42697,1439,4,129,8,0,0,0.036217876
CLM05307,1643,SUP-074,V-Belt,Sensor Failure,37487,12151,11,281,9,0,0,0.032128092
CLM05308,1615,SUP-093,Wheel Speed Sensor,Wear,12117,9785,2,336,2,0,0,0.0015434104
CLM05309,1194,SUP-059,Fuel/Water Separator,Sensor Failure,24041,7590,18,249,4,0,0,0.07245827
CLM05310,1924,SUP-006,Wheel Speed Sensor,Sensor Failure,27009,20825,3,271,7,0,0,0.0016051044
CLM05311,1488,SUP-029,Air Filter,Wear,45602,27577,2,75,1,0,0,0.035030413
CLM05312,1156,SUP-017,Relay Valve,Breakage,20678,4862,1,357,8,0,0,0.0015264493
CLM05313,1609,SUP-060,V-Belt,Misalignment,37623,15566,5,173,9,0,0,0.0320901
CLM05314,1225,SUP-022,Fuel/Water Separator,Corrosion,14369,18345,7,45,8,0,0,0.0016379252
CLM05315,1411,SUP-024,Wheel Speed Sensor,Sensor Failure,36519,27489,4,170,2,0,0,0.0314012
CLM05316,1204,SUP-081,Brake Chamber,Breakage,29209,12465,3,20,8,0,0,0.0014997006
CLM05317,1078,SUP-085,Relay Valve,Corrosion,34492,24819,6,245,8,0,0,0.036022086
CLM05318,1123,SUP-051,Wheel Speed Sensor,Sensor Failure,43213,26286,12,207,2,0,0,0.036442447
CLM05319,1470,SUP-050,Wheel Speed Sensor,Breakage,10369,20182,16,116,9,0,0,0.030364573
CLM05320,1939,SUP-011,Fuel/Water Separator,Sensor Failure,43256,16944,8,167,1,0,0,0.02606003
CLM05321,1217,SUP-056,Relay Valve,Breakage,41817,2715,11,355,7,0,0,0.0325211
CLM05322,1515,SUP-071,Radiator Hose,Misalignment,14357,6775,13,285,2,0,0,0.0015475474
CLM05323,1601,SUP-042,Radiator Hose,Leak,26470,29326,14,276,8,0,0,0.0016139258
CLM05324,1103,SUP-039,Brake Chamber,Leak,19883,11523,18,335,8,0,0,0.067597106
CLM05325,1392,SUP-069,Wheel Bearing,Wear,2329,5317,8,96,4,0,0,0.0015449284
CLM05326,1630,SUP-048,U-Joint,Corrosion,28050,20986,1,12,8,0,0,0.0016069869
CLM05327,1644,SUP-057,Fuel/Water Separator,Sensor Failure,32407,13310,4,312,5,0,0,0.023595713
CLM05328,1823,SUP-021,Fuel/Water Separator,Sensor Failure,13538,6331,17,268,9,0,0,0.07672566
CLM05329,1607,SUP-082,Radiator Hose,Breakage,19834,17134,6,53,1,0,0,0.001537267
CLM05330,1979,SUP-099,Fuel/Water Separator,Corrosion,47821,18483,5,98,5,0,0,0.032461375
CLM05331,1433,SUP-020,Relay Valve,Sensor Failure,48303,15527,14,264,9,0,0,0.03094548
CLM05332,1330,SUP-015,Wheel Bearing,Corrosion,43129,7929,19,314,6,1,1,99.88754
CLM05333,1142,SUP-069,Brake Chamber,Corrosion,30746,19051,14,280,4,0,0,0.013788781
CLM05334,1799,SUP-077,V-Belt,Leak,40825,23075,2,61,1,0,0,0.032804996
CLM05335,1539,SUP-051,Radiator Hose,Sensor Failure,12631,11832,9,129,6,0,0,0.0015431013
CLM05336,1277,SUP-076,V-Belt,Sensor Failure,44327,9977,7,89,7,0,0,0.030945836
CLM05337,1232,SUP-062,V-Belt,Wear,5294,15577,18,78,7,0,0,0.068177804
CLM05338,1528,SUP-085,Air Filter,Corrosion,43424,10479,11,228,9,0,0,0.033004947
CLM05339,1570,SUP-037,Wheel Bearing,Breakage,47138,18352,8,70,4,0,0,0.034020923
CLM05340,1089,SUP-006,U-Joint,Leak,19114,20917,10,173,4,0,0,0.0016340466
CLM05341,1491,SUP-071,Wheel Speed Sensor,Wear,9149,18386,18,112,5,0,0,0.073146395
CLM05342,1198,SUP-026,Relay Valve,Leak,48246,26330,17,152,9,1,1,99.88153
CLM05343,1361,SUP-008,Fuel/Water Separator,Breakage,34891,29395,17,60,2,1,1,99.888435
CLM05344,1440,SUP-073,U-Joint,Wear,24577,7100,1,231,4,0,0,0.0015572874
CLM05345,1025,SUP-091,Brake Chamber,Leak,33175,5314,4,274,9,0,0,0.03029971
CLM05346,1024,SUP-004,Brake Chamber,Breakage,49134,27976,11,105,6,0,0,0.030489368
CLM05347,1393,SUP-021,Relay Valve,Misalignment,19413,12129,9,348,6,0,0,0.001576427
CLM05348,1506,SUP-031,Fuel/Water Separator,Wear,40642,5544,9,308,7,0,0,0.036801275
CLM05349,1300,SUP-021,Fuel/Water Separator,Breakage,4766,16911,3,258,5,0,0,0.0015810475
CLM05350,1338,SUP-025,Radiator Hose,Wear,42355,24782,6,357,4,0,0,0.034971718
CLM05351,1266,SUP-015,Fuel/Water Separator,Sensor Failure,40824,9592,6,233,3,0,0,0.030645015
CLM05352,1460,SUP-035,Wheel Speed Sensor,Sensor Failure,27056,9540,10,164,2,0,0,0.0014809938
CLM05353,1692,SUP-049,U-Joint,Leak,9299,600,10,304,7,0,0,0.0016400665
CLM05354,1455,SUP-043,U-Joint,Corrosion,37331,27181,17,344,5,1,1,99.878174
CLM05355,1359,SUP-041,Air Filter,Misalignment,44866,15883,15,291,1,0,0,0.03327061
CLM05356,1067,SUP-037,Relay Valve,Corrosion,8849,21394,4,198,4,0,0,0.00160657
CLM05357,1862,SUP-057,Relay Valve,Breakage,14771,24278,10,337,9,0,0,0.0015941303
CLM05358,1411,SUP-042,Wheel Speed Sensor,Wear,30604,3740,8,94,8,0,0,0.012574596
CLM05359,1970,SUP-047,Fuel/Water Separator,Sensor Failure,7035,16348,1,115,7,0,0,0.0015058299
CLM05360,1490,SUP-092,Air Filter,Corrosion,16104,12009,17,72,5,0,0,0.0573545
CLM05361,1832,SUP-061,Radiator Hose,Sensor Failure,8959,14647,12,336,1,0,0,0.0014871901
CLM05362,1048,SUP-014,Radiator Hose,Misalignment,4196,1988,12,294,5,0,0,0.0014946974
CLM05363,1686,SUP-068,U-Joint,Breakage,37899,1953,13,154,8,0,0,0.034872606
CLM05364,1563,SUP-053,Wheel Speed Sensor,Misalignment,20459,18685,14,287,4,0,0,0.0015936954
CLM05365,1101,SUP-084,V-Belt,Misalignment,1412,29592,8,254,5,0,0,0.0015459396
CLM05366,1215,SUP-034,V-Belt,Breakage,28734,8584,14,180,8,0,0,0.0014833388
CLM05367,1437,SUP-076,Fuel/Water Separator,Wear,9674,29192,7,8,5,0,0,0.0016608427
CLM05368,1699,SUP-097,U-Joint,Misalignment,12151,29807,17,189,4,0,0,0.07200886
CLM05369,1568,SUP-024,Wheel Speed Sensor,Corrosion,37615,12132,11,35,4,0,0,0.031056492
CLM05370,1558,SUP-020,V-Belt,Breakage,9794,5059,1,290,6,0,0,0.0016183059
CLM05371,1158,SUP-069,Wheel Bearing,Breakage,25358,6740,8,138,1,0,0,0.0015083596
CLM05372,1488,SUP-030,Brake Chamber,Sensor Failure,34849,8317,13,168,4,0,0,0.032616545
CLM05373,1685,SUP-088,Brake Chamber,Leak,29843,2015,17,108,1,0,0,0.07430143
CLM05374,1241,SUP-007,Wheel Bearing,Misalignment,25046,12613,12,308,6,0,0,0.0015906859
CLM05375,1793,SUP-036,Wheel Bearing,Corrosion,9216,16212,16,140,8,0,0,0.02990379
CLM05376,1752,SUP-038,Wheel Speed Sensor,Wear,9389,16464,10,361,4,0,0,0.0015290444
CLM05377,1881,SUP-080,Air Filter,Misalignment,42382,28242,16,155,8,1,1,99.70727
CLM05378,1004,SUP-052,Relay Valve,Wear,18525,25099,3,147,2,0,0,0.0015250264
CLM05379,1595,SUP-015,V-Belt,Sensor Failure,11245,25471,1,313,5,0,0,0.0015465354
CLM05380,1819,SUP-046,Wheel Speed Sensor,Misalignment,18504,1927,19,218,3,0,0,0.07179521
CLM05381,1360,SUP-023,Air Filter,Wear,13359,6585,8,54,7,0,0,0.0015857089
CLM05382,1458,SUP-012,Relay Valve,Misalignment,32648,11896,16,15,9,1,1,99.58996
CLM05383,1247,SUP-093,Wheel Speed Sensor,Breakage,5527,14889,15,223,1,0,0,0.0014760504
CLM05384,1565,SUP-044,Fuel/Water Separator,Misalignment,46435,17897,7,189,8,0,0,0.034257926
CLM05385,1672,SUP-015,Relay Valve,Corrosion,27369,7779,2,221,4,0,0,0.001591607
CLM05386,1945,SUP-093,Relay Valve,Misalignment,7693,29593,13,300,5,0,0,0.0015785045
CLM05387,1421,SUP-049,Radiator Hose,Wear,38671,4726,5,347,1,0,0,0.032188337
CLM05388,1922,SUP-021,Brake Chamber,Corrosion,33823,9111,10,358,5,0,0,0.025695892
CLM05389,1737,SUP-015,Wheel Bearing,Wear,24142,3849,8,340,9,0,0,0.001609427
CLM05390,1014,SUP-014,Fuel/Water Separator,Leak,14414,15611,13,149,8,0,0,0.0015712265
CLM05391,1735,SUP-042,V-Belt,Leak,36031,6576,19,285,8,1,1,99.879944
CLM05392,1572,SUP-080,Radiator Hose,Corrosion,29274,12657,6,107,6,0,0,0.0015367673
CLM05393,1121,SUP-015,Radiator Hose,Leak,42250,24641,18,271,9,1,1,99.89133
CLM05394,1276,SUP-063,U-Joint,Leak,16050,29946,8,342,4,0,0,0.0015419096
CLM05395,1557,SUP-068,Wheel Speed Sensor,Breakage,19378,5687,9,343,6,0,0,0.0016110962
CLM05396,1452,SUP-027,Wheel Speed Sensor,Wear,18218,14385,17,324,3,0,0,0.07147984
CLM05397,1389,SUP-087,Wheel Speed Sensor,Leak,39038,10118,4,251,2,0,0,0.030164704
CLM05398,1293,SUP-093,Relay Valve,Corrosion,15272,7518,18,344,9,0,0,0.07174894
CLM05399,1573,SUP-053,V-Belt,Breakage,15526,21154,6,64,5,0,0,0.0015828535
CLM05400,1597,SUP-052,Brake Chamber,Leak,15742,14091,11,270,2,0,0,0.0015119975
CLM05401,1445,SUP-063,Wheel Speed Sensor,Misalignment,43874,9155,10,165,5,0,0,0.0294687
CLM05402,1209,SUP-073,Radiator Hose,Corrosion,44561,889,11,54,6,0,0,0.033723515
CLM05403,1589,SUP-053,V-Belt,Wear,35269,7391,8,315,8,0,0,0.03662851
CLM05404,1713,SUP-057,Radiator Hose,Misalignment,16295,17019,3,128,5,0,0,0.0015643444
CLM05405,1301,SUP-052,Wheel Bearing,Leak,16553,2956,2,187,2,0,0,0.0015215297
CLM05406,1908,SUP-043,V-Belt,Corrosion,45281,19155,18,213,7,1,1,99.85324
CLM05407,1222,SUP-007,Relay Valve,Misalignment,22072,25676,2,311,5,0,0,0.0015807793
CLM05408,1733,SUP-042,Wheel Speed Sensor,Corrosion,5136,23997,12,180,2,0,0,0.0015502268
CLM05409,1002,SUP-004,Air Filter,Sensor Failure,15705,25694,5,295,6,0,0,0.0015636821
CLM05410,1989,SUP-069,Fuel/Water Separator,Misalignment,17403,10268,4,333,7,0,0,0.0015513864
CLM05411,1517,SUP-005,Radiator Hose,Corrosion,18416,28845,16,147,8,0,0,0.030517986
CLM05412,1092,SUP-075,U-Joint,Misalignment,42784,22980,14,184,3,0,0,0.036471575
CLM05413,1519,SUP-092,U-Joint,Sensor Failure,47715,24239,2,164,4,0,0,0.031248232
CLM05414,1427,SUP-080,Fuel/Water Separator,Wear,20658,11617,7,180,6,0,0,0.0015134603
CLM05415,1492,SUP-041,Brake Chamber,Wear,12853,6006,11,300,3,0,0,0.0015334996
CLM05416,1234,SUP-094,Brake Chamber,Breakage,29369,25084,12,302,6,0,0,0.0015877504
CLM05417,1619,SUP-004,Fuel/Water Separator,Misalignment,48121,9895,5,97,9,0,0,0.03328895
CLM05418,1160,SUP-002,Air Filter,Sensor Failure,1747,10413,16,168,5,0,0,0.028604517
CLM05419,1720,SUP-067,Relay Valve,Corrosion,44326,24495,7,336,2,0,0,0.032443866
CLM05420,1751,SUP-021,V-Belt,Breakage,49839,9285,8,181,2,0,0,0.024315448
CLM05421,1330,SUP-070,Air Filter,Misalignment,40772,12452,4,300,7,0,0,0.03309289
CLM05422,1332,SUP-043,Wheel Speed Sensor,Breakage,18351,9297,4,236,4,0,0,0.001515621
CLM05423,1049,SUP-082,Brake Chamber,Misalignment,49409,22904,6,94,9,0,0,0.029443987
CLM05424,1522,SUP-069,Radiator Hose,Wear,4547,1969,2,223,9,0,0,0.0015712085
CLM05425,1862,SUP-009,Brake Chamber,Corrosion,33711,14951,9,300,6,0,0,0.030699817
CLM05426,1667,SUP-084,U-Joint,Sensor Failure,30011,18579,8,111,5,0,0,0.0015620799
CLM05427,1491,SUP-028,Radiator Hose,Wear,20182,1806,18,263,7,0,0,0.07443052
CLM05428,1581,SUP-026,Wheel Speed Sensor,Breakage,36783,5832,12,298,5,0,0,0.03418664
CLM05429,1680,SUP-082,Wheel Bearing,Leak,3023,26763,16,62,9,0,0,0.031378813
CLM05430,1271,SUP-083,U-Joint,Breakage,9592,6297,1,229,9,0,0,0.0015250599
CLM05431,1579,SUP-003,Fuel/Water Separator,Leak,32109,15286,4,239,7,0,0,0.020100763
CLM05432,1866,SUP-073,Brake Chamber,Misalignment,21816,20867,14,258,4,0,0,0.0015655771
CLM05433,1251,SUP-100,Wheel Speed Sensor,Wear,27499,12418,18,214,1,0,0,0.06917149
CLM05434,1559,SUP-095,Wheel Speed Sensor,Misalignment,26944,9740,5,77,4,0,0,0.001512485
CLM05435,1695,SUP-049,Wheel Bearing,Sensor Failure,33262,18619,3,46,3,0,0,0.03292283
CLM05436,1831,SUP-017,U-Joint,Corrosion,44280,21212,19,244,1,1,1,99.879326
CLM05437,1698,SUP-063,Radiator Hose,Leak,37092,20243,12,38,4,0,0,0.03192051
CLM05438,1089,SUP-055,U-Joint,Corrosion,19261,9376,19,95,7,0,0,0.07336487
CLM05439,1445,SUP-023,U-Joint,Misalignment,44647,6827,11,363,2,0,0,0.031093584
CLM05440,1331,SUP-034,Brake Chamber,Wear,37443,15086,9,141,7,0,0,0.033811525
CLM05441,1138,SUP-069,Radiator Hose,Wear,24345,27414,5,60,6,0,0,0.0016773281
CLM05442,1356,SUP-015,Air Filter,Misalignment,11111,26024,10,55,9,0,0,0.0016649532
CLM05443,1600,SUP-047,Radiator Hose,Misalignment,17389,7441,9,107,2,0,0,0.0015623405
CLM05444,1273,SUP-003,Wheel Speed Sensor,Wear,39301,28506,13,287,6,0,0,0.03495232
CLM05445,1018,SUP-083,Wheel Bearing,Sensor Failure,10713,11363,8,353,6,0,0,0.0015864957
CLM05446,1982,SUP-028,U-Joint,Leak,38943,804,13,213,6,0,0,0.030054528
CLM05447,1310,SUP-003,Radiator Hose,Corrosion,37646,2897,18,86,3,1,1,99.8752
CLM05448,1869,SUP-004,Wheel Speed Sensor,Breakage,20853,27076,9,182,6,0,0,0.0015644055
CLM05449,1885,SUP-088,V-Belt,Misalignment,10013,16198,9,181,9,0,0,0.0014924441
CLM05450,1977,SUP-031,Wheel Bearing,Misalignment,4093,22951,2,165,3,0,0,0.0016037549
CLM05451,1153,SUP-045,Relay Valve,Wear,48544,3026,7,96,2,0,0,0.03283588
CLM05452,1389,SUP-059,Fuel/Water Separator,Corrosion,12304,14276,5,3,8,0,0,0.0015175345
CLM05453,1259,SUP-045,Wheel Speed Sensor,Corrosion,33521,7659,6,205,3,0,0,0.030890713
CLM05454,1619,SUP-075,U-Joint,Sensor Failure,27881,12917,13,242,5,0,0,0.0015536161
CLM05455,1882,SUP-037,Wheel Bearing,Leak,41386,686,18,298,5,1,1,99.85841
CLM05456,1796,SUP-065,Radiator Hose,Sensor Failure,31767,2064,3,183,2,0,0,0.016992683
CLM05457,1570,SUP-009,V-Belt,Sensor Failure,41745,7313,10,166,2,0,0,0.03475525
CLM05458,1124,SUP-017,Relay Valve,Corrosion,36318,2409,3,152,6,0,0,0.035243757
CLM05459,1353,SUP-065,V-Belt,Leak,34993,27358,1,342,2,0,0,0.03001221
CLM05460,1272,SUP-003,Fuel/Water Separator,Leak,17011,8969,6,266,6,0,0,0.0015450848
CLM05461,1618,SUP-026,Wheel Bearing,Leak,28132,18366,16,140,7,0,0,0.030443445
CLM05462,1810,SUP-053,Air Filter,Wear,42613,24788,17,244,4,1,1,99.88645
CLM05463,1244,SUP-031,Brake Chamber,Leak,41221,21766,16,303,4,1,1,99.71118
CLM05464,1847,SUP-026,Wheel Bearing,Corrosion,10531,23862,10,238,3,0,0,0.0015487447
CLM05465,1449,SUP-023,Relay Valve,Wear,5556,14043,7,211,1,0,0,0.0014809938
CLM05466,1929,SUP-030,Air Filter,Breakage,3717,10569,8,339,4,0,0,0.0015361313
CLM05467,1246,SUP-010,Air Filter,Misalignment,37160,15109,3,117,3,0,0,0.031478323
CLM05468,1519,SUP-072,Fuel/Water Separator,Sensor Failure,25538,13152,5,10,8,0,0,0.0015278884
CLM05469,1140,SUP-089,Brake Chamber,Leak,47254,14289,19,71,5,1,1,99.873505
CLM05470,1361,SUP-064,Air Filter,Breakage,43022,16820,7,119,7,0,0,0.033776894
CLM05471,1007,SUP-022,Wheel Speed Sensor,Leak,39890,13255,18,119,3,1,1,99.8674
CLM05472,1477,SUP-015,Air Filter,Sensor Failure,44492,10340,18,127,3,1,1,99.87219
CLM05473,1351,SUP-056,Air Filter,Corrosion,10800,2424,6,260,6,0,0,0.0015883561
CLM05474,1995,SUP-074,Radiator Hose,Corrosion,40407,3198,5,228,4,0,0,0.03205986
CLM05475,1494,SUP-020,Fuel/Water Separator,Sensor Failure,24402,12491,6,86,8,0,0,0.0014849948
CLM05476,1605,SUP-047,Air Filter,Breakage,28224,15661,6,266,3,0,0,0.0015119975
CLM05477,1832,SUP-087,Air Filter,Wear,47213,26373,11,215,5,0,0,0.033772383
CLM05478,1426,SUP-053,Brake Chamber,Misalignment,5750,26427,17,240,1,0,0,0.076071955
CLM05479,1038,SUP-053,V-Belt,Misalignment,14820,11600,9,332,1,0,0,0.0014859638
CLM05480,1592,SUP-001,Radiator Hose,Misalignment,36422,27307,16,249,8,1,1,99.72785
CLM05481,1186,SUP-002,U-Joint,Wear,36837,15753,10,57,7,0,0,0.033337507
CLM05482,1595,SUP-058,Radiator Hose,Leak,19347,14635,15,165,1,0,0,0.0014996692
CLM05483,1599,SUP-019,Brake Chamber,Sensor Failure,21978,27104,8,338,6,0,0,0.0015972862
CLM05484,1753,SUP-062,Fuel/Water Separator,Sensor Failure,14713,26293,14,196,2,0,0,0.0015672247
CLM05485,1853,SUP-078,Wheel Bearing,Wear,41431,17155,16,239,1,1,1,99.69737
CLM05486,1092,SUP-072,Brake Chamber,Breakage,32207,18207,19,279,5,1,1,99.78662
CLM05487,1085,SUP-012,Relay Valve,Misalignment,7303,8251,3,70,5,0,0,0.0015586796
CLM05488,1043,SUP-026,V-Belt,Sensor Failure,7142,2743,13,263,2,0,0,0.0015329572
CLM05489,1136,SUP-027,Relay Valve,Corrosion,43436,15617,9,19,5,0,0,0.03170723
CLM05490,1420,SUP-029,Relay Valve,Corrosion,4755,19836,12,238,7,0,0,0.0015755419
CLM05491,1073,SUP-015,Fuel/Water Separator,Sensor Failure,49197,17214,5,240,4,0,0,0.03513634
CLM05492,1547,SUP-046,U-Joint,Misalignment,1830,6371,19,342,2,0,0,0.071697466
CLM05493,1612,SUP-001,Wheel Bearing,Misalignment,47393,20441,7,335,5,0,0,0.03290796
CLM05494,1987,SUP-060,Air Filter,Misalignment,40342,11359,7,315,6,0,0,0.031147106
CLM05495,1511,SUP-092,Wheel Speed Sensor,Breakage,14693,11238,19,70,8,0,0,0.05760734
CLM05496,1155,SUP-057,Air Filter,Corrosion,7121,12163,8,198,9,0,0,0.0015116357
CLM05497,1937,SUP-003,Relay Valve,Breakage,29304,8064,6,262,8,0,0,0.0016130933
CLM05498,1254,SUP-018,Radiator Hose,Wear,49294,2327,3,332,7,0,0,0.03373583
CLM05499,1170,SUP-052,Wheel Speed Sensor,Leak,23458,10527,1,194,9,0,0,0.0015116357
CLM05500,1980,SUP-060,Fuel/Water Separator,Misalignment,35110,27204,6,132,9,0,0,0.03525794
CLM05501,1727,SUP-034,Wheel Bearing,Wear,44124,24833,19,70,6,1,1,99.89352
CLM05502,1169,SUP-096,Fuel/Water Separator,Leak,44704,13648,13,255,3,0,0,0.03355316
CLM05503,1763,SUP-093,V-Belt,Corrosion,25063,7684,17,185,8,0,0,0.07374374
CLM05504,1871,SUP-089,Relay Valve,Leak,46258,24756,18,234,3,1,1,99.87691
CLM05505,1321,SUP-060,Radiator Hose,Leak,35612,16071,6,357,1,0,0,0.027434558
CLM05506,1566,SUP-026,Fuel/Water Separator,Sensor Failure,47017,12628,11,230,4,0,0,0.0326854
CLM05507,1455,SUP-072,Wheel Speed Sensor,Leak,31545,19057,6,142,9,0,0,0.01764836
CLM05508,1943,SUP-019,Relay Valve,Sensor Failure,24227,4209,7,111,8,0,0,0.0015510224
CLM05509,1602,SUP-022,Wheel Bearing,Leak,1200,629,1,83,6,0,0,0.0015951095
CLM05510,1789,SUP-093,Radiator Hose,Sensor Failure,17899,16516,8,243,3,0,0,0.0015007292
CLM05511,1612,SUP-033,U-Joint,Corrosion,6871,22771,14,7,3,0,0,0.0016156413
CLM05512,1154,SUP-038,U-Joint,Corrosion,47285,2058,1,61,7,0,0,0.034592547
CLM05513,1888,SUP-035,Wheel Speed Sensor,Leak,22834,10953,5,364,5,0,0,0.0015290444
CLM05514,1348,SUP-067,V-Belt,Breakage,32325,20084,5,328,3,0,0,0.018361274
CLM05515,1450,SUP-083,U-Joint,Corrosion,22223,14335,14,213,1,0,0,0.0014809938
CLM05516,1875,SUP-010,Relay Valve,Wear,30546,4224,7,183,9,0,0,0.013817779
CLM05517,1652,SUP-091,Wheel Bearing,Wear,23874,20417,17,355,5,0,0,0.07285553
CLM05518,1172,SUP-015,V-Belt,Sensor Failure,27972,21949,11,239,7,0,0,0.0015462905
CLM05519,1009,SUP-011,Air Filter,Breakage,4696,26879,7,53,9,0,0,0.0015894107
CLM05520,1739,SUP-090,Wheel Bearing,Misalignment,43235,11820,1,220,4,0,0,0.03326721
CLM05521,1264,SUP-024,Relay Valve,Sensor Failure,24385,5193,15,83,5,0,0,0.0015934402
CLM05522,1437,SUP-077,Relay Valve,Leak,19013,16133,19,172,3,0,0,0.06719364
CLM05523,1759,SUP-096,V-Belt,Corrosion,21402,25690,10,28,7,0,0,0.0015470694
CLM05524,1246,SUP-004,Wheel Bearing,Breakage,38257,28486,9,302,1,0,0,0.03444906
CLM05525,1666,SUP-013,V-Belt,Sensor Failure,3016,22146,13,177,8,0,0,0.0015045209
CLM05526,1545,SUP-073,Wheel Speed Sensor,Sensor Failure,42126,13210,13,155,3,0,0,0.031860705
CLM05527,1498,SUP-057,Brake Chamber,Wear,34743,27457,6,249,4,0,0,0.033571143
CLM05528,1128,SUP-098,V-Belt,Leak,21931,18748,8,207,4,0,0,0.0015692721
CLM05529,1671,SUP-037,U-Joint,Sensor Failure,41073,16824,12,244,7,0,0,0.035116315
CLM05530,1600,SUP-048,Relay Valve,Wear,18243,27028,2,167,7,0,0,0.0015562972
CLM05531,1604,SUP-071,Air Filter,Breakage,21328,17571,16,214,4,0,0,0.029176451
CLM05532,1326,SUP-001,Wheel Bearing,Sensor Failure,1209,24184,12,84,6,0,0,0.0016443325
CLM05533,1752,SUP-060,Wheel Speed Sensor,Misalignment,46823,12619,18,27,8,1,1,99.8762
CLM05534,1834,SUP-012,Wheel Speed Sensor,Misalignment,10800,6907,3,35,4,0,0,0.0015811758
CLM05535,1979,SUP-021,Air Filter,Wear,1213,4742,18,303,1,0,0,0.065771826
CLM05536,1403,SUP-011,V-Belt,Misalignment,23281,12199,11,308,7,0,0,0.0015797485
CLM05537,1628,SUP-044,V-Belt,Leak,29007,10751,5,69,2,0,0,0.0014718558
CLM05538,1605,SUP-058,Wheel Bearing,Corrosion,39550,22843,13,194,3,0,0,0.032384902
CLM05539,1674,SUP-044,Wheel Bearing,Misalignment,41170,22907,10,297,8,0,0,0.037774216
CLM05540,1610,SUP-078,Radiator Hose,Breakage,26548,6698,15,50,2,0,0,0.00156032
CLM05541,1624,SUP-098,V-Belt,Sensor Failure,29375,16839,6,45,2,0,0,0.0014696284
CLM05542,1358,SUP-034,Wheel Bearing,Wear,1303,13933,16,276,4,0,0,0.03033049
CLM05543,1602,SUP-025,Wheel Speed Sensor,Sensor Failure,27411,27984,8,120,6,0,0,0.0015981593
CLM05544,1857,SUP-004,Brake Chamber,Corrosion,25558,28380,3,292,2,0,0,0.0015643995
CLM05545,1717,SUP-064,Relay Valve,Sensor Failure,21431,10901,5,200,9,0,0,0.0015555448
CLM05546,1016,SUP-090,V-Belt,Sensor Failure,7951,2117,15,91,2,0,0,0.0015664448
CLM05547,1273,SUP-016,Radiator Hose,Wear,12653,6580,3,326,9,0,0,0.0015486592
CLM05548,1684,SUP-010,Relay Valve,Corrosion,35935,12734,15,152,7,0,0,0.03312256
CLM05549,1115,SUP-066,U-Joint,Breakage,6959,14370,2,164,3,0,0,0.0015987203
CLM05550,1860,SUP-035,Brake Chamber,Wear,19017,2399,12,133,9,0,0,0.0016044127
CLM05551,1979,SUP-083,V-Belt,Corrosion,32953,15638,5,212,9,0,0,0.026037378
CLM05552,1692,SUP-006,Radiator Hose,Corrosion,36242,2534,9,181,6,0,0,0.037439868
CLM05553,1090,SUP-019,V-Belt,Sensor Failure,14855,12263,4,256,2,0,0,0.0015300302
CLM05554,1081,SUP-059,Radiator Hose,Leak,22424,14483,7,361,7,0,0,0.0015824098
CLM05555,1323,SUP-053,Fuel/Water Separator,Leak,36145,23206,16,98,4,1,1,99.72345
CLM05556,1960,SUP-008,Radiator Hose,Breakage,27326,8029,13,359,4,0,0,0.0015763805
CLM05557,1113,SUP-078,Wheel Bearing,Sensor Failure,28258,7875,2,124,7,0,0,0.0016829779
CLM05558,1768,SUP-010,Wheel Bearing,Leak,20795,20857,2,178,5,0,0,0.001557537
CLM05559,1057,SUP-067,Fuel/Water Separator,Wear,5275,28028,9,330,1,0,0,0.0016484604
CLM05560,1153,SUP-038,Radiator Hose,Breakage,46242,29723,15,241,3,0,0,0.034523264
CLM05561,1876,SUP-029,U-Joint,Sensor Failure,10552,17609,4,226,7,0,0,0.0015514573
CLM05562,1403,SUP-015,Relay Valve,Misalignment,8275,4003,17,163,9,0,0,0.07584673
CLM05563,1627,SUP-087,Wheel Bearing,Wear,16485,12219,9,320,9,0,0,0.0015894714
CLM05564,1854,SUP-023,Relay Valve,Leak,34540,16363,15,301,7,0,0,0.033834938
CLM05565,1265,SUP-082,Relay Valve,Leak,12969,8531,1,294,5,0,0,0.0015610078
CLM05566,1314,SUP-046,Fuel/Water Separator,Leak,47113,26253,2,357,4,0,0,0.035698578
CLM05567,1714,SUP-083,Wheel Speed Sensor,Leak,8605,29161,9,341,9,0,0,0.0016046286
CLM05568,1040,SUP-028,Wheel Speed Sensor,Corrosion,35067,12101,11,155,6,0,0,0.026271833
CLM05569,1104,SUP-026,Radiator Hose,Misalignment,16853,19224,19,248,2,0,0,0.074656665
CLM05570,1900,SUP-010,Wheel Speed Sensor,Breakage,25757,11175,1,193,3,0,0,0.0014306678
CLM05571,1889,SUP-047,V-Belt,Breakage,45865,7039,19,73,7,1,1,99.88317
CLM05572,1192,SUP-004,Radiator Hose,Leak,9337,12953,9,259,4,0,0,0.0015373726
CLM05573,1400,SUP-055,Wheel Speed Sensor,Breakage,38931,19925,2,315,7,0,0,0.0334204
CLM05574,1277,SUP-066,U-Joint,Misalignment,13134,28599,5,230,5,0,0,0.0015566921
CLM05575,1353,SUP-067,Relay Valve,Wear,2839,29955,17,100,1,0,0,0.07331256
CLM05576,1748,SUP-007,Radiator Hose,Wear,38362,23984,1,226,3,0,0,0.03436086
CLM05577,1936,SUP-055,Relay Valve,Breakage,18186,18443,14,30,9,0,0,0.0015694099
CLM05578,1732,SUP-080,Air Filter,Leak,11190,16833,12,223,4,0,0,0.0015423333
CLM05579,1579,SUP-031,Wheel Speed Sensor,Sensor Failure,18702,17284,10,222,5,0,0,0.00157507
CLM05580,1708,SUP-074,Relay Valve,Misalignment,17359,4710,19,16,2,0,0,0.07338158
CLM05581,1255,SUP-019,Wheel Speed Sensor,Leak,23502,29522,15,285,8,0,0,0.0015877504
CLM05582,1650,SUP-028,Relay Valve,Corrosion,33514,20215,1,206,1,0,0,0.028818438
CLM05583,1823,SUP-081,U-Joint,Sensor Failure,38394,27941,1,216,4,0,0,0.03359756
CLM05584,1946,SUP-028,Brake Chamber,Misalignment,12990,5471,11,100,6,0,0,0.0015954975
CLM05585,1660,SUP-019,U-Joint,Corrosion,44218,18133,11,24,8,0,0,0.033526767
CLM05586,1098,SUP-087,Wheel Bearing,Breakage,3940,25689,5,263,4,0,0,0.0016217496
CLM05587,1587,SUP-020,Wheel Speed Sensor,Corrosion,24953,16345,3,101,2,0,0,0.0014717547
CLM05588,1281,SUP-013,U-Joint,Breakage,8398,4726,11,46,4,0,0,0.0015084329
CLM05589,1882,SUP-077,V-Belt,Corrosion,39226,23291,4,240,1,0,0,0.027588498
CLM05590,1402,SUP-043,Wheel Speed Sensor,Sensor Failure,3052,22527,6,304,8,0,0,0.0015834257
CLM05591,1108,SUP-011,Fuel/Water Separator,Corrosion,45812,2454,18,102,9,1,1,99.88102
CLM05592,1699,SUP-048,Wheel Bearing,Leak,7305,23861,7,153,3,0,0,0.0015919259
CLM05593,1198,SUP-015,V-Belt,Breakage,9407,29352,4,43,8,0,0,0.0016223436
CLM05594,1302,SUP-017,Wheel Bearing,Wear,1785,9040,14,55,9,0,0,0.0015102854
CLM05595,1326,SUP-054,Radiator Hose,Corrosion,40747,11210,8,321,8,0,0,0.032737385
CLM05596,1153,SUP-050,Wheel Speed Sensor,Breakage,2635,25236,11,156,2,0,0,0.001581191
CLM05597,1551,SUP-028,V-Belt,Wear,15279,8805,14,297,2,0,0,0.0015394045
CLM05598,1644,SUP-083,Air Filter,Breakage,15272,6661,3,34,4,0,0,0.0015880425
CLM05599,1404,SUP-004,Relay Valve,Breakage,11491,24155,11,315,1,0,0,0.0015936802
CLM05600,1461,SUP-022,Fuel/Water Separator,Wear,12944,5961,4,238,3,0,0,0.0014693034
CLM05601,1131,SUP-086,Wheel Speed Sensor,Wear,4109,10177,9,180,4,0,0,0.0015290487
CLM05602,1790,SUP-039,Fuel/Water Separator,Sensor Failure,13515,2128,5,319,2,0,0,0.0015321547
CLM05603,1873,SUP-034,V-Belt,Misalignment,38772,8480,13,154,7,0,0,0.032419346
CLM05604,1083,SUP-097,Relay Valve,Corrosion,23140,4738,4,205,3,0,0,0.0015594661
CLM05605,1398,SUP-044,Wheel Bearing,Corrosion,8445,14624,7,268,7,0,0,0.0015897518
CLM05606,1753,SUP-042,Wheel Speed Sensor,Breakage,34052,12375,2,22,7,0,0,0.030440543
CLM05607,1627,SUP-040,Relay Valve,Leak,45541,23480,19,312,9,1,1,99.87935
CLM05608,1108,SUP-097,Fuel/Water Separator,Leak,43970,19382,7,6,4,0,0,0.029608948
CLM05609,1220,SUP-012,Brake Chamber,Misalignment,3413,2495,9,36,4,0,0,0.001488558
CLM05610,1903,SUP-002,V-Belt,Breakage,19027,10801,19,126,1,0,0,0.068494156
CLM05611,1552,SUP-028,V-Belt,Sensor Failure,8235,1095,2,229,6,0,0,0.0016361064
CLM05612,1367,SUP-074,Fuel/Water Separator,Wear,10319,17823,16,187,6,0,0,0.029480081
CLM05613,1146,SUP-086,Fuel/Water Separator,Breakage,29048,18183,6,59,7,0,0,0.0016360641
CLM05614,1111,SUP-081,Radiator Hose,Corrosion,31372,28826,19,68,9,1,1,99.63743
CLM05615,1614,SUP-090,Wheel Bearing,Leak,7335,22298,18,308,9,0,0,0.07434542
CLM05616,1557,SUP-067,Fuel/Water Separator,Leak,29354,26228,17,120,5,0,0,0.07587579
CLM05617,1923,SUP-071,U-Joint,Leak,28354,29535,11,333,2,0,0,0.0015643995
CLM05618,1493,SUP-072,Wheel Speed Sensor,Sensor Failure,41985,13878,4,336,1,0,0,0.031393263
CLM05619,1504,SUP-084,Air Filter,Corrosion,44005,27170,8,363,2,0,0,0.03436653
CLM05620,1474,SUP-076,Wheel Speed Sensor,Sensor Failure,49734,3516,18,346,2,1,1,99.85048
CLM05621,1835,SUP-099,Radiator Hose,Wear,37705,10089,13,353,1,0,0,0.026191672
CLM05622,1889,SUP-081,Relay Valve,Breakage,5807,3369,8,245,8,0,0,0.001641979
CLM05623,1270,SUP-092,Air Filter,Breakage,15950,13447,10,68,3,0,0,0.0014668297
CLM05624,1994,SUP-010,Relay Valve,Leak,7336,15597,18,154,8,0,0,0.06961975
CLM05625,1420,SUP-086,Fuel/Water Separator,Leak,7524,9852,18,329,6,0,0,0.073045775
CLM05626,1896,SUP-057,Radiator Hose,Wear,18409,15954,17,297,1,0,0,0.06868768
CLM05627,1706,SUP-097,U-Joint,Sensor Failure,39490,6881,16,203,7,1,1,99.699356
CLM05628,1366,SUP-086,Wheel Speed Sensor,Misalignment,42898,25871,6,133,3,0,0,0.03587315
CLM05629,1279,SUP-037,Relay Valve,Misalignment,37866,16691,14,116,9,0,0,0.0329488
CLM05630,1282,SUP-077,Brake Chamber,Misalignment,16265,4630,5,93,9,0,0,0.0015208218
CLM05631,1039,SUP-091,Wheel Speed Sensor,Corrosion,10664,24347,15,102,4,0,0,0.0015177472
CLM05632,1958,SUP-064,V-Belt,Wear,29223,3417,13,360,2,0,0,0.0015088228
CLM05633,1188,SUP-079,Wheel Bearing,Breakage,30830,27615,16,348,9,1,1,98.76072
CLM05634,1163,SUP-086,Air Filter,Breakage,14602,4853,16,275,5,0,0,0.02973798
CLM05635,1993,SUP-094,Relay Valve,Sensor Failure,11517,11126,17,118,8,0,0,0.06796107
CLM05636,1988,SUP-040,Radiator Hose,Wear,17559,4865,5,65,9,0,0,0.00156096
CLM05637,1535,SUP-098,V-Belt,Corrosion,9095,27076,11,69,1,0,0,0.0015571939
CLM05638,1535,SUP-060,Wheel Bearing,Wear,48385,15702,15,215,3,0,0,0.032345496
CLM05639,1003,SUP-098,Relay Valve,Wear,23277,20002,3,309,7,0,0,0.0015799715
CLM05640,1834,SUP-048,U-Joint,Sensor Failure,24725,23633,8,147,2,0,0,0.001549117
CLM05641,1289,SUP-099,Relay Valve,Corrosion,20894,11433,3,66,4,0,0,0.001476077
CLM05642,1952,SUP-019,Brake Chamber,Misalignment,32178,9645,4,176,4,0,0,0.019443847
CLM05643,1432,SUP-072,Brake Chamber,Breakage,41565,26801,14,66,7,0,0,0.037159987
CLM05644,1470,SUP-033,Radiator Hose,Leak,1950,26586,6,201,2,0,0,0.0015816794
CLM05645,1180,SUP-044,Brake Chamber,Misalignment,38204,10278,4,18,8,0,0,0.0323136
CLM05646,1247,SUP-092,U-Joint,Corrosion,36512,18625,12,336,8,0,0,0.028901784
CLM05647,1627,SUP-037,Radiator Hose,Breakage,49882,16675,2,295,6,0,0,0.030309215
CLM05648,1278,SUP-089,Air Filter,Misalignment,2920,2958,18,127,4,0,0,0.07116269
CLM05649,1876,SUP-036,U-Joint,Sensor Failure,10876,27968,14,201,2,0,0,0.0015487447
CLM05650,1580,SUP-081,Radiator Hose,Corrosion,22996,27050,8,51,3,0,0,0.0016381314
CLM05651,1862,SUP-088,U-Joint,Corrosion,7419,6855,8,127,3,0,0,0.0014956
CLM05652,1253,SUP-021,Brake Chamber,Breakage,10160,26468,12,151,3,0,0,0.001617016
CLM05653,1180,SUP-002,Air Filter,Breakage,32706,13732,1,161,4,0,0,0.027120864
CLM05654,1829,SUP-031,U-Joint,Wear,39940,7563,1,188,7,0,0,0.03570358
CLM05655,1680,SUP-097,Air Filter,Wear,39698,3837,4,230,9,0,0,0.030698793
CLM05656,1824,SUP-030,Wheel Bearing,Corrosion,4808,23162,17,98,4,0,0,0.06760174
CLM05657,1508,SUP-076,U-Joint,Leak,46740,6503,10,181,7,0,0,0.035433058
CLM05658,1760,SUP-044,Wheel Speed Sensor,Sensor Failure,45275,11524,1,334,6,0,0,0.033032022
CLM05659,1699,SUP-012,Brake Chamber,Breakage,48424,17673,11,205,9,0,0,0.034385372
CLM05660,1565,SUP-051,Relay Valve,Wear,38506,6958,17,304,8,1,1,99.88826
CLM05661,1325,SUP-049,Air Filter,Sensor Failure,23879,8991,10,82,2,0,0,0.0014668297
CLM05662,1356,SUP-024,Brake Chamber,Misalignment,14604,28926,6,33,3,0,0,0.0016655931
CLM05663,1824,SUP-024,V-Belt,Misalignment,21773,18205,4,238,6,0,0,0.0014833006
CLM05664,1649,SUP-060,Wheel Speed Sensor,Corrosion,14808,23306,13,81,5,0,0,0.0016373255
CLM05665,1679,SUP-011,Brake Chamber,Breakage,44465,21353,11,355,2,0,0,0.032023508
CLM05666,1390,SUP-013,Wheel Speed Sensor,Misalignment,14034,14767,5,2,2,0,0,0.0014908167
CLM05667,1614,SUP-091,Brake Chamber,Breakage,4884,8155,14,332,5,0,0,0.0016333596
CLM05668,1933,SUP-072,Wheel Speed Sensor,Wear,34500,2609,2,90,5,0,0,0.03484509
CLM05669,1084,SUP-074,Relay Valve,Misalignment,49809,23906,3,126,1,0,0,0.029633433
CLM05670,1316,SUP-072,Relay Valve,Leak,18965,13865,3,21,3,0,0,0.0014723529
CLM05671,1211,SUP-064,Wheel Bearing,Misalignment,32803,19269,11,5,9,0,0,0.031284064
CLM05672,1514,SUP-020,Relay Valve,Breakage,21063,3946,9,284,3,0,0,0.0015334996
CLM05673,1383,SUP-072,Relay Valve,Leak,21236,15712,19,343,6,0,0,0.072683096
CLM05674,1690,SUP-073,Air Filter,Sensor Failure,32262,29645,10,304,6,0,0,0.022360113
CLM05675,1341,SUP-071,Radiator Hose,Misalignment,17707,12899,6,352,2,0,0,0.0014882882
CLM05676,1814,SUP-078,U-Joint,Breakage,37467,5585,6,197,7,0,0,0.031161185
CLM05677,1963,SUP-028,Air Filter,Misalignment,6181,24320,1,254,9,0,0,0.0015924177
CLM05678,1987,SUP-002,Fuel/Water Separator,Misalignment,32562,15159,1,355,9,0,0,0.026254505
CLM05679,1843,SUP-043,U-Joint,Breakage,42321,1118,19,250,8,1,1,99.88368
CLM05680,1037,SUP-008,Fuel/Water Separator,Leak,19484,21774,3,326,5,0,0,0.00160574
CLM05681,1510,SUP-013,V-Belt,Wear,30073,9574,6,83,8,0,0,0.011984117
CLM05682,1419,SUP-085,Brake Chamber,Misalignment,13968,2203,2,236,9,0,0,0.0015912306
CLM05683,1750,SUP-092,Radiator Hose,Corrosion,43852,8253,15,168,1,0,0,0.029266855
CLM05684,1168,SUP-035,Fuel/Water Separator,Sensor Failure,14280,11487,12,6,1,0,0,0.0014442458
CLM05685,1964,SUP-023,U-Joint,Breakage,3754,19303,10,142,5,0,0,0.0015297501
CLM05686,1908,SUP-046,Air Filter,Misalignment,18856,29767,19,125,7,0,0,0.07337945
CLM05687,1342,SUP-015,Wheel Bearing,Wear,44386,12520,13,323,9,0,0,0.03435218
CLM05688,1825,SUP-002,Wheel Speed Sensor,Breakage,32365,25583,3,167,9,0,0,0.022853348
CLM05689,1305,SUP-061,Relay Valve,Misalignment,16817,23255,18,169,3,0,0,0.07139587
CLM05690,1541,SUP-076,Radiator Hose,Sensor Failure,30604,10727,5,24,1,0,0,0.011306951
CLM05691,1701,SUP-064,Radiator Hose,Corrosion,2803,1917,13,171,3,0,0,0.0015855987
CLM05692,1868,SUP-052,Relay Valve,Breakage,9272,6658,14,109,8,0,0,0.0015719563
CLM05693,1536,SUP-036,Relay Valve,Misalignment,32450,7648,15,210,7,0,0,0.024592761
CLM05694,1111,SUP-067,Relay Valve,Leak,16668,3360,18,95,5,0,0,0.074913435
CLM05695,1410,SUP-069,Wheel Bearing,Wear,40674,12271,14,202,9,0,0,0.034214776
CLM05696,1946,SUP-067,V-Belt,Corrosion,28117,2885,19,285,4,0,0,0.07392547
CLM05697,1205,SUP-047,Wheel Bearing,Breakage,22739,26362,3,2,6,0,0,0.0016217588
CLM05698,1184,SUP-083,Air Filter,Misalignment,45699,1425,1,286,5,0,0,0.031978842
CLM05699,1381,SUP-002,V-Belt,Corrosion,3988,6721,7,231,6,0,0,0.001574992
CLM05700,1495,SUP-044,Wheel Speed Sensor,Leak,8204,728,7,254,4,0,0,0.0015590633
CLM05701,1378,SUP-064,Relay Valve,Breakage,14028,18652,17,111,3,0,0,0.0760551
CLM05702,1046,SUP-081,Wheel Bearing,Corrosion,9516,15889,15,74,5,0,0,0.0014513109
CLM05703,1885,SUP-078,Brake Chamber,Breakage,32864,27497,13,76,5,0,0,0.026317308
CLM05704,1739,SUP-028,Air Filter,Breakage,36129,29988,15,212,2,0,0,0.031465657
CLM05705,1550,SUP-091,Wheel Speed Sensor,Corrosion,33515,11948,3,118,4,0,0,0.03170239
CLM05706,1527,SUP-054,Wheel Speed Sensor,Breakage,17486,23475,17,233,3,0,0,0.07354263
CLM05707,1503,SUP-074,U-Joint,Leak,15774,13656,16,187,7,0,0,0.028950792
CLM05708,1021,SUP-067,U-Joint,Corrosion,38680,5042,1,275,5,0,0,0.030529857
CLM05709,1212,SUP-036,Wheel Speed Sensor,Misalignment,1746,7075,14,310,6,0,0,0.0015940527
CLM05710,1309,SUP-063,V-Belt,Corrosion,15373,7836,3,151,7,0,0,0.0015217996
CLM05711,1660,SUP-025,Air Filter,Leak,38676,28228,4,211,2,0,0,0.03483001
CLM05712,1967,SUP-086,U-Joint,Leak,4691,5393,9,351,4,0,0,0.0015119788
CLM05713,1752,SUP-048,Radiator Hose,Leak,45445,26309,1,289,6,0,0,0.03627804
CLM05714,1271,SUP-039,Relay Valve,Misalignment,26823,7926,14,322,3,0,0,0.0014804106
CLM05715,1570,SUP-047,Air Filter,Misalignment,36832,11727,13,207,6,0,0,0.034694403
CLM05716,1798,SUP-094,Wheel Speed Sensor,Breakage,2719,3096,15,90,1,0,0,0.001551296
CLM05717,1937,SUP-021,Wheel Speed Sensor,Breakage,22535,26385,18,146,8,0,0,0.07527949
CLM05718,1201,SUP-030,Brake Chamber,Sensor Failure,28881,7721,16,65,5,0,0,0.027133178
CLM05719,1031,SUP-092,Relay Valve,Breakage,7026,25544,6,86,1,0,0,0.0015533627
CLM05720,1442,SUP-031,Radiator Hose,Leak,44496,27492,16,292,1,1,1,99.70691
CLM05721,1161,SUP-026,Fuel/Water Separator,Sensor Failure,15073,28871,11,161,3,0,0,0.0015672831
CLM05722,1766,SUP-022,U-Joint,Leak,41505,25929,7,231,6,0,0,0.036265142
CLM05723,1253,SUP-021,Brake Chamber,Wear,22836,6615,9,142,2,0,0,0.0014730255
CLM05724,1520,SUP-001,Wheel Speed Sensor,Misalignment,8184,18007,1,239,8,0,0,0.0015982767
CLM05725,1976,SUP-037,V-Belt,Corrosion,2789,2120,10,293,7,0,0,0.0016110425
CLM05726,1650,SUP-077,Brake Chamber,Wear,31353,28107,8,237,2,0,0,0.014480535
CLM05727,1479,SUP-085,Air Filter,Misalignment,27340,29896,11,133,1,0,0,0.0015788146
CLM05728,1009,SUP-046,Air Filter,Misalignment,48343,20858,5,306,7,0,0,0.032338995
CLM05729,1725,SUP-009,Wheel Bearing,Leak,28933,24827,6,189,7,0,0,0.001574708
CLM05730,1504,SUP-017,Brake Chamber,Breakage,32065,19913,12,214,3,0,0,0.018610843
CLM05731,1784,SUP-047,Air Filter,Corrosion,14686,15433,11,325,8,0,0,0.0015624672
CLM05732,1835,SUP-085,Wheel Speed Sensor,Breakage,15351,14386,7,357,8,0,0,0.0015227143
CLM05733,1559,SUP-095,Air Filter,Breakage,30258,1970,7,354,5,0,0,0.01145584
CLM05734,1435,SUP-059,Fuel/Water Separator,Corrosion,34027,16051,12,143,7,0,0,0.03416735
CLM05735,1110,SUP-054,U-Joint,Corrosion,19302,11153,12,293,3,0,0,0.0015164944
CLM05736,1152,SUP-086,Wheel Speed Sensor,Wear,22902,25168,1,283,6,0,0,0.0015877504
CLM05737,1634,SUP-012,Relay Valve,Leak,48002,18160,19,112,3,1,1,99.87298
CLM05738,1916,SUP-064,Fuel/Water Separator,Breakage,25559,28797,4,257,9,0,0,0.001588091
CLM05739,1868,SUP-006,Air Filter,Leak,49034,15800,19,200,7,1,1,99.874855
CLM05740,1101,SUP-053,Radiator Hose,Leak,27362,29732,19,225,1,0,0,0.07239467
CLM05741,1752,SUP-016,Wheel Bearing,Sensor Failure,8252,10348,11,285,8,0,0,0.0015799127
CLM05742,1832,SUP-090,Fuel/Water Separator,Wear,1099,3610,9,159,9,0,0,0.00164106
CLM05743,1190,SUP-005,Air Filter,Breakage,4905,5141,13,294,2,0,0,0.0015238037
CLM05744,1728,SUP-073,Fuel/Water Separator,Misalignment,16090,20313,19,8,1,0,0,0.07593912
CLM05745,1562,SUP-046,Fuel/Water Separator,Corrosion,36110,29949,5,95,4,0,0,0.03475664
CLM05746,1803,SUP-014,Radiator Hose,Corrosion,9091,7676,11,165,9,0,0,0.0015926806
CLM05747,1080,SUP-044,Air Filter,Leak,6024,8879,3,207,6,0,0,0.0015776317
CLM05748,1488,SUP-063,Radiator Hose,Wear,12441,13395,5,182,8,0,0,0.0015351458
CLM05749,1894,SUP-094,Brake Chamber,Wear,47523,7288,13,96,7,0,0,0.033423845
CLM05750,1087,SUP-052,U-Joint,Breakage,17711,29846,14,282,5,0,0,0.0015949346
CLM05751,1193,SUP-026,U-Joint,Breakage,43311,6782,13,113,5,0,0,0.033799283
CLM05752,1103,SUP-053,Fuel/Water Separator,Leak,28387,27421,2,267,6,0,0,0.0016065242
CLM05753,1782,SUP-029,Wheel Speed Sensor,Leak,3289,26179,2,23,6,0,0,0.0016338237
CLM05754,1095,SUP-019,Wheel Bearing,Leak,12354,14414,18,289,5,0,0,0.07542741
CLM05755,1422,SUP-047,Brake Chamber,Sensor Failure,12291,5875,6,113,8,0,0,0.0016188414
CLM05756,1890,SUP-008,Wheel Speed Sensor,Wear,32386,19110,19,317,3,1,1,99.78823
CLM05757,1197,SUP-023,V-Belt,Leak,29278,18164,10,132,9,0,0,0.0015257945
CLM05758,1000,SUP-035,Wheel Bearing,Wear,10702,21197,8,12,5,0,0,0.0014870113
CLM05759,1406,SUP-095,U-Joint,Misalignment,33987,20977,5,234,9,0,0,0.036020678
CLM05760,1377,SUP-053,U-Joint,Corrosion,30530,27390,2,239,5,0,0,0.012364181
CLM05761,1166,SUP-099,Wheel Speed Sensor,Corrosion,40175,1840,6,363,3,0,0,0.032708533
CLM05762,1508,SUP-096,Brake Chamber,Wear,44128,25666,18,103,9,1,1,99.885
CLM05763,1637,SUP-058,Wheel Bearing,Misalignment,16405,9370,8,170,2,0,0,0.0015532856
CLM05764,1312,SUP-005,Wheel Speed Sensor,Corrosion,47359,9307,2,185,5,0,0,0.027713645
CLM05765,1592,SUP-016,V-Belt,Corrosion,28762,8483,4,66,3,0,0,0.0014718558
CLM05766,1417,SUP-017,Wheel Speed Sensor,Corrosion,4239,9541,15,135,7,0,0,0.0015419244
CLM05767,1762,SUP-032,Fuel/Water Separator,Breakage,41310,2507,9,125,4,0,0,0.03533813
CLM05768,1680,SUP-096,Air Filter,Misalignment,13567,16143,6,57,8,0,0,0.0015239926
CLM05769,1476,SUP-052,Fuel/Water Separator,Breakage,21201,13514,9,302,1,0,0,0.0015680904
CLM05770,1072,SUP-020,Wheel Bearing,Wear,7857,21054,13,278,5,0,0,0.0016228094
CLM05771,1140,SUP-066,Radiator Hose,Wear,1067,27860,5,182,8,0,0,0.001674373
CLM05772,1581,SUP-084,Fuel/Water Separator,Sensor Failure,10863,9027,14,148,2,0,0,0.0014657668
CLM05773,1261,SUP-082,Air Filter,Breakage,24609,25879,14,261,6,0,0,0.0015747471
CLM05774,1339,SUP-001,Fuel/Water Separator,Wear,33270,14393,18,324,7,1,1,99.884605
CLM05775,1307,SUP-058,Wheel Speed Sensor,Breakage,3012,9054,7,14,6,0,0,0.0015102854
CLM05776,1244,SUP-093,Air Filter,Sensor Failure,27022,6833,6,114,3,0,0,0.0015479872
CLM05777,1514,SUP-093,Radiator Hose,Wear,20453,8139,12,27,6,0,0,0.0016244816
CLM05778,1336,SUP-083,Wheel Speed Sensor,Wear,25050,18905,14,260,7,0,0,0.001612535
CLM05779,1574,SUP-044,V-Belt,Wear,1290,13917,19,320,3,0,0,0.06964699
CLM05780,1560,SUP-006,V-Belt,Wear,40080,23097,16,219,2,1,1,99.70015
CLM05781,1075,SUP-050,Wheel Bearing,Leak,4679,3069,19,220,3,0,0,0.07626728
CLM05782,1879,SUP-072,Relay Valve,Misalignment,38419,24265,10,342,1,0,0,0.027090913
CLM05783,1174,SUP-088,Fuel/Water Separator,Misalignment,1352,28106,11,170,7,0,0,0.0015297239
CLM05784,1108,SUP-020,Air Filter,Breakage,19210,15352,4,80,4,0,0,0.001518286
CLM05785,1182,SUP-014,Wheel Speed Sensor,Breakage,38146,18959,2,275,3,0,0,0.03209714
CLM05786,1191,SUP-005,V-Belt,Breakage,33192,12078,9,116,6,0,0,0.024119645
CLM05787,1064,SUP-041,Radiator Hose,Sensor Failure,29412,25980,10,94,3,0,0,0.0016269096
CLM05788,1848,SUP-040,Relay Valve,Leak,37166,6554,8,69,3,0,0,0.032633375
CLM05789,1962,SUP-034,Radiator Hose,Breakage,4006,16612,4,287,9,0,0,0.0015502712
CLM05790,1473,SUP-080,Fuel/Water Separator,Breakage,2004,14927,13,171,2,0,0,0.0015224979
CLM05791,1782,SUP-045,Brake Chamber,Wear,48580,24881,6,95,5,0,0,0.034676876
CLM05792,1099,SUP-071,Relay Valve,Wear,6967,4958,6,149,2,0,0,0.0015067164
CLM05793,1543,SUP-080,U-Joint,Wear,7428,18969,2,223,6,0,0,0.0016133486
CLM05794,1863,SUP-071,Brake Chamber,Breakage,35846,19595,9,193,4,0,0,0.032563943
CLM05795,1127,SUP-027,Brake Chamber,Wear,19879,7347,6,233,7,0,0,0.0015966999
CLM05796,1451,SUP-078,Fuel/Water Separator,Breakage,3261,20588,5,205,1,0,0,0.0015831449
CLM05797,1913,SUP-078,Radiator Hose,Sensor Failure,29340,6302,2,162,8,0,0,0.0015599822
CLM05798,1368,SUP-044,V-Belt,Sensor Failure,2737,5729,14,36,2,0,0,0.0015883803
CLM05799,1850,SUP-033,Air Filter,Corrosion,33323,17027,10,230,4,0,0,0.033488017
CLM05800,1042,SUP-033,Air Filter,Leak,36864,12341,15,41,7,0,0,0.030160276
CLM05801,1883,SUP-044,Wheel Speed Sensor,Wear,8927,15669,17,162,8,0,0,0.06971166
CLM05802,1418,SUP-020,Wheel Speed Sensor,Misalignment,36212,3768,7,153,9,0,0,0.032203253
CLM05803,1487,SUP-036,Brake Chamber,Wear,17720,9761,11,321,5,0,0,0.0015619488
CLM05804,1077,SUP-007,Brake Chamber,Leak,20367,14383,13,76,9,0,0,0.001548761
CLM05805,1825,SUP-032,Fuel/Water Separator,Leak,42927,2685,17,251,9,1,1,99.88307
CLM05806,1800,SUP-067,V-Belt,Corrosion,42631,19421,5,278,3,0,0,0.029116957
CLM05807,1269,SUP-039,Air Filter,Leak,14056,15237,12,188,7,0,0,0.0015116357
CLM05808,1673,SUP-093,Air Filter,Breakage,11862,7245,4,278,8,0,0,0.0016220884
CLM05809,1700,SUP-024,U-Joint,Wear,11798,15516,1,189,1,0,0,0.0014880213
CLM05810,1758,SUP-086,Wheel Speed Sensor,Leak,41955,13719,10,126,5,0,0,0.034540284
CLM05811,1899,SUP-070,U-Joint,Breakage,36738,15460,2,240,1,0,0,0.024837049
CLM05812,1727,SUP-088,V-Belt,Leak,37037,29512,13,194,3,0,0,0.033178687
CLM05813,1314,SUP-087,V-Belt,Misalignment,17862,22581,13,200,2,0,0,0.0015189317
CLM05814,1924,SUP-054,Fuel/Water Separator,Breakage,18227,801,12,225,2,0,0,0.0014745181
CLM05815,1850,SUP-038,Relay Valve,Sensor Failure,35393,19049,1,69,4,0,0,0.033529643
CLM05816,1901,SUP-074,Brake Chamber,Breakage,19264,2260,10,192,5,0,0,0.0015872129
CLM05817,1888,SUP-080,Wheel Speed Sensor,Corrosion,25685,12938,5,10,1,0,0,0.0014345164
CLM05818,1992,SUP-075,Fuel/Water Separator,Breakage,26981,5786,10,267,6,0,0,0.0016162932
CLM05819,1944,SUP-032,Relay Valve,Leak,4480,3154,7,246,5,0,0,0.0015761534
CLM05820,1167,SUP-045,Fuel/Water Separator,Sensor Failure,42310,21751,15,261,4,0,0,0.034078117
CLM05821,1338,SUP-061,Radiator Hose,Sensor Failure,16860,26524,18,12,6,0,0,0.0759946
CLM05822,1192,SUP-070,Air Filter,Breakage,4042,5592,4,44,2,0,0,0.001532108
CLM05823,1452,SUP-088,Brake Chamber,Leak,7564,7080,1,109,8,0,0,0.0015821398
CLM05824,1282,SUP-097,Brake Chamber,Sensor Failure,21012,17515,8,349,6,0,0,0.0015008895
CLM05825,1335,SUP-053,Brake Chamber,Misalignment,44001,15933,11,90,3,0,0,0.03155449
CLM05826,1389,SUP-051,U-Joint,Breakage,25686,25437,3,285,4,0,0,0.0015928961
CLM05827,1999,SUP-076,Wheel Speed Sensor,Breakage,29880,12883,12,292,2,0,0,0.0014657235
CLM05828,1524,SUP-056,Fuel/Water Separator,Breakage,27341,29463,13,291,4,0,0,0.0016260145
CLM05829,1239,SUP-027,Fuel/Water Separator,Sensor Failure,18585,16036,18,264,9,0,0,0.07353776
CLM05830,1831,SUP-038,U-Joint,Wear,44938,2574,12,272,4,0,0,0.033357725
CLM05831,1957,SUP-062,V-Belt,Leak,47841,15656,10,299,8,0,0,0.028185882
CLM05832,1482,SUP-018,Wheel Speed Sensor,Corrosion,28048,4900,15,69,3,0,0,0.0015418567
CLM05833,1658,SUP-064,Relay Valve,Corrosion,44335,19654,3,144,5,0,0,0.033882294
CLM05834,1715,SUP-077,Relay Valve,Leak,33778,11609,15,56,2,0,0,0.029916078
CLM05835,1591,SUP-030,Brake Chamber,Wear,16611,25844,17,41,9,0,0,0.068821505
CLM05836,1890,SUP-049,Fuel/Water Separator,Leak,30527,26061,16,77,9,1,1,98.85694
CLM05837,1554,SUP-041,Wheel Bearing,Breakage,30930,15777,2,8,7,0,0,0.01503892
CLM05838,1457,SUP-013,V-Belt,Misalignment,49775,25280,1,310,2,0,0,0.026314825
CLM05839,1088,SUP-034,Brake Chamber,Leak,43549,25942,4,90,4,0,0,0.038962767
CLM05840,1659,SUP-100,Relay Valve,Leak,25704,21994,17,265,6,0,0,0.07431662
CLM05841,1094,SUP-094,Relay Valve,Misalignment,41673,27701,7,194,9,0,0,0.035417657
CLM05842,1451,SUP-025,Wheel Speed Sensor,Sensor Failure,37371,1161,5,71,6,0,0,0.035189975
CLM05843,1427,SUP-066,V-Belt,Corrosion,34057,1178,4,286,4,0,0,0.035602633
CLM05844,1150,SUP-100,V-Belt,Corrosion,39456,6863,5,337,1,0,0,0.02950359
CLM05845,1513,SUP-018,Wheel Bearing,Breakage,8393,799,8,108,7,0,0,0.0015710002
CLM05846,1375,SUP-005,Relay Valve,Misalignment,10868,17141,9,95,7,0,0,0.0015330595
CLM05847,1021,SUP-019,Air Filter,Breakage,47204,19646,6,321,6,0,0,0.031815358
CLM05848,1882,SUP-042,Wheel Speed Sensor,Sensor Failure,41373,739,4,286,3,0,0,0.027412124
CLM05849,1312,SUP-018,Fuel/Water Separator,Breakage,27420,24878,5,303,5,0,0,0.0016136455
CLM05850,1996,SUP-032,Air Filter,Misalignment,45595,20184,8,351,7,0,0,0.03181066
CLM05851,1839,SUP-021,Radiator Hose,Misalignment,20077,12237,13,344,6,0,0,0.0015613933
CLM05852,1518,SUP-010,Wheel Speed Sensor,Wear,30336,24207,4,245,7,0,0,0.013560339
CLM05853,1205,SUP-037,Fuel/Water Separator,Sensor Failure,13985,19149,7,75,5,0,0,0.0015798976
CLM05854,1951,SUP-049,V-Belt,Misalignment,13014,27588,1,362,1,0,0,0.0015407102
CLM05855,1374,SUP-086,Fuel/Water Separator,Misalignment,9374,4790,9,336,5,0,0,0.0016252672
CLM05856,1450,SUP-013,Wheel Speed Sensor,Sensor Failure,20970,6147,5,137,2,0,0,0.0015531718
CLM05857,1625,SUP-055,Relay Valve,Leak,23299,14564,10,222,2,0,0,0.0014880213
CLM05858,1783,SUP-017,Radiator Hose,Leak,26977,24815,11,204,4,0,0,0.001611565
CLM05859,1594,SUP-009,V-Belt,Wear,28331,7206,18,61,6,0,0,0.07491705
CLM05860,1178,SUP-088,Air Filter,Misalignment,6584,13143,5,353,5,0,0,0.0014986824
CLM05861,1209,SUP-044,U-Joint,Sensor Failure,13965,23567,4,262,7,0,0,0.0015713808
CLM05862,1499,SUP-078,Radiator Hose,Sensor Failure,20233,13352,19,301,8,0,0,0.072759196
CLM05863,1463,SUP-046,Wheel Bearing,Leak,21819,29479,16,65,1,0,0,0.03136852
CLM05864,1839,SUP-008,U-Joint,Corrosion,29782,7271,2,37,8,0,0,0.0016059574
CLM05865,1123,SUP-037,Air Filter,Corrosion,40172,25484,15,346,3,0,0,0.03679363
CLM05866,1992,SUP-019,Fuel/Water Separator,Misalignment,45927,24492,9,234,2,0,0,0.03384442
CLM05867,1112,SUP-063,Relay Valve,Leak,14499,1020,17,201,2,0,0,0.07287935
CLM05868,1011,SUP-092,Fuel/Water Separator,Misalignment,21311,6142,2,102,5,0,0,0.001548978
CLM05869,1125,SUP-046,Relay Valve,Breakage,23898,27608,6,110,2,0,0,0.001619243
CLM05870,1564,SUP-094,Brake Chamber,Sensor Failure,24824,14430,1,50,4,0,0,0.0014923431
CLM05871,1330,SUP-071,Brake Chamber,Misalignment,15110,4384,8,327,3,0,0,0.0015283809
CLM05872,1900,SUP-026,Wheel Bearing,Wear,48707,18760,11,287,8,0,0,0.031231852
CLM05873,1282,SUP-046,Brake Chamber,Corrosion,23976,16117,15,160,9,0,0,0.0015194953
CLM05874,1139,SUP-046,U-Joint,Misalignment,6825,3241,9,304,6,0,0,0.0016152746
CLM05875,1400,SUP-075,U-Joint,Breakage,4488,13981,2,211,4,0,0,0.0015165348
CLM05876,1901,SUP-014,Wheel Bearing,Sensor Failure,2895,4032,7,145,2,0,0,0.0014393879
CLM05877,1096,SUP-085,Wheel Bearing,Breakage,3908,1150,17,189,8,0,0,0.0615713
CLM05878,1516,SUP-063,Wheel Bearing,Misalignment,2411,11536,3,185,3,0,0,0.001526991
CLM05879,1568,SUP-072,Air Filter,Sensor Failure,6457,2658,4,313,2,0,0,0.0015751646
CLM05880,1923,SUP-003,Wheel Speed Sensor,Sensor Failure,12574,19535,3,249,4,0,0,0.001520816
CLM05881,1845,SUP-028,V-Belt,Leak,43903,10959,8,161,2,0,0,0.028768172
CLM05882,1068,SUP-029,Wheel Bearing,Leak,39216,9720,11,147,3,0,0,0.033508234
CLM05883,1117,SUP-087,V-Belt,Wear,28694,10247,16,271,9,0,0,0.03161601
CLM05884,1887,SUP-018,Air Filter,Wear,9847,14424,14,163,7,0,0,0.0015399655
CLM05885,1058,SUP-035,Wheel Speed Sensor,Breakage,23676,7962,19,177,1,0,0,0.069874085
CLM05886,1032,SUP-077,Wheel Bearing,Leak,42309,24509,2,230,5,0,0,0.03091767
CLM05887,1317,SUP-076,Wheel Bearing,Sensor Failure,15658,29840,12,164,5,0,0,0.0015349512
CLM05888,1049,SUP-047,Wheel Bearing,Leak,24392,25013,11,224,9,0,0,0.0015244404
CLM05889,1879,SUP-005,U-Joint,Sensor Failure,18527,7538,16,224,1,0,0,0.029085133
CLM05890,1488,SUP-075,Air Filter,Leak,30676,9204,11,232,1,0,0,0.011068767
CLM05891,1018,SUP-059,V-Belt,Sensor Failure,17781,18119,3,54,7,0,0,0.001499253
CLM05892,1725,SUP-075,Relay Valve,Breakage,1645,17002,10,36,7,0,0,0.0015481792
CLM05893,1196,SUP-059,Relay Valve,Leak,32940,29556,5,53,8,0,0,0.033383083
CLM05894,1890,SUP-047,Air Filter,Corrosion,13700,17143,13,188,4,0,0,0.0015446456
CLM05895,1449,SUP-095,Wheel Bearing,Corrosion,24990,6018,6,74,7,0,0,0.0015857089
CLM05896,1989,SUP-095,Relay Valve,Sensor Failure,21516,18082,3,300,6,0,0,0.0015614274
CLM05897,1558,SUP-013,V-Belt,Breakage,19618,8081,9,289,1,0,0,0.0015947004
CLM05898,1678,SUP-078,Relay Valve,Sensor Failure,11964,6777,7,311,2,0,0,0.0015323185
CLM05899,1451,SUP-089,V-Belt,Breakage,32853,10841,7,44,8,0,0,0.028486917
CLM05900,1288,SUP-033,Wheel Bearing,Wear,32190,19316,2,51,6,0,0,0.0223322
CLM05901,1140,SUP-097,Wheel Bearing,Leak,2962,15290,8,99,7,0,0,0.0015224776
CLM05902,1083,SUP-062,Brake Chamber,Breakage,40241,24113,18,342,8,1,1,99.88864
CLM05903,1693,SUP-079,U-Joint,Sensor Failure,41251,1459,1,51,5,0,0,0.037095677
CLM05904,1390,SUP-016,Wheel Speed Sensor,Wear,5415,19832,10,135,5,0,0,0.0016031312
CLM05905,1590,SUP-044,Wheel Speed Sensor,Sensor Failure,49616,17449,6,213,2,0,0,0.024789283
CLM05906,1214,SUP-058,Fuel/Water Separator,Corrosion,32545,6436,18,141,4,1,1,99.79149
CLM05907,1525,SUP-006,U-Joint,Corrosion,9705,29178,13,304,2,0,0,0.0016087119
CLM05908,1214,SUP-089,Wheel Bearing,Leak,30766,13655,1,114,7,0,0,0.014236002
CLM05909,1402,SUP-015,Wheel Speed Sensor,Misalignment,11704,23542,1,239,9,0,0,0.0016142136
CLM05910,1127,SUP-004,V-Belt,Leak,33119,19263,12,340,2,0,0,0.027934194
CLM05911,1821,SUP-056,Fuel/Water Separator,Wear,29671,12142,8,175,4,0,0,0.0014917525
CLM05912,1476,SUP-064,Relay Valve,Corrosion,22203,9136,5,47,8,0,0,0.0015218621
CLM05913,1759,SUP-068,Relay Valve,Breakage,17391,23362,3,266,9,0,0,0.0015810747
CLM05914,1403,SUP-094,Fuel/Water Separator,Corrosion,27579,20423,18,26,4,0,0,0.07782458
CLM05915,1028,SUP-034,Brake Chamber,Misalignment,13451,16796,6,50,8,0,0,0.0016007633
CLM05916,1791,SUP-091,Radiator Hose,Leak,25516,19592,4,129,7,0,0,0.0016190606
CLM05917,1337,SUP-095,V-Belt,Sensor Failure,46836,19219,15,319,5,0,0,0.029191002
CLM05918,1830,SUP-056,Wheel Speed Sensor,Wear,32077,9727,4,145,4,0,0,0.01856216
CLM05919,1713,SUP-032,Brake Chamber,Misalignment,11320,3544,6,145,6,0,0,0.0016974298
CLM05920,1360,SUP-009,V-Belt,Corrosion,46976,15963,18,167,6,1,1,99.86811
CLM05921,1568,SUP-063,Wheel Speed Sensor,Breakage,20330,24674,18,43,2,0,0,0.07676124
CLM05922,1391,SUP-072,Wheel Bearing,Misalignment,23120,1786,10,41,3,0,0,0.0015994905
CLM05923,1217,SUP-078,U-Joint,Breakage,35612,10150,13,15,6,0,0,0.029361824
CLM05924,1573,SUP-033,Wheel Bearing,Breakage,49025,10912,18,129,4,1,1,99.86838
CLM05925,1668,SUP-087,Relay Valve,Wear,32790,2130,7,58,3,0,0,0.031157147
CLM05926,1201,SUP-021,Brake Chamber,Breakage,41327,20911,8,54,4,0,0,0.035551317
CLM05927,1016,SUP-055,Fuel/Water Separator,Breakage,23070,16574,6,224,6,0,0,0.0015968081
CLM05928,1321,SUP-076,Wheel Bearing,Corrosion,20449,20000,2,203,3,0,0,0.001545723
CLM05929,1517,SUP-057,Brake Chamber,Wear,10294,6165,8,133,1,0,0,0.0015258498
CLM05930,1569,SUP-002,Air Filter,Sensor Failure,33256,15046,10,62,6,0,0,0.0332688
CLM05931,1324,SUP-013,Relay Valve,Sensor Failure,34447,28030,17,243,2,1,1,99.882774
CLM05932,1411,SUP-004,Wheel Speed Sensor,Breakage,8190,13524,12,210,9,0,0,0.0015113343
CLM05933,1317,SUP-084,Brake Chamber,Misalignment,39115,29588,11,242,6,0,0,0.034302827
CLM05934,1680,SUP-050,V-Belt,Leak,46493,17147,17,210,1,1,1,99.86526
CLM05935,1964,SUP-048,Wheel Speed Sensor,Wear,12561,23328,16,215,4,0,0,0.029879622
CLM05936,1081,SUP-078,Relay Valve,Leak,21431,6075,10,244,5,0,0,0.0016126364
CLM05937,1473,SUP-030,Wheel Bearing,Wear,30617,24277,3,71,8,0,0,0.015028628
CLM05938,1467,SUP-029,Air Filter,Wear,14571,4699,19,302,3,0,0,0.07186178
CLM05939,1424,SUP-008,Radiator Hose,Corrosion,44783,21966,4,90,9,0,0,0.03659647
CLM05940,1944,SUP-012,Wheel Speed Sensor,Breakage,32395,8912,19,156,9,1,1,99.79711
CLM05941,1730,SUP-041,Wheel Speed Sensor,Corrosion,1009,17217,9,84,5,0,0,0.0015355996
CLM05942,1688,SUP-026,Fuel/Water Separator,Misalignment,49755,29589,17,151,4,1,1,99.87021
CLM05943,1203,SUP-050,Wheel Bearing,Leak,46213,10016,4,160,7,0,0,0.034285277
CLM05944,1582,SUP-002,Wheel Speed Sensor,Leak,16203,27758,17,82,9,0,0,0.07646064
CLM05945,1386,SUP-055,Fuel/Water Separator,Sensor Failure,44791,14296,3,289,6,0,0,0.03414335
CLM05946,1777,SUP-056,Relay Valve,Misalignment,6321,26036,4,186,7,0,0,0.0015633317
CLM05947,1097,SUP-014,Wheel Speed Sensor,Misalignment,11378,10172,9,89,1,0,0,0.0015310957
CLM05948,1344,SUP-006,Air Filter,Corrosion,49847,935,6,160,4,0,0,0.027526679
CLM05949,1802,SUP-095,V-Belt,Corrosion,8506,19325,19,50,2,0,0,0.06758966
CLM05950,1207,SUP-081,Radiator Hose,Misalignment,11219,23761,7,179,1,0,0,0.0015354767
CLM05951,1513,SUP-089,Relay Valve,Corrosion,30955,542,16,220,7,1,1,98.883026
CLM05952,1635,SUP-061,Wheel Bearing,Sensor Failure,35224,15045,15,205,4,0,0,0.03447347
CLM05953,1791,SUP-096,Wheel Bearing,Corrosion,33811,17849,16,19,2,1,1,99.69219
CLM05954,1585,SUP-012,Wheel Bearing,Corrosion,41094,29182,14,3,5,0,0,0.034892894
CLM05955,1165,SUP-013,Air Filter,Misalignment,29769,715,4,116,7,0,0,0.0015543809
CLM05956,1021,SUP-019,Relay Valve,Misalignment,11086,11927,2,347,2,0,0,0.0014723921
CLM05957,1153,SUP-044,Wheel Speed Sensor,Corrosion,29357,21204,7,299,7,0,0,0.0015877504
CLM05958,1938,SUP-089,Air Filter,Corrosion,41544,3205,7,157,3,0,0,0.028849807
CLM05959,1438,SUP-095,Fuel/Water Separator,Misalignment,27862,16562,6,241,8,0,0,0.0015870297
CLM05960,1294,SUP-059,Wheel Bearing,Leak,19955,9464,9,108,7,0,0,0.0014937128
CLM05961,1218,SUP-037,Fuel/Water Separator,Breakage,48660,18706,17,300,1,1,1,99.86832
CLM05962,1668,SUP-025,Radiator Hose,Leak,9200,20995,11,52,9,0,0,0.0016357617
CLM05963,1494,SUP-016,Wheel Speed Sensor,Corrosion,6632,23320,16,353,6,0,0,0.028428692
CLM05964,1229,SUP-038,Wheel Speed Sensor,Wear,14700,28231,1,28,4,0,0,0.0016146385
CLM05965,1019,SUP-043,Brake Chamber,Wear,35630,8622,16,212,6,1,1,99.69957
CLM05966,1986,SUP-087,Air Filter,Sensor Failure,20509,28356,17,109,2,0,0,0.07123228
CLM05967,1552,SUP-014,Air Filter,Leak,5711,8749,6,310,2,0,0,0.0015253434
CLM05968,1949,SUP-006,U-Joint,Misalignment,31871,5446,11,258,8,0,0,0.018866088
CLM05969,1147,SUP-089,Radiator Hose,Sensor Failure,3457,12381,7,220,5,0,0,0.0015167792
CLM05970,1107,SUP-023,Wheel Bearing,Sensor Failure,12196,5243,16,17,7,0,0,0.029970262
CLM05971,1402,SUP-060,Brake Chamber,Wear,13839,18727,2,240,1,0,0,0.0016278623
CLM05972,1595,SUP-012,Fuel/Water Separator,Leak,40467,22334,13,212,6,0,0,0.03701192
CLM05973,1482,SUP-013,Wheel Speed Sensor,Breakage,14167,17344,13,284,7,0,0,0.001580544
CLM05974,1366,SUP-100,U-Joint,Misalignment,9459,28736,15,284,7,0,0,0.0016076614
CLM05975,1833,SUP-098,U-Joint,Leak,8157,9660,15,180,3,0,0,0.0014667443
CLM05976,1413,SUP-006,Radiator Hose,Sensor Failure,45821,14021,9,272,9,0,0,0.03419332
CLM05977,1308,SUP-063,V-Belt,Corrosion,3714,20699,18,85,9,0,0,0.07257751
CLM05978,1801,SUP-038,Wheel Speed Sensor,Sensor Failure,21930,7792,14,261,5,0,0,0.0015638791
CLM05979,1917,SUP-050,Air Filter,Leak,28217,27815,14,301,9,0,0,0.0015941303
CLM05980,1834,SUP-052,Fuel/Water Separator,Wear,41132,8129,4,210,7,0,0,0.03501022
CLM05981,1133,SUP-040,Wheel Bearing,Leak,32117,789,14,308,7,0,0,0.02042491
CLM05982,1718,SUP-008,Wheel Bearing,Breakage,16256,28361,10,62,9,0,0,0.0016510123
CLM05983,1282,SUP-061,V-Belt,Misalignment,45766,16291,11,5,2,0,0,0.029668262
CLM05984,1777,SUP-008,Radiator Hose,Misalignment,10583,9812,1,107,5,0,0,0.0015545038
CLM05985,1072,SUP-097,Wheel Bearing,Corrosion,24925,23276,14,11,8,0,0,0.0015722623
CLM05986,1480,SUP-034,Brake Chamber,Corrosion,43042,25808,8,342,8,0,0,0.035860393
CLM05987,1351,SUP-079,Wheel Bearing,Sensor Failure,25869,23552,6,215,3,0,0,0.0015693964
CLM05988,1559,SUP-100,Relay Valve,Leak,13271,20460,11,219,5,0,0,0.0015760678
CLM05989,1325,SUP-060,Brake Chamber,Misalignment,3835,24869,14,179,4,0,0,0.0015337804
CLM05990,1744,SUP-057,Fuel/Water Separator,Wear,9013,15950,7,316,4,0,0,0.0015879896
CLM05991,1442,SUP-099,Wheel Bearing,Breakage,14239,7348,7,66,2,0,0,0.0015172841
CLM05992,1099,SUP-046,Air Filter,Sensor Failure,30540,4282,19,185,6,1,1,99.49332
CLM05993,1058,SUP-022,Brake Chamber,Leak,37973,7415,10,17,1,0,0,0.02739906
CLM05994,1507,SUP-087,U-Joint,Wear,47621,13363,9,40,8,0,0,0.032029983
CLM05995,1257,SUP-040,Relay Valve,Leak,3154,5437,18,336,9,0,0,0.06996698
CLM05996,1412,SUP-045,Relay Valve,Wear,22492,11483,17,76,5,0,0,0.0697025
CLM05997,1451,SUP-055,Fuel/Water Separator,Leak,44304,10730,13,319,6,0,0,0.03371181
CLM05998,1064,SUP-051,Brake Chamber,Leak,4923,12210,4,246,1,0,0,0.0015671711
CLM05999,1594,SUP-086,Air Filter,Misalignment,32558,13997,7,51,6,0,0,0.023111874
CLM06000,1153,SUP-005,V-Belt,Sensor Failure,43814,28931,8,129,1,0,0,0.028108165
CLM06001,1984,SUP-095,Air Filter,Leak,23468,20942,16,307,5,0,0,0.029458757
CLM06002,1265,SUP-013,Wheel Bearing,Leak,41030,29511,12,260,9,0,0,0.03533412
CLM06003,1820,SUP-028,Wheel Speed Sensor,Sensor Failure,37636,12209,1,209,5,0,0,0.030427834
CLM06004,1078,SUP-084,Fuel/Water Separator,Sensor Failure,4790,19040,6,211,3,0,0,0.0016314649
CLM06005,1314,SUP-097,Wheel Speed Sensor,Corrosion,44992,19761,1,132,4,0,0,0.030992957
CLM06006,1661,SUP-080,Brake Chamber,Corrosion,26420,25018,8,84,3,0,0,0.0016381314
CLM06007,1946,SUP-062,V-Belt,Misalignment,33215,15261,12,49,4,0,0,0.027428567
CLM06008,1559,SUP-093,Relay Valve,Sensor Failure,2273,26143,16,246,6,0,0,0.030962653
CLM06009,1916,SUP-087,Relay Valve,Breakage,27680,4937,1,39,3,0,0,0.0014972198
CLM06010,1890,SUP-024,U-Joint,Misalignment,44927,11742,4,145,5,0,0,0.033778343
CLM06011,1247,SUP-098,Air Filter,Wear,13434,4420,19,143,7,0,0,0.07183669
CLM06012,1789,SUP-007,Air Filter,Sensor Failure,47096,15213,18,247,1,1,1,99.8683
CLM06013,1867,SUP-038,Air Filter,Corrosion,48471,1627,8,361,3,0,0,0.028804183
CLM06014,1609,SUP-037,Wheel Bearing,Leak,10404,23485,6,156,6,0,0,0.0015981593
CLM06015,1413,SUP-068,Fuel/Water Separator,Sensor Failure,41579,20951,13,16,2,0,0,0.032983873
CLM06016,1024,SUP-098,Wheel Speed Sensor,Sensor Failure,11487,9682,3,348,8,0,0,0.0014740247
CLM06017,1283,SUP-042,Wheel Bearing,Corrosion,11389,20370,15,281,7,0,0,0.0015877504
CLM06018,1448,SUP-086,V-Belt,Corrosion,30385,5227,6,39,2,0,0,0.013080472
CLM06019,1880,SUP-005,V-Belt,Breakage,36032,10117,6,145,5,0,0,0.027381748
CLM06020,1300,SUP-064,V-Belt,Misalignment,49133,6009,5,46,4,0,0,0.033115674
CLM06021,1067,SUP-050,Relay Valve,Corrosion,32389,5981,19,309,2,1,1,99.80639
CLM06022,1006,SUP-087,Relay Valve,Corrosion,48964,26533,10,307,4,0,0,0.031887967
CLM06023,1816,SUP-015,Fuel/Water Separator,Corrosion,18994,3954,9,20,9,0,0,0.001623907
CLM06024,1136,SUP-095,V-Belt,Misalignment,10610,17935,14,343,2,0,0,0.0015652353
CLM06025,1163,SUP-073,Brake Chamber,Leak,19170,24158,5,133,6,0,0,0.001616395
CLM06026,1082,SUP-053,Brake Chamber,Sensor Failure,14869,19471,7,318,4,0,0,0.0015743012
CLM06027,1896,SUP-025,U-Joint,Sensor Failure,20866,20141,17,359,8,0,0,0.068572626
CLM06028,1649,SUP-089,Wheel Bearing,Corrosion,23930,2742,17,268,4,0,0,0.07392344
CLM06029,1419,SUP-085,Wheel Speed Sensor,Misalignment,11069,5367,9,81,9,0,0,0.0015933809
CLM06030,1072,SUP-009,Relay Valve,Breakage,44867,9563,7,158,3,0,0,0.033096924
CLM06031,1236,SUP-038,Wheel Speed Sensor,Corrosion,49954,23716,1,224,7,0,0,0.03239327
CLM06032,1045,SUP-022,Radiator Hose,Misalignment,9571,17011,2,2,5,0,0,0.0015318859
CLM06033,1617,SUP-087,Fuel/Water Separator,Misalignment,23979,6515,10,125,1,0,0,0.001508295
CLM06034,1927,SUP-049,Fuel/Water Separator,Breakage,12492,25181,19,241,3,0,0,0.075535275
CLM06035,1799,SUP-068,V-Belt,Misalignment,31290,15187,8,117,9,0,0,0.013073426
CLM06036,1261,SUP-093,Brake Chamber,Sensor Failure,48248,1906,9,264,9,0,0,0.033483993
CLM06037,1175,SUP-015,V-Belt,Breakage,29721,28870,15,37,5,0,0,0.0016152206
CLM06038,1165,SUP-065,Wheel Speed Sensor,Breakage,32843,20304,11,311,5,0,0,0.029703865
CLM06039,1656,SUP-054,Brake Chamber,Wear,11582,22484,12,216,4,0,0,0.0015942578
CLM06040,1841,SUP-030,V-Belt,Breakage,24409,27437,18,49,4,0,0,0.06823705
CLM06041,1369,SUP-093,Wheel Speed Sensor,Breakage,8033,12286,2,217,4,0,0,0.0015165348
CLM06042,1794,SUP-020,Radiator Hose,Leak,25077,16738,15,59,2,0,0,0.0015202998
CLM06043,1053,SUP-033,U-Joint,Sensor Failure,27455,8682,10,60,7,0,0,0.0015558964
CLM06044,1689,SUP-100,Wheel Bearing,Corrosion,28385,9692,7,345,3,0,0,0.0015769006
CLM06045,1418,SUP-086,U-Joint,Wear,1847,12123,9,78,1,0,0,0.0014717423
CLM06046,1755,SUP-077,Radiator Hose,Breakage,12163,7988,17,119,3,0,0,0.07042603
CLM06047,1506,SUP-007,U-Joint,Leak,10704,13171,14,356,9,0,0,0.0015049902
CLM06048,1340,SUP-008,Relay Valve,Leak,45862,5597,9,319,9,0,0,0.03451033
CLM06049,1126,SUP-028,Relay Valve,Misalignment,32849,4612,7,127,7,0,0,0.029663565
CLM06050,1408,SUP-045,Relay Valve,Corrosion,7332,18277,15,207,1,0,0,0.001535588
CLM06051,1923,SUP-073,Wheel Speed Sensor,Corrosion,6648,2371,3,160,6,0,0,0.0016170347
CLM06052,1366,SUP-089,Relay Valve,Sensor Failure,32793,17973,2,322,1,0,0,0.025924522
CLM06053,1270,SUP-080,Fuel/Water Separator,Misalignment,20704,13673,3,85,2,0,0,0.0015085639
CLM06054,1643,SUP-074,Fuel/Water Separator,Breakage,19841,16503,2,4,3,0,0,0.0015857362
CLM06055,1604,SUP-011,Brake Chamber,Leak,29038,6035,13,157,6,0,0,0.0016222569
CLM06056,1378,SUP-031,Air Filter,Wear,4450,21050,13,177,7,0,0,0.0015745955
CLM06057,1072,SUP-012,Radiator Hose,Sensor Failure,9418,14736,2,349,8,0,0,0.0015885909
CLM06058,1922,SUP-095,Fuel/Water Separator,Breakage,49718,28208,19,279,9,1,1,99.85891
CLM06059,1921,SUP-078,Wheel Bearing,Misalignment,35575,5039,9,310,7,0,0,0.027692938
CLM06060,1914,SUP-051,Brake Chamber,Corrosion,46268,19900,5,252,6,0,0,0.029478228
CLM06061,1247,SUP-044,Radiator Hose,Misalignment,32724,11222,7,80,5,0,0,0.03021732
CLM06062,1859,SUP-096,Radiator Hose,Breakage,49473,3815,13,44,2,0,0,0.026740098
CLM06063,1784,SUP-050,Air Filter,Misalignment,34186,20776,1,218,8,0,0,0.036768276
CLM06064,1042,SUP-017,U-Joint,Corrosion,49890,11256,9,199,5,0,0,0.025726901
CLM06065,1376,SUP-035,U-Joint,Breakage,27451,1893,2,180,2,0,0,0.0015587584
CLM06066,1040,SUP-001,V-Belt,Wear,4155,28168,3,208,3,0,0,0.0015327905
CLM06067,1169,SUP-029,V-Belt,Sensor Failure,10110,11437,12,194,7,0,0,0.0014833388
CLM06068,1945,SUP-051,Brake Chamber,Misalignment,24748,17604,5,12,8,0,0,0.0015545631
CLM06069,1211,SUP-064,V-Belt,Corrosion,30448,4826,12,205,5,0,0,0.011910953
CLM06070,1492,SUP-004,V-Belt,Wear,33586,4097,4,336,8,0,0,0.035550028
CLM06071,1679,SUP-087,U-Joint,Leak,21202,5459,12,126,6,0,0,0.0016215115
CLM06072,1038,SUP-028,V-Belt,Wear,46231,8258,5,348,2,0,0,0.025396844
CLM06073,1368,SUP-016,Fuel/Water Separator,Wear,36399,24520,14,72,2,0,0,0.037246563
CLM06074,1756,SUP-063,Wheel Bearing,Wear,21058,28841,14,220,8,0,0,0.0016060998
CLM06075,1150,SUP-076,Fuel/Water Separator,Corrosion,5630,28225,10,302,4,0,0,0.0016136455
CLM06076,1110,SUP-053,Air Filter,Leak,7868,4380,10,72,8,0,0,0.0015758844
CLM06077,1479,SUP-085,Fuel/Water Separator,Sensor Failure,39281,13350,5,349,9,0,0,0.03243363
CLM06078,1435,SUP-017,Brake Chamber,Wear,35597,21748,18,121,6,1,1,99.887695
CLM06079,1046,SUP-040,V-Belt,Corrosion,10855,15643,17,274,9,0,0,0.06603172
CLM06080,1574,SUP-013,V-Belt,Corrosion,49698,23557,10,300,6,0,0,0.03013438
CLM06081,1736,SUP-052,Wheel Speed Sensor,Sensor Failure,46379,8981,11,43,3,0,0,0.028647037
CLM06082,1365,SUP-058,Air Filter,Breakage,25660,14029,15,208,8,0,0,0.0015232225
CLM06083,1068,SUP-096,Fuel/Water Separator,Leak,32739,6743,19,214,1,1,1,99.84091
CLM06084,1298,SUP-037,Wheel Speed Sensor,Leak,4812,6792,12,335,6,0,0,0.0015486592
CLM06085,1943,SUP-079,Radiator Hose,Misalignment,18270,16244,16,77,3,0,0,0.027973505
CLM06086,1801,SUP-076,Wheel Bearing,Wear,24978,12710,12,150,3,0,0,0.0014985697
CLM06087,1295,SUP-061,Wheel Bearing,Breakage,12531,25470,19,252,9,0,0,0.07379329
CLM06088,1202,SUP-079,U-Joint,Leak,29783,875,3,60,7,0,0,0.0015595598
CLM06089,1060,SUP-034,V-Belt,Misalignment,14236,6745,13,213,2,0,0,0.0015012217
CLM06090,1945,SUP-070,U-Joint,Wear,31093,6246,15,63,6,0,0,0.015631737
CLM06091,1962,SUP-017,Air Filter,Breakage,5147,21761,17,280,4,0,0,0.074019976
CLM06092,1829,SUP-020,Air Filter,Corrosion,19515,19023,11,193,7,0,0,0.0015887379
CLM06093,1313,SUP-073,Radiator Hose,Wear,29270,18858,12,29,4,0,0,0.0015999193
CLM06094,1160,SUP-059,Brake Chamber,Breakage,3759,11150,17,1,7,0,0,0.070279
CLM06095,1330,SUP-069,Air Filter,Sensor Failure,44738,5001,5,73,6,0,0,0.033203434
CLM06096,1527,SUP-087,Air Filter,Leak,26316,23048,5,277,8,0,0,0.0015999207
CLM06097,1337,SUP-033,Air Filter,Wear,3876,11371,7,206,7,0,0,0.0015116357
CLM06098,1605,SUP-078,Wheel Bearing,Misalignment,46480,23046,3,156,9,0,0,0.033212706
CLM06099,1303,SUP-017,Brake Chamber,Corrosion,14332,14347,3,146,4,0,0,0.0015206637
CLM06100,1502,SUP-057,Brake Chamber,Misalignment,10903,28685,17,353,9,0,0,0.072603695
CLM06101,1649,SUP-083,Relay Valve,Wear,37130,27276,2,52,5,0,0,0.03571955
CLM06102,1337,SUP-097,Fuel/Water Separator,Leak,44819,13088,15,322,9,0,0,0.03032647
CLM06103,1549,SUP-001,V-Belt,Leak,10198,25488,19,115,4,0,0,0.073777094
CLM06104,1638,SUP-013,Air Filter,Breakage,38771,6845,10,226,3,0,0,0.032025523
CLM06105,1274,SUP-027,Air Filter,Misalignment,16732,23014,11,88,7,0,0,0.0016443325
CLM06106,1163,SUP-070,Relay Valve,Misalignment,41673,14974,9,62,4,0,0,0.029940933
CLM06107,1442,SUP-059,V-Belt,Corrosion,21487,14859,14,19,5,0,0,0.0014650443
CLM06108,1318,SUP-006,Brake Chamber,Breakage,2781,6655,7,258,3,0,0,0.0015269954
CLM06109,1588,SUP-097,Radiator Hose,Corrosion,14412,23162,10,198,6,0,0,0.0016102822
CLM06110,1503,SUP-094,Wheel Bearing,Wear,32554,15771,1,311,4,0,0,0.024035579
CLM06111,1685,SUP-099,Air Filter,Wear,45124,18262,1,79,1,0,0,0.032976296
CLM06112,1386,SUP-023,Air Filter,Misalignment,32485,17977,14,11,2,0,0,0.02216052
CLM06113,1969,SUP-010,Radiator Hose,Breakage,27654,14015,8,144,8,0,0,0.0015258731
CLM06114,1869,SUP-051,Wheel Speed Sensor,Sensor Failure,34145,29762,14,244,4,0,0,0.03394466
CLM06115,1832,SUP-019,V-Belt,Leak,39813,24019,7,85,2,0,0,0.03465464
CLM06116,1887,SUP-051,Relay Valve,Breakage,47378,1210,18,27,4,1,1,99.874664
CLM06117,1602,SUP-092,Relay Valve,Breakage,17665,28526,9,278,7,0,0,0.0016139258
CLM06118,1749,SUP-087,U-Joint,Wear,13926,24345,15,3,2,0,0,0.0016156413
CLM06119,1775,SUP-068,Wheel Bearing,Leak,20303,20370,1,259,6,0,0,0.0015935131
CLM06120,1690,SUP-084,V-Belt,Breakage,48802,5392,11,243,1,0,0,0.033246763
CLM06121,1493,SUP-083,Air Filter,Wear,13356,20383,19,43,3,0,0,0.07642829
CLM06122,1489,SUP-042,Wheel Speed Sensor,Wear,40752,3727,10,198,9,0,0,0.03227394
CLM06123,1720,SUP-091,Radiator Hose,Misalignment,37362,26687,18,89,5,1,1,99.89231
CLM06124,1072,SUP-057,U-Joint,Misalignment,48126,17614,4,233,8,0,0,0.034948558
CLM06125,1508,SUP-098,Wheel Bearing,Breakage,13624,23304,18,293,1,0,0,0.07467979
CLM06126,1389,SUP-068,Wheel Bearing,Breakage,40338,7932,18,350,4,1,1,99.860954
CLM06127,1618,SUP-038,Fuel/Water Separator,Wear,28468,6692,12,39,3,0,0,0.0015181338
CLM06128,1856,SUP-062,V-Belt,Misalignment,31928,9301,9,321,9,0,0,0.01785011
CLM06129,1294,SUP-007,Wheel Speed Sensor,Breakage,25790,27416,18,163,7,0,0,0.07406662
CLM06130,1368,SUP-071,Brake Chamber,Leak,22114,24072,6,299,3,0,0,0.0015936802
CLM06131,1955,SUP-050,Radiator Hose,Wear,30094,18351,19,21,1,1,1,99.25372
CLM06132,1795,SUP-052,U-Joint,Wear,3120,2058,15,10,5,0,0,0.0016011372
CLM06133,1864,SUP-026,Air Filter,Breakage,45753,11211,5,45,3,0,0,0.030746946
CLM06134,1693,SUP-026,Relay Valve,Breakage,36638,5757,11,93,2,0,0,0.03324502
CLM06135,1548,SUP-019,U-Joint,Breakage,1785,17113,13,3,3,0,0,0.0015068025
CLM06136,1648,SUP-009,Wheel Bearing,Leak,1937,23865,2,43,5,0,0,0.0016373255
CLM06137,1849,SUP-061,Air Filter,Wear,43649,6024,8,180,5,0,0,0.03169958
CLM06138,1567,SUP-020,Radiator Hose,Sensor Failure,30969,13144,11,297,8,0,0,0.013897736
CLM06139,1186,SUP-050,Wheel Speed Sensor,Leak,29287,9232,18,107,4,0,0,0.06969144
CLM06140,1852,SUP-080,Brake Chamber,Leak,43216,3374,10,205,2,0,0,0.031687133
CLM06141,1769,SUP-081,Air Filter,Misalignment,36880,26011,1,265,8,0,0,0.036486316
CLM06142,1444,SUP-022,Air Filter,Wear,17297,19976,4,124,8,0,0,0.0016102007
CLM06143,1569,SUP-013,Wheel Bearing,Sensor Failure,23816,8521,17,113,8,0,0,0.07137886
CLM06144,1362,SUP-012,V-Belt,Wear,41205,22614,17,47,1,1,1,99.88489
CLM06145,1122,SUP-010,Wheel Bearing,Leak,5534,28722,5,156,9,0,0,0.0016613685
CLM06146,1187,SUP-065,U-Joint,Breakage,10529,7457,3,284,4,0,0,0.0015646546
CLM06147,1741,SUP-096,Brake Chamber,Wear,23013,19576,7,331,4,0,0,0.0015753059
CLM06148,1679,SUP-030,Relay Valve,Wear,31089,29698,5,236,8,0,0,0.015207623
CLM06149,1419,SUP-008,U-Joint,Breakage,7171,11761,10,350,8,0,0,0.00151683
CLM06150,1625,SUP-021,Brake Chamber,Sensor Failure,42229,5724,7,139,6,0,0,0.036299247
CLM06151,1251,SUP-022,Wheel Speed Sensor,Sensor Failure,18874,29794,17,285,4,0,0,0.068744555
CLM06152,1618,SUP-018,Wheel Bearing,Wear,39809,27974,17,242,3,1,1,99.88444
CLM06153,1548,SUP-066,Brake Chamber,Breakage,22153,28483,7,249,5,0,0,0.0015798509
CLM06154,1334,SUP-048,V-Belt,Misalignment,40157,13211,6,204,8,0,0,0.0308581
CLM06155,1091,SUP-044,Fuel/Water Separator,Wear,29429,7266,9,200,7,0,0,0.0016248132
CLM06156,1529,SUP-009,Relay Valve,Breakage,7641,10590,8,57,8,0,0,0.0015111961
CLM06157,1865,SUP-067,Wheel Speed Sensor,Leak,43401,503,14,74,1,0,0,0.032552272
CLM06158,1062,SUP-054,Air Filter,Misalignment,24539,13256,6,119,4,0,0,0.001536269
CLM06159,1661,SUP-026,Wheel Bearing,Breakage,26367,5259,9,59,9,0,0,0.0015997163
CLM06160,1511,SUP-085,U-Joint,Wear,22726,28701,11,291,6,0,0,0.0015999207
CLM06161,1138,SUP-094,Fuel/Water Separator,Corrosion,5677,19818,11,292,8,0,0,0.0016856088
CLM06162,1697,SUP-092,Wheel Bearing,Sensor Failure,6139,5133,8,333,8,0,0,0.0016018657
CLM06163,1184,SUP-100,Radiator Hose,Wear,25696,7861,3,58,5,0,0,0.0015455431
CLM06164,1204,SUP-026,Wheel Bearing,Breakage,21513,19291,11,219,8,0,0,0.0015210612
CLM06165,1771,SUP-034,Radiator Hose,Misalignment,12157,3067,4,232,4,0,0,0.0016037642
CLM06166,1213,SUP-008,Air Filter,Misalignment,13832,26172,3,258,6,0,0,0.0015747471
CLM06167,1255,SUP-010,Wheel Speed Sensor,Breakage,48877,10677,13,284,7,0,0,0.03311722
CLM06168,1134,SUP-048,Relay Valve,Sensor Failure,47023,3649,19,326,6,1,1,99.88764
CLM06169,1572,SUP-055,Wheel Bearing,Wear,37460,24711,8,63,6,0,0,0.038790137
CLM06170,1874,SUP-054,Air Filter,Misalignment,9205,14903,1,180,8,0,0,0.0015389085
CLM06171,1821,SUP-078,Fuel/Water Separator,Misalignment,6425,14678,8,316,5,0,0,0.0015780951
CLM06172,1087,SUP-040,V-Belt,Corrosion,4900,7338,9,231,8,0,0,0.001577024
CLM06173,1835,SUP-015,Brake Chamber,Leak,12811,1857,6,346,9,0,0,0.0015983942
CLM06174,1987,SUP-081,Air Filter,Corrosion,9462,23112,11,164,4,0,0,0.0015724887
CLM06175,1206,SUP-018,Fuel/Water Separator,Leak,39381,22499,10,360,3,0,0,0.033260174
CLM06176,1128,SUP-096,Radiator Hose,Misalignment,30134,25154,3,210,5,0,0,0.014062903
CLM06177,1822,SUP-023,Air Filter,Leak,17906,26650,8,43,5,0,0,0.0016492937
CLM06178,1002,SUP-062,Air Filter,Wear,3817,24357,5,133,7,0,0,0.0015244404
CLM06179,1973,SUP-046,Relay Valve,Misalignment,5950,2105,2,218,3,0,0,0.0014943924
CLM06180,1933,SUP-087,Radiator Hose,Misalignment,36607,12943,16,203,9,1,1,99.69857
CLM06181,1753,SUP-099,Wheel Bearing,Leak,48101,7784,1,178,6,0,0,0.036357537
CLM06182,1120,SUP-039,U-Joint,Breakage,25273,21859,2,272,9,0,0,0.0016781618
CLM06183,1384,SUP-015,V-Belt,Leak,8491,28062,3,52,1,0,0,0.0016303358
CLM06184,1613,SUP-053,Wheel Bearing,Leak,9014,22453,9,71,2,0,0,0.0016229997
CLM06185,1037,SUP-088,Brake Chamber,Sensor Failure,8691,16911,17,3,2,0,0,0.06934765
CLM06186,1340,SUP-064,Air Filter,Sensor Failure,1442,26986,12,89,8,0,0,0.0016569367
CLM06187,1924,SUP-063,Wheel Speed Sensor,Wear,23778,13397,2,51,4,0,0,0.0015172655
CLM06188,1644,SUP-092,Air Filter,Wear,31879,13761,2,160,7,0,0,0.016377782
CLM06189,1713,SUP-080,Radiator Hose,Breakage,27659,18236,19,133,4,0,0,0.074587435
CLM06190,1859,SUP-016,Relay Valve,Sensor Failure,49788,4234,17,247,4,1,1,99.85049
CLM06191,1020,SUP-070,Air Filter,Corrosion,28503,8031,17,171,8,0,0,0.0700682
CLM06192,1241,SUP-066,Brake Chamber,Wear,10413,918,13,211,4,0,0,0.0014941231
CLM06193,1454,SUP-013,Air Filter,Wear,49577,12809,12,159,3,0,0,0.02487468
CLM06194,1962,SUP-047,Wheel Bearing,Sensor Failure,12641,8952,11,150,9,0,0,0.0015348018
CLM06195,1620,SUP-009,U-Joint,Sensor Failure,44400,18991,11,59,3,0,0,0.03359519
CLM06196,1302,SUP-063,Wheel Speed Sensor,Breakage,30899,11676,8,308,5,0,0,0.012598794
CLM06197,1595,SUP-034,Brake Chamber,Sensor Failure,48147,6806,18,47,1,1,1,99.86895
CLM06198,1594,SUP-081,Brake Chamber,Leak,27938,15973,4,361,9,0,0,0.0015712294
CLM06199,1802,SUP-091,Radiator Hose,Misalignment,46463,4791,18,305,6,1,1,99.87759
CLM06200,1963,SUP-029,Brake Chamber,Corrosion,1894,13856,15,312,5,0,0,0.0015361313
CLM06201,1068,SUP-037,Wheel Speed Sensor,Misalignment,45862,15460,7,31,4,0,0,0.03157161
CLM06202,1128,SUP-043,Wheel Bearing,Leak,36021,9596,15,247,8,0,0,0.038076434
CLM06203,1195,SUP-086,U-Joint,Leak,30936,2726,19,187,2,1,1,99.57282
CLM06204,1139,SUP-064,Fuel/Water Separator,Misalignment,31760,28929,17,235,5,1,1,99.74251
CLM06205,1443,SUP-024,Air Filter,Leak,35778,8160,10,326,8,0,0,0.03470277
CLM06206,1282,SUP-071,Brake Chamber,Wear,24241,13112,11,332,1,0,0,0.001520252
CLM06207,1311,SUP-034,Relay Valve,Misalignment,47442,15205,14,171,3,0,0,0.03195178
CLM06208,1745,SUP-048,Wheel Bearing,Leak,29766,25643,4,81,7,0,0,0.0016639992
CLM06209,1534,SUP-012,Fuel/Water Separator,Wear,22019,14690,4,330,5,0,0,0.0016057214
CLM06210,1664,SUP-023,Radiator Hose,Sensor Failure,28791,17662,1,5,9,0,0,0.0015678331
CLM06211,1276,SUP-079,Wheel Bearing,Corrosion,25192,26001,12,4,1,0,0,0.0016223823
CLM06212,1060,SUP-097,Wheel Speed Sensor,Corrosion,40765,23142,7,143,7,0,0,0.03108629
CLM06213,1318,SUP-013,Air Filter,Leak,30180,28314,5,312,6,0,0,0.013213973
CLM06214,1889,SUP-087,Wheel Bearing,Corrosion,44520,24405,1,136,4,0,0,0.035097435
CLM06215,1051,SUP-096,V-Belt,Wear,44806,14950,8,272,6,0,0,0.028644606
CLM06216,1855,SUP-045,Air Filter,Sensor Failure,43005,12171,18,255,9,1,1,99.871445
CLM06217,1152,SUP-099,V-Belt,Leak,38601,18499,13,212,9,0,0,0.029405471
CLM06218,1748,SUP-065,Brake Chamber,Breakage,30899,2349,17,280,2,1,1,99.5513
CLM06219,1310,SUP-047,Relay Valve,Misalignment,48802,15633,2,251,9,0,0,0.033023585
CLM06220,1813,SUP-058,Wheel Bearing,Corrosion,36702,2443,6,311,2,0,0,0.030027548
CLM06221,1543,SUP-005,Air Filter,Corrosion,13571,19254,4,182,6,0,0,0.0015714662
CLM06222,1566,SUP-077,Radiator Hose,Leak,1371,8208,8,209,7,0,0,0.00166029
CLM06223,1863,SUP-005,V-Belt,Misalignment,31193,8733,15,325,9,0,0,0.012774907
CLM06224,1388,SUP-060,U-Joint,Misalignment,16386,20074,5,206,6,0,0,0.0015831646
CLM06225,1547,SUP-096,Air Filter,Corrosion,40766,13361,11,238,8,0,0,0.032856297
CLM06226,1621,SUP-021,Relay Valve,Corrosion,15464,24718,8,316,3,0,0,0.0016076306
CLM06227,1176,SUP-024,Wheel Bearing,Breakage,18787,2320,17,159,6,0,0,0.073421836
CLM06228,1361,SUP-018,Air Filter,Misalignment,21986,9132,9,20,2,0,0,0.0015023687
CLM06229,1313,SUP-021,Wheel Bearing,Wear,29651,15120,18,54,1,0,0,0.06899823
CLM06230,1806,SUP-054,Wheel Speed Sensor,Leak,47174,8795,14,244,6,0,0,0.033247113
CLM06231,1847,SUP-010,V-Belt,Leak,22057,1068,9,162,3,0,0,0.0015341007
CLM06232,1096,SUP-024,Air Filter,Breakage,30872,9148,10,204,5,0,0,0.015561706
CLM06233,1880,SUP-085,Air Filter,Breakage,11712,810,2,232,6,0,0,0.0016170347
CLM06234,1212,SUP-089,Relay Valve,Wear,18391,2407,3,336,6,0,0,0.0015845299
CLM06235,1828,SUP-060,Relay Valve,Sensor Failure,28922,10399,5,193,7,0,0,0.0015399655
CLM06236,1136,SUP-057,Radiator Hose,Leak,1667,3955,4,144,7,0,0,0.0016057658
CLM06237,1005,SUP-023,Wheel Bearing,Misalignment,17325,18575,3,326,6,0,0,0.0016075233
CLM06238,1108,SUP-022,Fuel/Water Separator,Corrosion,2446,7832,19,212,1,0,0,0.06604182
CLM06239,1546,SUP-068,Relay Valve,Wear,16890,5002,10,291,8,0,0,0.0016110962
CLM06240,1038,SUP-034,Fuel/Water Separator,Leak,27483,11584,7,105,4,0,0,0.0014132843
CLM06241,1661,SUP-070,Brake Chamber,Misalignment,27943,17464,12,131,1,0,0,0.0015396249
CLM06242,1424,SUP-028,Fuel/Water Separator,Wear,27681,18899,8,277,2,0,0,0.0016462185
CLM06243,1629,SUP-095,V-Belt,Sensor Failure,38136,24527,5,334,3,0,0,0.030177934
CLM06244,1260,SUP-099,Air Filter,Misalignment,39085,7362,13,278,6,0,0,0.031935822
CLM06245,1425,SUP-039,Relay Valve,Leak,36797,4555,9,142,2,0,0,0.032851785
CLM06246,1086,SUP-042,Air Filter,Corrosion,42000,8083,4,345,2,0,0,0.030085579
CLM06247,1464,SUP-023,Wheel Speed Sensor,Misalignment,14025,27720,2,67,6,0,0,0.0016649532
CLM06248,1075,SUP-070,Relay Valve,Leak,30940,18744,5,197,4,0,0,0.015774477
CLM06249,1470,SUP-080,Relay Valve,Wear,23763,12376,2,59,5,0,0,0.0015045609
CLM06250,1975,SUP-002,U-Joint,Sensor Failure,25701,20759,18,234,8,0,0,0.070476815
CLM06251,1962,SUP-024,Air Filter,Misalignment,18161,7918,6,176,3,0,0,0.0015025279
CLM06252,1413,SUP-017,Relay Valve,Wear,42795,3791,11,102,5,0,0,0.03463584
CLM06253,1824,SUP-065,Wheel Speed Sensor,Wear,26454,28307,10,37,1,0,0,0.0015974081
CLM06254,1894,SUP-070,Wheel Speed Sensor,Breakage,38257,25262,1,324,4,0,0,0.030330636
CLM06255,1725,SUP-069,V-Belt,Wear,14115,3443,2,85,5,0,0,0.0015939479
CLM06256,1456,SUP-060,Wheel Bearing,Misalignment,40038,12719,10,24,4,0,0,0.03274035
CLM06257,1284,SUP-050,Relay Valve,Sensor Failure,47999,10314,5,199,9,0,0,0.032789018
CLM06258,1238,SUP-093,Wheel Speed Sensor,Corrosion,10028,19395,12,126,8,0,0,0.0015545231
CLM06259,1676,SUP-012,Wheel Speed Sensor,Breakage,42484,27453,19,305,2,1,1,99.88212
CLM06260,1598,SUP-047,V-Belt,Wear,43211,23376,2,256,9,0,0,0.03376791
CLM06261,1652,SUP-067,U-Joint,Misalignment,8688,23527,6,75,2,0,0,0.0016531376
CLM06262,1671,SUP-065,Wheel Bearing,Leak,38009,24718,15,110,6,0,0,0.03814219
CLM06263,1557,SUP-027,Radiator Hose,Breakage,42694,18774,8,6,2,0,0,0.034053404
CLM06264,1371,SUP-048,Relay Valve,Sensor Failure,24255,29661,16,40,6,0,0,0.031491376
CLM06265,1494,SUP-088,Radiator Hose,Leak,15211,15840,19,337,6,0,0,0.072683096
CLM06266,1623,SUP-062,Radiator Hose,Sensor Failure,17552,8971,18,205,7,0,0,0.07369287
CLM06267,1918,SUP-044,U-Joint,Leak,47617,1354,17,145,5,1,1,99.86045
CLM06268,1044,SUP-019,Air Filter,Corrosion,43108,5783,1,307,3,0,0,0.029725509
CLM06269,1400,SUP-059,Fuel/Water Separator,Sensor Failure,42259,17281,11,2,2,0,0,0.0336864
CLM06270,1246,SUP-008,V-Belt,Leak,12513,15927,4,158,4,0,0,0.0014768263
CLM06271,1615,SUP-055,Wheel Speed Sensor,Sensor Failure,6033,29599,6,306,1,0,0,0.0015910562
CLM06272,1596,SUP-047,Wheel Speed Sensor,Breakage,1521,4003,7,228,2,0,0,0.0015596237
CLM06273,1449,SUP-002,Wheel Bearing,Sensor Failure,31824,21354,8,199,8,0,0,0.019335913
CLM06274,1484,SUP-094,U-Joint,Misalignment,14256,12563,10,252,5,0,0,0.0015347798
CLM06275,1645,SUP-094,Wheel Speed Sensor,Sensor Failure,45544,24043,17,83,5,1,1,99.88803
CLM06276,1619,SUP-039,Fuel/Water Separator,Leak,27293,20679,12,45,3,0,0,0.0016567439
CLM06277,1017,SUP-045,Radiator Hose,Sensor Failure,31607,1131,8,199,1,0,0,0.016547816
CLM06278,1605,SUP-032,Air Filter,Corrosion,13793,16772,12,175,6,0,0,0.0015310228
CLM06279,1661,SUP-065,Wheel Speed Sensor,Wear,25877,19920,17,33,1,0,0,0.07515706
CLM06280,1757,SUP-038,Radiator Hose,Breakage,42612,13484,3,354,4,0,0,0.031946998
CLM06281,1288,SUP-077,Wheel Speed Sensor,Misalignment,37069,1427,14,35,4,0,0,0.030497566
CLM06282,1413,SUP-011,Relay Valve,Leak,21543,16587,12,192,3,0,0,0.0014809938
CLM06283,1720,SUP-010,Brake Chamber,Sensor Failure,28213,27103,5,85,4,0,0,0.0016566934
CLM06284,1637,SUP-059,V-Belt,Sensor Failure,19663,26741,13,344,6,0,0,0.0015533553
CLM06285,1234,SUP-090,V-Belt,Sensor Failure,43582,8769,11,101,6,0,0,0.026918845
CLM06286,1415,SUP-055,Wheel Speed Sensor,Breakage,29990,5083,16,316,6,0,0,0.030620396
CLM06287,1937,SUP-020,Fuel/Water Separator,Misalignment,35449,28317,10,209,6,0,0,0.03404548
CLM06288,1498,SUP-081,U-Joint,Wear,14116,17945,8,29,4,0,0,0.0015661162
CLM06289,1973,SUP-017,Wheel Bearing,Corrosion,33859,7210,6,274,7,0,0,0.03499043
CLM06290,1633,SUP-068,Fuel/Water Separator,Misalignment,4706,15786,3,186,7,0,0,0.0015556265
CLM06291,1649,SUP-005,U-Joint,Corrosion,17147,3861,10,48,2,0,0,0.00156032
CLM06292,1114,SUP-060,Fuel/Water Separator,Misalignment,34728,29342,18,267,6,1,1,99.89613
CLM06293,1931,SUP-023,Relay Valve,Leak,21543,21621,10,170,5,0,0,0.001557537
CLM06294,1673,SUP-046,Fuel/Water Separator,Wear,34611,18583,13,146,1,0,0,0.03145663
CLM06295,1712,SUP-052,Wheel Bearing,Wear,9895,6201,14,16,3,0,0,0.00156032
CLM06296,1233,SUP-010,V-Belt,Breakage,23412,17175,1,297,9,0,0,0.0015536533
CLM06297,1539,SUP-046,Fuel/Water Separator,Misalignment,34014,22921,15,43,9,0,0,0.037120264
CLM06298,1010,SUP-028,U-Joint,Sensor Failure,14251,17464,12,347,9,0,0,0.0015571611
CLM06299,1205,SUP-097,Air Filter,Wear,45997,29593,16,287,5,1,1,99.67102
CLM06300,1678,SUP-043,U-Joint,Misalignment,6109,4700,7,284,6,0,0,0.0016299362
CLM06301,1246,SUP-026,V-Belt,Sensor Failure,25632,1379,14,51,9,0,0,0.0016161405
CLM06302,1558,SUP-055,Fuel/Water Separator,Breakage,30740,1982,9,27,4,0,0,0.014708718
CLM06303,1757,SUP-048,Fuel/Water Separator,Misalignment,13151,10987,9,9,4,0,0,0.0014872808
CLM06304,1126,SUP-029,Fuel/Water Separator,Misalignment,47165,7570,10,316,9,0,0,0.037159458
CLM06305,1146,SUP-027,Wheel Speed Sensor,Leak,30733,6952,9,252,7,0,0,0.014272837
CLM06306,1117,SUP-018,Relay Valve,Misalignment,7325,28520,16,233,6,0,0,0.030763337
CLM06307,1910,SUP-060,Wheel Bearing,Leak,23691,26205,8,219,6,0,0,0.0016060998
CLM06308,1381,SUP-074,Relay Valve,Sensor Failure,30428,6480,2,57,5,0,0,0.013574143
CLM06309,1411,SUP-069,Air Filter,Sensor Failure,11050,17198,18,175,4,0,0,0.07159727
CLM06310,1663,SUP-074,V-Belt,Wear,2912,9300,18,114,3,0,0,0.06900559
CLM06311,1583,SUP-021,Fuel/Water Separator,Breakage,37989,4425,12,218,7,0,0,0.037075944
CLM06312,1362,SUP-024,Brake Chamber,Leak,8374,11684,3,246,5,0,0,0.0015544919
CLM06313,1508,SUP-003,Relay Valve,Wear,34034,19470,2,68,2,0,0,0.033219706
CLM06314,1136,SUP-095,Radiator Hose,Corrosion,48457,2619,6,307,3,0,0,0.033434235
CLM06315,1174,SUP-062,Brake Chamber,Wear,20866,25453,6,58,5,0,0,0.0016371132
CLM06316,1288,SUP-002,Relay Valve,Sensor Failure,47678,24236,17,304,9,1,1,99.879524
CLM06317,1957,SUP-066,Radiator Hose,Corrosion,27256,25209,16,315,6,0,0,0.030536292
CLM06318,1480,SUP-042,V-Belt,Wear,28769,3745,13,76,2,0,0,0.001552369
CLM06319,1018,SUP-034,Fuel/Water Separator,Misalignment,11198,26892,12,303,8,0,0,0.0016551346
CLM06320,1194,SUP-042,Relay Valve,Breakage,30281,24661,11,111,6,0,0,0.0126832295
CLM06321,1329,SUP-020,Fuel/Water Separator,Leak,5564,4988,15,112,6,0,0,0.0015975971
CLM06322,1935,SUP-097,Relay Valve,Misalignment,37996,3635,17,222,8,1,1,99.88573
CLM06323,1174,SUP-068,V-Belt,Corrosion,8155,21394,8,206,7,0,0,0.0014726997
CLM06324,1448,SUP-045,Radiator Hose,Breakage,48952,7046,7,72,5,0,0,0.034387402
CLM06325,1924,SUP-075,Fuel/Water Separator,Wear,34085,1636,11,351,9,0,0,0.029872362
CLM06326,1945,SUP-042,Brake Chamber,Misalignment,1710,23092,8,2,1,0,0,0.0015896594
CLM06327,1353,SUP-047,Radiator Hose,Sensor Failure,12388,18635,19,335,4,0,0,0.07314525
CLM06328,1498,SUP-005,Brake Chamber,Sensor Failure,9642,5461,6,189,9,0,0,0.0016190546
CLM06329,1140,SUP-089,Brake Chamber,Breakage,27457,7044,19,40,2,0,0,0.07265972
CLM06330,1757,SUP-049,V-Belt,Sensor Failure,19127,8981,19,171,3,0,0,0.06853085
CLM06331,1896,SUP-037,Wheel Bearing,Leak,35091,26582,4,48,3,0,0,0.03296712
CLM06332,1929,SUP-034,Wheel Bearing,Breakage,12752,8087,15,200,6,0,0,0.0016258345
CLM06333,1092,SUP-073,Fuel/Water Separator,Breakage,5237,14720,17,57,3,0,0,0.07406662
CLM06334,1943,SUP-070,Air Filter,Sensor Failure,4051,26414,18,196,3,0,0,0.07257558
CLM06335,1238,SUP-018,U-Joint,Breakage,31169,15948,12,12,5,0,0,0.01459853
CLM06336,1204,SUP-078,Wheel Bearing,Wear,22048,15594,10,324,3,0,0,0.0015532398
CLM06337,1559,SUP-019,Fuel/Water Separator,Corrosion,44311,11583,9,179,5,0,0,0.03326084
CLM06338,1432,SUP-078,Brake Chamber,Misalignment,20088,15496,8,74,3,0,0,0.0014852243
CLM06339,1244,SUP-040,Wheel Bearing,Corrosion,6675,7000,8,29,2,0,0,0.0014816648
CLM06340,1831,SUP-017,V-Belt,Misalignment,40555,5473,11,92,8,0,0,0.034489214
CLM06341,1316,SUP-060,Fuel/Water Separator,Sensor Failure,3640,24025,12,285,3,0,0,0.001558158
CLM06342,1924,SUP-099,U-Joint,Leak,13317,27060,6,339,6,0,0,0.0016066711
CLM06343,1294,SUP-093,Relay Valve,Leak,45408,17635,3,107,2,0,0,0.031402126
CLM06344,1639,SUP-042,Air Filter,Sensor Failure,41144,4089,15,247,1,0,0,0.03062346
CLM06345,1855,SUP-081,Brake Chamber,Sensor Failure,41906,1248,6,256,8,0,0,0.033752944
CLM06346,1281,SUP-072,Brake Chamber,Breakage,39130,17248,7,98,3,0,0,0.03189292
CLM06347,1016,SUP-065,Relay Valve,Leak,34462,17150,6,46,2,0,0,0.032628145
CLM06348,1070,SUP-053,Wheel Bearing,Corrosion,21637,13193,2,20,2,0,0,0.0014643291
CLM06349,1268,SUP-100,Relay Valve,Sensor Failure,11385,20705,6,59,5,0,0,0.0016371132
CLM06350,1324,SUP-007,Brake Chamber,Corrosion,16201,21118,2,240,6,0,0,0.0016026894
CLM06351,1793,SUP-005,U-Joint,Misalignment,35536,9880,1,36,2,0,0,0.026575755
CLM06352,1304,SUP-024,Wheel Bearing,Corrosion,25667,22797,15,1,6,0,0,0.0016217588
CLM06353,1450,SUP-028,Fuel/Water Separator,Leak,46384,7309,10,346,1,0,0,0.028697334
CLM06354,1006,SUP-062,Brake Chamber,Misalignment,1171,3677,10,300,9,0,0,0.0016415656
CLM06355,1313,SUP-017,Relay Valve,Corrosion,36517,20104,10,183,4,0,0,0.032117676
CLM06356,1816,SUP-020,Brake Chamber,Breakage,36870,22413,5,316,5,0,0,0.028400952
CLM06357,1102,SUP-003,Brake Chamber,Breakage,48375,27906,4,85,3,0,0,0.03471548
CLM06358,1820,SUP-037,U-Joint,Leak,38982,13658,15,82,6,0,0,0.033570215
CLM06359,1192,SUP-090,U-Joint,Breakage,33844,17586,9,159,1,0,0,0.028593527
CLM06360,1752,SUP-015,Wheel Speed Sensor,Sensor Failure,19582,10390,16,248,7,0,0,0.02897752
CLM06361,1573,SUP-051,Relay Valve,Misalignment,5237,15742,9,228,8,0,0,0.0015378566
CLM06362,1528,SUP-048,V-Belt,Leak,31465,700,19,317,3,1,1,99.66541
CLM06363,1170,SUP-008,Relay Valve,Misalignment,7027,29789,14,49,2,0,0,0.0016045168
CLM06364,1536,SUP-013,U-Joint,Corrosion,14241,28874,12,300,4,0,0,0.0015928961
CLM06365,1250,SUP-048,Wheel Speed Sensor,Sensor Failure,11367,16695,12,287,8,0,0,0.0015408513
CLM06366,1764,SUP-003,Wheel Bearing,Leak,28483,18897,3,328,8,0,0,0.0015874429
CLM06367,1386,SUP-065,Brake Chamber,Corrosion,16031,15055,19,345,8,0,0,0.072683096
CLM06368,1206,SUP-073,Air Filter,Corrosion,36312,13644,11,302,2,0,0,0.032394167
CLM06369,1540,SUP-031,Relay Valve,Corrosion,33023,4041,5,212,4,0,0,0.03282336
CLM06370,1628,SUP-026,Relay Valve,Corrosion,29188,14540,6,139,1,0,0,0.0014880213
CLM06371,1415,SUP-081,Radiator Hose,Corrosion,36625,7655,6,104,7,0,0,0.034688614
CLM06372,1793,SUP-056,U-Joint,Leak,35321,10701,19,65,6,1,1,99.880516
CLM06373,1379,SUP-034,Air Filter,Breakage,7274,4005,14,145,7,0,0,0.0016191534
CLM06374,1143,SUP-009,Fuel/Water Separator,Corrosion,13556,28176,16,28,5,0,0,0.031953882
CLM06375,1024,SUP-062,Radiator Hose,Sensor Failure,42921,16609,12,82,6,0,0,0.031234147
CLM06376,1821,SUP-013,V-Belt,Leak,35395,4659,18,330,6,1,1,99.875496
CLM06377,1667,SUP-069,Relay Valve,Wear,27543,7580,13,9,6,0,0,0.0016181053
CLM06378,1072,SUP-041,Wheel Speed Sensor,Breakage,12523,13907,9,162,9,0,0,0.0015547603
CLM06379,1631,SUP-077,Wheel Speed Sensor,Sensor Failure,2074,28813,18,223,4,0,0,0.07217034
CLM06380,1823,SUP-001,Fuel/Water Separator,Corrosion,20588,23567,4,131,2,0,0,0.001581325
CLM06381,1832,SUP-089,Radiator Hose,Leak,14990,7153,11,129,9,0,0,0.0015926806
CLM06382,1092,SUP-047,Radiator Hose,Leak,32528,26787,18,316,7,1,1,99.832954
CLM06383,1504,SUP-004,Wheel Speed Sensor,Corrosion,18412,13038,3,353,5,0,0,0.0015101702
CLM06384,1597,SUP-100,Wheel Speed Sensor,Sensor Failure,18031,26805,4,306,6,0,0,0.0015972862
CLM06385,1335,SUP-063,Brake Chamber,Leak,46793,28426,9,136,7,0,0,0.031566855
CLM06386,1424,SUP-052,Wheel Speed Sensor,Misalignment,15837,12826,13,286,5,0,0,0.0015695058
CLM06387,1498,SUP-010,U-Joint,Breakage,39071,16952,15,97,5,0,0,0.033129346
CLM06388,1363,SUP-028,Wheel Speed Sensor,Sensor Failure,48512,4872,10,337,6,0,0,0.03167212
CLM06389,1946,SUP-006,Radiator Hose,Corrosion,20546,11883,9,9,8,0,0,0.001630174
CLM06390,1629,SUP-027,Brake Chamber,Sensor Failure,47515,26185,16,278,2,1,1,99.71001
CLM06391,1744,SUP-012,V-Belt,Misalignment,46875,23204,16,323,9,1,1,99.70921
CLM06392,1198,SUP-062,Radiator Hose,Sensor Failure,18286,3518,13,209,5,0,0,0.0016564642
CLM06393,1717,SUP-052,Wheel Speed Sensor,Wear,10695,3153,5,9,4,0,0,0.0016132488
CLM06394,1412,SUP-048,Wheel Speed Sensor,Corrosion,38844,13903,10,303,8,0,0,0.032768082
CLM06395,1338,SUP-067,Wheel Speed Sensor,Breakage,12054,25416,1,296,4,0,0,0.0015807793
CLM06396,1658,SUP-046,Brake Chamber,Corrosion,3897,9112,3,292,2,0,0,0.0015434104
CLM06397,1961,SUP-097,Relay Valve,Wear,10537,19159,3,147,5,0,0,0.0016102222
CLM06398,1936,SUP-074,Brake Chamber,Corrosion,22946,2418,10,354,5,0,0,0.001528735
CLM06399,1428,SUP-095,Wheel Bearing,Corrosion,9681,972,17,2,4,0,0,0.07309682
CLM06400,1782,SUP-015,U-Joint,Breakage,8851,10827,18,339,3,0,0,0.06986314
CLM06401,1898,SUP-071,Air Filter,Wear,26001,3921,13,161,5,0,0,0.0015872734
CLM06402,1138,SUP-036,U-Joint,Corrosion,15585,16499,2,64,9,0,0,0.0015991475
CLM06403,1692,SUP-014,Wheel Speed Sensor,Misalignment,40996,22813,16,255,9,1,1,99.69718
CLM06404,1941,SUP-078,Air Filter,Corrosion,48038,15025,4,119,9,0,0,0.027705217
CLM06405,1541,SUP-003,V-Belt,Leak,49123,13654,18,111,6,1,1,99.8668
CLM06406,1056,SUP-067,Radiator Hose,Corrosion,31117,28104,14,191,8,0,0,0.015935406
CLM06407,1231,SUP-086,Relay Valve,Breakage,6595,22649,6,208,1,0,0,0.0015641579
CLM06408,1657,SUP-019,Brake Chamber,Leak,24774,14971,11,214,1,0,0,0.0014957583
CLM06409,1434,SUP-099,Wheel Bearing,Misalignment,49565,16184,17,92,7,1,1,99.87108
CLM06410,1383,SUP-076,Fuel/Water Separator,Misalignment,44691,2587,8,78,5,0,0,0.03530779
CLM06411,1559,SUP-054,U-Joint,Misalignment,10599,8317,3,6,2,0,0,0.0015203592
CLM06412,1193,SUP-069,Wheel Bearing,Wear,7462,28434,3,46,4,0,0,0.0016371132
CLM06413,1735,SUP-010,Wheel Speed Sensor,Misalignment,14307,25069,17,276,4,0,0,0.07445592
CLM06414,1647,SUP-033,Brake Chamber,Sensor Failure,40136,8947,4,113,6,0,0,0.03302752
CLM06415,1533,SUP-013,Brake Chamber,Breakage,28531,20753,19,16,8,0,0,0.07577059
CLM06416,1517,SUP-099,Radiator Hose,Wear,43174,22600,8,251,3,0,0,0.035499126
CLM06417,1715,SUP-051,Air Filter,Leak,37710,26519,17,253,7,1,1,99.88919
CLM06418,1750,SUP-032,Air Filter,Sensor Failure,35568,8496,5,250,2,0,0,0.03214957
CLM06419,1184,SUP-075,V-Belt,Wear,15414,9230,11,48,9,0,0,0.001471627
CLM06420,1871,SUP-024,Air Filter,Breakage,32723,20271,12,113,7,0,0,0.028806295
CLM06421,1291,SUP-035,Air Filter,Leak,30036,26899,15,260,1,0,0,0.0015753525
CLM06422,1334,SUP-083,Wheel Speed Sensor,Breakage,11261,17741,12,176,4,0,0,0.001501309
CLM06423,1731,SUP-070,Wheel Speed Sensor,Breakage,3377,631,7,98,2,0,0,0.0015855987
CLM06424,1115,SUP-040,Wheel Bearing,Leak,41091,22606,3,195,5,0,0,0.03703045
CLM06425,1824,SUP-054,Brake Chamber,Misalignment,49994,19799,10,285,9,0,0,0.030414842
CLM06426,1048,SUP-044,Brake Chamber,Corrosion,2271,13528,16,149,3,0,0,0.02690194
CLM06427,1684,SUP-062,Brake Chamber,Breakage,38788,19470,1,298,5,0,0,0.0333072
CLM06428,1081,SUP-099,Wheel Bearing,Misalignment,46316,3874,11,306,2,0,0,0.03350721
CLM06429,1833,SUP-068,Fuel/Water Separator,Leak,29419,2531,17,345,4,0,0,0.06520529
CLM06430,1332,SUP-033,Wheel Speed Sensor,Breakage,34202,2425,14,3,2,0,0,0.033372037
CLM06431,1556,SUP-077,Wheel Bearing,Corrosion,20982,2501,18,279,8,0,0,0.072655916
CLM06432,1334,SUP-056,Brake Chamber,Leak,4771,4877,12,363,7,0,0,0.0015310345
CLM06433,1531,SUP-036,Wheel Speed Sensor,Wear,15873,23519,16,261,7,0,0,0.030159095
CLM06434,1959,SUP-054,Relay Valve,Wear,42494,27403,8,223,7,0,0,0.031729728
CLM06435,1220,SUP-019,Air Filter,Misalignment,42340,12263,3,281,9,0,0,0.032799054
CLM06436,1634,SUP-043,Wheel Speed Sensor,Wear,19534,24250,11,291,2,0,0,0.0016076306
CLM06437,1745,SUP-012,Wheel Speed Sensor,Sensor Failure,37892,5994,15,235,6,0,0,0.036999222
CLM06438,1732,SUP-011,Brake Chamber,Breakage,13117,12063,4,65,4,0,0,0.0015216965
CLM06439,1322,SUP-070,U-Joint,Breakage,6602,29057,16,207,6,0,0,0.029717121
CLM06440,1850,SUP-012,Fuel/Water Separator,Leak,16421,1165,17,295,9,0,0,0.075768024
CLM06441,1002,SUP-091,Wheel Speed Sensor,Sensor Failure,32674,23582,14,216,1,0,0,0.023245178
CLM06442,1693,SUP-041,Wheel Bearing,Breakage,6167,22325,2,111,2,0,0,0.0015772226
CLM06443,1205,SUP-025,V-Belt,Leak,6486,18530,15,274,6,0,0,0.0015248097
CLM06444,1831,SUP-003,Brake Chamber,Corrosion,29192,13258,8,281,7,0,0,0.0015624672
CLM06445,1039,SUP-003,Brake Chamber,Breakage,21806,5007,13,356,3,0,0,0.0014826232
CLM06446,1058,SUP-084,U-Joint,Misalignment,10943,29684,3,137,1,0,0,0.0015594142
CLM06447,1950,SUP-028,Radiator Hose,Breakage,5824,22483,4,169,7,0,0,0.0015766511
CLM06448,1573,SUP-023,V-Belt,Corrosion,36883,1663,4,351,2,0,0,0.03253099
CLM06449,1643,SUP-048,Relay Valve,Corrosion,1218,3425,4,278,6,0,0,0.0016482465
CLM06450,1506,SUP-067,Air Filter,Breakage,33893,23717,2,230,4,0,0,0.03594298
CLM06451,1571,SUP-042,Radiator Hose,Corrosion,14169,24555,13,194,4,0,0,0.0015615928
CLM06452,1883,SUP-088,Wheel Speed Sensor,Leak,47458,14895,8,173,9,0,0,0.032484997
CLM06453,1842,SUP-040,Relay Valve,Breakage,46374,13994,9,276,7,0,0,0.03406519
CLM06454,1121,SUP-006,Wheel Bearing,Breakage,10415,29590,1,215,1,0,0,0.0016345157
CLM06455,1478,SUP-020,Fuel/Water Separator,Wear,5180,5552,1,140,4,0,0,0.0015230351
CLM06456,1618,SUP-011,Wheel Bearing,Misalignment,38928,6413,9,202,6,0,0,0.036043726
CLM06457,1095,SUP-096,Wheel Bearing,Breakage,20154,12690,11,64,2,0,0,0.0015487698
CLM06458,1858,SUP-027,Wheel Bearing,Wear,33609,25900,16,160,4,1,1,99.71746
CLM06459,1413,SUP-021,V-Belt,Corrosion,10766,13695,4,62,2,0,0,0.0014599174
CLM06460,1234,SUP-013,Brake Chamber,Misalignment,31058,9424,15,133,1,0,0,0.012708895
CLM06461,1897,SUP-086,Wheel Speed Sensor,Misalignment,2942,14712,7,120,1,0,0,0.0014870978
CLM06462,1061,SUP-035,Air Filter,Corrosion,12532,21370,2,300,9,0,0,0.0016142643
CLM06463,1255,SUP-047,V-Belt,Leak,21841,7811,10,157,9,0,0,0.001513954
CLM06464,1560,SUP-086,Radiator Hose,Wear,44374,23763,17,289,4,1,1,99.88681
CLM06465,1904,SUP-028,Radiator Hose,Breakage,30876,26663,11,343,8,0,0,0.012800783
CLM06466,1347,SUP-021,V-Belt,Wear,2254,28740,19,356,7,0,0,0.07026845
CLM06467,1670,SUP-018,Relay Valve,Corrosion,34755,13448,10,13,5,0,0,0.03174295
CLM06468,1123,SUP-031,V-Belt,Corrosion,15923,526,4,306,2,0,0,0.0017200822
CLM06469,1481,SUP-060,V-Belt,Leak,32682,24795,13,228,9,0,0,0.0279187
CLM06470,1316,SUP-037,Air Filter,Misalignment,41879,19554,1,274,7,0,0,0.032831497
CLM06471,1503,SUP-021,Air Filter,Misalignment,25339,6127,7,231,4,0,0,0.0015648218
CLM06472,1718,SUP-014,Brake Chamber,Corrosion,48592,1383,9,66,2,0,0,0.03142932
CLM06473,1047,SUP-089,Air Filter,Wear,45861,6410,1,228,2,0,0,0.02795844
CLM06474,1408,SUP-091,Brake Chamber,Misalignment,47508,17010,18,145,3,1,1,99.87551
CLM06475,1931,SUP-060,Wheel Bearing,Breakage,14118,18363,18,161,6,0,0,0.07552559
CLM06476,1135,SUP-023,Relay Valve,Breakage,45679,27404,16,355,1,1,1,99.69012
CLM06477,1200,SUP-095,Brake Chamber,Wear,48769,14206,16,289,5,1,1,99.69555
CLM06478,1249,SUP-029,Air Filter,Leak,43277,25394,5,352,3,0,0,0.03447984
CLM06479,1313,SUP-047,V-Belt,Breakage,35139,19372,14,84,7,0,0,0.03208652
CLM06480,1868,SUP-030,Wheel Speed Sensor,Wear,14163,840,1,22,7,0,0,0.0016179308
CLM06481,1367,SUP-090,Wheel Bearing,Wear,34128,13481,6,125,5,0,0,0.034010578
CLM06482,1428,SUP-084,U-Joint,Corrosion,9104,12906,6,181,9,0,0,0.0015113343
CLM06483,1829,SUP-038,Radiator Hose,Misalignment,15186,5373,12,44,8,0,0,0.001599097
CLM06484,1806,SUP-083,Brake Chamber,Corrosion,9549,15525,18,331,9,0,0,0.07264723
CLM06485,1479,SUP-027,Air Filter,Misalignment,33262,23740,9,284,6,0,0,0.037184972
CLM06486,1313,SUP-089,Wheel Bearing,Leak,31078,29171,16,265,8,1,1,99.05584
CLM06487,1499,SUP-087,Radiator Hose,Leak,25168,13172,15,363,2,0,0,0.0014747784
CLM06488,1720,SUP-093,U-Joint,Leak,29466,6601,2,278,5,0,0,0.0015722397
CLM06489,1354,SUP-015,V-Belt,Wear,36551,2105,5,217,8,0,0,0.036777355
CLM06490,1484,SUP-059,V-Belt,Wear,33831,22161,13,85,2,0,0,0.035002105
CLM06491,1210,SUP-003,Brake Chamber,Corrosion,19612,16682,19,281,2,0,0,0.07124141
CLM06492,1703,SUP-010,Brake Chamber,Breakage,37617,6336,1,337,3,0,0,0.03133705
CLM06493,1043,SUP-079,Air Filter,Misalignment,23716,29257,16,79,2,0,0,0.030219913
CLM06494,1540,SUP-080,Wheel Speed Sensor,Misalignment,32926,2908,7,7,4,0,0,0.031372022
CLM06495,1570,SUP-017,Air Filter,Leak,4938,28129,13,315,4,0,0,0.0016068397
CLM06496,1582,SUP-083,Relay Valve,Misalignment,42539,3339,16,224,1,1,1,99.71155
CLM06497,1091,SUP-011,Wheel Bearing,Sensor Failure,23697,1608,12,195,6,0,0,0.0016272648
CLM06498,1264,SUP-048,Wheel Bearing,Leak,13609,4954,7,289,7,0,0,0.0015486592
CLM06499,1894,SUP-005,V-Belt,Misalignment,14483,23754,14,356,7,0,0,0.0015151211
CLM06500,1219,SUP-069,Fuel/Water Separator,Corrosion,11523,28280,18,360,5,0,0,0.07287369
CLM06501,1901,SUP-064,Air Filter,Misalignment,27989,14714,19,316,4,0,0,0.07193557
CLM06502,1924,SUP-014,Brake Chamber,Wear,35926,24438,13,81,2,0,0,0.031074675
CLM06503,1441,SUP-050,Wheel Bearing,Corrosion,45729,7914,2,122,5,0,0,0.035588823
CLM06504,1400,SUP-026,Brake Chamber,Corrosion,40164,28288,19,58,4,1,1,99.88448
CLM06505,1399,SUP-072,Air Filter,Corrosion,3283,13234,4,300,8,0,0,0.0015688369
CLM06506,1726,SUP-069,Radiator Hose,Sensor Failure,7236,2425,14,121,1,0,0,0.0016223807
CLM06507,1990,SUP-007,Brake Chamber,Sensor Failure,41577,15957,2,48,7,0,0,0.028195128
CLM06508,1898,SUP-016,Fuel/Water Separator,Misalignment,45726,6594,18,125,5,1,1,99.87312
CLM06509,1788,SUP-055,Wheel Bearing,Leak,4105,24517,19,153,5,0,0,0.074949145
CLM06510,1575,SUP-078,Air Filter,Misalignment,37320,26154,19,313,1,1,1,99.87568
CLM06511,1857,SUP-056,Wheel Speed Sensor,Misalignment,20859,21284,4,13,9,0,0,0.0016327023
CLM06512,1803,SUP-004,Wheel Speed Sensor,Misalignment,2838,2476,19,333,7,0,0,0.075437546
CLM06513,1489,SUP-100,Air Filter,Wear,25797,27894,3,268,2,0,0,0.0015806285
CLM06514,1484,SUP-048,Wheel Speed Sensor,Corrosion,25437,21513,8,224,5,0,0,0.0015686244
CLM06515,1756,SUP-017,Wheel Bearing,Breakage,18279,18966,4,227,8,0,0,0.0016310808
CLM06516,1469,SUP-036,Radiator Hose,Leak,6913,28636,3,364,7,0,0,0.0015909923
CLM06517,1573,SUP-070,Brake Chamber,Leak,49640,11421,5,191,2,0,0,0.023677992
CLM06518,1937,SUP-080,Fuel/Water Separator,Corrosion,26560,26239,11,250,7,0,0,0.0016005845
CLM06519,1843,SUP-093,U-Joint,Leak,27208,26090,19,190,6,0,0,0.07330903
CLM06520,1681,SUP-100,Wheel Bearing,Corrosion,36658,29812,19,28,8,1,1,99.87892
CLM06521,1444,SUP-038,V-Belt,Leak,48355,3944,17,223,9,1,1,99.883026
CLM06522,1268,SUP-062,Relay Valve,Misalignment,44003,1258,2,203,7,0,0,0.033474196
CLM06523,1266,SUP-048,Relay Valve,Wear,49491,19978,9,42,8,0,0,0.032081995
CLM06524,1053,SUP-010,Wheel Bearing,Leak,15646,4879,3,189,7,0,0,0.0015189042
CLM06525,1527,SUP-036,Air Filter,Leak,22061,16996,10,80,7,0,0,0.0015250016
CLM06526,1519,SUP-029,Brake Chamber,Breakage,41214,19304,9,38,1,0,0,0.032302693
CLM06527,1615,SUP-078,Air Filter,Wear,45597,29368,4,337,5,0,0,0.030425081
CLM06528,1058,SUP-004,Air Filter,Misalignment,23873,5783,7,109,5,0,0,0.0015122355
CLM06529,1824,SUP-044,V-Belt,Wear,4458,13680,12,114,4,0,0,0.0014514644
CLM06530,1039,SUP-056,Wheel Speed Sensor,Wear,38165,17705,11,364,1,0,0,0.027977
CLM06531,1236,SUP-042,Relay Valve,Leak,23267,20523,15,133,7,0,0,0.0015979522
CLM06532,1954,SUP-100,U-Joint,Sensor Failure,15582,14845,14,340,8,0,0,0.0015463583
CLM06533,1385,SUP-013,U-Joint,Leak,33389,22648,7,176,5,0,0,0.03523714
CLM06534,1605,SUP-046,Brake Chamber,Corrosion,15823,11137,15,163,4,0,0,0.0015316551
CLM06535,1733,SUP-082,Relay Valve,Breakage,41856,10891,14,304,9,0,0,0.034794632
CLM06536,1715,SUP-033,V-Belt,Wear,8406,12978,11,235,3,0,0,0.0014705287
CLM06537,1649,SUP-021,Wheel Bearing,Corrosion,31619,18703,10,270,3,0,0,0.017520046
CLM06538,1299,SUP-080,Air Filter,Misalignment,8071,776,19,54,4,0,0,0.065316096
CLM06539,1394,SUP-079,Air Filter,Corrosion,22852,15328,3,154,7,0,0,0.0015232225
CLM06540,1206,SUP-057,Fuel/Water Separator,Sensor Failure,46846,26342,12,238,2,0,0,0.034346778
CLM06541,1335,SUP-069,Fuel/Water Separator,Wear,49872,23515,13,42,8,0,0,0.034109775
CLM06542,1592,SUP-070,Fuel/Water Separator,Leak,38775,24895,7,216,2,0,0,0.0347075
CLM06543,1729,SUP-067,Wheel Speed Sensor,Wear,43335,17159,12,95,4,0,0,0.033423778
CLM06544,1513,SUP-048,U-Joint,Breakage,23681,23217,2,146,2,0,0,0.0016039201
CLM06545,1177,SUP-076,Fuel/Water Separator,Wear,43493,27987,1,103,9,0,0,0.035486504
CLM06546,1395,SUP-100,Air Filter,Corrosion,11144,26406,6,306,4,0,0,0.0015928961
CLM06547,1370,SUP-033,Relay Valve,Corrosion,45217,18777,19,125,5,1,1,99.87211
CLM06548,1857,SUP-036,Relay Valve,Leak,12183,11035,6,342,9,0,0,0.0015502712
CLM06549,1790,SUP-033,Wheel Speed Sensor,Leak,22074,28381,13,149,2,0,0,0.0015730646
CLM06550,1657,SUP-031,Relay Valve,Leak,20880,27464,4,162,4,0,0,0.0016325684
CLM06551,1317,SUP-021,Air Filter,Misalignment,13349,1092,14,217,6,0,0,0.001522196
CLM06552,1735,SUP-027,U-Joint,Breakage,28493,16052,16,40,1,0,0,0.028065642
CLM06553,1368,SUP-091,U-Joint,Misalignment,24610,18271,2,119,1,0,0,0.001622158
CLM06554,1383,SUP-072,U-Joint,Misalignment,10357,4495,9,111,7,0,0,0.001581571
CLM06555,1061,SUP-062,Wheel Bearing,Misalignment,5561,23977,13,286,6,0,0,0.0016142643
CLM06556,1805,SUP-096,Wheel Bearing,Wear,30844,5572,14,198,4,0,0,0.01452879
CLM06557,1504,SUP-026,Wheel Bearing,Sensor Failure,8614,26610,14,117,5,0,0,0.0016031312
CLM06558,1238,SUP-066,Wheel Bearing,Wear,3358,12801,5,25,5,0,0,0.001493116
CLM06559,1194,SUP-012,Relay Valve,Leak,32805,22017,2,285,9,0,0,0.032335356
CLM06560,1677,SUP-022,Radiator Hose,Breakage,12430,23583,5,67,5,0,0,0.0016566934
CLM06561,1962,SUP-017,Relay Valve,Misalignment,17041,13795,6,185,2,0,0,0.001443545
CLM06562,1221,SUP-007,Radiator Hose,Wear,46871,9755,2,303,7,0,0,0.03278105
CLM06563,1060,SUP-068,Relay Valve,Corrosion,27726,3605,1,216,9,0,0,0.0015911108
CLM06564,1128,SUP-037,Air Filter,Misalignment,11267,23774,16,105,7,0,0,0.028950209
CLM06565,1989,SUP-038,V-Belt,Wear,12859,12596,9,145,8,0,0,0.0014934707
CLM06566,1684,SUP-096,V-Belt,Corrosion,46563,11997,14,109,3,0,0,0.028688306
CLM06567,1991,SUP-011,Wheel Bearing,Wear,11373,6405,9,50,9,0,0,0.00156096
CLM06568,1155,SUP-001,V-Belt,Wear,25634,18787,5,212,7,0,0,0.0015529391
CLM06569,1916,SUP-025,Brake Chamber,Misalignment,8257,3861,15,90,4,0,0,0.0015817941
CLM06570,1377,SUP-042,Wheel Speed Sensor,Wear,23597,25930,10,269,7,0,0,0.0015868179
CLM06571,1621,SUP-052,Wheel Speed Sensor,Leak,43918,28580,15,191,3,0,0,0.032882147
CLM06572,1780,SUP-024,V-Belt,Corrosion,42144,11587,17,295,7,1,1,99.87086
CLM06573,1922,SUP-053,Wheel Speed Sensor,Breakage,24989,29126,3,17,3,0,0,0.0015754787
CLM06574,1867,SUP-056,Radiator Hose,Sensor Failure,20003,28888,8,232,2,0,0,0.0015608663
CLM06575,1902,SUP-063,Air Filter,Misalignment,31169,10607,4,355,1,0,0,0.009854655
CLM06576,1789,SUP-081,Wheel Speed Sensor,Corrosion,43640,19882,11,80,6,0,0,0.03552489
CLM06577,1585,SUP-008,Air Filter,Leak,48271,18225,19,59,3,1,1,99.87381
CLM06578,1998,SUP-059,Wheel Bearing,Corrosion,17961,27763,14,352,2,0,0,0.0015211512
CLM06579,1436,SUP-045,V-Belt,Breakage,13146,2361,18,30,3,0,0,0.07355108
CLM06580,1974,SUP-027,Air Filter,Misalignment,46237,2955,2,131,8,0,0,0.03218901
CLM06581,1206,SUP-052,Fuel/Water Separator,Corrosion,42030,4292,9,123,3,0,0,0.031449314
CLM06582,1387,SUP-018,Wheel Bearing,Leak,1555,27939,10,51,4,0,0,0.0016496619
CLM06583,1479,SUP-091,Air Filter,Misalignment,43178,28227,13,80,2,0,0,0.036783565
CLM06584,1790,SUP-086,Brake Chamber,Leak,4640,12570,19,251,8,0,0,0.07159945
CLM06585,1886,SUP-016,Wheel Speed Sensor,Misalignment,47136,6364,4,192,6,0,0,0.03333347
CLM06586,1837,SUP-066,Brake Chamber,Sensor Failure,2912,28138,16,74,9,0,0,0.031238671
CLM06587,1983,SUP-005,Radiator Hose,Breakage,20114,16697,12,111,8,0,0,0.0015202707
CLM06588,1339,SUP-082,Wheel Bearing,Sensor Failure,39187,23875,16,199,4,1,1,99.70981
CLM06589,1868,SUP-003,U-Joint,Wear,24922,22780,17,177,8,0,0,0.07330903
CLM06590,1339,SUP-091,U-Joint,Leak,49210,1808,16,20,1,1,1,99.690834
CLM06591,1203,SUP-081,Air Filter,Sensor Failure,30500,8631,7,205,9,0,0,0.013088781
CLM06592,1160,SUP-080,Wheel Speed Sensor,Leak,15429,16815,2,29,5,0,0,0.0015017886
CLM06593,1539,SUP-070,V-Belt,Misalignment,37684,8589,9,10,4,0,0,0.030601982
CLM06594,1391,SUP-007,U-Joint,Leak,14687,24681,12,9,5,0,0,0.001627015
CLM06595,1768,SUP-050,V-Belt,Wear,24712,10393,13,364,1,0,0,0.0015229436
CLM06596,1676,SUP-014,U-Joint,Leak,15837,29489,14,63,2,0,0,0.0016381314
CLM06597,1574,SUP-038,Wheel Bearing,Misalignment,49239,13197,12,33,2,0,0,0.030695632
CLM06598,1533,SUP-079,U-Joint,Misalignment,13865,3713,3,152,9,0,0,0.001626987
CLM06599,1069,SUP-047,Relay Valve,Sensor Failure,45653,10710,16,80,6,1,1,99.69494
CLM06600,1892,SUP-033,Air Filter,Breakage,13919,8938,18,32,3,0,0,0.061188124
CLM06601,1404,SUP-043,Radiator Hose,Corrosion,36094,2724,3,4,4,0,0,0.033724993
CLM06602,1607,SUP-091,U-Joint,Sensor Failure,36569,3358,9,190,1,0,0,0.032633
CLM06603,1674,SUP-029,Wheel Speed Sensor,Wear,22936,18251,15,334,7,0,0,0.001586494
CLM06604,1590,SUP-057,Radiator Hose,Corrosion,49787,29435,8,126,7,0,0,0.031761747
CLM06605,1516,SUP-005,V-Belt,Leak,31961,12955,10,22,8,0,0,0.014273396
CLM06606,1827,SUP-093,Brake Chamber,Sensor Failure,47301,5644,3,151,1,0,0,0.029374199
CLM06607,1119,SUP-096,Fuel/Water Separator,Corrosion,12022,17586,5,218,9,0,0,0.0016522661
CLM06608,1813,SUP-060,Fuel/Water Separator,Sensor Failure,16297,10615,6,282,2,0,0,0.0014469838
CLM06609,1689,SUP-070,Radiator Hose,Leak,18368,18434,14,305,1,0,0,0.0015584701
CLM06610,1687,SUP-002,Brake Chamber,Misalignment,21483,23555,19,172,1,0,0,0.074155495
CLM06611,1901,SUP-070,Wheel Speed Sensor,Sensor Failure,7463,18217,18,239,8,0,0,0.07535334
CLM06612,1216,SUP-043,Radiator Hose,Wear,14632,18682,7,150,3,0,0,0.0016302938
CLM06613,1055,SUP-004,V-Belt,Corrosion,30703,20339,4,108,6,0,0,0.01126528
CLM06614,1365,SUP-056,Wheel Bearing,Corrosion,18407,3865,3,195,6,0,0,0.0016108059
CLM06615,1698,SUP-093,Radiator Hose,Corrosion,47221,9355,13,52,2,0,0,0.030908477
CLM06616,1503,SUP-059,Fuel/Water Separator,Sensor Failure,46834,19511,4,142,2,0,0,0.033098157
CLM06617,1743,SUP-089,Relay Valve,Leak,42239,2584,9,64,1,0,0,0.03496212
CLM06618,1766,SUP-009,Fuel/Water Separator,Sensor Failure,18495,28011,6,173,9,0,0,0.0015697213
CLM06619,1924,SUP-003,Brake Chamber,Sensor Failure,26759,29718,11,192,1,0,0,0.0014884273
CLM06620,1454,SUP-090,V-Belt,Misalignment,22464,29817,9,158,6,0,0,0.0015884592
CLM06621,1103,SUP-048,Wheel Speed Sensor,Corrosion,21326,5473,9,154,9,0,0,0.0015348574
CLM06622,1076,SUP-043,Air Filter,Leak,34039,29844,19,232,6,1,1,99.886475
CLM06623,1229,SUP-091,Relay Valve,Breakage,45939,13159,1,160,6,0,0,0.032789018
CLM06624,1913,SUP-100,Radiator Hose,Leak,11533,13523,4,51,4,0,0,0.0015486162
CLM06625,1257,SUP-096,Relay Valve,Sensor Failure,13158,14433,1,215,5,0,0,0.0015049988
CLM06626,1263,SUP-001,Brake Chamber,Wear,21398,19033,13,290,1,0,0,0.0015637478
CLM06627,1330,SUP-057,V-Belt,Leak,41910,3926,16,108,3,1,1,99.70039
CLM06628,1992,SUP-053,Wheel Speed Sensor,Corrosion,17149,23492,12,204,6,0,0,0.0015790436
CLM06629,1181,SUP-016,Radiator Hose,Wear,38711,23721,1,215,2,0,0,0.034605876
CLM06630,1892,SUP-051,V-Belt,Breakage,18152,17363,15,28,1,0,0,0.0014792237
CLM06631,1767,SUP-075,Radiator Hose,Breakage,31772,28033,5,275,1,0,0,0.01630318
CLM06632,1549,SUP-090,Wheel Speed Sensor,Wear,45735,20614,1,176,1,0,0,0.030639116
CLM06633,1687,SUP-055,Radiator Hose,Breakage,28307,23243,17,354,1,0,0,0.07099248
CLM06634,1026,SUP-001,V-Belt,Wear,6166,24026,8,72,6,0,0,0.0015319998
CLM06635,1275,SUP-090,Radiator Hose,Sensor Failure,8589,16510,8,362,4,0,0,0.0014832313
CLM06636,1651,SUP-028,V-Belt,Wear,38566,18234,15,71,4,0,0,0.030593026
CLM06637,1298,SUP-053,Brake Chamber,Sensor Failure,48986,12704,12,283,4,0,0,0.032286346
CLM06638,1956,SUP-058,Wheel Bearing,Corrosion,1464,25775,16,51,8,0,0,0.030954095
CLM06639,1798,SUP-073,V-Belt,Corrosion,3600,3147,18,84,7,0,0,0.07490897
CLM06640,1090,SUP-060,Relay Valve,Breakage,1916,22250,3,54,5,0,0,0.001665763
CLM06641,1479,SUP-059,Wheel Bearing,Misalignment,10644,5608,4,123,7,0,0,0.0016024846
CLM06642,1572,SUP-022,Radiator Hose,Misalignment,7126,2221,15,227,8,0,0,0.0016186301
CLM06643,1457,SUP-008,V-Belt,Wear,8151,3659,14,17,8,0,0,0.0016241611
CLM06644,1450,SUP-049,V-Belt,Sensor Failure,12660,17217,1,220,7,0,0,0.0014973667
CLM06645,1364,SUP-042,Relay Valve,Corrosion,1065,9355,17,72,7,0,0,0.070503525
CLM06646,1858,SUP-027,Air Filter,Corrosion,27301,25854,17,114,9,0,0,0.07469235
CLM06647,1674,SUP-039,Wheel Bearing,Corrosion,13888,1723,18,351,5,0,0,0.06668799
CLM06648,1350,SUP-083,Wheel Bearing,Breakage,43459,3954,1,129,8,0,0,0.03565875
CLM06649,1654,SUP-025,V-Belt,Corrosion,14999,12191,2,105,2,0,0,0.0014544532
CLM06650,1399,SUP-038,Radiator Hose,Misalignment,8193,14146,16,270,8,0,0,0.029716384
CLM06651,1252,SUP-085,Wheel Speed Sensor,Leak,29540,22761,14,64,1,0,0,0.0016449646
CLM06652,1780,SUP-024,Wheel Speed Sensor,Breakage,12001,27573,18,152,9,0,0,0.07469235
CLM06653,1880,SUP-024,Wheel Bearing,Wear,10078,23243,9,227,1,0,0,0.0015487447
CLM06654,1802,SUP-060,Air Filter,Leak,24949,9632,14,200,8,0,0,0.0015399655
CLM06655,1458,SUP-083,Wheel Speed Sensor,Breakage,25245,3133,13,69,3,0,0,0.0015849711
CLM06656,1698,SUP-050,U-Joint,Breakage,20131,23699,14,32,4,0,0,0.0016566934
CLM06657,1916,SUP-066,Wheel Speed Sensor,Sensor Failure,49520,22258,19,1,7,1,1,99.86819
CLM06658,1498,SUP-014,Fuel/Water Separator,Leak,33811,1516,17,194,3,1,1,99.864
CLM06659,1949,SUP-053,Wheel Bearing,Leak,32543,13292,8,234,9,0,0,0.023444792
CLM06660,1970,SUP-032,Air Filter,Misalignment,37610,5033,4,204,3,0,0,0.028630326
CLM06661,1925,SUP-096,Radiator Hose,Leak,5705,12413,9,74,8,0,0,0.0015496105
CLM06662,1507,SUP-092,V-Belt,Corrosion,19272,505,11,152,8,0,0,0.0016072995
CLM06663,1303,SUP-048,Brake Chamber,Misalignment,32834,10958,7,361,3,0,0,0.025402145
CLM06664,1500,SUP-039,Relay Valve,Corrosion,14640,4487,15,147,3,0,0,0.0015179573
CLM06665,1802,SUP-040,Wheel Bearing,Misalignment,17012,23603,18,51,5,0,0,0.074459076
CLM06666,1597,SUP-042,Air Filter,Wear,6883,20676,5,337,8,0,0,0.0015990192
CLM06667,1165,SUP-077,V-Belt,Misalignment,26295,9204,16,258,6,0,0,0.027882095
CLM06668,1414,SUP-076,Brake Chamber,Wear,18074,21848,12,10,5,0,0,0.001627015
CLM06669,1461,SUP-008,Fuel/Water Separator,Misalignment,49937,11952,17,103,5,1,1,99.857185
CLM06670,1919,SUP-079,Wheel Bearing,Wear,7842,1474,15,134,6,0,0,0.0016170347
CLM06671,1113,SUP-026,Radiator Hose,Corrosion,32556,14058,19,190,8,1,1,99.82168
CLM06672,1432,SUP-012,Relay Valve,Misalignment,9301,11508,7,66,6,0,0,0.0015068199
CLM06673,1991,SUP-043,Brake Chamber,Sensor Failure,38326,9668,12,264,7,0,0,0.031016663
CLM06674,1355,SUP-051,Radiator Hose,Misalignment,32579,19617,17,324,9,1,1,99.84837
CLM06675,1927,SUP-091,Wheel Speed Sensor,Wear,26090,1120,7,187,7,0,0,0.0016170347
CLM06676,1694,SUP-082,V-Belt,Breakage,9828,13342,11,306,9,0,0,0.0015589918
CLM06677,1206,SUP-100,Wheel Bearing,Corrosion,39080,8095,1,351,1,0,0,0.031067213
CLM06678,1767,SUP-063,V-Belt,Sensor Failure,1626,13337,17,292,3,0,0,0.07095926
CLM06679,1234,SUP-049,Brake Chamber,Breakage,33837,12533,7,136,6,0,0,0.03246775
CLM06680,1441,SUP-027,U-Joint,Breakage,24933,9285,2,95,3,0,0,0.0014723949
CLM06681,1354,SUP-009,U-Joint,Corrosion,22997,10111,11,187,2,0,0,0.0014809938
CLM06682,1514,SUP-039,Relay Valve,Misalignment,33591,6352,16,232,5,1,1,99.69668
CLM06683,1207,SUP-065,Wheel Speed Sensor,Leak,15432,10634,15,334,1,0,0,0.001520252
CLM06684,1708,SUP-071,Fuel/Water Separator,Sensor Failure,29375,9314,8,345,5,0,0,0.0015378345
CLM06685,1852,SUP-090,Air Filter,Misalignment,11042,12540,15,206,8,0,0,0.0015389085
CLM06686,1124,SUP-071,Wheel Bearing,Corrosion,21703,24187,7,299,9,0,0,0.0016781618
CLM06687,1137,SUP-007,Wheel Bearing,Leak,23345,5029,5,233,6,0,0,0.0015815829
CLM06688,1338,SUP-072,Brake Chamber,Corrosion,12070,4419,8,63,4,0,0,0.0015573142
CLM06689,1536,SUP-080,U-Joint,Corrosion,12544,9009,2,337,3,0,0,0.0015253434
CLM06690,1067,SUP-067,Fuel/Water Separator,Breakage,9059,19466,6,268,8,0,0,0.0015796596
CLM06691,1572,SUP-010,Brake Chamber,Misalignment,40552,2024,4,340,2,0,0,0.03341126
CLM06692,1540,SUP-071,Fuel/Water Separator,Corrosion,19018,16208,7,354,8,0,0,0.0015343569
CLM06693,1382,SUP-085,U-Joint,Misalignment,15093,7726,6,56,7,0,0,0.0015991168
CLM06694,1018,SUP-053,Radiator Hose,Leak,45436,16817,5,49,2,0,0,0.032349292
CLM06695,1682,SUP-095,Brake Chamber,Breakage,3543,17776,5,27,2,0,0,0.0015314404
CLM06696,1449,SUP-087,Air Filter,Leak,17118,9319,18,82,2,0,0,0.06896964
CLM06697,1073,SUP-057,Fuel/Water Separator,Leak,8353,22207,11,230,1,0,0,0.0016603597
CLM06698,1572,SUP-091,Wheel Speed Sensor,Breakage,14349,12945,8,36,7,0,0,0.0014989242
CLM06699,1938,SUP-086,Brake Chamber,Misalignment,1768,3521,11,220,8,0,0,0.0016673142
CLM06700,1664,SUP-027,Radiator Hose,Leak,15163,18338,19,234,7,0,0,0.0748982
CLM06701,1275,SUP-054,Air Filter,Wear,16095,27847,19,157,4,0,0,0.07374159
CLM06702,1047,SUP-004,U-Joint,Misalignment,3603,1052,2,79,9,0,0,0.0016130687
CLM06703,1210,SUP-088,Relay Valve,Corrosion,1991,14682,10,297,2,0,0,0.001520252
CLM06704,1854,SUP-023,Wheel Bearing,Breakage,27304,12282,7,236,5,0,0,0.0015664732
CLM06705,1919,SUP-048,Wheel Bearing,Breakage,43988,13649,12,28,2,0,0,0.027737197
CLM06706,1650,SUP-083,Brake Chamber,Misalignment,17872,27581,2,192,3,0,0,0.0015824836
CLM06707,1621,SUP-042,U-Joint,Wear,9179,15655,7,152,2,0,0,0.0014880213
CLM06708,1993,SUP-003,V-Belt,Wear,5152,10777,19,101,8,0,0,0.06773718
CLM06709,1694,SUP-091,Air Filter,Wear,28895,1175,1,278,6,0,0,0.0016400665
CLM06710,1539,SUP-003,Wheel Speed Sensor,Wear,27727,8260,11,47,5,0,0,0.0015151805
CLM06711,1708,SUP-028,Wheel Bearing,Sensor Failure,28180,15176,8,17,5,0,0,0.0015099959
CLM06712,1190,SUP-063,Fuel/Water Separator,Breakage,1734,10285,8,345,9,0,0,0.0015469248
CLM06713,1314,SUP-081,Radiator Hose,Leak,6678,21281,14,12,2,0,0,0.0016223823
CLM06714,1900,SUP-031,Wheel Bearing,Breakage,37077,27758,13,276,1,0,0,0.026800023
CLM06715,1562,SUP-010,Brake Chamber,Breakage,25946,12470,10,261,6,0,0,0.0015551118
CLM06716,1660,SUP-049,Air Filter,Breakage,27649,3764,17,254,8,0,0,0.0757638
CLM06717,1779,SUP-086,Air Filter,Wear,48496,27013,6,15,8,0,0,0.03553715
CLM06718,1561,SUP-094,V-Belt,Wear,5701,5493,14,25,6,0,0,0.0015930117
CLM06719,1899,SUP-021,Relay Valve,Sensor Failure,29781,9307,8,163,3,0,0,0.0014306678
CLM06720,1757,SUP-100,Wheel Speed Sensor,Misalignment,14060,4727,7,108,3,0,0,0.0015143309
CLM06721,1112,SUP-053,U-Joint,Breakage,27877,26707,5,311,2,0,0,0.0015874082
CLM06722,1169,SUP-087,Brake Chamber,Corrosion,11022,22173,6,63,2,0,0,0.0016449646
CLM06723,1467,SUP-076,Brake Chamber,Misalignment,19243,9636,8,243,2,0,0,0.0015319678
CLM06724,1677,SUP-089,U-Joint,Sensor Failure,41487,5480,3,303,7,0,0,0.037023038
CLM06725,1920,SUP-054,U-Joint,Wear,47883,24698,9,116,9,0,0,0.03136945
CLM06726,1013,SUP-057,U-Joint,Breakage,1916,14076,10,320,7,0,0,0.0015361898
CLM06727,1714,SUP-020,V-Belt,Wear,24648,14094,1,22,8,0,0,0.0014708652
CLM06728,1287,SUP-049,U-Joint,Misalignment,40449,28552,7,106,5,0,0,0.0353858
CLM06729,1906,SUP-007,U-Joint,Leak,45135,6166,6,333,2,0,0,0.0228801
CLM06730,1188,SUP-029,Wheel Bearing,Wear,44594,24531,13,330,8,0,0,0.03538361
CLM06731,1913,SUP-048,Fuel/Water Separator,Wear,38460,7871,7,336,5,0,0,0.028465766
CLM06732,1154,SUP-093,Air Filter,Sensor Failure,16855,25546,8,130,9,0,0,0.0015979522
CLM06733,1566,SUP-013,U-Joint,Leak,27736,18839,5,126,6,0,0,0.0016213938
CLM06734,1693,SUP-003,Wheel Bearing,Misalignment,2335,2896,12,228,7,0,0,0.0016726048
CLM06735,1721,SUP-002,Relay Valve,Corrosion,28192,12598,6,317,1,0,0,0.0015244825
CLM06736,1887,SUP-016,Air Filter,Corrosion,29294,2590,15,261,8,0,0,0.0015977754
CLM06737,1470,SUP-094,Wheel Speed Sensor,Corrosion,11892,19707,4,28,7,0,0,0.0016341899
CLM06738,1074,SUP-006,Air Filter,Breakage,43913,19413,17,337,7,1,1,99.874916
CLM06739,1276,SUP-045,V-Belt,Corrosion,48971,24428,14,15,7,0,0,0.034146834
CLM06740,1939,SUP-071,U-Joint,Breakage,26524,4673,7,183,7,0,0,0.0015927427
CLM06741,1644,SUP-005,Air Filter,Misalignment,1301,9751,13,294,1,0,0,0.0015575488
CLM06742,1342,SUP-056,Relay Valve,Misalignment,41508,7459,10,210,9,0,0,0.03505758
CLM06743,1424,SUP-071,V-Belt,Wear,30912,13985,18,14,7,1,1,99.539986
CLM06744,1570,SUP-098,U-Joint,Corrosion,15903,9338,2,32,7,0,0,0.001540086
CLM06745,1510,SUP-032,Air Filter,Sensor Failure,28164,10045,12,44,1,0,0,0.0014887311
CLM06746,1856,SUP-049,U-Joint,Misalignment,48195,27775,13,348,6,0,0,0.03260753
CLM06747,1181,SUP-013,V-Belt,Leak,36469,13866,7,116,8,0,0,0.02875844
CLM06748,1457,SUP-030,Radiator Hose,Leak,43435,9455,18,123,5,1,1,99.8689
CLM06749,1917,SUP-025,Fuel/Water Separator,Misalignment,26189,29147,11,102,1,0,0,0.0015988911
CLM06750,1850,SUP-085,Radiator Hose,Wear,6644,2826,10,4,5,0,0,0.0016011372
CLM06751,1832,SUP-060,Brake Chamber,Leak,6520,17342,6,190,2,0,0,0.0015038309
CLM06752,1063,SUP-059,Fuel/Water Separator,Leak,34436,25767,14,203,2,0,0,0.037059408
CLM06753,1838,SUP-085,Fuel/Water Separator,Wear,3128,3072,5,238,4,0,0,0.0015443598
CLM06754,1259,SUP-028,Relay Valve,Wear,16459,16575,6,59,4,0,0,0.0014816351
CLM06755,1192,SUP-058,Relay Valve,Wear,40506,14266,9,331,7,0,0,0.031325426
CLM06756,1654,SUP-020,U-Joint,Sensor Failure,17601,6440,5,145,9,0,0,0.0016384141
CLM06757,1615,SUP-034,Air Filter,Wear,9940,16434,5,4,2,0,0,0.0014766416
CLM06758,1971,SUP-005,Radiator Hose,Wear,37988,19423,19,260,8,1,1,99.866356
CLM06759,1405,SUP-082,Wheel Speed Sensor,Wear,25776,4669,13,241,8,0,0,0.0016262549
CLM06760,1725,SUP-060,Brake Chamber,Misalignment,32745,14266,5,303,8,0,0,0.030728573
CLM06761,1753,SUP-043,Wheel Speed Sensor,Corrosion,20005,9510,14,229,9,0,0,0.001527945
CLM06762,1942,SUP-057,U-Joint,Misalignment,38907,6573,2,140,9,0,0,0.033445932
CLM06763,1720,SUP-057,Fuel/Water Separator,Corrosion,32702,29326,5,327,7,0,0,0.02797756
CLM06764,1092,SUP-075,Brake Chamber,Sensor Failure,1721,25594,12,54,5,0,0,0.001665763
CLM06765,1429,SUP-054,U-Joint,Sensor Failure,42911,21354,7,63,7,0,0,0.03697863
CLM06766,1653,SUP-081,Brake Chamber,Leak,35649,24357,3,143,7,0,0,0.037129603
CLM06767,1433,SUP-045,Wheel Bearing,Misalignment,22565,20875,9,56,7,0,0,0.0016649532
CLM06768,1403,SUP-086,Radiator Hose,Corrosion,19704,25418,15,73,8,0,0,0.0016569367
CLM06769,1433,SUP-037,Relay Valve,Sensor Failure,40718,7308,15,97,2,0,0,0.033613607
CLM06770,1111,SUP-084,Radiator Hose,Sensor Failure,10968,23071,8,358,4,0,0,0.0015635435
CLM06771,1928,SUP-048,Wheel Speed Sensor,Misalignment,16098,29719,16,80,9,0,0,0.03068931
CLM06772,1374,SUP-054,Brake Chamber,Leak,9890,8108,2,287,4,0,0,0.0016142398
CLM06773,1058,SUP-048,V-Belt,Wear,1621,13908,1,271,2,0,0,0.0014660464
CLM06774,1042,SUP-006,Relay Valve,Breakage,30657,23192,4,130,7,0,0,0.011633704
CLM06775,1206,SUP-034,Wheel Speed Sensor,Leak,17843,27869,4,13,6,0,0,0.0016267343
CLM06776,1779,SUP-063,Wheel Bearing,Breakage,26660,11866,6,248,4,0,0,0.0015347388
CLM06777,1295,SUP-078,Wheel Bearing,Leak,25875,21415,3,5,8,0,0,0.0016217588
CLM06778,1117,SUP-048,V-Belt,Leak,16698,16240,8,32,6,0,0,0.0015747562
CLM06779,1531,SUP-023,Fuel/Water Separator,Wear,27006,15282,2,181,8,0,0,0.001540825
CLM06780,1221,SUP-084,Brake Chamber,Sensor Failure,25525,5626,17,106,4,0,0,0.07389403
CLM06781,1165,SUP-013,Wheel Bearing,Corrosion,39143,17327,12,237,2,0,0,0.03277677
CLM06782,1642,SUP-047,Relay Valve,Leak,24696,29650,12,21,6,0,0,0.0016219675
CLM06783,1155,SUP-044,Wheel Speed Sensor,Wear,32310,4204,15,225,9,0,0,0.021554478
CLM06784,1183,SUP-032,V-Belt,Breakage,27964,18784,18,203,9,0,0,0.07277216
CLM06785,1089,SUP-026,Fuel/Water Separator,Misalignment,6925,10209,9,41,9,0,0,0.0015572457
CLM06786,1093,SUP-053,Fuel/Water Separator,Misalignment,32122,29208,5,343,3,0,0,0.022224527
CLM06787,1012,SUP-014,U-Joint,Sensor Failure,40199,18440,3,161,3,0,0,0.030607233
CLM06788,1972,SUP-052,Wheel Speed Sensor,Misalignment,34756,25173,17,232,3,1,1,99.8653
CLM06789,1833,SUP-036,Relay Valve,Leak,25789,11553,12,136,5,0,0,0.0015332041
CLM06790,1804,SUP-008,Wheel Bearing,Breakage,17915,17928,14,292,5,0,0,0.0015847567
CLM06791,1944,SUP-040,U-Joint,Leak,3917,14043,8,33,5,0,0,0.0015172655
CLM06792,1741,SUP-086,Air Filter,Misalignment,7885,9159,9,29,8,0,0,0.00154632
CLM06793,1833,SUP-022,Relay Valve,Corrosion,37387,9045,2,351,8,0,0,0.030948373
CLM06794,1803,SUP-016,Brake Chamber,Misalignment,11410,16955,2,57,8,0,0,0.0015436251
CLM06795,1437,SUP-091,Wheel Speed Sensor,Corrosion,30209,10067,16,328,9,1,1,98.34986
CLM06796,1537,SUP-060,V-Belt,Misalignment,14574,1575,11,346,6,0,0,0.0016287864
CLM06797,1586,SUP-060,Wheel Bearing,Sensor Failure,32521,9937,10,180,2,0,0,0.021719044
CLM06798,1967,SUP-010,Air Filter,Breakage,30061,9715,8,126,9,0,0,0.012540135
CLM06799,1875,SUP-025,Brake Chamber,Corrosion,40332,10512,7,124,6,0,0,0.03210589
CLM06800,1935,SUP-031,V-Belt,Wear,31805,26065,1,253,1,0,0,0.013647823
CLM06801,1810,SUP-021,Wheel Bearing,Sensor Failure,36828,21439,10,359,5,0,0,0.03251812
CLM06802,1149,SUP-091,Fuel/Water Separator,Leak,15826,22170,19,258,7,0,0,0.07412053
CLM06803,1659,SUP-081,Air Filter,Misalignment,48999,27624,5,90,1,0,0,0.032862782
CLM06804,1007,SUP-033,Air Filter,Breakage,31779,13504,8,18,7,0,0,0.01575193
CLM06805,1028,SUP-031,U-Joint,Breakage,36292,4962,9,219,5,0,0,0.032154504
CLM06806,1295,SUP-090,U-Joint,Misalignment,13607,4221,13,178,5,0,0,0.0015198229
CLM06807,1985,SUP-021,Fuel/Water Separator,Wear,46712,3607,14,209,2,0,0,0.028717041
CLM06808,1925,SUP-036,Wheel Bearing,Corrosion,46883,21586,6,301,4,0,0,0.028737172
CLM06809,1720,SUP-065,U-Joint,Misalignment,2100,19459,11,15,9,0,0,0.0015626863
CLM06810,1639,SUP-004,U-Joint,Breakage,9310,19930,9,235,2,0,0,0.0015582591
CLM06811,1339,SUP-068,Radiator Hose,Wear,44728,17632,13,135,9,0,0,0.03153816
CLM06812,1627,SUP-090,Radiator Hose,Wear,39069,18583,4,209,8,0,0,0.033665404
CLM06813,1438,SUP-004,Relay Valve,Leak,25201,25677,2,211,4,0,0,0.0015686244
CLM06814,1143,SUP-009,Radiator Hose,Wear,48740,5215,2,155,2,0,0,0.032237105
CLM06815,1941,SUP-030,Wheel Bearing,Sensor Failure,10233,16455,13,40,6,0,0,0.0015239563
CLM06816,1829,SUP-045,Wheel Bearing,Breakage,45095,8946,19,273,7,1,1,99.884026
CLM06817,1746,SUP-004,Radiator Hose,Sensor Failure,1496,11669,1,160,2,0,0,0.0014996692
CLM06818,1518,SUP-069,Brake Chamber,Wear,31443,19608,6,144,8,0,0,0.017889896
CLM06819,1975,SUP-023,V-Belt,Wear,5174,22203,8,191,9,0,0,0.001496837
CLM06820,1044,SUP-016,Fuel/Water Separator,Sensor Failure,6530,17719,17,222,5,0,0,0.07203312
CLM06821,1954,SUP-022,Wheel Bearing,Leak,16098,2350,3,334,6,0,0,0.0016109687
CLM06822,1238,SUP-072,Wheel Bearing,Wear,45092,21648,6,242,6,0,0,0.036044277
CLM06823,1951,SUP-048,Relay Valve,Sensor Failure,29114,19986,19,361,2,0,0,0.066769585
CLM06824,1943,SUP-062,Wheel Bearing,Sensor Failure,35421,4149,7,338,1,0,0,0.023555744
CLM06825,1154,SUP-097,Air Filter,Breakage,41014,23628,15,86,5,0,0,0.03233884
CLM06826,1180,SUP-060,V-Belt,Leak,47828,19417,6,180,6,0,0,0.027725749
CLM06827,1214,SUP-080,Wheel Bearing,Corrosion,31534,2806,18,80,1,1,1,99.684074
CLM06828,1087,SUP-005,Radiator Hose,Sensor Failure,47567,13040,10,305,8,0,0,0.029528493
CLM06829,1255,SUP-080,Wheel Bearing,Breakage,17627,993,4,49,5,0,0,0.0014994217
CLM06830,1510,SUP-007,Fuel/Water Separator,Corrosion,19639,28381,5,154,5,0,0,0.0016186748
CLM06831,1072,SUP-051,Relay Valve,Breakage,7999,26206,18,179,8,0,0,0.07561514
CLM06832,1930,SUP-065,Fuel/Water Separator,Breakage,47166,22584,10,299,8,0,0,0.031016782
CLM06833,1178,SUP-009,V-Belt,Misalignment,27250,7433,10,326,9,0,0,0.0015862157
CLM06834,1211,SUP-082,V-Belt,Leak,40511,13123,10,243,4,0,0,0.02896222
CLM06835,1804,SUP-045,V-Belt,Wear,3692,28860,7,327,3,0,0,0.0015375165
CLM06836,1233,SUP-047,Relay Valve,Leak,7073,10792,14,9,2,0,0,0.0014837617
CLM06837,1464,SUP-067,Fuel/Water Separator,Corrosion,41998,12707,8,192,1,0,0,0.031145353
CLM06838,1750,SUP-024,U-Joint,Misalignment,4247,4540,9,90,5,0,0,0.0015697571
CLM06839,1222,SUP-092,Air Filter,Leak,24005,2276,5,2,6,0,0,0.001515147
CLM06840,1630,SUP-010,V-Belt,Wear,18999,2367,8,3,8,0,0,0.001610666
CLM06841,1824,SUP-073,Brake Chamber,Leak,1019,3234,5,195,6,0,0,0.0016350192
CLM06842,1263,SUP-077,Fuel/Water Separator,Leak,15160,3831,18,265,2,0,0,0.06481746
CLM06843,1206,SUP-048,Fuel/Water Separator,Leak,48378,20324,4,268,8,0,0,0.034598947
CLM06844,1606,SUP-035,Radiator Hose,Sensor Failure,21155,17093,11,243,5,0,0,0.0015652098
CLM06845,1884,SUP-054,Wheel Speed Sensor,Sensor Failure,41089,11805,11,165,3,0,0,0.029057167
CLM06846,1733,SUP-087,Wheel Speed Sensor,Leak,40374,24990,14,213,6,0,0,0.036541283
CLM06847,1365,SUP-081,Relay Valve,Wear,41344,5608,13,360,6,0,0,0.03403513
CLM06848,1275,SUP-071,V-Belt,Wear,33398,14164,4,195,3,0,0,0.029823557
CLM06849,1379,SUP-016,Radiator Hose,Wear,49605,19613,16,56,7,1,1,99.70307
CLM06850,1742,SUP-053,V-Belt,Wear,41596,13681,6,105,7,0,0,0.030996976
CLM06851,1308,SUP-040,V-Belt,Misalignment,13706,8622,13,213,7,0,0,0.0014833388
CLM06852,1630,SUP-100,Radiator Hose,Misalignment,5741,12761,5,319,8,0,0,0.0015755388
CLM06853,1267,SUP-020,Radiator Hose,Breakage,31323,29508,19,154,7,1,1,99.59034
CLM06854,1944,SUP-088,Air Filter,Leak,26444,5270,10,216,4,0,0,0.0015633691
CLM06855,1784,SUP-069,Wheel Bearing,Leak,49330,4700,5,46,5,0,0,0.034648027
CLM06856,1063,SUP-045,Wheel Speed Sensor,Breakage,29566,20645,14,181,4,0,0,0.0015910941
CLM06857,1809,SUP-006,Wheel Bearing,Wear,38355,29874,4,60,2,0,0,0.034238137
CLM06858,1349,SUP-092,Radiator Hose,Corrosion,23822,9839,6,244,7,0,0,0.001561347
CLM06859,1924,SUP-069,Relay Valve,Corrosion,43129,12473,5,226,3,0,0,0.026743464
CLM06860,1914,SUP-049,Radiator Hose,Breakage,39125,14841,2,32,1,0,0,0.024675176
CLM06861,1493,SUP-039,Wheel Bearing,Corrosion,10982,23827,6,347,1,0,0,0.0015936802
CLM06862,1522,SUP-002,U-Joint,Sensor Failure,42383,26366,2,175,9,0,0,0.034250647
CLM06863,1097,SUP-039,U-Joint,Leak,36823,19998,12,317,3,0,0,0.031546127
CLM06864,1945,SUP-021,Wheel Speed Sensor,Corrosion,19587,12570,4,94,7,0,0,0.0015189142
CLM06865,1070,SUP-040,Brake Chamber,Misalignment,11175,3200,13,130,9,0,0,0.0016184588
CLM06866,1363,SUP-082,Relay Valve,Misalignment,33185,23578,17,151,7,1,1,99.884674
CLM06867,1569,SUP-054,V-Belt,Sensor Failure,19341,15777,6,311,8,0,0,0.0015550553
CLM06868,1801,SUP-012,Fuel/Water Separator,Leak,46298,25749,3,297,6,0,0,0.035769474
CLM06869,1762,SUP-081,Radiator Hose,Sensor Failure,16787,11667,13,252,3,0,0,0.001479314
CLM06870,1275,SUP-037,U-Joint,Leak,2789,11063,3,139,1,0,0,0.0014836994
CLM06871,1049,SUP-038,Brake Chamber,Leak,16307,23643,9,271,8,0,0,0.0015272386
CLM06872,1357,SUP-015,Relay Valve,Corrosion,1584,25832,4,357,6,0,0,0.0015909923
CLM06873,1727,SUP-007,Relay Valve,Misalignment,39946,5684,2,323,2,0,0,0.030546365
CLM06874,1905,SUP-078,U-Joint,Breakage,37958,4796,5,112,8,0,0,0.028551033
CLM06875,1927,SUP-050,Fuel/Water Separator,Corrosion,48323,24932,8,158,4,0,0,0.031206109
CLM06876,1563,SUP-065,Brake Chamber,Wear,31332,21221,2,57,9,0,0,0.015979685
CLM06877,1782,SUP-067,Air Filter,Sensor Failure,10400,15866,5,190,9,0,0,0.001527945
CLM06878,1484,SUP-044,Fuel/Water Separator,Wear,49164,27977,6,33,9,0,0,0.036448944
CLM06879,1083,SUP-031,Wheel Bearing,Leak,44782,10179,7,321,4,0,0,0.032876223
CLM06880,1898,SUP-043,Relay Valve,Corrosion,12885,9659,13,1,6,0,0,0.0015357651
CLM06881,1804,SUP-077,Brake Chamber,Wear,28023,3512,9,131,4,0,0,0.0016376893
CLM06882,1637,SUP-048,U-Joint,Wear,22169,19236,7,9,5,0,0,0.0015853462
CLM06883,1807,SUP-082,Relay Valve,Misalignment,26741,4909,4,32,7,0,0,0.001599097
CLM06884,1583,SUP-081,Fuel/Water Separator,Wear,14280,23505,5,77,7,0,0,0.0016518438
CLM06885,1295,SUP-081,V-Belt,Misalignment,15469,3343,3,301,6,0,0,0.0015581237
CLM06886,1235,SUP-061,V-Belt,Misalignment,16804,17766,17,95,4,0,0,0.073629275
CLM06887,1055,SUP-075,Relay Valve,Leak,38524,17381,19,185,5,1,1,99.8816
CLM06888,1918,SUP-084,Brake Chamber,Misalignment,7025,14345,13,277,5,0,0,0.0015350755
CLM06889,1359,SUP-010,Brake Chamber,Leak,8455,12120,1,23,9,0,0,0.0014994001
CLM06890,1906,SUP-029,Wheel Bearing,Misalignment,11497,23098,5,117,6,0,0,0.0016053831
CLM06891,1109,SUP-048,Wheel Bearing,Misalignment,2062,2405,9,360,4,0,0,0.0015343423
CLM06892,1191,SUP-098,U-Joint,Leak,29976,15872,4,30,6,0,0,0.001488169
CLM06893,1903,SUP-081,V-Belt,Wear,43807,15241,10,325,7,0,0,0.027065795
CLM06894,1092,SUP-062,U-Joint,Sensor Failure,26101,2040,14,74,7,0,0,0.0017109498
CLM06895,1861,SUP-013,Brake Chamber,Corrosion,10574,24073,10,320,3,0,0,0.0015643995
CLM06896,1567,SUP-044,Wheel Bearing,Corrosion,48481,18882,1,295,6,0,0,0.035621338
CLM06897,1059,SUP-047,Fuel/Water Separator,Leak,22352,18216,19,311,7,0,0,0.07522957
CLM06898,1649,SUP-064,Radiator Hose,Wear,7066,20250,17,230,1,0,0,0.07359224
CLM06899,1038,SUP-091,Radiator Hose,Sensor Failure,30661,10264,15,263,4,0,0,0.011423038
CLM06900,1539,SUP-053,Wheel Speed Sensor,Breakage,22784,14866,6,39,7,0,0,0.001499576
CLM06901,1048,SUP-090,Relay Valve,Leak,39452,7729,7,104,1,0,0,0.028418828
CLM06902,1419,SUP-092,Air Filter,Breakage,29682,5840,1,352,8,0,0,0.0015427702
CLM06903,1636,SUP-077,Air Filter,Corrosion,11914,8026,5,194,6,0,0,0.0016473965
CLM06904,1012,SUP-076,Fuel/Water Separator,Corrosion,40606,28740,7,143,6,0,0,0.030782202
CLM06905,1991,SUP-044,Wheel Speed Sensor,Sensor Failure,35755,3954,2,202,3,0,0,0.028303074
CLM06906,1035,SUP-028,V-Belt,Sensor Failure,5067,4316,3,207,6,0,0,0.0015233054
CLM06907,1100,SUP-002,Fuel/Water Separator,Breakage,37872,6137,2,34,4,0,0,0.03343015
CLM06908,1793,SUP-057,Fuel/Water Separator,Corrosion,13315,14428,16,291,9,0,0,0.029805053
CLM06909,1085,SUP-057,Radiator Hose,Sensor Failure,48926,1860,17,261,4,1,1,99.88354
CLM06910,1515,SUP-034,Air Filter,Sensor Failure,9877,23189,12,312,6,0,0,0.0015882836
CLM06911,1222,SUP-087,V-Belt,Corrosion,33207,6474,5,83,6,0,0,0.030236023
CLM06912,1337,SUP-058,Relay Valve,Corrosion,24038,17447,4,263,1,0,0,0.0015379314
CLM06913,1959,SUP-052,Relay Valve,Wear,13869,6801,16,309,4,0,0,0.029352084
CLM06914,1165,SUP-029,Radiator Hose,Misalignment,13058,23040,18,238,9,0,0,0.073842324
CLM06915,1382,SUP-035,Wheel Speed Sensor,Sensor Failure,12017,13997,13,172,6,0,0,0.0015232225
CLM06916,1855,SUP-075,Relay Valve,Breakage,4734,17617,9,186,4,0,0,0.0015446456
CLM06917,1894,SUP-048,Wheel Speed Sensor,Leak,24188,25828,16,362,7,0,0,0.028101116
CLM06918,1375,SUP-033,Air Filter,Leak,4500,27432,3,42,7,0,0,0.0016569367
CLM06919,1470,SUP-075,Brake Chamber,Corrosion,27626,12935,17,228,5,0,0,0.07143663
CLM06920,1789,SUP-073,Fuel/Water Separator,Misalignment,46098,14713,10,274,4,0,0,0.034719516
CLM06921,1641,SUP-078,U-Joint,Breakage,6730,22058,4,262,4,0,0,0.0015789607
CLM06922,1030,SUP-009,V-Belt,Wear,4261,19858,1,132,7,0,0,0.0014786074
CLM06923,1374,SUP-048,Wheel Bearing,Sensor Failure,46097,7214,16,97,6,1,1,99.7213
CLM06924,1010,SUP-067,Wheel Bearing,Wear,5825,4486,11,53,4,0,0,0.0015382908
CLM06925,1987,SUP-093,Fuel/Water Separator,Breakage,2981,22713,19,277,3,0,0,0.07342905
CLM06926,1301,SUP-083,Fuel/Water Separator,Wear,18031,11407,8,194,2,0,0,0.0014361452
CLM06927,1095,SUP-036,Fuel/Water Separator,Corrosion,16876,2285,5,355,4,0,0,0.001581043
CLM06928,1189,SUP-096,V-Belt,Leak,2982,16768,8,173,7,0,0,0.0014667372
CLM06929,1452,SUP-071,Air Filter,Corrosion,6255,29863,18,340,2,0,0,0.07201898
CLM06930,1191,SUP-092,Brake Chamber,Sensor Failure,11749,15345,15,193,9,0,0,0.0015194953
CLM06931,1485,SUP-044,Fuel/Water Separator,Corrosion,31214,19517,18,145,9,1,1,99.581604
CLM06932,1265,SUP-082,U-Joint,Breakage,29708,7580,13,145,6,0,0,0.001532963
CLM06933,1423,SUP-060,Brake Chamber,Breakage,3019,18976,15,276,9,0,0,0.001625526
CLM06934,1127,SUP-063,V-Belt,Sensor Failure,38442,8314,13,260,1,0,0,0.030551462
CLM06935,1237,SUP-005,Fuel/Water Separator,Sensor Failure,41839,14533,3,331,6,0,0,0.028659027
CLM06936,1919,SUP-087,V-Belt,Leak,7980,10497,12,15,3,0,0,0.0014336247
CLM06937,1354,SUP-086,Brake Chamber,Wear,44524,12055,12,313,6,0,0,0.03353175
CLM06938,1939,SUP-090,Wheel Speed Sensor,Leak,10212,29435,10,283,5,0,0,0.0015795904
CLM06939,1111,SUP-076,Wheel Speed Sensor,Corrosion,48982,24319,1,216,5,0,0,0.034956187
CLM06940,1827,SUP-040,Relay Valve,Wear,26657,16795,6,276,1,0,0,0.001521926
CLM06941,1445,SUP-019,Wheel Bearing,Sensor Failure,24486,28131,19,108,5,0,0,0.075122364
CLM06942,1342,SUP-047,Wheel Speed Sensor,Breakage,23375,18132,13,256,6,0,0,0.0015711515
CLM06943,1144,SUP-065,Radiator Hose,Corrosion,43982,8907,1,79,1,0,0,0.032808438
CLM06944,1064,SUP-067,Wheel Speed Sensor,Leak,21592,4445,19,18,7,0,0,0.07146008
CLM06945,1246,SUP-091,Air Filter,Misalignment,33203,29402,6,342,1,0,0,0.029797722
CLM06946,1734,SUP-018,Fuel/Water Separator,Misalignment,37443,2225,1,305,7,0,0,0.037919186
CLM06947,1990,SUP-050,Air Filter,Sensor Failure,35547,19585,17,213,9,1,1,99.87117
CLM06948,1489,SUP-030,Relay Valve,Wear,27395,9892,17,209,7,0,0,0.06424865
CLM06949,1824,SUP-066,Radiator Hose,Misalignment,38305,28710,11,11,5,0,0,0.036635216
CLM06950,1438,SUP-005,Wheel Speed Sensor,Wear,18257,15537,12,146,3,0,0,0.0014886686
CLM06951,1105,SUP-093,Fuel/Water Separator,Breakage,45610,18424,13,35,7,0,0,0.034319874
CLM06952,1180,SUP-097,Radiator Hose,Sensor Failure,30817,6342,18,55,6,1,1,99.51163
CLM06953,1183,SUP-042,Radiator Hose,Sensor Failure,22150,21686,1,351,8,0,0,0.0015158553
CLM06954,1225,SUP-084,Air Filter,Corrosion,20812,17396,3,28,8,0,0,0.0015190998
CLM06955,1776,SUP-094,Wheel Bearing,Corrosion,46750,7771,17,344,6,1,1,99.87979
CLM06956,1789,SUP-005,Brake Chamber,Wear,22988,14684,7,164,7,0,0,0.0015479726
CLM06957,1908,SUP-050,Wheel Bearing,Misalignment,12108,28787,17,109,3,0,0,0.07324597
CLM06958,1088,SUP-085,Wheel Bearing,Misalignment,10219,29012,16,24,4,0,0,0.024839368
CLM06959,1687,SUP-058,Brake Chamber,Leak,25696,11044,12,161,7,0,0,0.0015759324
CLM06960,1529,SUP-079,Wheel Speed Sensor,Wear,26317,28908,8,165,6,0,0,0.0015759204
CLM06961,1370,SUP-084,Radiator Hose,Misalignment,4881,8673,11,272,3,0,0,0.0015393165
CLM06962,1971,SUP-008,Radiator Hose,Corrosion,43469,14724,3,112,7,0,0,0.03105137
CLM06963,1935,SUP-031,Wheel Bearing,Corrosion,43202,6588,12,73,3,0,0,0.029926717
CLM06964,1912,SUP-012,Wheel Bearing,Corrosion,24829,13138,4,50,8,0,0,0.0015296831
CLM06965,1398,SUP-021,V-Belt,Wear,21736,1302,9,111,7,0,0,0.0015863215
CLM06966,1105,SUP-094,Brake Chamber,Sensor Failure,12109,13238,17,13,4,0,0,0.069633946
CLM06967,1270,SUP-062,Air Filter,Leak,24443,5888,16,71,1,0,0,0.028290527
CLM06968,1974,SUP-091,Radiator Hose,Leak,6649,24423,12,201,6,0,0,0.0015914022
CLM06969,1830,SUP-090,Air Filter,Corrosion,45741,23960,15,291,5,0,0,0.033586223
CLM06970,1502,SUP-033,Fuel/Water Separator,Breakage,28211,16705,15,24,9,0,0,0.0015722008
CLM06971,1678,SUP-026,Wheel Speed Sensor,Wear,22392,1401,1,214,6,0,0,0.0016462421
CLM06972,1524,SUP-090,Wheel Bearing,Misalignment,8317,7376,3,295,1,0,0,0.0015475474
CLM06973,1848,SUP-100,V-Belt,Misalignment,12031,21042,2,147,3,0,0,0.001541332
CLM06974,1031,SUP-040,V-Belt,Sensor Failure,14963,18672,17,174,2,0,0,0.06651103
CLM06975,1392,SUP-065,Fuel/Water Separator,Corrosion,33003,21484,12,5,3,0,0,0.03418056
CLM06976,1039,SUP-059,Wheel Speed Sensor,Breakage,6508,11004,5,332,1,0,0,0.0014723921
CLM06977,1659,SUP-015,Wheel Speed Sensor,Corrosion,38785,2199,11,360,2,0,0,0.032453794
CLM06978,1217,SUP-001,Relay Valve,Breakage,9122,23562,19,338,8,0,0,0.07355872
CLM06979,1730,SUP-011,Wheel Bearing,Leak,25509,11842,15,7,3,0,0,0.0014880839
CLM06980,1980,SUP-055,Brake Chamber,Breakage,45036,6249,7,211,9,0,0,0.031194981
CLM06981,1081,SUP-002,Brake Chamber,Leak,26497,26284,8,271,4,0,0,0.0016217496
CLM06982,1844,SUP-065,U-Joint,Leak,15418,3493,10,329,2,0,0,0.0015587035
CLM06983,1719,SUP-095,Wheel Speed Sensor,Wear,44159,11234,6,276,7,0,0,0.034471035
CLM06984,1200,SUP-044,Air Filter,Breakage,5062,2094,15,240,9,0,0,0.0015994386
CLM06985,1446,SUP-016,Fuel/Water Separator,Sensor Failure,47814,20325,10,315,5,0,0,0.031867452
CLM06986,1843,SUP-022,V-Belt,Sensor Failure,8348,15738,17,4,1,0,0,0.06570403
CLM06987,1427,SUP-018,Wheel Bearing,Breakage,41710,18722,6,202,9,0,0,0.03546909
CLM06988,1037,SUP-047,Fuel/Water Separator,Wear,8945,13551,19,106,9,0,0,0.06916071
CLM06989,1210,SUP-081,Radiator Hose,Sensor Failure,2493,28748,6,40,7,0,0,0.0016443325
CLM06990,1443,SUP-030,Relay Valve,Corrosion,13699,8408,14,65,1,0,0,0.0014887311
CLM06991,1326,SUP-010,V-Belt,Sensor Failure,18981,3402,13,35,4,0,0,0.0015993655
CLM06992,1760,SUP-099,Fuel/Water Separator,Wear,36196,15166,13,44,1,0,0,0.03047655
CLM06993,1226,SUP-058,Fuel/Water Separator,Leak,12187,16299,9,263,3,0,0,0.001550057
CLM06994,1047,SUP-062,Relay Valve,Leak,48893,7905,9,150,7,0,0,0.031555902
CLM06995,1017,SUP-085,Fuel/Water Separator,Leak,17696,7547,8,279,1,0,0,0.001519633
CLM06996,1911,SUP-080,V-Belt,Wear,32583,19223,10,65,8,0,0,0.024311228
CLM06997,1438,SUP-006,Radiator Hose,Leak,11634,5021,4,344,4,0,0,0.0016446147
CLM06998,1806,SUP-067,V-Belt,Leak,29557,11034,3,276,4,0,0,0.0015233475
CLM06999,1707,SUP-041,Relay Valve,Wear,40454,5428,13,32,1,0,0,0.03360313
CLM07000,1186,SUP-043,Radiator Hose,Corrosion,1003,17383,8,353,5,0,0,0.0015098664
CLM07001,1344,SUP-085,Brake Chamber,Sensor Failure,40829,20511,9,164,8,0,0,0.034824666
CLM07002,1223,SUP-077,Wheel Bearing,Wear,42845,9536,14,353,8,0,0,0.034492403
CLM07003,1829,SUP-018,Wheel Speed Sensor,Wear,13380,12355,1,161,7,0,0,0.0015399655
CLM07004,1487,SUP-058,Brake Chamber,Breakage,22602,16545,14,325,7,0,0,0.0015688369
CLM07005,1908,SUP-060,V-Belt,Leak,3380,9752,12,82,8,0,0,0.001472402
CLM07006,1876,SUP-088,Radiator Hose,Misalignment,18619,22529,4,265,8,0,0,0.0015924177
CLM07007,1848,SUP-027,Wheel Bearing,Corrosion,8762,19565,4,42,1,0,0,0.0015151759
CLM07008,1228,SUP-068,Wheel Bearing,Misalignment,28854,10112,13,199,2,0,0,0.001508079
CLM07009,1389,SUP-022,Relay Valve,Breakage,46682,25825,16,207,8,1,1,99.69441
CLM07010,1978,SUP-024,Relay Valve,Corrosion,12225,14378,11,110,1,0,0,0.0014150267
CLM07011,1588,SUP-040,Relay Valve,Leak,46628,10639,3,132,9,0,0,0.03389292
CLM07012,1187,SUP-074,Air Filter,Misalignment,36171,26121,2,231,9,0,0,0.03576439
CLM07013,1857,SUP-066,V-Belt,Leak,39789,28487,3,72,2,0,0,0.0343042
CLM07014,1269,SUP-040,U-Joint,Leak,40502,5090,17,328,6,1,1,99.87375
CLM07015,1606,SUP-006,Fuel/Water Separator,Sensor Failure,13483,3974,1,124,4,0,0,0.0017114329
CLM07016,1309,SUP-018,Wheel Speed Sensor,Corrosion,25837,18110,11,197,7,0,0,0.0015481203
CLM07017,1131,SUP-081,Relay Valve,Corrosion,3369,3473,16,279,2,0,0,0.032402534
CLM07018,1550,SUP-087,Wheel Speed Sensor,Breakage,3467,5545,10,107,1,0,0,0.0015179573
CLM07019,1071,SUP-030,Air Filter,Wear,33241,26445,6,354,9,0,0,0.036412824
CLM07020,1792,SUP-021,Wheel Speed Sensor,Leak,43894,17922,2,143,9,0,0,0.034024227
CLM07021,1844,SUP-062,V-Belt,Leak,14607,13841,7,51,9,0,0,0.00146641
CLM07022,1671,SUP-010,Radiator Hose,Misalignment,35027,15888,17,123,5,1,1,99.88631
CLM07023,1186,SUP-013,U-Joint,Breakage,46736,18671,8,50,3,0,0,0.03381001
CLM07024,1485,SUP-076,U-Joint,Corrosion,35822,14995,13,339,6,0,0,0.03262566
CLM07025,1190,SUP-009,Fuel/Water Separator,Sensor Failure,17917,26728,4,281,1,0,0,0.001558158
CLM07026,1421,SUP-068,Relay Valve,Corrosion,35887,15505,11,39,8,0,0,0.029154845
CLM07027,1119,SUP-039,Wheel Speed Sensor,Sensor Failure,18907,21599,2,324,4,0,0,0.0016382282
CLM07028,1219,SUP-024,Air Filter,Sensor Failure,44625,21606,8,328,2,0,0,0.031470336
CLM07029,1052,SUP-034,Radiator Hose,Corrosion,44146,29443,18,362,4,1,1,99.88775
CLM07030,1733,SUP-061,U-Joint,Misalignment,20841,9111,8,269,1,0,0,0.0015362983
CLM07031,1450,SUP-041,Brake Chamber,Leak,36357,14835,11,166,8,0,0,0.03413525
CLM07032,1411,SUP-005,U-Joint,Sensor Failure,38187,19781,5,36,6,0,0,0.031941272
CLM07033,1642,SUP-079,Radiator Hose,Misalignment,8092,21468,7,109,1,0,0,0.0016041282
CLM07034,1236,SUP-050,V-Belt,Breakage,40512,23203,4,243,1,0,0,0.034876067
CLM07035,1757,SUP-004,Wheel Speed Sensor,Breakage,35708,3802,10,124,2,0,0,0.03212169
CLM07036,1737,SUP-051,Wheel Bearing,Sensor Failure,21120,1295,6,223,7,0,0,0.001684431
CLM07037,1719,SUP-052,Air Filter,Leak,20271,5937,13,19,2,0,0,0.00156032
CLM07038,1405,SUP-039,Fuel/Water Separator,Sensor Failure,47468,19693,16,37,3,1,1,99.69321
CLM07039,1607,SUP-008,Brake Chamber,Breakage,6357,17350,2,217,9,0,0,0.001537792
CLM07040,1421,SUP-045,Relay Valve,Breakage,26563,13227,15,101,1,0,0,0.0014723949
CLM07041,1711,SUP-088,Relay Valve,Corrosion,2345,15915,8,193,9,0,0,0.0015364683
CLM07042,1246,SUP-028,Relay Valve,Leak,10978,26430,17,85,6,0,0,0.07705164
CLM07043,1071,SUP-027,Brake Chamber,Corrosion,14616,17156,14,233,9,0,0,0.0016060309
CLM07044,1829,SUP-065,Radiator Hose,Misalignment,10223,11441,18,39,8,0,0,0.0734034
CLM07045,1184,SUP-034,Fuel/Water Separator,Misalignment,33737,23192,14,42,7,0,0,0.03749752
CLM07046,1005,SUP-081,U-Joint,Misalignment,10422,15718,4,190,7,0,0,0.0015208175
CLM07047,1205,SUP-062,Wheel Bearing,Wear,9602,3989,1,309,6,0,0,0.0015940527
CLM07048,1543,SUP-062,Fuel/Water Separator,Misalignment,11497,16852,6,306,8,0,0,0.0015952388
CLM07049,1610,SUP-038,Wheel Bearing,Sensor Failure,24597,28944,5,361,9,0,0,0.0015970076
CLM07050,1905,SUP-026,Air Filter,Corrosion,48229,4151,15,107,8,0,0,0.030063212
CLM07051,1386,SUP-024,Radiator Hose,Misalignment,4092,24019,16,157,9,0,0,0.030655243
CLM07052,1767,SUP-039,Air Filter,Leak,3591,17839,8,225,5,0,0,0.0015702079
CLM07053,1698,SUP-021,Radiator Hose,Misalignment,36270,5886,6,18,3,0,0,0.03420271
CLM07054,1075,SUP-094,Wheel Speed Sensor,Sensor Failure,9853,24781,5,60,4,0,0,0.001665763
CLM07055,1176,SUP-047,U-Joint,Sensor Failure,26805,20293,6,142,4,0,0,0.0015909363
CLM07056,1826,SUP-048,V-Belt,Sensor Failure,20476,2419,1,118,9,0,0,0.001600821
CLM07057,1798,SUP-013,V-Belt,Sensor Failure,8061,19816,14,168,9,0,0,0.001496837
CLM07058,1348,SUP-003,Radiator Hose,Sensor Failure,17161,24659,19,192,1,0,0,0.0721951
CLM07059,1254,SUP-032,V-Belt,Leak,2673,8879,19,286,5,0,0,0.071278796
CLM07060,1836,SUP-035,Brake Chamber,Wear,26664,14286,15,29,2,0,0,0.0014706913
CLM07061,1701,SUP-019,Fuel/Water Separator,Breakage,29224,707,19,157,5,0,0,0.071200855
CLM07062,1307,SUP-014,Air Filter,Wear,31530,573,6,19,5,0,0,0.015425273
CLM07063,1344,SUP-048,Wheel Speed Sensor,Breakage,14354,24927,5,90,3,0,0,0.0016203676
CLM07064,1126,SUP-086,U-Joint,Corrosion,7002,15509,16,110,4,0,0,0.029317014
CLM07065,1936,SUP-081,U-Joint,Sensor Failure,43920,21652,9,58,7,0,0,0.034477543
CLM07066,1286,SUP-068,Wheel Speed Sensor,Corrosion,8308,8061,15,116,4,0,0,0.0014850529
CLM07067,1765,SUP-045,Relay Valve,Corrosion,45405,11311,8,40,3,0,0,0.030178798
CLM07068,1724,SUP-019,Relay Valve,Breakage,34267,9741,8,265,4,0,0,0.034208678
CLM07069,1761,SUP-064,Relay Valve,Leak,14590,5469,4,121,2,0,0,0.0015088804
CLM07070,1595,SUP-066,Wheel Speed Sensor,Sensor Failure,34093,8204,2,110,1,0,0,0.030854126
CLM07071,1486,SUP-079,V-Belt,Misalignment,14729,6389,16,364,5,0,0,0.028289665
CLM07072,1382,SUP-066,Wheel Bearing,Corrosion,30224,26957,3,205,9,0,0,0.013258362
CLM07073,1405,SUP-075,Wheel Speed Sensor,Wear,1887,8519,9,159,9,0,0,0.0015220015
CLM07074,1387,SUP-045,V-Belt,Sensor Failure,42955,9206,4,334,1,0,0,0.029978178
CLM07075,1524,SUP-087,Fuel/Water Separator,Leak,37441,6419,2,95,1,0,0,0.029612815
CLM07076,1556,SUP-074,Wheel Speed Sensor,Sensor Failure,12232,12020,19,34,8,0,0,0.07081733
CLM07077,1638,SUP-067,Air Filter,Misalignment,41703,779,15,242,7,0,0,0.03358267
CLM07078,1937,SUP-069,V-Belt,Misalignment,34696,28062,7,318,7,0,0,0.030514814
CLM07079,1625,SUP-003,U-Joint,Corrosion,5403,21739,8,330,9,0,0,0.0015865378
CLM07080,1944,SUP-038,Radiator Hose,Wear,15992,25631,3,313,5,0,0,0.0015795904
CLM07081,1275,SUP-077,Radiator Hose,Corrosion,43882,22036,15,149,8,0,0,0.03629977
CLM07082,1499,SUP-042,Wheel Speed Sensor,Leak,8990,7961,1,103,7,0,0,0.0016066573
CLM07083,1716,SUP-083,Air Filter,Breakage,45215,24675,16,310,2,1,1,99.71636
CLM07084,1336,SUP-040,Air Filter,Misalignment,18008,28455,3,217,2,0,0,0.0015641579
CLM07085,1949,SUP-050,Radiator Hose,Wear,32010,790,2,165,4,0,0,0.018918239
CLM07086,1931,SUP-035,V-Belt,Misalignment,5344,5380,15,168,1,0,0,0.0014871547
CLM07087,1480,SUP-024,Fuel/Water Separator,Leak,47522,11565,4,20,5,0,0,0.03256466
CLM07088,1896,SUP-088,Wheel Speed Sensor,Leak,22083,15902,14,109,5,0,0,0.0014966516
CLM07089,1910,SUP-017,Fuel/Water Separator,Misalignment,25634,24867,9,199,1,0,0,0.0015951749
CLM07090,1972,SUP-040,Relay Valve,Corrosion,6116,24607,9,233,5,0,0,0.0015721107
CLM07091,1272,SUP-074,Wheel Bearing,Misalignment,40005,8468,14,172,4,0,0,0.033589263
CLM07092,1919,SUP-066,Brake Chamber,Corrosion,43237,28094,15,184,5,0,0,0.02854077
CLM07093,1057,SUP-044,Relay Valve,Misalignment,42646,18506,5,218,4,0,0,0.033885684
CLM07094,1327,SUP-023,U-Joint,Corrosion,25011,13529,2,17,9,0,0,0.001488169
CLM07095,1730,SUP-006,Brake Chamber,Breakage,5610,20435,17,42,9,0,0,0.077372804
CLM07096,1108,SUP-066,U-Joint,Sensor Failure,38265,21062,11,156,3,0,0,0.03465239
CLM07097,1278,SUP-021,Wheel Speed Sensor,Sensor Failure,4852,3775,13,21,3,0,0,0.0015723581
CLM07098,1685,SUP-035,Relay Valve,Corrosion,32686,10703,12,151,3,0,0,0.025603548
CLM07099,1327,SUP-029,Air Filter,Corrosion,20788,27765,3,111,7,0,0,0.0015979522
CLM07100,1775,SUP-007,Radiator Hose,Breakage,36536,5757,13,304,1,0,0,0.028828416
CLM07101,1314,SUP-093,Radiator Hose,Sensor Failure,20039,25158,15,315,4,0,0,0.0015644815
CLM07102,1473,SUP-053,Fuel/Water Separator,Breakage,35908,4495,11,128,9,0,0,0.03602868
CLM07103,1110,SUP-037,Brake Chamber,Leak,8724,6306,16,52,8,0,0,0.02874805
CLM07104,1698,SUP-023,Relay Valve,Misalignment,47026,25723,7,273,3,0,0,0.03467288
CLM07105,1780,SUP-097,Radiator Hose,Sensor Failure,10997,23646,1,294,8,0,0,0.0015901065
CLM07106,1934,SUP-008,V-Belt,Corrosion,11695,29322,19,75,6,0,0,0.0735056
CLM07107,1228,SUP-076,Air Filter,Wear,44422,13731,18,351,3,1,1,99.86315
CLM07108,1496,SUP-048,U-Joint,Leak,4589,4192,9,300,9,0,0,0.0015985223
CLM07109,1155,SUP-010,Wheel Speed Sensor,Misalignment,2398,2257,18,88,7,0,0,0.07308209
CLM07110,1472,SUP-079,Fuel/Water Separator,Wear,43514,21839,3,20,8,0,0,0.036315482
CLM07111,1700,SUP-024,Brake Chamber,Breakage,8691,23346,3,69,2,0,0,0.0016381314
CLM07112,1271,SUP-090,Wheel Bearing,Misalignment,49500,22848,4,170,3,0,0,0.026615212
CLM07113,1886,SUP-047,Radiator Hose,Breakage,11943,7914,16,154,7,0,0,0.031142175
CLM07114,1001,SUP-053,Fuel/Water Separator,Breakage,14926,7704,11,305,2,0,0,0.001519633
CLM07115,1757,SUP-039,V-Belt,Corrosion,46817,28415,15,106,6,0,0,0.031554427
CLM07116,1721,SUP-067,V-Belt,Breakage,13113,12349,9,327,7,0,0,0.0015712549
CLM07117,1510,SUP-066,Brake Chamber,Wear,31134,12902,8,219,6,0,0,0.01479891
CLM07118,1912,SUP-006,Brake Chamber,Leak,4266,11844,6,274,5,0,0,0.0015975529
CLM07119,1285,SUP-021,Radiator Hose,Corrosion,7408,23732,18,358,9,0,0,0.06956102
CLM07120,1870,SUP-073,Relay Valve,Leak,15842,1225,6,95,3,0,0,0.001534231
CLM07121,1012,SUP-074,Wheel Speed Sensor,Breakage,12136,1607,6,265,5,0,0,0.0015616866
CLM07122,1607,SUP-036,U-Joint,Sensor Failure,4497,11517,12,322,5,0,0,0.0015449742
CLM07123,1497,SUP-003,U-Joint,Misalignment,22340,29981,5,246,8,0,0,0.0015828852
CLM07124,1732,SUP-088,Relay Valve,Corrosion,35742,27277,14,316,8,0,0,0.033687875
CLM07125,1237,SUP-086,V-Belt,Breakage,32408,26916,6,108,1,0,0,0.022490047
CLM07126,1093,SUP-078,Air Filter,Corrosion,42826,21232,19,293,6,1,1,99.87639
CLM07127,1337,SUP-042,Wheel Speed Sensor,Sensor Failure,30794,15337,14,237,6,0,0,0.012416354
CLM07128,1780,SUP-045,Radiator Hose,Wear,10245,24970,1,29,2,0,0,0.0015998337
CLM07129,1170,SUP-044,Relay Valve,Wear,39178,27571,7,63,5,0,0,0.0338026
CLM07130,1980,SUP-091,Wheel Speed Sensor,Misalignment,25126,23957,7,15,6,0,0,0.0016051963
CLM07131,1605,SUP-033,U-Joint,Wear,3534,29020,14,238,3,0,0,0.0015915433
CLM07132,1660,SUP-060,Wheel Speed Sensor,Sensor Failure,48018,1324,16,9,1,1,1,99.69711
CLM07133,1623,SUP-086,Brake Chamber,Leak,36985,5102,12,336,9,0,0,0.03425087
CLM07134,1566,SUP-093,Fuel/Water Separator,Sensor Failure,19719,14967,11,322,2,0,0,0.0015060914
CLM07135,1848,SUP-083,Brake Chamber,Sensor Failure,24713,10426,18,1,4,0,0,0.071652085
CLM07136,1935,SUP-083,Relay Valve,Breakage,46982,24376,12,121,9,0,0,0.032200582
CLM07137,1466,SUP-070,Radiator Hose,Wear,19541,17234,10,9,9,0,0,0.001550178
CLM07138,1627,SUP-083,Wheel Bearing,Corrosion,15176,22086,5,313,8,0,0,0.0015990192
CLM07139,1142,SUP-077,Wheel Bearing,Misalignment,20075,29989,2,184,4,0,0,0.001582956
CLM07140,1200,SUP-026,Wheel Speed Sensor,Leak,20726,19057,10,148,1,0,0,0.001617633
CLM07141,1179,SUP-086,Wheel Bearing,Corrosion,2555,11977,16,238,7,0,0,0.029353848
CLM07142,1713,SUP-021,V-Belt,Breakage,17659,25910,6,258,2,0,0,0.001537144
CLM07143,1363,SUP-100,U-Joint,Breakage,31966,8394,6,257,8,0,0,0.018368559
CLM07144,1478,SUP-002,V-Belt,Leak,26923,27063,12,330,2,0,0,0.0015424509
CLM07145,1564,SUP-047,Wheel Speed Sensor,Corrosion,4089,12513,9,310,3,0,0,0.0015244825
CLM07146,1470,SUP-030,V-Belt,Leak,15743,12363,17,19,6,0,0,0.06254915
CLM07147,1383,SUP-027,U-Joint,Leak,8578,5491,10,18,4,0,0,0.0015692513
CLM07148,1691,SUP-071,Radiator Hose,Wear,35940,19886,8,280,2,0,0,0.033776987
CLM07149,1925,SUP-020,Brake Chamber,Corrosion,28967,3009,9,127,1,0,0,0.0014975339
CLM07150,1416,SUP-050,Radiator Hose,Wear,24185,3172,7,308,3,0,0,0.0015763805
CLM07151,1824,SUP-095,V-Belt,Wear,41492,20326,10,214,4,0,0,0.03215481
CLM07152,1307,SUP-023,V-Belt,Misalignment,44027,4658,1,276,9,0,0,0.033114977
CLM07153,1648,SUP-013,Relay Valve,Wear,35594,29922,19,329,9,1,1,99.87424
CLM07154,1693,SUP-081,Fuel/Water Separator,Sensor Failure,22893,21005,11,207,5,0,0,0.0015806843
CLM07155,1366,SUP-004,Fuel/Water Separator,Breakage,18754,8307,10,188,5,0,0,0.0015174507
CLM07156,1000,SUP-014,V-Belt,Breakage,45507,12788,2,16,7,0,0,0.025205573
CLM07157,1043,SUP-020,Brake Chamber,Sensor Failure,6322,23121,14,141,8,0,0,0.0015420348
CLM07158,1738,SUP-013,Relay Valve,Leak,22512,23910,12,6,3,0,0,0.0016156413
CLM07159,1842,SUP-003,Wheel Bearing,Corrosion,6811,25025,4,281,5,0,0,0.0015795904
CLM07160,1097,SUP-090,Air Filter,Corrosion,35459,27013,13,319,7,0,0,0.035877254
CLM07161,1719,SUP-090,Brake Chamber,Corrosion,40442,24063,10,175,2,0,0,0.034258906
CLM07162,1264,SUP-082,V-Belt,Wear,27726,6297,2,15,9,0,0,0.001513153
CLM07163,1799,SUP-096,V-Belt,Corrosion,11836,797,17,310,3,0,0,0.067383945
CLM07164,1782,SUP-078,Brake Chamber,Corrosion,37158,16643,10,128,7,0,0,0.02807327
CLM07165,1139,SUP-047,Wheel Speed Sensor,Corrosion,44241,6580,16,14,9,1,1,99.712685
CLM07166,1480,SUP-003,Relay Valve,Breakage,10862,8246,9,249,9,0,0,0.0015328943
CLM07167,1236,SUP-001,V-Belt,Sensor Failure,33804,24218,19,34,3,1,1,99.88841
CLM07168,1973,SUP-090,Air Filter,Misalignment,45376,10993,11,20,2,0,0,0.027732912
CLM07169,1952,SUP-024,Wheel Bearing,Leak,19011,4438,6,250,5,0,0,0.0015316975
CLM07170,1903,SUP-035,Radiator Hose,Sensor Failure,36107,24816,4,362,5,0,0,0.029185103
CLM07171,1071,SUP-014,U-Joint,Corrosion,23544,24809,16,272,8,0,0,0.028819181
CLM07172,1666,SUP-067,Air Filter,Leak,15425,2094,12,195,6,0,0,0.0016462421
CLM07173,1189,SUP-013,U-Joint,Leak,35139,16834,16,238,7,1,1,99.70315
CLM07174,1267,SUP-047,Wheel Speed Sensor,Sensor Failure,34444,12057,3,103,8,0,0,0.032063406
CLM07175,1320,SUP-050,Air Filter,Sensor Failure,6072,3715,12,307,9,0,0,0.0015789081
CLM07176,1106,SUP-078,Fuel/Water Separator,Sensor Failure,1252,29380,15,243,4,0,0,0.0015806692
CLM07177,1231,SUP-085,Wheel Speed Sensor,Misalignment,36632,11989,12,215,5,0,0,0.032068815
CLM07178,1041,SUP-026,Fuel/Water Separator,Sensor Failure,11208,10173,9,243,4,0,0,0.0014563241
CLM07179,1701,SUP-003,Wheel Bearing,Misalignment,19615,4879,10,77,9,0,0,0.0016201016
CLM07180,1882,SUP-051,Wheel Bearing,Wear,18144,12366,8,121,2,0,0,0.0015109972
CLM07181,1138,SUP-040,Wheel Bearing,Breakage,20670,16345,13,302,8,0,0,0.0016850736
CLM07182,1614,SUP-068,Wheel Speed Sensor,Misalignment,40069,3682,15,40,7,0,0,0.03383674
CLM07183,1682,SUP-036,Wheel Bearing,Breakage,24218,21329,17,29,7,0,0,0.07619311
CLM07184,1862,SUP-051,Brake Chamber,Corrosion,34160,28227,12,232,8,0,0,0.03234701
CLM07185,1272,SUP-001,U-Joint,Wear,12283,16245,16,145,1,0,0,0.028199805
CLM07186,1480,SUP-033,U-Joint,Leak,45502,8071,11,249,1,0,0,0.03182179
CLM07187,1415,SUP-007,Relay Valve,Sensor Failure,26006,28863,19,93,7,0,0,0.075453475
CLM07188,1505,SUP-052,Fuel/Water Separator,Corrosion,34764,14800,13,325,2,0,0,0.029580563
CLM07189,1732,SUP-011,U-Joint,Leak,40916,10465,3,85,4,0,0,0.03357742
CLM07190,1724,SUP-027,V-Belt,Breakage,26667,18235,4,322,6,0,0,0.0015396865
CLM07191,1852,SUP-014,U-Joint,Leak,25677,26393,15,246,5,0,0,0.0015944524
CLM07192,1423,SUP-086,V-Belt,Sensor Failure,11891,6113,14,75,5,0,0,0.0015939599
CLM07193,1406,SUP-080,Relay Valve,Sensor Failure,48688,12971,11,151,6,0,0,0.033446793
CLM07194,1567,SUP-046,Wheel Speed Sensor,Misalignment,15542,27106,13,135,7,0,0,0.0016058915
CLM07195,1389,SUP-076,Air Filter,Misalignment,15414,17095,18,190,2,0,0,0.07143683
CLM07196,1341,SUP-010,Relay Valve,Breakage,19564,1774,13,34,4,0,0,0.0015598736
CLM07197,1945,SUP-024,U-Joint,Sensor Failure,6316,16598,19,358,7,0,0,0.0654405
CLM07198,1613,SUP-061,U-Joint,Wear,45056,4762,4,105,5,0,0,0.035135668
CLM07199,1932,SUP-018,Fuel/Water Separator,Corrosion,13759,28690,12,51,9,0,0,0.0016509304
CLM07200,1492,SUP-086,Wheel Speed Sensor,Breakage,29190,22851,3,172,6,0,0,0.0015346394
CLM07201,1191,SUP-009,Relay Valve,Breakage,23817,20618,16,70,4,0,0,0.031114666
CLM07202,1498,SUP-017,Wheel Bearing,Leak,43239,26261,1,208,4,0,0,0.035302743
CLM07203,1821,SUP-058,Air Filter,Breakage,37776,8275,4,322,3,0,0,0.027669288
CLM07204,1711,SUP-013,Brake Chamber,Corrosion,8373,25950,9,96,6,0,0,0.0016357288
CLM07205,1232,SUP-050,Brake Chamber,Wear,49110,22422,13,58,8,0,0,0.036617897
CLM07206,1944,SUP-006,Brake Chamber,Leak,49195,14441,10,120,1,0,0,0.023667362
CLM07207,1226,SUP-085,Relay Valve,Corrosion,37054,21386,9,171,2,0,0,0.03288999
CLM07208,1370,SUP-051,Wheel Bearing,Misalignment,11873,12155,6,111,4,0,0,0.0014952506
CLM07209,1138,SUP-036,Radiator Hose,Breakage,38285,2985,19,61,7,1,1,99.883514
CLM07210,1855,SUP-071,Brake Chamber,Sensor Failure,20012,24138,3,256,2,0,0,0.0015482707
CLM07211,1816,SUP-100,Radiator Hose,Misalignment,17922,13192,10,156,8,0,0,0.0015509529
CLM07212,1148,SUP-025,Air Filter,Sensor Failure,14994,4870,10,185,3,0,0,0.0015400066
CLM07213,1114,SUP-011,Fuel/Water Separator,Corrosion,19164,22418,2,41,2,0,0,0.0017008847
CLM07214,1449,SUP-044,Wheel Bearing,Wear,7605,23589,13,201,7,0,0,0.0015755419
CLM07215,1062,SUP-014,Fuel/Water Separator,Sensor Failure,12718,20282,7,50,9,0,0,0.0016630631
CLM07216,1103,SUP-029,Wheel Speed Sensor,Corrosion,49109,23139,13,90,4,0,0,0.035998296
CLM07217,1850,SUP-074,Wheel Speed Sensor,Leak,36116,5387,14,237,2,0,0,0.031433098
CLM07218,1870,SUP-050,Brake Chamber,Breakage,17145,23329,18,346,9,0,0,0.070614204
CLM07219,1667,SUP-005,Fuel/Water Separator,Wear,22791,25211,14,325,5,0,0,0.0016230491
CLM07220,1272,SUP-072,Relay Valve,Wear,17120,832,13,337,7,0,0,0.001539406
CLM07221,1005,SUP-069,Radiator Hose,Leak,24553,9718,19,282,5,0,0,0.07320054
CLM07222,1146,SUP-088,Brake Chamber,Wear,17362,20117,8,154,5,0,0,0.0015982356
CLM07223,1183,SUP-057,Radiator Hose,Corrosion,36859,18419,4,363,6,0,0,0.03147382
CLM07224,1997,SUP-026,U-Joint,Wear,49604,19008,9,180,5,0,0,0.026959917
CLM07225,1027,SUP-006,U-Joint,Wear,40865,19116,12,88,8,0,0,0.03228985
CLM07226,1961,SUP-016,U-Joint,Wear,20946,20841,2,105,4,0,0,0.0015757732
CLM07227,1549,SUP-060,Wheel Speed Sensor,Corrosion,38849,27693,4,73,3,0,0,0.03354558
CLM07228,1118,SUP-100,V-Belt,Misalignment,5901,8147,19,257,3,0,0,0.07468651
CLM07229,1292,SUP-012,Wheel Speed Sensor,Breakage,36072,5782,9,134,2,0,0,0.030812532
CLM07230,1370,SUP-075,Air Filter,Sensor Failure,44460,22024,9,285,8,0,0,0.03491998
CLM07231,1243,SUP-003,Fuel/Water Separator,Misalignment,3485,8244,11,236,7,0,0,0.0015125484
CLM07232,1579,SUP-063,U-Joint,Wear,47232,6197,10,109,6,0,0,0.031805046
CLM07233,1725,SUP-064,U-Joint,Leak,34416,1452,3,344,2,0,0,0.03265687
CLM07234,1217,SUP-062,Air Filter,Leak,11461,3869,8,137,2,0,0,0.0014878128
CLM07235,1176,SUP-006,Wheel Bearing,Corrosion,15012,23326,11,337,1,0,0,0.001603342
CLM07236,1298,SUP-019,V-Belt,Breakage,31131,12045,6,235,2,0,0,0.0126017975
CLM07237,1675,SUP-018,Wheel Bearing,Wear,40047,10678,18,59,9,1,1,99.87967
CLM07238,1057,SUP-080,Wheel Speed Sensor,Corrosion,10743,29643,8,294,1,0,0,0.0016148849
CLM07239,1268,SUP-087,Wheel Bearing,Sensor Failure,30447,7053,2,42,4,0,0,0.013318283
CLM07240,1307,SUP-043,Relay Valve,Breakage,3632,28539,5,248,2,0,0,0.0015753525
CLM07241,1569,SUP-073,Brake Chamber,Breakage,25287,23714,10,50,5,0,0,0.0016373255
CLM07242,1287,SUP-003,Wheel Speed Sensor,Corrosion,28108,17048,18,270,8,0,0,0.07290022
CLM07243,1976,SUP-072,U-Joint,Misalignment,35036,10683,12,356,1,0,0,0.023911165
CLM07244,1104,SUP-038,Wheel Speed Sensor,Leak,35541,24133,2,173,9,0,0,0.035056572
CLM07245,1227,SUP-068,Wheel Bearing,Misalignment,45049,19589,10,289,7,0,0,0.033240803
CLM07246,1246,SUP-076,Radiator Hose,Breakage,8020,10431,12,162,5,0,0,0.0015167792
CLM07247,1699,SUP-044,Wheel Speed Sensor,Leak,37395,29335,19,67,5,1,1,99.882034
CLM07248,1493,SUP-095,Fuel/Water Separator,Breakage,3548,603,5,340,9,0,0,0.0016073869
CLM07249,1082,SUP-089,Wheel Speed Sensor,Breakage,35318,7797,10,323,9,0,0,0.033605535
CLM07250,1185,SUP-080,Radiator Hose,Breakage,19524,5191,1,326,2,0,0,0.0015238037
CLM07251,1251,SUP-063,V-Belt,Sensor Failure,39270,21099,7,221,8,0,0,0.030622322
CLM07252,1354,SUP-042,Radiator Hose,Leak,40190,6902,1,167,5,0,0,0.032309256
CLM07253,1749,SUP-064,Radiator Hose,Sensor Failure,6846,18011,17,171,2,0,0,0.0709759
CLM07254,1871,SUP-054,Wheel Speed Sensor,Leak,20904,17247,12,223,9,0,0,0.0015393487
CLM07255,1695,SUP-078,Air Filter,Sensor Failure,8125,10261,7,167,4,0,0,0.0015608976
CLM07256,1795,SUP-077,Relay Valve,Sensor Failure,45614,8561,8,85,5,0,0,0.033158194
CLM07257,1896,SUP-071,Air Filter,Sensor Failure,9812,868,3,115,7,0,0,0.0015509633
CLM07258,1937,SUP-076,Radiator Hose,Corrosion,6407,20833,15,300,2,0,0,0.0015643995
CLM07259,1209,SUP-037,Wheel Speed Sensor,Sensor Failure,32601,28833,12,353,5,0,0,0.026808383
CLM07260,1815,SUP-004,Relay Valve,Misalignment,5767,5553,17,50,8,0,0,0.0749335
CLM07261,1807,SUP-002,U-Joint,Misalignment,9362,28473,2,318,1,0,0,0.0015784805
CLM07262,1608,SUP-099,Fuel/Water Separator,Breakage,23028,22747,17,218,8,0,0,0.07520362
CLM07263,1446,SUP-044,Wheel Bearing,Wear,19803,5804,4,259,2,0,0,0.0015209407
CLM07264,1459,SUP-067,Relay Valve,Sensor Failure,11971,23421,7,136,4,0,0,0.0016031312
CLM07265,1967,SUP-068,U-Joint,Wear,43376,24395,15,304,3,0,0,0.030821227
CLM07266,1471,SUP-076,U-Joint,Wear,15520,15365,16,96,2,0,0,0.027984975
CLM07267,1719,SUP-083,Fuel/Water Separator,Breakage,25061,16276,6,169,2,0,0,0.0015297225
CLM07268,1369,SUP-074,Brake Chamber,Wear,49559,22234,5,313,6,0,0,0.031719774
CLM07269,1899,SUP-062,V-Belt,Wear,34706,29306,16,225,3,1,1,99.666214
CLM07270,1933,SUP-001,Fuel/Water Separator,Misalignment,22314,18976,1,341,4,0,0,0.0015920397
CLM07271,1491,SUP-017,V-Belt,Wear,14672,26591,15,346,4,0,0,0.001549086
CLM07272,1922,SUP-016,Brake Chamber,Leak,43991,1094,5,334,2,0,0,0.024147164
CLM07273,1136,SUP-009,Brake Chamber,Sensor Failure,24995,18329,13,284,4,0,0,0.0015639222
CLM07274,1366,SUP-053,Fuel/Water Separator,Sensor Failure,25448,20506,14,348,2,0,0,0.0015449506
CLM07275,1911,SUP-073,V-Belt,Wear,31136,1265,2,341,4,0,0,0.012377261
CLM07276,1183,SUP-059,Air Filter,Breakage,32088,22924,2,187,8,0,0,0.019621896
CLM07277,1587,SUP-009,Wheel Bearing,Leak,4177,28292,19,294,9,0,0,0.07503801
CLM07278,1286,SUP-012,Air Filter,Breakage,28347,26416,19,321,4,0,0,0.076438636
CLM07279,1471,SUP-041,V-Belt,Breakage,16684,26662,12,282,4,0,0,0.0015429967
CLM07280,1374,SUP-015,U-Joint,Wear,22735,6936,17,243,7,0,0,0.07620524
CLM07281,1653,SUP-066,Wheel Bearing,Corrosion,6100,28726,2,27,1,0,0,0.0016156413
CLM07282,1748,SUP-075,Brake Chamber,Wear,37564,21515,11,151,7,0,0,0.03660289
CLM07283,1536,SUP-011,U-Joint,Misalignment,20268,25709,17,199,9,0,0,0.07418741
CLM07284,1510,SUP-008,Brake Chamber,Corrosion,43691,23493,14,278,4,0,0,0.035635643
CLM07285,1801,SUP-055,V-Belt,Leak,18656,23076,9,227,2,0,0,0.0014904969
CLM07286,1578,SUP-096,Fuel/Water Separator,Corrosion,14628,25037,19,196,4,0,0,0.07609175
CLM07287,1249,SUP-006,U-Joint,Wear,7407,21640,19,221,2,0,0,0.07398817
CLM07288,1919,SUP-053,Relay Valve,Wear,25054,25534,1,357,7,0,0,0.0015622556
CLM07289,1509,SUP-020,U-Joint,Breakage,41198,7340,5,228,6,0,0,0.032309532
CLM07290,1629,SUP-039,Radiator Hose,Wear,27532,23789,19,67,2,0,0,0.07242392
CLM07291,1072,SUP-099,Brake Chamber,Misalignment,45447,27548,2,325,6,0,0,0.034478366
CLM07292,1281,SUP-072,V-Belt,Wear,30584,10372,14,338,9,0,0,0.012205058
CLM07293,1915,SUP-034,Radiator Hose,Sensor Failure,19075,5350,19,98,8,0,0,0.07289971
CLM07294,1959,SUP-057,Wheel Speed Sensor,Sensor Failure,29741,15712,8,15,9,0,0,0.001486589
CLM07295,1359,SUP-019,Relay Valve,Breakage,10449,18777,17,114,5,0,0,0.07692365
CLM07296,1009,SUP-071,Air Filter,Corrosion,22557,15496,2,104,2,0,0,0.0014667219
CLM07297,1210,SUP-031,Brake Chamber,Corrosion,27659,27191,17,307,5,0,0,0.0760029
CLM07298,1834,SUP-082,Air Filter,Sensor Failure,4905,17392,8,193,3,0,0,0.0014960523
CLM07299,1151,SUP-040,V-Belt,Misalignment,39814,17619,14,214,4,0,0,0.028136935
CLM07300,1004,SUP-014,Air Filter,Leak,39848,6853,17,145,7,1,1,99.85649
CLM07301,1194,SUP-100,V-Belt,Misalignment,29930,3251,6,97,2,0,0,0.0015589547
CLM07302,1953,SUP-081,V-Belt,Sensor Failure,11490,14111,11,52,6,0,0,0.0014779448
CLM07303,1282,SUP-037,Wheel Bearing,Misalignment,7684,10863,8,58,1,0,0,0.0014837617
CLM07304,1463,SUP-044,Wheel Bearing,Leak,35872,19727,13,209,3,0,0,0.03350274
CLM07305,1112,SUP-009,Relay Valve,Corrosion,10376,8983,8,185,7,0,0,0.0015242674
CLM07306,1270,SUP-058,V-Belt,Sensor Failure,34204,29592,7,166,5,0,0,0.03201203
CLM07307,1162,SUP-020,Relay Valve,Wear,48881,10610,3,69,8,0,0,0.029571963
CLM07308,1459,SUP-092,Wheel Bearing,Leak,21709,17695,2,123,7,0,0,0.0015890833
CLM07309,1104,SUP-050,Relay Valve,Leak,14118,18981,12,37,7,0,0,0.0016099934
CLM07310,1692,SUP-020,Relay Valve,Leak,46896,10701,4,235,1,0,0,0.02918797
CLM07311,1555,SUP-036,Fuel/Water Separator,Corrosion,30888,16740,5,75,1,0,0,0.014354443
CLM07312,1281,SUP-027,Fuel/Water Separator,Misalignment,30291,29354,16,108,6,1,1,98.584595
CLM07313,1686,SUP-072,V-Belt,Breakage,48460,29418,2,291,8,0,0,0.03398144
CLM07314,1161,SUP-032,Radiator Hose,Wear,27975,1149,13,295,3,0,0,0.0015664134
CLM07315,1982,SUP-001,Air Filter,Sensor Failure,40776,3097,4,174,8,0,0,0.030000737
CLM07316,1350,SUP-017,Relay Valve,Misalignment,47337,1060,5,118,8,0,0,0.03496022
CLM07317,1433,SUP-009,Radiator Hose,Leak,29289,14907,12,144,1,0,0,0.0015003213
CLM07318,1851,SUP-084,Wheel Bearing,Corrosion,42594,9461,15,344,5,0,0,0.03180393
CLM07319,1139,SUP-045,Brake Chamber,Leak,28588,21535,5,159,9,0,0,0.0016805432
CLM07320,1470,SUP-096,Air Filter,Misalignment,36443,1003,5,270,3,0,0,0.032893687
CLM07321,1131,SUP-066,Air Filter,Sensor Failure,36108,25703,16,241,9,1,1,99.7432
CLM07322,1086,SUP-032,Relay Valve,Wear,26985,15496,9,47,9,0,0,0.0015545927
CLM07323,1687,SUP-045,V-Belt,Leak,37584,12076,15,363,1,0,0,0.026690887
CLM07324,1182,SUP-009,V-Belt,Corrosion,36049,20746,4,333,2,0,0,0.028131463
CLM07325,1367,SUP-030,Relay Valve,Corrosion,6822,28435,17,102,3,0,0,0.06765012
CLM07326,1128,SUP-084,Relay Valve,Breakage,26112,23535,1,273,4,0,0,0.0015959707
CLM07327,1245,SUP-038,Wheel Speed Sensor,Corrosion,26978,12948,16,124,5,0,0,0.029619928
CLM07328,1600,SUP-060,Air Filter,Breakage,17037,14596,17,184,5,0,0,0.07140436
CLM07329,1577,SUP-001,Fuel/Water Separator,Wear,9996,2674,4,164,5,0,0,0.0016172429
CLM07330,1669,SUP-005,Fuel/Water Separator,Sensor Failure,15324,4027,13,170,3,0,0,0.0015526592
CLM07331,1898,SUP-063,Radiator Hose,Breakage,12473,14493,8,82,6,0,0,0.0015496105
CLM07332,1377,SUP-099,Brake Chamber,Leak,24066,5923,18,147,4,0,0,0.07373471
CLM07333,1148,SUP-036,Brake Chamber,Misalignment,26427,27613,13,135,9,0,0,0.001616395
CLM07334,1984,SUP-065,Wheel Speed Sensor,Leak,41865,10978,9,311,2,0,0,0.027900632
CLM07335,1851,SUP-078,V-Belt,Sensor Failure,9067,27299,5,158,1,0,0,0.001553871
CLM07336,1432,SUP-073,Air Filter,Corrosion,6341,27333,11,332,7,0,0,0.0015999207
CLM07337,1627,SUP-094,Brake Chamber,Misalignment,22427,14807,14,203,9,0,0,0.0015458525
CLM07338,1725,SUP-024,Radiator Hose,Leak,16158,16428,18,120,9,0,0,0.07475177
CLM07339,1468,SUP-004,Air Filter,Misalignment,27440,23386,18,29,3,0,0,0.07697638
CLM07340,1445,SUP-078,Air Filter,Breakage,16627,14000,16,162,1,0,0,0.028148392
CLM07341,1480,SUP-089,Fuel/Water Separator,Sensor Failure,39797,28656,4,162,9,0,0,0.035583664
CLM07342,1883,SUP-068,V-Belt,Leak,24202,24607,19,342,7,0,0,0.06540256
CLM07343,1293,SUP-025,Brake Chamber,Corrosion,15341,16778,5,2,8,0,0,0.0015084114
CLM07344,1764,SUP-074,Fuel/Water Separator,Misalignment,3094,27071,2,47,6,0,0,0.0016898467
CLM07345,1142,SUP-099,U-Joint,Corrosion,20314,9325,17,100,6,0,0,0.07184891
CLM07346,1249,SUP-007,Wheel Bearing,Misalignment,44587,22986,4,224,4,0,0,0.0334854
CLM07347,1877,SUP-013,U-Joint,Leak,25829,24872,6,57,2,0,0,0.0015974081
CLM07348,1947,SUP-068,U-Joint,Sensor Failure,4520,5652,18,122,1,0,0,0.062910505
CLM07349,1974,SUP-043,Wheel Bearing,Wear,33136,17384,6,145,6,0,0,0.034156308
CLM07350,1301,SUP-057,U-Joint,Leak,19991,15147,15,354,9,0,0,0.0015052916
CLM07351,1024,SUP-036,Brake Chamber,Corrosion,6110,2063,1,154,2,0,0,0.0015150473
CLM07352,1788,SUP-014,Air Filter,Wear,47270,20959,17,138,1,1,1,99.86653
CLM07353,1983,SUP-082,Fuel/Water Separator,Sensor Failure,42224,18058,2,39,1,0,0,0.027753677
CLM07354,1888,SUP-072,Relay Valve,Corrosion,35475,26674,4,265,7,0,0,0.033497788
CLM07355,1889,SUP-096,Wheel Speed Sensor,Sensor Failure,47637,24570,3,281,1,0,0,0.028941873
CLM07356,1900,SUP-027,Fuel/Water Separator,Misalignment,19677,19042,3,148,9,0,0,0.001651201
CLM07357,1069,SUP-037,Radiator Hose,Leak,45247,28789,14,15,9,0,0,0.034639407
CLM07358,1624,SUP-087,V-Belt,Sensor Failure,36252,18868,8,232,3,0,0,0.03143879
CLM07359,1874,SUP-071,Brake Chamber,Corrosion,33583,24183,8,113,2,0,0,0.03237407
CLM07360,1111,SUP-076,Fuel/Water Separator,Leak,11715,17403,9,347,9,0,0,0.0015781042
CLM07361,1363,SUP-025,Brake Chamber,Corrosion,20839,10609,18,139,3,0,0,0.07012489
CLM07362,1302,SUP-067,Wheel Bearing,Corrosion,34645,1828,7,144,2,0,0,0.03287958
CLM07363,1470,SUP-090,Relay Valve,Wear,44664,24080,10,152,4,0,0,0.03493543
CLM07364,1963,SUP-004,Radiator Hose,Breakage,9738,23877,1,242,7,0,0,0.0016100119
CLM07365,1090,SUP-100,Air Filter,Sensor Failure,36230,14634,4,148,4,0,0,0.034294624
CLM07366,1529,SUP-079,Air Filter,Sensor Failure,33559,9624,4,264,8,0,0,0.03518236
CLM07367,1660,SUP-096,Fuel/Water Separator,Wear,38261,24402,14,271,5,0,0,0.03769946
CLM07368,1987,SUP-093,U-Joint,Misalignment,45538,26617,5,77,2,0,0,0.032802306
CLM07369,1738,SUP-074,Wheel Bearing,Sensor Failure,32896,8159,5,78,4,0,0,0.032158922
CLM07370,1725,SUP-085,U-Joint,Wear,39903,17291,19,303,7,1,1,99.85835
CLM07371,1871,SUP-016,U-Joint,Sensor Failure,25365,18415,5,216,1,0,0,0.0015208103
CLM07372,1662,SUP-019,Radiator Hose,Sensor Failure,45591,17507,11,119,7,0,0,0.03601079
CLM07373,1191,SUP-029,Brake Chamber,Corrosion,19599,15964,2,229,3,0,0,0.0014837252
CLM07374,1962,SUP-051,Fuel/Water Separator,Wear,49817,3266,15,152,7,0,0,0.03145105
CLM07375,1551,SUP-018,Air Filter,Misalignment,23331,21531,14,303,3,0,0,0.0016082793
CLM07376,1241,SUP-058,V-Belt,Sensor Failure,32522,19711,14,18,8,0,0,0.022337249
CLM07377,1137,SUP-044,U-Joint,Misalignment,25805,4915,8,170,4,0,0,0.0015746391
CLM07378,1344,SUP-016,Radiator Hose,Breakage,30374,1166,8,96,1,0,0,0.012230107
CLM07379,1179,SUP-065,Wheel Speed Sensor,Wear,18811,9319,5,165,1,0,0,0.0014760504
CLM07380,1711,SUP-002,Fuel/Water Separator,Wear,40055,11800,5,33,4,0,0,0.032372307
CLM07381,1502,SUP-056,U-Joint,Wear,19083,3776,14,240,9,0,0,0.0016135626
CLM07382,1202,SUP-079,Brake Chamber,Corrosion,47610,26860,5,348,5,0,0,0.03495019
CLM07383,1572,SUP-028,Radiator Hose,Wear,13161,6105,9,273,5,0,0,0.0016001146
CLM07384,1191,SUP-065,Relay Valve,Corrosion,15403,1633,11,46,3,0,0,0.00157495
CLM07385,1004,SUP-005,V-Belt,Breakage,7958,18393,17,79,5,0,0,0.06968755
CLM07386,1889,SUP-022,Radiator Hose,Leak,26805,12081,12,351,7,0,0,0.0015227143
CLM07387,1236,SUP-100,Air Filter,Corrosion,29970,18742,12,162,3,0,0,0.0016000504
CLM07388,1692,SUP-013,V-Belt,Sensor Failure,35591,26691,16,259,5,1,1,99.710266
CLM07389,1310,SUP-065,Relay Valve,Wear,11468,23103,1,56,3,0,0,0.0016449646
CLM07390,1548,SUP-016,Wheel Speed Sensor,Leak,12135,28929,18,140,1,0,0,0.07436805
CLM07391,1055,SUP-086,Fuel/Water Separator,Corrosion,25845,5205,6,26,6,0,0,0.0015026053
CLM07392,1442,SUP-064,U-Joint,Misalignment,21155,22501,5,152,3,0,0,0.001618613
CLM07393,1236,SUP-032,Wheel Bearing,Misalignment,30491,5074,18,316,2,1,1,99.416016
CLM07394,1869,SUP-080,Brake Chamber,Sensor Failure,1500,16794,13,58,3,0,0,0.0014895234
CLM07395,1860,SUP-051,Radiator Hose,Leak,22990,8056,6,226,5,0,0,0.0016083423
CLM07396,1196,SUP-079,Air Filter,Breakage,8939,5183,7,264,5,0,0,0.0015518406
CLM07397,1584,SUP-058,Brake Chamber,Corrosion,22991,28941,3,251,9,0,0,0.0015882154
CLM07398,1570,SUP-046,Air Filter,Misalignment,47045,29764,11,204,9,0,0,0.033202004
CLM07399,1751,SUP-052,Radiator Hose,Misalignment,14789,2911,8,26,2,0,0,0.0016097432
CLM07400,1513,SUP-063,Wheel Speed Sensor,Corrosion,20134,808,4,49,6,0,0,0.0015762346
CLM07401,1448,SUP-076,Wheel Speed Sensor,Misalignment,19537,7730,10,299,9,0,0,0.0016188909
CLM07402,1359,SUP-060,Relay Valve,Breakage,38504,21246,9,211,9,0,0,0.034794435
CLM07403,1699,SUP-065,U-Joint,Misalignment,1608,6676,13,21,6,0,0,0.0016201016
CLM07404,1818,SUP-081,Fuel/Water Separator,Corrosion,45003,2332,19,355,1,1,1,99.850815
CLM07405,1029,SUP-055,Wheel Bearing,Wear,14887,23067,15,89,1,0,0,0.0015533627
CLM07406,1778,SUP-057,Fuel/Water Separator,Misalignment,19047,13473,5,277,9,0,0,0.0015794352
CLM07407,1987,SUP-092,Relay Valve,Corrosion,4294,10999,13,14,3,0,0,0.0014456322
CLM07408,1107,SUP-071,Wheel Speed Sensor,Wear,28005,7379,12,136,5,0,0,0.0015573349
CLM07409,1843,SUP-073,Air Filter,Misalignment,16173,16594,9,7,6,0,0,0.0015229103
CLM07410,1934,SUP-086,Relay Valve,Misalignment,23406,23294,8,228,1,0,0,0.0015626847
CLM07411,1601,SUP-026,U-Joint,Corrosion,28287,2500,9,99,1,0,0,0.001603235
CLM07412,1716,SUP-012,U-Joint,Sensor Failure,20569,9358,13,187,4,0,0,0.0015953514
CLM07413,1890,SUP-071,V-Belt,Sensor Failure,35299,2184,9,130,6,0,0,0.03463601
CLM07414,1967,SUP-046,U-Joint,Leak,48043,16084,6,325,8,0,0,0.031038554
CLM07415,1958,SUP-047,Brake Chamber,Sensor Failure,30750,6117,6,172,7,0,0,0.013044674
CLM07416,1959,SUP-079,Radiator Hose,Breakage,37984,7282,11,66,2,0,0,0.029913057
CLM07417,1444,SUP-038,U-Joint,Leak,4706,3576,10,18,4,0,0,0.0016190946
CLM07418,1892,SUP-021,Wheel Speed Sensor,Sensor Failure,12266,5616,14,207,5,0,0,0.00151932
CLM07419,1437,SUP-014,Relay Valve,Wear,24643,9137,6,144,8,0,0,0.0015419244
CLM07420,1731,SUP-002,Relay Valve,Corrosion,21886,4883,7,268,7,0,0,0.0016088039
CLM07421,1889,SUP-072,Relay Valve,Sensor Failure,48544,24908,9,364,4,0,0,0.031521086
CLM07422,1605,SUP-070,Wheel Speed Sensor,Wear,10846,26157,3,316,8,0,0,0.0016139258
CLM07423,1456,SUP-033,Air Filter,Leak,13719,28219,12,310,8,0,0,0.0015999207
CLM07424,1614,SUP-006,Radiator Hose,Corrosion,22388,22670,16,40,4,0,0,0.031122085
CLM07425,1734,SUP-090,U-Joint,Sensor Failure,46116,13581,13,171,2,0,0,0.030371116
CLM07426,1697,SUP-037,Air Filter,Leak,20928,4251,6,150,3,0,0,0.0015596237
CLM07427,1980,SUP-014,U-Joint,Sensor Failure,47326,14352,13,4,5,0,0,0.028936466
CLM07428,1695,SUP-037,Relay Valve,Leak,4818,13562,5,277,1,0,0,0.0015244825
CLM07429,1494,SUP-008,U-Joint,Sensor Failure,9087,8285,4,170,5,0,0,0.0015272386
CLM07430,1673,SUP-077,Wheel Speed Sensor,Wear,48972,13064,8,347,4,0,0,0.031348404
CLM07431,1246,SUP-013,Brake Chamber,Breakage,37211,22979,3,297,5,0,0,0.035301194
CLM07432,1542,SUP-040,U-Joint,Wear,49416,24915,2,96,1,0,0,0.029437533
CLM07433,1563,SUP-092,Air Filter,Corrosion,23093,2045,19,36,7,0,0,0.0615057
CLM07434,1856,SUP-058,Radiator Hose,Sensor Failure,2047,12337,7,122,9,0,0,0.001586367
CLM07435,1587,SUP-018,Relay Valve,Breakage,44413,5331,12,273,5,0,0,0.035658546
CLM07436,1896,SUP-057,V-Belt,Breakage,46042,11899,4,182,3,0,0,0.026155015
CLM07437,1438,SUP-083,Brake Chamber,Corrosion,20044,27859,10,347,9,0,0,0.0015874339
CLM07438,1277,SUP-038,Wheel Bearing,Corrosion,33115,25189,9,358,6,0,0,0.03438272
CLM07439,1551,SUP-032,U-Joint,Breakage,8930,25847,12,62,6,0,0,0.0016394801
CLM07440,1612,SUP-086,U-Joint,Corrosion,16994,14992,11,118,3,0,0,0.0014717547
CLM07441,1110,SUP-066,Radiator Hose,Corrosion,27838,22399,19,340,1,0,0,0.07354281
CLM07442,1384,SUP-077,Radiator Hose,Sensor Failure,40826,17896,2,252,4,0,0,0.032897107
CLM07443,1832,SUP-087,Relay Valve,Wear,49971,24280,6,313,4,0,0,0.02748781
CLM07444,1760,SUP-025,V-Belt,Misalignment,40034,28759,6,99,3,0,0,0.033558473
CLM07445,1190,SUP-092,V-Belt,Leak,26339,28326,1,289,5,0,0,0.00155964
CLM07446,1489,SUP-058,Wheel Speed Sensor,Breakage,11559,8454,7,251,9,0,0,0.0015328943
CLM07447,1693,SUP-075,Relay Valve,Leak,4408,26328,12,26,9,0,0,0.0016283453
CLM07448,1425,SUP-033,Relay Valve,Breakage,24878,8034,12,88,8,0,0,0.0016059435
CLM07449,1404,SUP-088,Brake Chamber,Breakage,19068,28178,6,280,6,0,0,0.0015999207
CLM07450,1334,SUP-066,Fuel/Water Separator,Wear,47144,21087,14,287,4,0,0,0.035460465
CLM07451,1208,SUP-030,Brake Chamber,Breakage,34637,21261,17,283,2,1,1,99.864
CLM07452,1021,SUP-081,U-Joint,Breakage,38891,3168,17,49,3,1,1,99.87621
CLM07453,1677,SUP-034,Wheel Bearing,Wear,28309,23417,18,73,9,0,0,0.077601604
CLM07454,1610,SUP-086,Relay Valve,Corrosion,33391,27652,13,194,1,0,0,0.030119242
CLM07455,1207,SUP-069,V-Belt,Misalignment,26489,12782,13,198,7,0,0,0.0014833388
CLM07456,1007,SUP-048,Radiator Hose,Leak,28707,26503,11,153,6,0,0,0.0015726311
CLM07457,1701,SUP-040,Wheel Bearing,Breakage,24596,3741,3,16,2,0,0,0.00156032
CLM07458,1686,SUP-051,V-Belt,Wear,24111,1377,17,109,5,0,0,0.07383842
CLM07459,1784,SUP-080,V-Belt,Breakage,17926,18082,2,87,2,0,0,0.0014984226
CLM07460,1528,SUP-013,Wheel Bearing,Wear,35971,15933,2,121,9,0,0,0.035512906
CLM07461,1601,SUP-090,Radiator Hose,Leak,20319,953,7,197,5,0,0,0.001581129
CLM07462,1652,SUP-031,Fuel/Water Separator,Sensor Failure,18135,21488,10,145,6,0,0,0.0016103344
CLM07463,1656,SUP-039,Wheel Speed Sensor,Corrosion,35879,26339,14,9,4,0,0,0.03435493
CLM07464,1165,SUP-063,Relay Valve,Sensor Failure,8276,19027,19,346,1,0,0,0.07170103
CLM07465,1848,SUP-048,Brake Chamber,Wear,27062,12277,17,269,3,0,0,0.06984237
CLM07466,1495,SUP-087,U-Joint,Breakage,15586,6845,16,240,5,0,0,0.030338528
CLM07467,1589,SUP-048,Brake Chamber,Corrosion,22345,7704,17,18,3,0,0,0.072783254
CLM07468,1428,SUP-061,V-Belt,Leak,19941,12878,18,101,8,0,0,0.068730526
CLM07469,1773,SUP-012,Relay Valve,Misalignment,2571,29404,11,45,2,0,0,0.0016889509
CLM07470,1162,SUP-078,Radiator Hose,Corrosion,40352,13446,19,288,2,1,1,99.85797
CLM07471,1365,SUP-056,Radiator Hose,Breakage,10949,19942,11,7,1,0,0,0.0016086305
CLM07472,1525,SUP-018,Radiator Hose,Sensor Failure,38542,19740,10,276,1,0,0,0.03338305
CLM07473,1238,SUP-027,U-Joint,Wear,13561,9603,14,237,4,0,0,0.0015049988
CLM07474,1071,SUP-028,U-Joint,Sensor Failure,33827,15088,14,190,8,0,0,0.032641806
CLM07475,1444,SUP-082,Relay Valve,Corrosion,30013,11463,10,14,8,0,0,0.0015111961
CLM07476,1654,SUP-080,Fuel/Water Separator,Misalignment,26993,26543,4,265,8,0,0,0.0016155904
CLM07477,1821,SUP-052,V-Belt,Breakage,47870,940,10,356,1,0,0,0.02995535
CLM07478,1508,SUP-016,Radiator Hose,Wear,23595,1495,6,177,1,0,0,0.0015587584
CLM07479,1794,SUP-077,Radiator Hose,Breakage,18722,2611,11,90,7,0,0,0.0016304929
CLM07480,1268,SUP-058,Radiator Hose,Breakage,26042,4600,18,93,7,0,0,0.07145436
CLM07481,1752,SUP-093,U-Joint,Misalignment,8001,12421,6,16,5,0,0,0.0015279728
CLM07482,1414,SUP-009,Fuel/Water Separator,Corrosion,27886,6715,15,223,8,0,0,0.0016227226
CLM07483,1244,SUP-026,Brake Chamber,Sensor Failure,8948,3968,6,152,6,0,0,0.0016441116
CLM07484,1674,SUP-028,Fuel/Water Separator,Breakage,32874,13404,1,136,1,0,0,0.025114944
CLM07485,1059,SUP-077,U-Joint,Breakage,19855,6973,9,218,7,0,0,0.001566642
CLM07486,1005,SUP-036,Brake Chamber,Breakage,49394,16407,14,335,8,0,0,0.03140997
CLM07487,1708,SUP-009,Wheel Bearing,Wear,26295,22150,3,250,8,0,0,0.0015891908
CLM07488,1981,SUP-047,Relay Valve,Breakage,26811,12531,1,138,9,0,0,0.0015022055
CLM07489,1569,SUP-078,Wheel Bearing,Breakage,42522,16599,14,24,3,0,0,0.028812725
CLM07490,1816,SUP-051,Relay Valve,Corrosion,42942,23376,14,241,2,0,0,0.0342199
CLM07491,1406,SUP-076,Radiator Hose,Breakage,30225,4960,4,136,8,0,0,0.013452773
CLM07492,1216,SUP-057,Wheel Bearing,Misalignment,46814,27914,14,1,4,0,0,0.034094952
CLM07493,1929,SUP-032,U-Joint,Misalignment,41869,29796,4,245,2,0,0,0.030544125
CLM07494,1025,SUP-067,V-Belt,Breakage,21723,13294,11,330,2,0,0,0.0014859638
CLM07495,1814,SUP-057,Brake Chamber,Misalignment,8879,9214,9,111,2,0,0,0.0014713787
CLM07496,1004,SUP-054,Air Filter,Corrosion,41568,25781,11,358,5,0,0,0.030585937
CLM07497,1985,SUP-016,V-Belt,Wear,10549,2259,15,31,8,0,0,0.0015985739
CLM07498,1531,SUP-062,Wheel Bearing,Misalignment,28338,749,6,230,9,0,0,0.0015912306
CLM07499,1389,SUP-084,Brake Chamber,Misalignment,19169,21880,12,77,6,0,0,0.0016649532
CLM07500,1709,SUP-096,Wheel Bearing,Sensor Failure,47966,4844,13,62,8,0,0,0.036666457
CLM07501,1570,SUP-056,Wheel Bearing,Corrosion,35730,26450,18,35,6,1,1,99.88763
CLM07502,1447,SUP-023,Wheel Speed Sensor,Misalignment,16136,14080,14,172,1,0,0,0.0014945606
CLM07503,1753,SUP-017,Air Filter,Wear,41014,15689,11,175,9,0,0,0.032648776
CLM07504,1145,SUP-080,Wheel Speed Sensor,Sensor Failure,43148,7091,2,22,7,0,0,0.035138853
CLM07505,1387,SUP-038,Wheel Speed Sensor,Breakage,6965,26902,19,135,2,0,0,0.07515931
CLM07506,1784,SUP-072,Fuel/Water Separator,Corrosion,3678,10822,2,134,3,0,0,0.0014320709
CLM07507,1248,SUP-083,U-Joint,Misalignment,23489,8208,17,12,2,0,0,0.069434315
CLM07508,1525,SUP-030,U-Joint,Breakage,47136,12170,8,100,9,0,0,0.032378543
CLM07509,1461,SUP-058,Wheel Speed Sensor,Corrosion,44967,6982,5,43,8,0,0,0.031927723
CLM07510,1012,SUP-098,Radiator Hose,Sensor Failure,39075,26179,11,330,5,0,0,0.030655947
CLM07511,1902,SUP-078,Fuel/Water Separator,Misalignment,20507,23122,1,264,4,0,0,0.0015981273
CLM07512,1383,SUP-022,Wheel Bearing,Wear,36911,12685,16,201,7,1,1,99.70304
CLM07513,1555,SUP-017,Air Filter,Corrosion,36568,8950,5,141,9,0,0,0.03270694
CLM07514,1886,SUP-015,Wheel Speed Sensor,Wear,33081,29293,16,184,8,1,1,99.686745
CLM07515,1398,SUP-048,Air Filter,Breakage,23586,9839,5,250,8,0,0,0.0015341257
CLM07516,1018,SUP-032,Relay Valve,Breakage,35562,23980,10,147,2,0,0,0.029975062
CLM07517,1574,SUP-077,Fuel/Water Separator,Sensor Failure,44208,1404,9,279,9,0,0,0.036792297
CLM07518,1490,SUP-085,Air Filter,Sensor Failure,3342,21926,19,299,2,0,0,0.06124688
CLM07519,1750,SUP-040,Wheel Bearing,Leak,45360,24779,3,280,8,0,0,0.037592404
CLM07520,1418,SUP-097,Relay Valve,Leak,11167,24340,9,225,5,0,0,0.0015686244
CLM07521,1336,SUP-057,Radiator Hose,Sensor Failure,35075,16321,8,215,6,0,0,0.034521025
CLM07522,1418,SUP-058,Wheel Bearing,Misalignment,49303,19023,4,343,9,0,0,0.033183336
CLM07523,1914,SUP-091,U-Joint,Breakage,48713,5643,11,155,8,0,0,0.030735957
CLM07524,1915,SUP-099,V-Belt,Wear,48452,20062,4,140,5,0,0,0.027126994
CLM07525,1611,SUP-016,Brake Chamber,Sensor Failure,2455,4647,12,46,6,0,0,0.0016419226
CLM07526,1674,SUP-028,V-Belt,Misalignment,27293,15546,7,111,5,0,0,0.0014666226
CLM07527,1927,SUP-098,Radiator Hose,Wear,44389,21273,8,199,9,0,0,0.03206108
CLM07528,1121,SUP-001,U-Joint,Leak,39159,2847,10,228,5,0,0,0.036433417
CLM07529,1431,SUP-041,Air Filter,Wear,3539,15180,13,302,6,0,0,0.0015688369
CLM07530,1043,SUP-048,Fuel/Water Separator,Sensor Failure,37386,22385,14,82,1,0,0,0.027856428
CLM07531,1871,SUP-031,Wheel Bearing,Breakage,36146,18475,16,144,8,1,1,99.724884
CLM07532,1919,SUP-036,U-Joint,Sensor Failure,26450,19125,7,58,8,0,0,0.0016189311
CLM07533,1316,SUP-033,U-Joint,Corrosion,19589,20512,16,142,8,0,0,0.027429406
CLM07534,1380,SUP-033,Wheel Speed Sensor,Misalignment,13719,15271,17,341,7,0,0,0.06840067
CLM07535,1144,SUP-082,Brake Chamber,Misalignment,34907,15220,19,25,7,1,1,99.87626
CLM07536,1326,SUP-023,Wheel Bearing,Misalignment,4591,25930,12,102,6,0,0,0.0015979522
CLM07537,1362,SUP-060,U-Joint,Corrosion,22098,1250,9,143,7,0,0,0.0015917754
CLM07538,1049,SUP-087,Wheel Speed Sensor,Corrosion,5714,14183,8,74,9,0,0,0.0014577109
CLM07539,1064,SUP-079,Relay Valve,Breakage,44633,24795,9,44,5,0,0,0.035761934
CLM07540,1354,SUP-090,Radiator Hose,Misalignment,27121,29125,5,348,9,0,0,0.0016076614
CLM07541,1799,SUP-030,Radiator Hose,Sensor Failure,28419,27443,10,241,9,0,0,0.001624818
CLM07542,1163,SUP-089,Fuel/Water Separator,Corrosion,30603,8930,5,82,4,0,0,0.012187334
CLM07543,1140,SUP-045,Fuel/Water Separator,Sensor Failure,5667,7035,14,358,9,0,0,0.0016943488
CLM07544,1965,SUP-080,U-Joint,Leak,9457,19579,18,66,8,0,0,0.07631782
CLM07545,1825,SUP-039,U-Joint,Misalignment,49525,6656,7,278,5,0,0,0.028478933
CLM07546,1127,SUP-045,Wheel Bearing,Corrosion,9293,5136,8,87,3,0,0,0.0015838667
CLM07547,1397,SUP-078,Brake Chamber,Corrosion,49100,15525,5,346,9,0,0,0.030039432
CLM07548,1932,SUP-081,U-Joint,Breakage,25238,10008,6,41,3,0,0,0.0014456322
CLM07549,1879,SUP-012,Radiator Hose,Sensor Failure,24542,19188,9,204,3,0,0,0.0016221053
CLM07550,1462,SUP-093,Air Filter,Breakage,21357,607,9,349,3,0,0,0.0015311353
CLM07551,1750,SUP-032,U-Joint,Breakage,27110,2104,8,339,1,0,0,0.0015950518
CLM07552,1835,SUP-056,Wheel Speed Sensor,Sensor Failure,36037,18792,17,226,6,1,1,99.88214
CLM07553,1807,SUP-024,Radiator Hose,Leak,19867,19114,8,48,3,0,0,0.0015611164
CLM07554,1186,SUP-013,U-Joint,Sensor Failure,18597,8421,1,283,3,0,0,0.0015045784
CLM07555,1719,SUP-020,V-Belt,Leak,12184,28853,18,350,9,0,0,0.06877076
CLM07556,1731,SUP-079,V-Belt,Breakage,21813,25442,15,229,7,0,0,0.001547723
CLM07557,1911,SUP-056,V-Belt,Leak,26482,24047,16,348,8,0,0,0.02801367
CLM07558,1189,SUP-053,Brake Chamber,Misalignment,27157,24585,2,198,1,0,0,0.0015822104
CLM07559,1387,SUP-068,Wheel Speed Sensor,Leak,43564,27985,13,192,8,0,0,0.03208704
CLM07560,1428,SUP-054,Wheel Speed Sensor,Leak,16660,20478,2,312,8,0,0,0.0015999207
CLM07561,1857,SUP-034,Radiator Hose,Corrosion,15686,3421,14,70,8,0,0,0.0016179308
CLM07562,1283,SUP-028,Air Filter,Corrosion,39763,29344,7,21,6,0,0,0.031230036
CLM07563,1863,SUP-050,Radiator Hose,Breakage,34337,2240,11,47,5,0,0,0.03551808
CLM07564,1236,SUP-002,Wheel Bearing,Sensor Failure,25479,15595,15,316,4,0,0,0.0015673742
CLM07565,1193,SUP-094,Relay Valve,Leak,35313,3318,17,233,9,1,1,99.88617
CLM07566,1286,SUP-026,V-Belt,Misalignment,1908,18237,17,90,7,0,0,0.07114303
CLM07567,1770,SUP-051,Air Filter,Corrosion,38230,25527,15,233,1,0,0,0.034622375
CLM07568,1757,SUP-047,Relay Valve,Sensor Failure,5083,6640,16,273,1,0,0,0.029334348
CLM07569,1135,SUP-026,Relay Valve,Misalignment,4340,29642,9,253,1,0,0,0.0016336353
CLM07570,1791,SUP-084,Relay Valve,Leak,40715,21300,19,199,4,1,1,99.88311
CLM07571,1782,SUP-092,Brake Chamber,Sensor Failure,32829,29612,9,153,9,0,0,0.025972422
CLM07572,1170,SUP-084,U-Joint,Misalignment,8039,11138,6,162,3,0,0,0.0014760504
CLM07573,1158,SUP-075,Relay Valve,Wear,40880,27311,1,282,1,0,0,0.03398257
CLM07574,1200,SUP-074,U-Joint,Misalignment,12410,28585,5,6,1,0,0,0.0016223823
CLM07575,1486,SUP-061,Fuel/Water Separator,Misalignment,8155,25960,5,10,3,0,0,0.0016768819
CLM07576,1556,SUP-023,V-Belt,Leak,26589,6517,1,337,7,0,0,0.0016031754
CLM07577,1961,SUP-037,Relay Valve,Sensor Failure,40438,7493,1,131,8,0,0,0.031429946
CLM07578,1775,SUP-041,Wheel Speed Sensor,Leak,38677,28595,6,315,4,0,0,0.032166984
CLM07579,1582,SUP-052,U-Joint,Leak,9397,17626,9,112,2,0,0,0.0015011629
CLM07580,1503,SUP-083,Wheel Speed Sensor,Wear,49360,22473,19,80,7,1,1,99.88702
CLM07581,1875,SUP-082,Wheel Speed Sensor,Misalignment,13237,16399,5,48,9,0,0,0.0015229103
CLM07582,1370,SUP-049,Relay Valve,Sensor Failure,35819,7505,17,151,6,1,1,99.88837
CLM07583,1102,SUP-027,Fuel/Water Separator,Breakage,1002,8128,12,91,2,0,0,0.0014940077
CLM07584,1124,SUP-006,Air Filter,Corrosion,47794,27115,6,133,9,0,0,0.03831362
CLM07585,1312,SUP-074,Wheel Speed Sensor,Leak,1324,24886,13,184,7,0,0,0.0015229655
CLM07586,1975,SUP-066,V-Belt,Leak,39902,19446,8,229,9,0,0,0.026580648
CLM07587,1994,SUP-024,Wheel Bearing,Leak,17988,18144,3,76,2,0,0,0.0015195475
CLM07588,1797,SUP-038,Wheel Speed Sensor,Leak,22275,12968,11,85,4,0,0,0.0015115738
CLM07589,1457,SUP-028,V-Belt,Corrosion,33061,29581,1,263,6,0,0,0.029250732
CLM07590,1229,SUP-028,Radiator Hose,Breakage,36890,15351,14,234,7,0,0,0.030950494
CLM07591,1657,SUP-066,V-Belt,Wear,25360,13699,13,265,3,0,0,0.0014942229
CLM07592,1881,SUP-061,Brake Chamber,Breakage,16829,24123,15,216,5,0,0,0.0016175036
CLM07593,1196,SUP-046,Air Filter,Corrosion,20498,14939,8,345,4,0,0,0.0015500673
CLM07594,1884,SUP-069,Radiator Hose,Sensor Failure,12467,24323,15,174,5,0,0,0.0015697287
CLM07595,1732,SUP-075,V-Belt,Wear,1346,2834,13,37,6,0,0,0.001610666
CLM07596,1422,SUP-074,V-Belt,Wear,14369,6730,1,17,6,0,0,0.0015741615
CLM07597,1571,SUP-043,U-Joint,Sensor Failure,46114,25461,11,297,7,0,0,0.03658503
CLM07598,1609,SUP-059,Fuel/Water Separator,Misalignment,14997,15932,15,320,6,0,0,0.0016196924
CLM07599,1170,SUP-002,Air Filter,Leak,44518,1102,4,339,6,0,0,0.032289702
CLM07600,1381,SUP-015,Brake Chamber,Corrosion,45349,16169,6,313,4,0,0,0.033917937
CLM07601,1172,SUP-037,Wheel Speed Sensor,Sensor Failure,37211,15534,12,45,2,0,0,0.030582469
CLM07602,1662,SUP-071,Brake Chamber,Breakage,25686,17326,1,73,7,0,0,0.0015423715
CLM07603,1452,SUP-020,Relay Valve,Breakage,33790,20191,10,109,7,0,0,0.032672785
CLM07604,1349,SUP-098,Relay Valve,Misalignment,21200,8341,18,347,3,0,0,0.07131633
CLM07605,1901,SUP-035,Brake Chamber,Sensor Failure,11155,11324,1,343,5,0,0,0.0015202926
CLM07606,1951,SUP-034,Wheel Speed Sensor,Corrosion,14074,6356,7,138,6,0,0,0.0015927427
CLM07607,1633,SUP-086,Radiator Hose,Misalignment,19091,12659,2,182,9,0,0,0.0015498928
CLM07608,1493,SUP-031,Fuel/Water Separator,Misalignment,45042,20185,8,300,3,0,0,0.03628734
CLM07609,1619,SUP-087,Fuel/Water Separator,Misalignment,7715,2801,1,304,3,0,0,0.0016025517
CLM07610,1003,SUP-019,Brake Chamber,Wear,39821,23979,19,327,5,1,1,99.86506
CLM07611,1092,SUP-068,Fuel/Water Separator,Wear,21199,24725,6,2,2,0,0,0.0016177688
CLM07612,1918,SUP-024,Brake Chamber,Leak,26322,21334,11,80,3,0,0,0.0015974081
CLM07613,1005,SUP-084,Relay Valve,Corrosion,1514,14573,19,118,6,0,0,0.06952709
CLM07614,1287,SUP-039,V-Belt,Breakage,4039,4066,10,262,3,0,0,0.0014782973
CLM07615,1617,SUP-092,Radiator Hose,Breakage,6861,23437,16,80,1,0,0,0.025616856
CLM07616,1145,SUP-054,Fuel/Water Separator,Leak,19725,16058,16,89,7,0,0,0.02927004
CLM07617,1782,SUP-039,Wheel Bearing,Breakage,40104,19360,10,45,7,0,0,0.03537912
CLM07618,1423,SUP-017,Relay Valve,Misalignment,37130,14560,18,266,2,1,1,99.87392
CLM07619,1889,SUP-019,Wheel Bearing,Leak,37258,29646,18,244,5,1,1,99.887566
CLM07620,1607,SUP-048,U-Joint,Leak,31691,7620,3,288,9,0,0,0.018602274
CLM07621,1456,SUP-035,Fuel/Water Separator,Sensor Failure,25532,20894,12,2,3,0,0,0.001613498
CLM07622,1740,SUP-032,Brake Chamber,Wear,38935,19273,10,277,8,0,0,0.034246042
CLM07623,1201,SUP-047,Fuel/Water Separator,Corrosion,4178,18714,16,246,4,0,0,0.03169991
CLM07624,1211,SUP-047,Wheel Speed Sensor,Corrosion,24815,7040,9,226,3,0,0,0.0015005833
CLM07625,1005,SUP-064,Wheel Speed Sensor,Wear,20708,20957,18,349,2,0,0,0.07178176
CLM07626,1623,SUP-046,Air Filter,Misalignment,27138,6045,13,234,9,0,0,0.0016216738
CLM07627,1375,SUP-035,Radiator Hose,Corrosion,18928,28490,14,121,5,0,0,0.0016156782
CLM07628,1890,SUP-094,Wheel Speed Sensor,Breakage,23235,21713,19,23,9,0,0,0.075962536
CLM07629,1446,SUP-017,V-Belt,Breakage,45189,8554,14,200,8,0,0,0.03201905
CLM07630,1834,SUP-042,Brake Chamber,Corrosion,26101,19150,2,236,3,0,0,0.0016042124
CLM07631,1105,SUP-029,Fuel/Water Separator,Sensor Failure,30590,9287,11,36,4,0,0,0.012530298
CLM07632,1650,SUP-070,Radiator Hose,Corrosion,39940,25266,8,14,6,0,0,0.035731025
CLM07633,1810,SUP-017,Radiator Hose,Leak,22017,3962,3,15,5,0,0,0.0015835873
CLM07634,1400,SUP-081,U-Joint,Misalignment,10941,25719,15,245,3,0,0,0.0016234114
CLM07635,1095,SUP-014,Wheel Bearing,Leak,26416,16356,13,291,5,0,0,0.0016096465
CLM07636,1387,SUP-024,Air Filter,Wear,19649,22802,8,120,5,0,0,0.0016031312
CLM07637,1958,SUP-057,Fuel/Water Separator,Misalignment,46648,12881,13,22,9,0,0,0.032191556
CLM07638,1451,SUP-050,Air Filter,Misalignment,9904,26194,16,175,4,0,0,0.029180095
CLM07639,1848,SUP-057,Radiator Hose,Breakage,42026,20651,1,292,8,0,0,0.03578765
CLM07640,1808,SUP-061,Wheel Speed Sensor,Misalignment,26336,10359,2,271,4,0,0,0.0015225036
CLM07641,1978,SUP-039,Relay Valve,Sensor Failure,6260,17989,13,121,2,0,0,0.0015670722
CLM07642,1900,SUP-055,Air Filter,Corrosion,14657,13127,14,96,3,0,0,0.0014297704
CLM07643,1415,SUP-096,V-Belt,Leak,37959,3355,2,186,4,0,0,0.035827216
CLM07644,1725,SUP-036,Relay Valve,Breakage,30079,7003,16,169,8,1,1,98.53006
CLM07645,1503,SUP-037,Brake Chamber,Breakage,12381,14824,14,356,9,0,0,0.0015049902
CLM07646,1453,SUP-014,Relay Valve,Sensor Failure,17056,19043,7,345,6,0,0,0.0015774813
CLM07647,1290,SUP-027,V-Belt,Sensor Failure,22283,4898,14,237,8,0,0,0.0015992693
CLM07648,1533,SUP-083,Wheel Bearing,Sensor Failure,2467,14629,18,330,5,0,0,0.07401056
CLM07649,1192,SUP-031,Fuel/Water Separator,Sensor Failure,22236,14730,17,232,5,0,0,0.07040224
CLM07650,1979,SUP-073,Air Filter,Leak,7101,21030,5,26,8,0,0,0.0016063005
CLM07651,1149,SUP-081,Wheel Speed Sensor,Sensor Failure,8547,25881,11,254,4,0,0,0.0015644815
CLM07652,1879,SUP-083,Wheel Bearing,Breakage,3760,6524,18,30,3,0,0,0.07193088
CLM07653,1758,SUP-044,V-Belt,Breakage,40189,9392,16,359,2,1,1,99.647446
CLM07654,1778,SUP-068,Wheel Bearing,Misalignment,13648,4291,10,287,8,0,0,0.0015922143
CLM07655,1972,SUP-048,Air Filter,Corrosion,35161,5256,6,109,5,0,0,0.03017926
CLM07656,1762,SUP-057,Wheel Bearing,Breakage,37461,10492,14,338,6,0,0,0.03448698
CLM07657,1514,SUP-075,Brake Chamber,Breakage,46267,18791,2,258,9,0,0,0.03478445
CLM07658,1392,SUP-022,U-Joint,Leak,22762,14092,9,334,3,0,0,0.0015253434
CLM07659,1315,SUP-004,Air Filter,Misalignment,19083,1636,13,231,4,0,0,0.0014941231
CLM07660,1075,SUP-081,Fuel/Water Separator,Breakage,18504,21015,12,148,2,0,0,0.0016603597
CLM07661,1598,SUP-072,Relay Valve,Wear,39097,1122,2,34,6,0,0,0.03436073
CLM07662,1269,SUP-046,Air Filter,Breakage,14065,7745,3,60,9,0,0,0.0015297413
CLM07663,1224,SUP-059,V-Belt,Corrosion,49739,19780,13,290,2,0,0,0.022801047
CLM07664,1529,SUP-034,Wheel Bearing,Corrosion,48124,22543,1,165,5,0,0,0.035620727
CLM07665,1112,SUP-011,Air Filter,Misalignment,18112,15795,4,195,1,0,0,0.0014963205
CLM07666,1250,SUP-031,Wheel Bearing,Misalignment,12696,5468,18,127,4,0,0,0.07051276
CLM07667,1232,SUP-011,Wheel Speed Sensor,Sensor Failure,17999,5923,13,225,8,0,0,0.0016110025
CLM07668,1840,SUP-056,Fuel/Water Separator,Leak,34138,1915,6,275,3,0,0,0.031988204
CLM07669,1790,SUP-038,Radiator Hose,Corrosion,40535,7297,6,223,4,0,0,0.034291778
CLM07670,1713,SUP-021,Air Filter,Wear,22722,18946,15,52,2,0,0,0.0015674327
CLM07671,1082,SUP-094,V-Belt,Wear,31199,19571,18,44,9,1,1,99.58756
CLM07672,1124,SUP-010,U-Joint,Sensor Failure,30432,4762,17,86,5,1,1,99.54282
CLM07673,1174,SUP-026,Fuel/Water Separator,Leak,10139,2188,14,155,3,0,0,0.0015420597
CLM07674,1068,SUP-091,Radiator Hose,Leak,43415,4658,4,38,7,0,0,0.034321997
CLM07675,1046,SUP-008,Wheel Speed Sensor,Misalignment,23715,24622,1,92,1,0,0,0.0015250264
CLM07676,1883,SUP-008,U-Joint,Breakage,28124,8894,8,149,9,0,0,0.001527945
CLM07677,1255,SUP-060,Relay Valve,Wear,24403,26614,11,13,7,0,0,0.0016217588
CLM07678,1726,SUP-072,Wheel Bearing,Wear,3422,16410,13,349,1,0,0,0.0015179354
CLM07679,1029,SUP-034,U-Joint,Wear,41358,1624,17,298,4,1,1,99.87843
CLM07680,1280,SUP-016,Wheel Bearing,Wear,14455,25970,14,225,7,0,0,0.0015635567
CLM07681,1923,SUP-013,Radiator Hose,Corrosion,29187,22172,17,352,4,0,0,0.066694856
CLM07682,1993,SUP-087,Wheel Speed Sensor,Leak,28122,26631,1,304,7,0,0,0.0016066711
CLM07683,1236,SUP-076,Radiator Hose,Breakage,48109,19334,8,46,3,0,0,0.03272815
CLM07684,1247,SUP-091,Wheel Speed Sensor,Corrosion,10532,13952,19,220,4,0,0,0.070527144
CLM07685,1367,SUP-022,Wheel Speed Sensor,Leak,14541,6990,11,114,3,0,0,0.0015179573
CLM07686,1494,SUP-096,Brake Chamber,Sensor Failure,16481,9478,10,78,4,0,0,0.0014978895
CLM07687,1024,SUP-027,Brake Chamber,Wear,43478,9667,1,313,3,0,0,0.029522749
CLM07688,1585,SUP-064,Fuel/Water Separator,Breakage,39593,5429,5,308,5,0,0,0.03677953
CLM07689,1717,SUP-002,Brake Chamber,Leak,7760,4788,16,278,4,0,0,0.029882101
CLM07690,1489,SUP-097,Brake Chamber,Sensor Failure,43919,19830,5,17,3,0,0,0.03125908
CLM07691,1493,SUP-026,Wheel Bearing,Wear,42670,10891,16,97,5,1,1,99.688835
CLM07692,1313,SUP-092,Air Filter,Sensor Failure,21954,8415,3,102,9,0,0,0.0014937128
CLM07693,1605,SUP-083,Relay Valve,Sensor Failure,34341,28953,2,282,1,0,0,0.032400128
CLM07694,1374,SUP-069,V-Belt,Corrosion,28419,13173,17,167,4,0,0,0.06973792
CLM07695,1638,SUP-097,Wheel Speed Sensor,Sensor Failure,24119,14763,1,71,7,0,0,0.0014933011
CLM07696,1936,SUP-084,Radiator Hose,Corrosion,3222,28355,16,217,4,0,0,0.030629244
CLM07697,1024,SUP-030,Wheel Bearing,Misalignment,30363,19920,2,240,8,0,0,0.012509119
CLM07698,1333,SUP-008,Wheel Speed Sensor,Corrosion,27273,24600,7,179,7,0,0,0.0015229655
CLM07699,1354,SUP-038,V-Belt,Sensor Failure,1787,4575,11,158,5,0,0,0.0015818077
CLM07700,1115,SUP-061,Brake Chamber,Leak,29365,22391,6,41,4,0,0,0.0016582883
CLM07701,1047,SUP-081,Relay Valve,Sensor Failure,38435,13889,2,50,8,0,0,0.029758314
CLM07702,1737,SUP-065,Brake Chamber,Sensor Failure,26162,22980,14,284,1,0,0,0.0015910562
CLM07703,1777,SUP-067,Wheel Speed Sensor,Leak,12357,12959,4,74,2,0,0,0.0014702888
CLM07704,1098,SUP-046,Relay Valve,Wear,46569,24608,19,187,5,1,1,99.8853
CLM07705,1458,SUP-090,V-Belt,Breakage,28277,25412,2,244,7,0,0,0.001564383
CLM07706,1522,SUP-095,Radiator Hose,Misalignment,39839,4167,2,66,9,0,0,0.035269573
CLM07707,1596,SUP-072,Radiator Hose,Wear,21420,11631,13,235,3,0,0,0.0014996692
CLM07708,1404,SUP-043,Fuel/Water Separator,Sensor Failure,35477,14242,13,114,5,0,0,0.033427287
CLM07709,1213,SUP-059,U-Joint,Wear,13167,9296,3,206,2,0,0,0.0014760504
CLM07710,1684,SUP-046,U-Joint,Breakage,46350,19420,6,269,6,0,0,0.03437141
CLM07711,1902,SUP-072,Radiator Hose,Wear,16590,1165,17,257,6,0,0,0.074871585
CLM07712,1502,SUP-035,U-Joint,Breakage,28883,19801,1,89,4,0,0,0.0016496619
CLM07713,1720,SUP-039,Air Filter,Wear,22596,1732,7,10,2,0,0,0.0016039506
CLM07714,1447,SUP-092,V-Belt,Corrosion,2510,12479,7,191,8,0,0,0.0014947088
CLM07715,1893,SUP-051,Air Filter,Sensor Failure,31763,24811,13,234,8,0,0,0.018299561
CLM07716,1575,SUP-004,U-Joint,Breakage,23287,22908,9,54,1,0,0,0.0016381314
CLM07717,1257,SUP-080,Brake Chamber,Misalignment,45506,9043,18,151,2,1,1,99.86047
CLM07718,1843,SUP-077,Fuel/Water Separator,Sensor Failure,15374,10453,1,327,4,0,0,0.00147919
CLM07719,1120,SUP-084,U-Joint,Corrosion,25551,19779,11,306,1,0,0,0.0016436301
CLM07720,1809,SUP-051,Wheel Bearing,Wear,24936,24297,11,59,6,0,0,0.001656567
CLM07721,1977,SUP-005,Wheel Speed Sensor,Sensor Failure,29652,23058,10,262,2,0,0,0.0015482707
CLM07722,1053,SUP-055,Relay Valve,Wear,37274,28842,17,32,3,1,1,99.88545
CLM07723,1330,SUP-020,Brake Chamber,Wear,4633,21454,17,309,9,0,0,0.07440218
CLM07724,1783,SUP-024,Wheel Speed Sensor,Sensor Failure,27982,27600,12,364,7,0,0,0.001579194
CLM07725,1240,SUP-036,Fuel/Water Separator,Breakage,18845,7924,10,69,4,0,0,0.0014442623
CLM07726,1754,SUP-034,Wheel Bearing,Breakage,23298,26225,12,83,1,0,0,0.0016358177
CLM07727,1529,SUP-054,Radiator Hose,Sensor Failure,7352,6862,6,258,4,0,0,0.0016013861
CLM07728,1482,SUP-034,Wheel Speed Sensor,Breakage,35939,23272,6,299,6,0,0,0.03494516
CLM07729,1186,SUP-083,Relay Valve,Leak,47030,16339,6,40,8,0,0,0.030428734
CLM07730,1857,SUP-017,Air Filter,Wear,9594,5038,8,4,9,0,0,0.0015877064
CLM07731,1655,SUP-005,Wheel Bearing,Sensor Failure,9475,14462,5,75,4,0,0,0.0014867448
CLM07732,1261,SUP-089,Air Filter,Misalignment,23499,7144,6,174,6,0,0,0.0015250599
CLM07733,1952,SUP-018,Wheel Bearing,Corrosion,42200,24278,2,105,2,0,0,0.032095518
CLM07734,1363,SUP-055,V-Belt,Sensor Failure,29838,4850,17,148,2,0,0,0.07327885
CLM07735,1490,SUP-053,Radiator Hose,Sensor Failure,31447,569,8,122,6,0,0,0.018366054
CLM07736,1430,SUP-050,Wheel Bearing,Wear,38424,25653,9,14,9,0,0,0.037577033
CLM07737,1238,SUP-072,U-Joint,Corrosion,11387,7669,8,355,3,0,0,0.00143792
CLM07738,1303,SUP-091,U-Joint,Wear,42660,21474,11,177,4,0,0,0.033321492
CLM07739,1297,SUP-079,V-Belt,Misalignment,3670,4584,10,21,9,0,0,0.001513153
CLM07740,1075,SUP-045,Relay Valve,Breakage,5360,13568,17,317,9,0,0,0.074152105
CLM07741,1699,SUP-013,Fuel/Water Separator,Sensor Failure,36316,27526,13,258,5,0,0,0.03445382
CLM07742,1332,SUP-016,Radiator Hose,Wear,19710,13638,9,149,9,0,0,0.001531363
CLM07743,1899,SUP-086,Wheel Speed Sensor,Misalignment,40814,22818,15,266,5,0,0,0.031447064
CLM07744,1998,SUP-084,Brake Chamber,Misalignment,35974,8820,13,347,5,0,0,0.029739086
CLM07745,1757,SUP-013,Radiator Hose,Leak,6179,2006,13,118,7,0,0,0.0015959296
CLM07746,1641,SUP-020,V-Belt,Sensor Failure,16676,12780,13,332,6,0,0,0.0015550553
CLM07747,1473,SUP-066,U-Joint,Misalignment,26063,2148,4,80,7,0,0,0.0015838606
CLM07748,1826,SUP-099,Wheel Speed Sensor,Breakage,6475,25068,10,264,2,0,0,0.0015515876
CLM07749,1922,SUP-047,Wheel Bearing,Wear,10681,14611,15,185,9,0,0,0.0015611014
CLM07750,1282,SUP-019,Relay Valve,Wear,7965,3667,10,101,6,0,0,0.0015848805
CLM07751,1590,SUP-045,Relay Valve,Leak,34566,19432,8,89,9,0,0,0.03432599
CLM07752,1071,SUP-037,Fuel/Water Separator,Breakage,28874,1979,10,47,1,0,0,0.0016088898
CLM07753,1262,SUP-054,Fuel/Water Separator,Misalignment,37123,26878,17,82,2,1,1,99.887924
CLM07754,1702,SUP-006,Radiator Hose,Leak,21313,6023,5,124,7,0,0,0.0016995467
CLM07755,1878,SUP-014,Brake Chamber,Misalignment,46317,507,13,264,2,0,0,0.028835453
CLM07756,1886,SUP-004,V-Belt,Misalignment,1859,17103,19,147,6,0,0,0.070063494
CLM07757,1941,SUP-086,Wheel Speed Sensor,Sensor Failure,25939,9416,12,241,2,0,0,0.001458726
CLM07758,1574,SUP-055,U-Joint,Corrosion,48102,21081,12,286,5,0,0,0.035433024
CLM07759,1999,SUP-100,V-Belt,Misalignment,15318,14489,2,91,6,0,0,0.001472044
CLM07760,1891,SUP-034,V-Belt,Wear,41456,7417,9,228,7,0,0,0.0354746
CLM07761,1011,SUP-027,Air Filter,Misalignment,11337,2549,2,154,1,0,0,0.0016137703
CLM07762,1140,SUP-007,Air Filter,Leak,12023,4285,1,361,2,0,0,0.0015490283
CLM07763,1765,SUP-003,Wheel Bearing,Misalignment,13870,8157,14,251,2,0,0,0.001548631
CLM07764,1554,SUP-047,Brake Chamber,Wear,38790,20796,13,334,1,0,0,0.03118157
CLM07765,1016,SUP-097,Wheel Bearing,Wear,41352,27818,3,201,3,0,0,0.027400497
CLM07766,1062,SUP-002,Wheel Speed Sensor,Leak,40170,9462,5,215,6,0,0,0.03256118
CLM07767,1252,SUP-080,U-Joint,Wear,26491,17623,2,173,9,0,0,0.001522916
CLM07768,1464,SUP-025,U-Joint,Breakage,48620,21179,18,64,3,1,1,99.884415
CLM07769,1375,SUP-060,V-Belt,Breakage,15274,21005,9,30,3,0,0,0.0016027535
CLM07770,1803,SUP-079,Fuel/Water Separator,Corrosion,19158,10709,12,178,2,0,0,0.0014270894
CLM07771,1980,SUP-024,U-Joint,Breakage,20749,21923,5,170,2,0,0,0.0015085379
CLM07772,1519,SUP-015,Fuel/Water Separator,Leak,25398,29273,18,156,7,0,0,0.07417568
CLM07773,1836,SUP-095,Fuel/Water Separator,Misalignment,16970,24699,2,58,4,0,0,0.0016824274
CLM07774,1089,SUP-014,Wheel Speed Sensor,Breakage,31135,14142,10,31,6,0,0,0.013849067
CLM07775,1719,SUP-054,Brake Chamber,Corrosion,9342,23884,10,346,8,0,0,0.0016172506
CLM07776,1803,SUP-078,V-Belt,Sensor Failure,47560,25272,3,100,5,0,0,0.030170571
CLM07777,1795,SUP-006,U-Joint,Sensor Failure,41193,17393,14,128,3,0,0,0.032301154
CLM07778,1629,SUP-078,Brake Chamber,Leak,12412,18879,5,315,2,0,0,0.0015681008
CLM07779,1860,SUP-081,Air Filter,Corrosion,36789,1514,13,228,6,0,0,0.033370703
CLM07780,1174,SUP-018,Wheel Speed Sensor,Breakage,38005,19985,17,116,8,1,1,99.876816
CLM07781,1075,SUP-020,Brake Chamber,Corrosion,40162,17806,6,12,4,0,0,0.028686391
CLM07782,1612,SUP-062,Wheel Speed Sensor,Wear,16293,27422,13,301,2,0,0,0.0016076306
CLM07783,1925,SUP-081,Brake Chamber,Corrosion,14194,28280,12,322,3,0,0,0.0015643995
CLM07784,1662,SUP-080,Fuel/Water Separator,Breakage,48747,10483,3,360,3,0,0,0.029485451
CLM07785,1399,SUP-040,V-Belt,Leak,26646,26631,16,196,9,0,0,0.028430644
CLM07786,1781,SUP-039,U-Joint,Wear,29765,5927,5,354,4,0,0,0.0015119788
CLM07787,1969,SUP-052,Radiator Hose,Corrosion,18144,8712,2,183,6,0,0,0.0015258731
CLM07788,1070,SUP-032,Relay Valve,Sensor Failure,38219,26998,11,325,9,0,0,0.03592373
CLM07789,1179,SUP-073,V-Belt,Breakage,38395,17948,4,5,8,0,0,0.029125731
CLM07790,1123,SUP-027,Fuel/Water Separator,Leak,36507,22895,1,319,9,0,0,0.038169943
CLM07791,1380,SUP-052,Fuel/Water Separator,Misalignment,43977,14309,13,260,6,0,0,0.034233116
CLM07792,1292,SUP-097,Radiator Hose,Breakage,22932,27059,18,297,2,0,0,0.0744307
CLM07793,1796,SUP-063,Fuel/Water Separator,Corrosion,40559,18783,16,140,5,1,1,99.67743
CLM07794,1194,SUP-074,Fuel/Water Separator,Leak,25300,4043,2,354,3,0,0,0.0014400524
CLM07795,1910,SUP-063,Air Filter,Sensor Failure,24229,17850,9,55,3,0,0,0.0015252692
CLM07796,1227,SUP-017,U-Joint,Wear,7867,22667,12,301,1,0,0,0.0015883606
CLM07797,1430,SUP-049,V-Belt,Corrosion,10108,14119,5,156,4,0,0,0.0014881463
CLM07798,1941,SUP-100,Relay Valve,Leak,31783,27582,5,315,7,0,0,0.01731024
CLM07799,1435,SUP-081,Relay Valve,Wear,4943,25589,13,188,3,0,0,0.0015286534
CLM07800,1786,SUP-082,Fuel/Water Separator,Leak,16523,4074,16,256,7,0,0,0.03071911
CLM07801,1460,SUP-023,Brake Chamber,Misalignment,37228,28191,19,181,6,1,1,99.88047
CLM07802,1617,SUP-098,V-Belt,Corrosion,2492,540,9,168,1,0,0,0.0015701973
CLM07803,1020,SUP-072,Radiator Hose,Leak,37389,7481,16,121,5,1,1,99.68211
CLM07804,1063,SUP-013,Air Filter,Sensor Failure,9918,17146,19,308,6,0,0,0.07412583
CLM07805,1164,SUP-023,Relay Valve,Leak,47610,14105,4,11,9,0,0,0.03031887
CLM07806,1026,SUP-057,Fuel/Water Separator,Corrosion,46821,8645,15,352,6,0,0,0.030906146
CLM07807,1310,SUP-062,Wheel Speed Sensor,Leak,27185,9724,9,178,8,0,0,0.0015116357
CLM07808,1284,SUP-054,Wheel Speed Sensor,Wear,22402,28200,16,306,2,0,0,0.030188382
CLM07809,1659,SUP-020,Brake Chamber,Wear,30324,2319,6,352,1,0,0,0.010215178
CLM07810,1280,SUP-086,Radiator Hose,Misalignment,30576,15858,8,123,1,0,0,0.011922533
CLM07811,1837,SUP-052,Wheel Speed Sensor,Breakage,32760,17011,1,48,7,0,0,0.028779203
CLM07812,1830,SUP-023,Relay Valve,Misalignment,24134,19462,14,182,8,0,0,0.0015208421
CLM07813,1163,SUP-035,Brake Chamber,Breakage,22225,13312,4,306,8,0,0,0.0015569029
CLM07814,1897,SUP-067,Radiator Hose,Sensor Failure,10131,22735,10,241,3,0,0,0.0015791189
CLM07815,1917,SUP-034,Air Filter,Wear,31505,16876,16,256,5,1,1,99.22889
CLM07816,1223,SUP-033,Wheel Speed Sensor,Breakage,2268,16638,4,338,7,0,0,0.0015569029
CLM07817,1783,SUP-046,Wheel Bearing,Leak,43450,29928,2,213,9,0,0,0.034945857
CLM07818,1145,SUP-081,V-Belt,Sensor Failure,6561,24821,2,297,5,0,0,0.0015645443
CLM07819,1964,SUP-045,Radiator Hose,Corrosion,30113,28089,13,220,4,0,0,0.012902742
CLM07820,1949,SUP-019,Radiator Hose,Breakage,12271,20095,11,28,4,0,0,0.0016266503
CLM07821,1867,SUP-094,Wheel Speed Sensor,Misalignment,38422,9585,10,216,6,0,0,0.03362829
CLM07822,1029,SUP-087,Brake Chamber,Breakage,8512,3306,6,246,9,0,0,0.00154142
CLM07823,1044,SUP-015,V-Belt,Misalignment,3800,2779,7,199,1,0,0,0.001517018
CLM07824,1786,SUP-078,Relay Valve,Misalignment,32620,23960,15,191,1,0,0,0.024965182
CLM07825,1470,SUP-066,Relay Valve,Wear,22422,6187,19,129,1,0,0,0.07113398
CLM07826,1033,SUP-039,Wheel Bearing,Sensor Failure,43217,12875,3,161,4,0,0,0.031223366
CLM07827,1652,SUP-018,U-Joint,Misalignment,31845,27889,14,33,4,0,0,0.018764833
CLM07828,1426,SUP-070,Wheel Speed Sensor,Wear,30361,24810,2,11,8,0,0,0.014057579
CLM07829,1829,SUP-059,Brake Chamber,Wear,13764,18671,16,215,5,0,0,0.03102441
CLM07830,1885,SUP-032,V-Belt,Misalignment,22164,21616,17,242,4,0,0,0.07185743
CLM07831,1220,SUP-021,Brake Chamber,Sensor Failure,44379,10940,15,284,8,0,0,0.032702044
CLM07832,1867,SUP-040,U-Joint,Leak,2143,28109,13,246,7,0,0,0.0016217883
CLM07833,1533,SUP-092,Relay Valve,Breakage,30213,16247,12,190,6,0,0,0.011179787
CLM07834,1691,SUP-027,Brake Chamber,Wear,7703,11100,7,303,2,0,0,0.0015244825
CLM07835,1947,SUP-002,Relay Valve,Breakage,29850,16863,3,330,5,0,0,0.0015367058
CLM07836,1366,SUP-097,Relay Valve,Sensor Failure,45125,2679,9,72,2,0,0,0.03143097
CLM07837,1931,SUP-080,Wheel Bearing,Leak,11806,8868,3,245,6,0,0,0.0016042384
CLM07838,1840,SUP-039,Relay Valve,Corrosion,8094,3623,16,83,9,0,0,0.029374229
CLM07839,1742,SUP-086,Fuel/Water Separator,Leak,17158,6165,3,114,9,0,0,0.0016240634
CLM07840,1914,SUP-056,Relay Valve,Sensor Failure,49987,8713,8,264,6,0,0,0.026433034
CLM07841,1549,SUP-013,V-Belt,Leak,28209,17536,8,69,4,0,0,0.0014814768
CLM07842,1581,SUP-056,V-Belt,Corrosion,14763,3890,15,334,9,0,0,0.0016095022
CLM07843,1115,SUP-066,V-Belt,Wear,37256,25858,5,301,5,0,0,0.03662289
CLM07844,1238,SUP-078,Radiator Hose,Leak,13217,8859,13,161,8,0,0,0.0015342208
CLM07845,1334,SUP-056,Wheel Speed Sensor,Misalignment,43105,26137,15,107,9,0,0,0.035220582
CLM07846,1440,SUP-028,Wheel Speed Sensor,Misalignment,35872,9564,7,294,5,0,0,0.031193316
CLM07847,1147,SUP-064,Wheel Speed Sensor,Sensor Failure,21240,2281,12,140,6,0,0,0.0016163116
CLM07848,1008,SUP-071,Fuel/Water Separator,Leak,38887,22750,3,323,4,0,0,0.031241352
CLM07849,1287,SUP-082,V-Belt,Corrosion,14510,7583,8,360,1,0,0,0.0014511751
CLM07850,1387,SUP-064,Wheel Speed Sensor,Sensor Failure,2808,26472,10,150,1,0,0,0.0016039201
CLM07851,1049,SUP-056,U-Joint,Leak,22864,25707,2,326,5,0,0,0.0015730346
CLM07852,1849,SUP-041,U-Joint,Sensor Failure,1409,18485,8,99,3,0,0,0.0015202214
CLM07853,1516,SUP-100,Brake Chamber,Misalignment,1645,19765,18,167,7,0,0,0.0730963
CLM07854,1915,SUP-041,Radiator Hose,Corrosion,18935,26526,12,144,4,0,0,0.0016119522
CLM07855,1854,SUP-100,Relay Valve,Wear,14926,2363,18,159,4,0,0,0.07437692
CLM07856,1637,SUP-004,V-Belt,Corrosion,2113,24217,19,300,4,0,0,0.07242792
CLM07857,1586,SUP-057,Fuel/Water Separator,Wear,26811,1221,5,302,6,0,0,0.001639219
CLM07858,1676,SUP-030,Radiator Hose,Breakage,5592,7742,16,44,9,0,0,0.027463736
CLM07859,1277,SUP-088,Wheel Bearing,Misalignment,48159,29611,17,340,9,1,1,99.88309
CLM07860,1953,SUP-084,Wheel Bearing,Misalignment,25552,12028,9,87,5,0,0,0.001510536
CLM07861,1835,SUP-046,Air Filter,Misalignment,20744,24457,10,84,8,0,0,0.0016554282
CLM07862,1988,SUP-056,Relay Valve,Corrosion,23046,8353,19,96,4,0,0,0.06836734
CLM07863,1299,SUP-031,V-Belt,Wear,25454,17126,12,302,8,0,0,0.0015253797
CLM07864,1801,SUP-088,Radiator Hose,Breakage,16829,27724,1,240,9,0,0,0.001624818
CLM07865,1588,SUP-007,Wheel Bearing,Breakage,43372,7405,17,217,8,1,1,99.88374
CLM07866,1809,SUP-090,Air Filter,Breakage,43693,5138,3,239,8,0,0,0.031657632
CLM07867,1648,SUP-077,Fuel/Water Separator,Sensor Failure,24084,4872,7,72,9,0,0,0.0016662525
CLM07868,1617,SUP-054,V-Belt,Corrosion,37398,21529,9,181,8,0,0,0.031214379
CLM07869,1606,SUP-008,Wheel Bearing,Corrosion,32683,22311,5,173,4,0,0,0.028192814
CLM07870,1134,SUP-055,Wheel Speed Sensor,Misalignment,33477,25478,9,192,5,0,0,0.035549723
CLM07871,1579,SUP-069,U-Joint,Corrosion,4869,18337,19,94,6,0,0,0.072663814
CLM07872,1146,SUP-044,Air Filter,Corrosion,6200,26072,11,152,5,0,0,0.00158
CLM07873,1489,SUP-013,Fuel/Water Separator,Sensor Failure,44451,4671,14,159,9,0,0,0.036465004
CLM07874,1477,SUP-093,Wheel Bearing,Corrosion,3039,23366,14,327,2,0,0,0.0015936802
CLM07875,1158,SUP-020,Fuel/Water Separator,Wear,14079,23792,8,296,6,0,0,0.0016207616
CLM07876,1383,SUP-078,Relay Valve,Breakage,24838,22453,1,330,2,0,0,0.0015936802
CLM07877,1162,SUP-032,Brake Chamber,Sensor Failure,35075,28226,4,15,8,0,0,0.036145132
CLM07878,1440,SUP-060,Air Filter,Sensor Failure,7634,14873,16,119,8,0,0,0.029587388
CLM07879,1852,SUP-050,Radiator Hose,Misalignment,2724,13105,1,21,5,0,0,0.0015475518
CLM07880,1188,SUP-027,Radiator Hose,Corrosion,23054,16187,19,21,8,0,0,0.071178906
CLM07881,1414,SUP-025,Wheel Bearing,Breakage,38458,4001,3,316,5,0,0,0.033348188
CLM07882,1338,SUP-052,Wheel Speed Sensor,Wear,3455,1686,2,221,4,0,0,0.0015425406
CLM07883,1606,SUP-068,Wheel Speed Sensor,Breakage,48430,1881,17,106,9,1,1,99.86501
CLM07884,1180,SUP-021,Relay Valve,Leak,8092,14750,11,233,8,0,0,0.0015116357
CLM07885,1287,SUP-018,Radiator Hose,Breakage,27612,23697,3,65,4,0,0,0.0016371132
CLM07886,1833,SUP-039,Air Filter,Wear,41456,13116,7,149,2,0,0,0.03169381
CLM07887,1186,SUP-015,U-Joint,Wear,43773,26930,10,183,2,0,0,0.033184696
CLM07888,1883,SUP-053,Wheel Speed Sensor,Wear,32102,16273,3,69,2,0,0,0.01723144
CLM07889,1137,SUP-038,Radiator Hose,Sensor Failure,4061,18788,8,207,8,0,0,0.0017145516
CLM07890,1129,SUP-048,Brake Chamber,Sensor Failure,33001,12358,5,110,6,0,0,0.031020952
CLM07891,1193,SUP-052,Air Filter,Leak,11586,27024,10,282,1,0,0,0.0015883606
CLM07892,1315,SUP-088,U-Joint,Breakage,29943,12725,12,331,4,0,0,0.0015500673
CLM07893,1983,SUP-072,Brake Chamber,Corrosion,10476,29647,18,55,3,0,0,0.073451266
CLM07894,1784,SUP-028,Radiator Hose,Misalignment,25971,12219,6,113,7,0,0,0.0015452586
CLM07895,1863,SUP-085,Wheel Bearing,Leak,4763,2252,8,213,5,0,0,0.0015872129
CLM07896,1143,SUP-016,Relay Valve,Corrosion,46209,26813,18,46,1,1,1,99.8885
CLM07897,1015,SUP-016,Relay Valve,Corrosion,25078,26889,6,70,6,0,0,0.0015894107
CLM07898,1301,SUP-035,U-Joint,Leak,36656,2454,9,182,4,0,0,0.03330723
CLM07899,1422,SUP-017,Brake Chamber,Breakage,10914,29085,16,173,6,0,0,0.029504236
CLM07900,1244,SUP-073,Radiator Hose,Misalignment,5006,22155,11,310,7,0,0,0.0015877504
CLM07901,1926,SUP-099,Radiator Hose,Corrosion,18470,1037,2,209,9,0,0,0.0016044127
CLM07902,1106,SUP-052,Wheel Bearing,Sensor Failure,7499,24466,17,223,1,0,0,0.073642254
CLM07903,1087,SUP-093,Fuel/Water Separator,Sensor Failure,35072,19274,13,343,6,0,0,0.033191692
CLM07904,1128,SUP-082,Relay Valve,Leak,12304,26865,7,96,8,0,0,0.0016613685
CLM07905,1906,SUP-012,Fuel/Water Separator,Misalignment,31235,16245,10,120,4,0,0,0.0149256885
CLM07906,1886,SUP-083,Fuel/Water Separator,Misalignment,23894,24814,13,36,9,0,0,0.0016627746
CLM07907,1340,SUP-048,Wheel Bearing,Corrosion,18398,9882,10,34,4,0,0,0.0015045609
CLM07908,1003,SUP-022,Fuel/Water Separator,Leak,46332,4436,4,342,4,0,0,0.03313914
CLM07909,1326,SUP-049,Fuel/Water Separator,Misalignment,25796,18379,11,289,9,0,0,0.001579051
CLM07910,1409,SUP-052,Wheel Bearing,Misalignment,12997,27263,9,55,4,0,0,0.001657643
CLM07911,1878,SUP-079,Wheel Speed Sensor,Sensor Failure,31780,6716,16,23,9,1,1,99.29947
CLM07912,1305,SUP-001,Fuel/Water Separator,Leak,43086,21407,17,253,1,1,1,99.88184
CLM07913,1907,SUP-066,Relay Valve,Corrosion,28832,3870,5,44,8,0,0,0.001600197
CLM07914,1606,SUP-064,Wheel Bearing,Corrosion,27506,1759,5,100,2,0,0,0.0015855987
CLM07915,1720,SUP-008,Air Filter,Sensor Failure,44082,6326,6,28,8,0,0,0.034276318
CLM07916,1224,SUP-086,Fuel/Water Separator,Wear,9664,20959,2,64,5,0,0,0.0016711507
CLM07917,1970,SUP-025,Wheel Speed Sensor,Wear,38888,3530,14,304,1,0,0,0.02609225
CLM07918,1347,SUP-066,Relay Valve,Misalignment,31164,5195,11,315,1,0,0,0.0130936755
CLM07919,1991,SUP-073,V-Belt,Breakage,31060,596,19,315,6,1,1,99.493355
CLM07920,1320,SUP-073,Relay Valve,Sensor Failure,14985,13265,11,299,1,0,0,0.0015045784
CLM07921,1558,SUP-077,Brake Chamber,Breakage,37880,13809,6,171,2,0,0,0.030602273
CLM07922,1987,SUP-070,Air Filter,Misalignment,18917,29662,13,141,3,0,0,0.0015630603
CLM07923,1180,SUP-094,Radiator Hose,Sensor Failure,2462,26395,19,72,2,0,0,0.077081166
CLM07924,1617,SUP-079,Brake Chamber,Corrosion,47958,21385,3,43,9,0,0,0.03380969
CLM07925,1710,SUP-051,Wheel Bearing,Sensor Failure,25082,25790,16,240,6,0,0,0.031328835
CLM07926,1385,SUP-053,Wheel Bearing,Leak,2865,19378,9,269,9,0,0,0.001531642
CLM07927,1617,SUP-015,Radiator Hose,Breakage,37777,19630,3,219,5,0,0,0.035088535
CLM07928,1791,SUP-050,U-Joint,Sensor Failure,12322,4543,19,139,4,0,0,0.07495871
CLM07929,1771,SUP-071,U-Joint,Breakage,27312,14086,15,200,2,0,0,0.0014797669
CLM07930,1107,SUP-075,Radiator Hose,Misalignment,28762,5639,13,362,4,0,0,0.001543565
CLM07931,1530,SUP-038,Wheel Bearing,Sensor Failure,15538,17468,17,154,8,0,0,0.07347209
CLM07932,1409,SUP-040,Relay Valve,Wear,8710,15262,8,350,2,0,0,0.0014747784
CLM07933,1970,SUP-066,Air Filter,Breakage,26047,17837,14,214,8,0,0,0.0015505638
CLM07934,1295,SUP-039,Wheel Speed Sensor,Corrosion,4177,3397,9,50,2,0,0,0.0015300987
CLM07935,1817,SUP-074,Air Filter,Corrosion,28502,8028,3,49,1,0,0,0.0015596952
CLM07936,1170,SUP-017,Radiator Hose,Sensor Failure,20249,2530,9,359,4,0,0,0.0014963134
CLM07937,1330,SUP-007,Wheel Bearing,Corrosion,4197,16169,12,346,7,0,0,0.0015906859
CLM07938,1492,SUP-039,U-Joint,Corrosion,36229,17477,15,244,2,0,0,0.03296778
CLM07939,1194,SUP-068,Wheel Bearing,Breakage,25166,2331,17,347,3,0,0,0.068716645
CLM07940,1011,SUP-035,U-Joint,Sensor Failure,47754,25431,9,342,6,0,0,0.03250436
CLM07941,1194,SUP-051,Air Filter,Breakage,4581,14862,8,269,2,0,0,0.0015078015
CLM07942,1489,SUP-047,Brake Chamber,Sensor Failure,9692,10368,6,263,9,0,0,0.0015405443
CLM07943,1794,SUP-036,Relay Valve,Corrosion,41762,28194,9,244,6,0,0,0.033913024
CLM07944,1880,SUP-064,Air Filter,Sensor Failure,33888,7099,15,171,6,0,0,0.033282407
CLM07945,1181,SUP-095,Relay Valve,Misalignment,2775,611,18,42,8,0,0,0.067934
CLM07946,1961,SUP-089,Fuel/Water Separator,Sensor Failure,33656,28810,11,13,1,0,0,0.027776416
CLM07947,1816,SUP-013,Air Filter,Leak,1606,4970,14,268,3,0,0,0.0014983453
CLM07948,1655,SUP-018,V-Belt,Sensor Failure,8375,14126,13,204,2,0,0,0.0014705287
CLM07949,1897,SUP-021,V-Belt,Leak,1819,25920,13,294,1,0,0,0.0015375165
CLM07950,1315,SUP-065,Relay Valve,Breakage,12456,2673,13,259,6,0,0,0.0015267973
CLM07951,1693,SUP-100,Fuel/Water Separator,Leak,32373,3578,16,200,4,1,1,99.54342
CLM07952,1029,SUP-008,Relay Valve,Breakage,1783,27685,12,318,6,0,0,0.0015799715
CLM07953,1595,SUP-048,Radiator Hose,Sensor Failure,8560,1883,18,159,8,0,0,0.07723288
CLM07954,1677,SUP-085,V-Belt,Breakage,30168,7221,12,200,7,0,0,0.01348506
CLM07955,1795,SUP-043,Wheel Bearing,Corrosion,1391,4470,5,293,3,0,0,0.0015107176
CLM07956,1792,SUP-053,Relay Valve,Misalignment,25264,17245,17,280,3,0,0,0.072723635
CLM07957,1095,SUP-085,Relay Valve,Sensor Failure,34900,25754,1,92,6,0,0,0.037585776
CLM07958,1380,SUP-027,Wheel Speed Sensor,Leak,11709,5578,13,68,1,0,0,0.0015418567
CLM07959,1777,SUP-019,Wheel Speed Sensor,Misalignment,38213,3311,10,64,3,0,0,0.03404808
CLM07960,1443,SUP-023,U-Joint,Wear,14062,19706,3,144,8,0,0,0.0016102007
CLM07961,1297,SUP-050,Fuel/Water Separator,Misalignment,47801,26807,6,274,3,0,0,0.035455495
CLM07962,1807,SUP-051,V-Belt,Sensor Failure,11388,14824,16,68,1,0,0,0.027616503
CLM07963,1736,SUP-043,V-Belt,Misalignment,48359,14506,1,235,9,0,0,0.031450123
CLM07964,1844,SUP-099,Wheel Speed Sensor,Misalignment,29036,26363,19,314,2,0,0,0.073968045
CLM07965,1360,SUP-051,Relay Valve,Corrosion,6318,21779,8,123,7,0,0,0.0016102007
CLM07966,1373,SUP-069,Relay Valve,Breakage,31544,25350,9,301,8,0,0,0.01736004
CLM07967,1553,SUP-041,V-Belt,Misalignment,21823,14441,7,53,3,0,0,0.0014732897
CLM07968,1302,SUP-072,Fuel/Water Separator,Leak,40019,15231,11,27,7,0,0,0.03265715
CLM07969,1420,SUP-011,Brake Chamber,Leak,17978,14124,8,36,4,0,0,0.0014929922
CLM07970,1245,SUP-080,Radiator Hose,Corrosion,29460,1405,11,100,2,0,0,0.0015125916
CLM07971,1719,SUP-088,V-Belt,Misalignment,45111,25025,14,141,4,0,0,0.035253976
CLM07972,1236,SUP-085,U-Joint,Misalignment,4324,18766,14,176,8,0,0,0.0015595122
CLM07973,1533,SUP-052,Brake Chamber,Corrosion,23552,991,4,188,2,0,0,0.0015587584
CLM07974,1184,SUP-023,V-Belt,Sensor Failure,3934,14215,9,206,6,0,0,0.0014833388
CLM07975,1467,SUP-049,Wheel Speed Sensor,Wear,6033,15212,8,106,3,0,0,0.0014723949
CLM07976,1753,SUP-038,V-Belt,Wear,40531,24695,15,101,3,0,0,0.03377934
CLM07977,1362,SUP-047,Brake Chamber,Breakage,7086,29830,6,111,6,0,0,0.0015887363
CLM07978,1282,SUP-072,Radiator Hose,Leak,38101,9232,16,179,3,1,1,99.67962
CLM07979,1552,SUP-007,Relay Valve,Sensor Failure,44945,3386,16,14,2,1,1,99.70077
CLM07980,1335,SUP-066,Air Filter,Leak,27939,13107,14,251,2,0,0,0.0014866159
CLM07981,1161,SUP-094,Wheel Speed Sensor,Sensor Failure,19894,23016,15,171,3,0,0,0.0015235508
CLM07982,1159,SUP-077,Brake Chamber,Corrosion,5687,15060,12,259,2,0,0,0.0015078015
CLM07983,1473,SUP-062,U-Joint,Breakage,3887,17339,18,153,6,0,0,0.071912855
CLM07984,1600,SUP-087,U-Joint,Corrosion,4043,1150,11,34,4,0,0,0.0015785526
CLM07985,1321,SUP-029,Wheel Bearing,Leak,19015,26388,7,198,1,0,0,0.0015641579
CLM07986,1011,SUP-038,Air Filter,Breakage,18789,18188,6,232,3,0,0,0.0015398714
CLM07987,1423,SUP-084,V-Belt,Misalignment,7115,21396,3,193,3,0,0,0.0014980539
CLM07988,1072,SUP-033,Wheel Bearing,Sensor Failure,29821,14295,9,188,4,0,0,0.001581521
CLM07989,1587,SUP-029,U-Joint,Sensor Failure,23879,20493,15,238,6,0,0,0.0015830179
CLM07990,1857,SUP-079,V-Belt,Breakage,33717,9495,2,304,1,0,0,0.028686993
CLM07991,1200,SUP-023,Wheel Bearing,Corrosion,42179,25873,4,328,2,0,0,0.03151201
CLM07992,1521,SUP-003,V-Belt,Breakage,41971,3884,2,209,3,0,0,0.034128837
CLM07993,1863,SUP-093,Radiator Hose,Corrosion,36610,5204,6,205,5,0,0,0.03252029
CLM07994,1504,SUP-045,Air Filter,Breakage,6504,27088,12,105,7,0,0,0.0016102007
CLM07995,1737,SUP-008,Wheel Speed Sensor,Corrosion,9649,11532,7,291,1,0,0,0.0015244825
CLM07996,1687,SUP-086,Wheel Speed Sensor,Wear,27848,22611,9,242,2,0,0,0.0016077687
CLM07997,1787,SUP-029,Wheel Speed Sensor,Breakage,25742,11754,6,97,4,0,0,0.0015122455
CLM07998,1038,SUP-002,U-Joint,Corrosion,16675,26156,5,289,1,0,0,0.0015805789
CLM07999,1059,SUP-050,Radiator Hose,Misalignment,41051,16602,4,115,1,0,0,0.03204003
CLM08000,1577,SUP-065,Air Filter,Leak,47917,10005,10,310,9,0,0,0.03372422
CLM08001,1320,SUP-020,Brake Chamber,Leak,35741,19529,4,39,6,0,0,0.031262536
CLM08002,1434,SUP-052,Fuel/Water Separator,Breakage,27520,24000,5,110,2,0,0,0.0016372676
CLM08003,1635,SUP-085,Brake Chamber,Breakage,15833,22313,17,192,7,0,0,0.060566515
CLM08004,1675,SUP-037,Wheel Speed Sensor,Sensor Failure,8574,28710,18,166,6,0,0,0.070828095
CLM08005,1407,SUP-072,Brake Chamber,Corrosion,9143,2553,3,294,6,0,0,0.0016014718
CLM08006,1922,SUP-027,V-Belt,Breakage,24936,20398,13,73,8,0,0,0.0015974874
CLM08007,1385,SUP-047,V-Belt,Leak,37596,809,1,112,3,0,0,0.033993233
CLM08008,1670,SUP-099,Brake Chamber,Leak,22469,25860,19,357,2,0,0,0.07099248
CLM08009,1568,SUP-006,Relay Valve,Leak,49538,15691,2,303,9,0,0,0.033270385
CLM08010,1077,SUP-060,Wheel Bearing,Corrosion,38505,21884,4,65,5,0,0,0.035583768
CLM08011,1193,SUP-045,Fuel/Water Separator,Wear,17623,5621,16,356,6,0,0,0.028757729
CLM08012,1284,SUP-044,U-Joint,Breakage,36720,22606,16,298,7,1,1,99.707375
CLM08013,1526,SUP-083,Brake Chamber,Wear,12630,7397,17,102,2,0,0,0.07150358
CLM08014,1523,SUP-018,Air Filter,Corrosion,18239,22378,12,55,6,0,0,0.0016394801
CLM08015,1612,SUP-065,Relay Valve,Misalignment,32023,16105,2,315,1,0,0,0.016359678
CLM08016,1155,SUP-025,Radiator Hose,Breakage,28240,24523,10,194,9,0,0,0.0015348868
CLM08017,1339,SUP-027,Relay Valve,Sensor Failure,37006,10306,6,74,6,0,0,0.03226453
CLM08018,1124,SUP-007,Fuel/Water Separator,Breakage,1553,9514,12,307,7,0,0,0.001694394
CLM08019,1870,SUP-044,Air Filter,Breakage,25518,10019,12,292,5,0,0,0.0015361313
CLM08020,1279,SUP-029,Relay Valve,Breakage,44773,16941,17,184,2,1,1,99.871506
CLM08021,1916,SUP-095,U-Joint,Breakage,43845,1748,18,42,4,1,1,99.86983
CLM08022,1905,SUP-044,Wheel Bearing,Misalignment,14612,26525,4,358,5,0,0,0.0015348676
CLM08023,1621,SUP-036,Air Filter,Breakage,12137,22920,3,99,2,0,0,0.0015919259
CLM08024,1845,SUP-019,V-Belt,Corrosion,26804,17401,17,128,9,0,0,0.067152865
CLM08025,1868,SUP-006,U-Joint,Breakage,42154,18961,9,13,2,0,0,0.033784237
CLM08026,1657,SUP-025,Wheel Speed Sensor,Misalignment,41106,25226,12,99,2,0,0,0.035282083
CLM08027,1727,SUP-031,Radiator Hose,Corrosion,33505,29719,7,308,2,0,0,0.03625636
CLM08028,1909,SUP-009,Fuel/Water Separator,Breakage,45647,19041,16,140,2,1,1,99.68538
CLM08029,1673,SUP-084,Fuel/Water Separator,Breakage,10617,6884,8,204,5,0,0,0.0016278981
CLM08030,1127,SUP-074,Brake Chamber,Corrosion,16398,16630,3,140,7,0,0,0.0015745686
CLM08031,1313,SUP-037,Fuel/Water Separator,Breakage,3693,4173,13,318,1,0,0,0.0014403849
CLM08032,1331,SUP-027,Fuel/Water Separator,Misalignment,31971,24981,9,220,9,0,0,0.019141434
CLM08033,1149,SUP-013,Wheel Bearing,Leak,2971,5649,9,349,6,0,0,0.0015264493
CLM08034,1453,SUP-041,Radiator Hose,Breakage,15542,19397,4,233,1,0,0,0.0015205579
CLM08035,1035,SUP-066,Wheel Bearing,Sensor Failure,9691,7108,14,300,1,0,0,0.001505886
CLM08036,1684,SUP-085,V-Belt,Corrosion,14454,10976,18,132,9,0,0,0.058581877
CLM08037,1419,SUP-097,Air Filter,Misalignment,21498,18278,1,159,9,0,0,0.001584604
CLM08038,1021,SUP-024,Relay Valve,Breakage,4773,18589,19,123,1,0,0,0.07433571
CLM08039,1205,SUP-044,Radiator Hose,Breakage,21031,9864,2,243,1,0,0,0.0015129941
CLM08040,1638,SUP-098,Relay Valve,Corrosion,41677,19305,5,234,5,0,0,0.03269877
CLM08041,1847,SUP-060,Wheel Speed Sensor,Wear,3866,9291,14,90,5,0,0,0.0015122455
CLM08042,1956,SUP-009,Wheel Bearing,Misalignment,33568,20388,9,247,7,0,0,0.03626366
CLM08043,1355,SUP-002,U-Joint,Misalignment,3067,19183,15,148,4,0,0,0.0016495421
CLM08044,1439,SUP-056,Relay Valve,Leak,23291,20899,1,243,1,0,0,0.0016086751
CLM08045,1728,SUP-030,U-Joint,Leak,29497,18380,19,48,6,0,0,0.06639653
CLM08046,1095,SUP-022,Brake Chamber,Breakage,32969,7206,4,223,3,0,0,0.03075407
CLM08047,1928,SUP-075,Radiator Hose,Corrosion,43726,15371,14,136,7,0,0,0.030170484
CLM08048,1940,SUP-081,Brake Chamber,Sensor Failure,43084,11809,1,201,1,0,0,0.023251096
CLM08049,1163,SUP-100,Air Filter,Breakage,32458,7271,5,239,4,0,0,0.022956097
CLM08050,1147,SUP-013,Brake Chamber,Leak,17677,24590,10,60,9,0,0,0.0016443325
CLM08051,1529,SUP-071,U-Joint,Breakage,31245,29778,9,280,6,0,0,0.0149050085
CLM08052,1293,SUP-016,Fuel/Water Separator,Corrosion,36314,16738,17,17,2,1,1,99.87858
CLM08053,1194,SUP-097,Wheel Bearing,Misalignment,9267,25510,14,321,6,0,0,0.0015877504
CLM08054,1662,SUP-045,Brake Chamber,Misalignment,40812,3158,7,167,9,0,0,0.036252353
CLM08055,1479,SUP-065,Air Filter,Misalignment,4775,12391,18,362,1,0,0,0.06759311
CLM08056,1876,SUP-011,Radiator Hose,Misalignment,12388,2823,10,55,5,0,0,0.0016000381
CLM08057,1122,SUP-070,Air Filter,Sensor Failure,11266,3395,4,77,8,0,0,0.0017596112
CLM08058,1399,SUP-020,Wheel Bearing,Wear,26875,2031,14,317,7,0,0,0.0016014718
CLM08059,1698,SUP-099,Relay Valve,Sensor Failure,31267,11858,3,31,2,0,0,0.013848802
CLM08060,1964,SUP-063,V-Belt,Breakage,48589,16005,11,101,8,0,0,0.023540298
CLM08061,1451,SUP-090,Radiator Hose,Leak,4534,13454,10,28,9,0,0,0.0015186132
CLM08062,1660,SUP-012,U-Joint,Corrosion,3053,1281,8,32,8,0,0,0.001583554
CLM08063,1103,SUP-062,V-Belt,Breakage,40880,1925,9,263,6,0,0,0.031219764
CLM08064,1754,SUP-094,Air Filter,Wear,19083,5428,6,206,9,0,0,0.001580312
CLM08065,1461,SUP-092,Air Filter,Corrosion,10929,3051,14,270,8,0,0,0.0016156121
CLM08066,1742,SUP-091,Air Filter,Corrosion,43890,28562,9,73,4,0,0,0.036628023
CLM08067,1990,SUP-042,V-Belt,Corrosion,40600,11015,14,70,6,0,0,0.024274727
CLM08068,1717,SUP-083,Brake Chamber,Breakage,42329,13113,8,179,5,0,0,0.033331975
CLM08069,1709,SUP-069,Wheel Bearing,Wear,33083,24307,6,207,9,0,0,0.03535156
CLM08070,1395,SUP-058,Radiator Hose,Breakage,4739,1056,6,30,4,0,0,0.0015598736
CLM08071,1911,SUP-005,Wheel Bearing,Corrosion,21757,9204,2,144,1,0,0,0.0014617103
CLM08072,1336,SUP-027,Radiator Hose,Corrosion,34107,11910,5,159,9,0,0,0.033309996
CLM08073,1598,SUP-028,Radiator Hose,Leak,3862,6938,3,246,9,0,0,0.0016326727
CLM08074,1141,SUP-026,Relay Valve,Sensor Failure,17997,23402,11,268,7,0,0,0.001586482
CLM08075,1316,SUP-091,Air Filter,Breakage,18487,6286,7,213,5,0,0,0.0014969342
CLM08076,1710,SUP-049,Wheel Speed Sensor,Wear,29353,4651,9,259,7,0,0,0.0016088039
CLM08077,1557,SUP-021,Wheel Bearing,Corrosion,9984,13699,13,67,9,0,0,0.0014822895
CLM08078,1799,SUP-001,Relay Valve,Breakage,24130,6593,16,342,3,0,0,0.028387498
CLM08079,1526,SUP-092,Air Filter,Sensor Failure,9258,16085,12,364,5,0,0,0.0014946006
CLM08080,1555,SUP-058,Fuel/Water Separator,Breakage,13502,29191,8,338,3,0,0,0.0016268148
CLM08081,1400,SUP-079,Fuel/Water Separator,Sensor Failure,38279,28617,14,260,8,0,0,0.036841292
CLM08082,1680,SUP-055,Brake Chamber,Breakage,41080,19783,14,276,1,0,0,0.03331374
CLM08083,1309,SUP-081,V-Belt,Leak,13839,23618,5,250,4,0,0,0.0014930236
CLM08084,1494,SUP-026,Fuel/Water Separator,Breakage,29371,5516,10,45,7,0,0,0.001621864
CLM08085,1555,SUP-084,U-Joint,Misalignment,34338,7009,14,351,9,0,0,0.033811882
CLM08086,1609,SUP-025,Air Filter,Leak,42499,12788,17,350,2,1,1,99.868484
CLM08087,1772,SUP-077,Wheel Speed Sensor,Sensor Failure,6356,3460,4,287,9,0,0,0.0016517162
CLM08088,1108,SUP-033,Air Filter,Corrosion,17500,21827,15,28,6,0,0,0.0015842095
CLM08089,1794,SUP-089,Fuel/Water Separator,Corrosion,11390,26328,11,329,7,0,0,0.001613801
CLM08090,1371,SUP-072,Wheel Speed Sensor,Breakage,30778,9416,9,315,4,0,0,0.013373767
CLM08091,1854,SUP-069,Brake Chamber,Wear,40992,18190,15,305,5,0,0,0.03110485
CLM08092,1615,SUP-006,Brake Chamber,Breakage,20840,17643,2,229,1,0,0,0.001540039
CLM08093,1767,SUP-023,Relay Valve,Leak,30980,22122,1,238,4,0,0,0.014955735
CLM08094,1890,SUP-030,U-Joint,Leak,36819,14702,17,186,8,1,1,99.86718
CLM08095,1205,SUP-078,Fuel/Water Separator,Sensor Failure,15065,17110,4,118,6,0,0,0.0015677001
CLM08096,1846,SUP-054,U-Joint,Breakage,11559,21681,5,273,7,0,0,0.0016066711
CLM08097,1042,SUP-087,Wheel Bearing,Sensor Failure,9433,8999,5,126,1,0,0,0.0015016382
CLM08098,1864,SUP-011,Relay Valve,Wear,9656,20262,14,132,7,0,0,0.0016064858
CLM08099,1244,SUP-031,Relay Valve,Corrosion,44210,28085,1,161,6,0,0,0.0345552
CLM08100,1286,SUP-006,Wheel Bearing,Corrosion,32477,23596,2,190,4,0,0,0.02349357
CLM08101,1354,SUP-011,U-Joint,Breakage,47524,26593,10,81,2,0,0,0.036203034
CLM08102,1784,SUP-077,Brake Chamber,Sensor Failure,41575,26607,5,362,2,0,0,0.029945897
CLM08103,1475,SUP-012,Wheel Bearing,Sensor Failure,41070,10536,9,200,7,0,0,0.03556057
CLM08104,1082,SUP-066,Air Filter,Wear,30529,5708,13,346,3,0,0,0.011792607
CLM08105,1109,SUP-053,V-Belt,Sensor Failure,19262,7942,13,84,2,0,0,0.001585904
CLM08106,1949,SUP-099,Wheel Speed Sensor,Misalignment,38649,11360,9,42,3,0,0,0.029132256
CLM08107,1189,SUP-036,Brake Chamber,Misalignment,43865,21632,14,166,2,0,0,0.033177547
CLM08108,1982,SUP-017,Brake Chamber,Leak,37577,25872,17,48,3,1,1,99.86647
CLM08109,1799,SUP-028,Radiator Hose,Misalignment,9763,29651,3,42,5,0,0,0.0016481602
CLM08110,1935,SUP-092,Brake Chamber,Misalignment,22989,7545,18,185,5,0,0,0.06055422
CLM08111,1908,SUP-022,Relay Valve,Leak,25117,16747,12,310,7,0,0,0.0015630514
CLM08112,1250,SUP-007,Brake Chamber,Misalignment,48508,8124,9,353,3,0,0,0.027370863
CLM08113,1723,SUP-015,Air Filter,Misalignment,37409,18663,16,232,3,1,1,99.705956
CLM08114,1290,SUP-096,Brake Chamber,Leak,29080,13684,13,179,7,0,0,0.0015194953
CLM08115,1644,SUP-011,Relay Valve,Breakage,29195,23947,18,137,6,0,0,0.0748896
CLM08116,1200,SUP-024,Wheel Bearing,Leak,1656,17469,12,212,6,0,0,0.0015559617
CLM08117,1796,SUP-067,Wheel Bearing,Leak,16609,18262,2,8,4,0,0,0.0015748118
CLM08118,1325,SUP-030,Fuel/Water Separator,Misalignment,20535,13049,19,233,4,0,0,0.065258265
CLM08119,1510,SUP-070,V-Belt,Corrosion,5110,22591,1,110,2,0,0,0.0015035083
CLM08120,1408,SUP-066,V-Belt,Misalignment,44982,22326,6,70,6,0,0,0.036261167
CLM08121,1606,SUP-061,V-Belt,Breakage,8207,13482,18,111,3,0,0,0.06815997
CLM08122,1789,SUP-078,Brake Chamber,Leak,49637,7429,3,261,6,0,0,0.029858606
CLM08123,1961,SUP-041,Wheel Bearing,Wear,34074,6920,6,72,3,0,0,0.031114696
CLM08124,1940,SUP-082,Brake Chamber,Leak,42664,12502,4,64,3,0,0,0.027019281
CLM08125,1836,SUP-051,Radiator Hose,Breakage,21876,4531,17,180,1,0,0,0.07063521
CLM08126,1507,SUP-044,Fuel/Water Separator,Sensor Failure,9869,27800,18,291,5,0,0,0.07073592
CLM08127,1730,SUP-095,Wheel Bearing,Misalignment,32689,7942,7,60,2,0,0,0.028023234
CLM08128,1600,SUP-013,V-Belt,Corrosion,44872,6860,2,89,2,0,0,0.03395249
CLM08129,1071,SUP-090,Wheel Speed Sensor,Corrosion,13185,18731,15,356,9,0,0,0.0016238466
CLM08130,1246,SUP-012,Brake Chamber,Misalignment,42170,27313,17,39,2,1,1,99.8885
CLM08131,1640,SUP-082,Air Filter,Misalignment,21878,17925,6,134,2,0,0,0.0015573825
CLM08132,1723,SUP-009,Wheel Speed Sensor,Breakage,2396,5339,8,344,6,0,0,0.0016220884
CLM08133,1939,SUP-085,Air Filter,Leak,4460,12177,8,18,1,0,0,0.0014456322
CLM08134,1854,SUP-048,Radiator Hose,Wear,38121,7851,7,257,8,0,0,0.036692612
CLM08135,1607,SUP-049,V-Belt,Leak,46389,24669,4,221,1,0,0,0.033601787
CLM08136,1586,SUP-053,Brake Chamber,Leak,30020,17126,5,273,9,0,0,0.0015673235
CLM08137,1934,SUP-056,Brake Chamber,Wear,44240,6045,8,247,4,0,0,0.03115373
CLM08138,1565,SUP-040,Air Filter,Corrosion,8676,2600,14,58,3,0,0,0.0016039506
CLM08139,1343,SUP-024,Brake Chamber,Leak,38312,9941,3,247,7,0,0,0.033935532
CLM08140,1970,SUP-098,Radiator Hose,Sensor Failure,4148,2237,18,173,8,0,0,0.07240022
CLM08141,1924,SUP-072,Relay Valve,Sensor Failure,13272,28745,15,328,5,0,0,0.0015633048
CLM08142,1053,SUP-033,Relay Valve,Breakage,1827,10610,5,123,3,0,0,0.0015254437
CLM08143,1729,SUP-023,Air Filter,Breakage,3655,29490,15,217,4,0,0,0.001609579
CLM08144,1527,SUP-077,V-Belt,Wear,44105,19638,6,124,6,0,0,0.032569036
CLM08145,1610,SUP-054,Air Filter,Wear,46517,18276,10,304,5,0,0,0.033953592
CLM08146,1531,SUP-053,U-Joint,Breakage,9691,8939,15,178,4,0,0,0.0015272386
CLM08147,1557,SUP-049,Brake Chamber,Misalignment,44638,24619,9,231,3,0,0,0.03555538
CLM08148,1962,SUP-078,Brake Chamber,Leak,10253,29348,4,312,6,0,0,0.0016066711
CLM08149,1192,SUP-078,Relay Valve,Misalignment,8525,24527,8,137,7,0,0,0.0015979522
CLM08150,1894,SUP-080,Wheel Speed Sensor,Corrosion,14553,26761,13,190,2,0,0,0.0015085379
CLM08151,1057,SUP-049,Air Filter,Sensor Failure,37264,27007,17,121,6,1,1,99.89047
CLM08152,1436,SUP-060,V-Belt,Wear,5222,20900,4,287,3,0,0,0.0015103935
CLM08153,1110,SUP-090,Relay Valve,Breakage,26702,12800,2,321,8,0,0,0.0015288838
CLM08154,1128,SUP-090,Air Filter,Sensor Failure,11716,20316,5,361,2,0,0,0.0015683866
CLM08155,1848,SUP-065,Wheel Bearing,Misalignment,23963,29460,2,61,5,0,0,0.0016481602
CLM08156,1705,SUP-032,V-Belt,Wear,22888,21410,16,138,8,0,0,0.029364372
CLM08157,1924,SUP-079,V-Belt,Wear,5180,14150,15,126,9,0,0,0.0015265221
CLM08158,1851,SUP-021,Wheel Speed Sensor,Leak,2382,8284,4,192,7,0,0,0.0015399655
CLM08159,1325,SUP-018,Radiator Hose,Wear,15362,29060,15,192,9,0,0,0.0015348868
CLM08160,1007,SUP-094,V-Belt,Corrosion,5167,28898,5,214,9,0,0,0.0014950366
CLM08161,1028,SUP-060,Brake Chamber,Wear,39313,18965,3,193,8,0,0,0.031192662
CLM08162,1111,SUP-013,Air Filter,Corrosion,31287,10039,14,77,7,0,0,0.015022024
CLM08163,1946,SUP-024,Fuel/Water Separator,Misalignment,16581,14362,7,142,6,0,0,0.0015820354
CLM08164,1672,SUP-030,Fuel/Water Separator,Leak,27194,22459,15,23,3,0,0,0.0016339999
CLM08165,1130,SUP-002,Wheel Speed Sensor,Corrosion,49721,22228,5,231,8,0,0,0.035199437
CLM08166,1187,SUP-083,Brake Chamber,Misalignment,29823,21620,9,156,3,0,0,0.0015994401
CLM08167,1674,SUP-025,V-Belt,Sensor Failure,10427,17016,13,93,9,0,0,0.0014764094
CLM08168,1708,SUP-050,Brake Chamber,Wear,11822,12315,7,314,9,0,0,0.001558919
CLM08169,1474,SUP-014,Wheel Bearing,Breakage,37751,2354,4,168,9,0,0,0.033162434
CLM08170,1363,SUP-006,Radiator Hose,Breakage,25121,11636,7,192,4,0,0,0.0015895183
CLM08171,1203,SUP-076,U-Joint,Corrosion,7200,22934,1,97,9,0,0,0.0015979522
CLM08172,1211,SUP-084,Radiator Hose,Leak,15761,5577,15,130,2,0,0,0.0015201664
CLM08173,1620,SUP-087,V-Belt,Corrosion,23126,5840,15,225,1,0,0,0.001546609
CLM08174,1275,SUP-030,Brake Chamber,Misalignment,24095,25476,18,216,8,0,0,0.066709414
CLM08175,1072,SUP-030,Radiator Hose,Misalignment,27123,1105,15,12,6,0,0,0.0015158104
CLM08176,1678,SUP-038,Air Filter,Corrosion,14319,13398,3,360,9,0,0,0.0015517282
CLM08177,1771,SUP-058,Radiator Hose,Corrosion,16590,13871,5,348,9,0,0,0.0015502712
CLM08178,1242,SUP-094,Radiator Hose,Sensor Failure,47265,15476,5,291,3,0,0,0.032569002
CLM08179,1786,SUP-041,Air Filter,Misalignment,3184,17015,16,74,2,0,0,0.028759701
CLM08180,1101,SUP-094,U-Joint,Sensor Failure,23701,13180,10,111,7,0,0,0.0015307557
CLM08181,1986,SUP-057,U-Joint,Corrosion,8003,13600,13,364,5,0,0,0.0015290444
CLM08182,1684,SUP-036,Air Filter,Leak,42178,23955,15,197,6,0,0,0.035981964
CLM08183,1170,SUP-064,Brake Chamber,Wear,41198,29752,8,191,5,0,0,0.03288356
CLM08184,1652,SUP-098,Wheel Bearing,Misalignment,38118,6657,7,64,4,0,0,0.03582349
CLM08185,1908,SUP-016,V-Belt,Breakage,26387,23462,14,274,1,0,0,0.001505563
CLM08186,1187,SUP-088,Wheel Speed Sensor,Sensor Failure,47666,16545,6,139,4,0,0,0.03191047
CLM08187,1440,SUP-078,Fuel/Water Separator,Misalignment,40135,23497,8,65,3,0,0,0.033967577
CLM08188,1085,SUP-090,Brake Chamber,Wear,30554,21390,15,151,3,0,0,0.013282036
CLM08189,1475,SUP-072,Radiator Hose,Sensor Failure,28781,29516,17,260,5,0,0,0.07387407
CLM08190,1051,SUP-014,Fuel/Water Separator,Misalignment,43146,17687,5,263,1,0,0,0.033008758
CLM08191,1110,SUP-031,Fuel/Water Separator,Sensor Failure,35501,11959,12,169,6,0,0,0.033689417
CLM08192,1948,SUP-066,Air Filter,Sensor Failure,13988,22076,13,177,2,0,0,0.0015085379
CLM08193,1876,SUP-068,Relay Valve,Corrosion,17456,21173,3,145,1,0,0,0.001549117
CLM08194,1853,SUP-065,Wheel Bearing,Corrosion,39885,13725,19,75,8,1,1,99.87502
CLM08195,1042,SUP-055,Wheel Bearing,Sensor Failure,6042,4133,15,55,3,0,0,0.0015300624
CLM08196,1210,SUP-084,Relay Valve,Sensor Failure,30214,3176,18,122,6,1,1,99.42396
CLM08197,1967,SUP-078,V-Belt,Breakage,9061,1715,7,27,2,0,0,0.0015294554
CLM08198,1199,SUP-040,Relay Valve,Wear,12034,19361,14,175,5,0,0,0.0014750696
CLM08199,1809,SUP-025,Wheel Speed Sensor,Wear,22987,16360,19,162,9,0,0,0.07160177
CLM08200,1857,SUP-025,Wheel Speed Sensor,Leak,1877,2764,11,136,7,0,0,0.0016350192
CLM08201,1751,SUP-003,Air Filter,Leak,33414,24674,7,23,4,0,0,0.036774028
CLM08202,1626,SUP-069,Radiator Hose,Leak,28241,1469,11,26,3,0,0,0.0016039506
CLM08203,1025,SUP-026,Fuel/Water Separator,Corrosion,21677,7128,8,162,9,0,0,0.0015292921
CLM08204,1918,SUP-040,Wheel Bearing,Corrosion,10642,1100,10,248,4,0,0,0.001548674
CLM08205,1298,SUP-038,Wheel Bearing,Breakage,36308,4955,11,160,5,0,0,0.033289548
CLM08206,1076,SUP-038,Relay Valve,Corrosion,33849,22825,1,6,6,0,0,0.032609798
CLM08207,1923,SUP-068,Relay Valve,Leak,10914,10024,10,193,5,0,0,0.0015332041
CLM08208,1136,SUP-007,Relay Valve,Misalignment,41723,3216,7,315,9,0,0,0.035139587
CLM08209,1019,SUP-094,V-Belt,Sensor Failure,32093,13208,3,178,1,0,0,0.014878939
CLM08210,1439,SUP-030,Relay Valve,Leak,49691,17665,19,196,6,1,1,99.842575
CLM08211,1210,SUP-019,Radiator Hose,Breakage,48604,28884,4,217,4,0,0,0.034705386
CLM08212,1751,SUP-035,Fuel/Water Separator,Sensor Failure,43279,1934,6,264,4,0,0,0.03582107
CLM08213,1550,SUP-033,Brake Chamber,Corrosion,1579,15352,1,40,3,0,0,0.0014772839
CLM08214,1434,SUP-033,Brake Chamber,Sensor Failure,13587,4838,4,340,5,0,0,0.0015616688
CLM08215,1779,SUP-078,Radiator Hose,Misalignment,1645,15465,7,161,8,0,0,0.0015509529
CLM08216,1206,SUP-038,Wheel Speed Sensor,Breakage,49470,26092,11,314,4,0,0,0.028206661
CLM08217,1990,SUP-010,Brake Chamber,Corrosion,7263,27295,6,131,7,0,0,0.0015976519
CLM08218,1438,SUP-057,V-Belt,Wear,16928,3202,5,79,8,0,0,0.001591607
CLM08219,1973,SUP-028,U-Joint,Leak,27809,28982,12,155,5,0,0,0.0015724887
CLM08220,1778,SUP-078,V-Belt,Misalignment,44591,27892,2,65,1,0,0,0.03349121
CLM08221,1665,SUP-100,Wheel Bearing,Misalignment,32901,20875,18,57,8,1,1,99.885956
CLM08222,1041,SUP-038,Brake Chamber,Leak,28875,9151,9,273,3,0,0,0.0014723921
CLM08223,1410,SUP-016,Wheel Speed Sensor,Breakage,9499,24416,14,52,4,0,0,0.0016496619
CLM08224,1522,SUP-021,Relay Valve,Breakage,1233,16689,12,314,7,0,0,0.0015688369
CLM08225,1805,SUP-092,Relay Valve,Misalignment,18418,24129,9,76,9,0,0,0.0016554282
CLM08226,1609,SUP-097,Fuel/Water Separator,Leak,13930,20524,1,103,4,0,0,0.0016092228
CLM08227,1426,SUP-006,Wheel Speed Sensor,Sensor Failure,16246,17415,7,26,4,0,0,0.001538398
CLM08228,1274,SUP-041,Wheel Bearing,Wear,39785,2477,7,27,6,0,0,0.032846965
CLM08229,1447,SUP-015,Air Filter,Wear,38889,14337,10,280,9,0,0,0.033024903
CLM08230,1901,SUP-003,Brake Chamber,Breakage,48864,11969,2,337,4,0,0,0.026503842
CLM08231,1941,SUP-043,Fuel/Water Separator,Breakage,35503,14560,4,139,8,0,0,0.03358251
CLM08232,1883,SUP-047,Wheel Speed Sensor,Sensor Failure,5277,20648,8,86,3,0,0,0.0015974081
CLM08233,1741,SUP-099,U-Joint,Breakage,1941,790,14,234,2,0,0,0.0015855987
CLM08234,1368,SUP-014,V-Belt,Wear,1349,6577,13,288,4,0,0,0.0015698678
CLM08235,1937,SUP-066,Wheel Bearing,Leak,28262,24752,16,29,4,0,0,0.030915901
CLM08236,1219,SUP-029,Wheel Speed Sensor,Misalignment,2405,20459,7,106,7,0,0,0.0015979522
CLM08237,1576,SUP-004,Brake Chamber,Wear,8464,29830,10,96,7,0,0,0.001576854
CLM08238,1866,SUP-026,V-Belt,Sensor Failure,14508,21533,11,121,9,0,0,0.0015371013
CLM08239,1231,SUP-012,Wheel Speed Sensor,Leak,33029,11167,11,104,2,0,0,0.02808237
CLM08240,1327,SUP-002,Radiator Hose,Leak,45587,7114,6,177,4,0,0,0.033177137
CLM08241,1442,SUP-017,Fuel/Water Separator,Misalignment,2545,17396,12,141,3,0,0,0.0015641863
CLM08242,1051,SUP-035,Wheel Speed Sensor,Wear,29957,2139,10,345,3,0,0,0.0015482412
CLM08243,1885,SUP-010,Radiator Hose,Leak,8896,8946,9,298,7,0,0,0.0015624672
CLM08244,1942,SUP-086,V-Belt,Leak,18738,5316,6,266,6,0,0,0.0015765758
CLM08245,1375,SUP-043,V-Belt,Breakage,45592,22733,9,154,3,0,0,0.034029808
CLM08246,1262,SUP-021,V-Belt,Leak,41098,19521,3,282,8,0,0,0.03259211
CLM08247,1266,SUP-015,Air Filter,Sensor Failure,5288,18849,7,213,8,0,0,0.0016010761
CLM08248,1358,SUP-035,Wheel Speed Sensor,Leak,26744,16934,3,76,7,0,0,0.0015142717
CLM08249,1316,SUP-085,Radiator Hose,Breakage,22150,1299,8,39,9,0,0,0.001515147
CLM08250,1323,SUP-085,Relay Valve,Corrosion,23341,25175,8,171,3,0,0,0.0015235508
CLM08251,1920,SUP-085,U-Joint,Corrosion,46004,10439,13,52,5,0,0,0.029636428
CLM08252,1907,SUP-060,U-Joint,Sensor Failure,40603,27587,2,248,6,0,0,0.031140158
CLM08253,1665,SUP-044,Radiator Hose,Misalignment,36353,7142,14,123,9,0,0,0.03722388
CLM08254,1869,SUP-096,Relay Valve,Misalignment,22091,17120,5,314,4,0,0,0.001546531
CLM08255,1877,SUP-005,Wheel Bearing,Sensor Failure,1900,17355,13,217,5,0,0,0.0015781614
CLM08256,1651,SUP-073,Air Filter,Leak,47702,2704,13,332,9,0,0,0.03215619
CLM08257,1938,SUP-018,Radiator Hose,Leak,20725,7681,19,100,4,0,0,0.07362931
CLM08258,1562,SUP-021,Brake Chamber,Corrosion,29722,6759,3,274,2,0,0,0.001551663
CLM08259,1628,SUP-072,Fuel/Water Separator,Corrosion,25078,8830,14,298,9,0,0,0.0015759792
CLM08260,1420,SUP-098,Fuel/Water Separator,Wear,17511,14910,4,212,3,0,0,0.0015224979
CLM08261,1045,SUP-074,U-Joint,Corrosion,19059,27938,10,2,6,0,0,0.0015288168
CLM08262,1820,SUP-051,V-Belt,Corrosion,19161,18267,6,289,9,0,0,0.0014713858
CLM08263,1599,SUP-041,Brake Chamber,Sensor Failure,6165,11787,6,174,3,0,0,0.0014957583
CLM08264,1719,SUP-024,Wheel Bearing,Wear,25809,21385,2,209,8,0,0,0.0016017435
CLM08265,1888,SUP-024,Relay Valve,Misalignment,11687,18596,2,59,9,0,0,0.0015806692
CLM08266,1268,SUP-096,Wheel Bearing,Wear,17967,26026,19,100,3,0,0,0.07490862
CLM08267,1600,SUP-097,U-Joint,Leak,35234,23594,3,185,3,0,0,0.030969948
CLM08268,1380,SUP-038,V-Belt,Leak,9694,4296,4,191,4,0,0,0.0015695835
CLM08269,1117,SUP-044,Relay Valve,Wear,40518,19257,4,329,1,0,0,0.031248916
CLM08270,1565,SUP-057,Radiator Hose,Wear,34923,26433,11,159,2,0,0,0.03562565
CLM08271,1952,SUP-059,Relay Valve,Leak,31641,21308,3,167,1,0,0,0.014218394
CLM08272,1115,SUP-034,U-Joint,Sensor Failure,41728,22303,17,85,3,1,1,99.89397
CLM08273,1629,SUP-075,Wheel Bearing,Sensor Failure,44551,18583,9,22,6,0,0,0.034798317
CLM08274,1259,SUP-095,Fuel/Water Separator,Sensor Failure,19378,10828,14,273,8,0,0,0.001530976
CLM08275,1074,SUP-082,Wheel Bearing,Sensor Failure,6156,4610,2,131,5,0,0,0.0016231685
CLM08276,1479,SUP-023,Wheel Bearing,Leak,31333,20256,14,288,8,0,0,0.01554145
CLM08277,1304,SUP-086,Wheel Bearing,Breakage,43405,25709,3,289,6,0,0,0.036312193
CLM08278,1006,SUP-043,U-Joint,Corrosion,31140,16177,2,192,1,0,0,0.013251991
CLM08279,1365,SUP-082,Brake Chamber,Corrosion,11851,10575,1,266,3,0,0,0.0015128514
CLM08280,1633,SUP-040,U-Joint,Corrosion,6364,6081,4,261,2,0,0,0.0015389555
CLM08281,1522,SUP-047,Air Filter,Corrosion,12472,11008,10,324,6,0,0,0.0015688369
CLM08282,1347,SUP-041,Relay Valve,Leak,4974,26204,15,243,8,0,0,0.0016149742
CLM08283,1437,SUP-047,Air Filter,Breakage,19888,19270,12,166,6,0,0,0.0014929309
CLM08284,1214,SUP-020,U-Joint,Leak,19530,9083,6,102,4,0,0,0.0014871547
CLM08285,1428,SUP-077,Wheel Speed Sensor,Breakage,25053,668,3,169,4,0,0,0.0015543645
CLM08286,1790,SUP-065,Wheel Speed Sensor,Leak,41072,28164,3,212,9,0,0,0.03489842
CLM08287,1497,SUP-068,Brake Chamber,Wear,2210,27128,19,73,1,0,0,0.07323201
CLM08288,1539,SUP-024,Radiator Hose,Breakage,23563,20849,4,189,2,0,0,0.0015406191
CLM08289,1746,SUP-100,Wheel Bearing,Corrosion,42589,20092,19,308,4,1,1,99.87904
CLM08290,1366,SUP-036,Radiator Hose,Breakage,11909,29790,14,8,3,0,0,0.0015877896
CLM08291,1312,SUP-045,Radiator Hose,Misalignment,40592,9877,4,98,9,0,0,0.03307803
CLM08292,1537,SUP-002,Air Filter,Sensor Failure,39966,25056,8,286,5,0,0,0.034664746
CLM08293,1920,SUP-028,Relay Valve,Breakage,27070,13556,19,74,8,0,0,0.0711472
CLM08294,1053,SUP-026,Wheel Speed Sensor,Misalignment,2107,19611,19,78,4,0,0,0.07672109
CLM08295,1540,SUP-023,Fuel/Water Separator,Sensor Failure,45037,20393,1,162,4,0,0,0.033108033
CLM08296,1466,SUP-079,Relay Valve,Misalignment,38754,24433,15,187,3,0,0,0.033525072
CLM08297,1864,SUP-036,Wheel Speed Sensor,Sensor Failure,37202,16659,11,184,9,0,0,0.03254538
CLM08298,1163,SUP-091,Fuel/Water Separator,Wear,41791,21361,9,214,2,0,0,0.034783494
CLM08299,1781,SUP-006,V-Belt,Breakage,12246,29653,3,179,3,0,0,0.0015274396
CLM08300,1333,SUP-035,U-Joint,Misalignment,20199,28502,18,59,3,0,0,0.077081166
CLM08301,1546,SUP-038,V-Belt,Wear,40829,14056,19,318,3,1,1,99.85893
CLM08302,1797,SUP-035,Relay Valve,Corrosion,19419,5220,16,29,4,0,0,0.030097712
CLM08303,1347,SUP-100,Brake Chamber,Breakage,40575,18597,16,93,5,1,1,99.70304
CLM08304,1272,SUP-074,Relay Valve,Leak,40741,23503,3,62,6,0,0,0.03488388
CLM08305,1962,SUP-094,Air Filter,Leak,1169,3012,18,135,5,0,0,0.07393756
CLM08306,1719,SUP-053,Fuel/Water Separator,Leak,29407,28337,13,134,9,0,0,0.0016115633
CLM08307,1749,SUP-038,Fuel/Water Separator,Misalignment,27872,21473,8,318,7,0,0,0.0016083177
CLM08308,1413,SUP-093,V-Belt,Misalignment,13949,14334,7,229,7,0,0,0.0015019404
CLM08309,1499,SUP-059,V-Belt,Sensor Failure,48313,7178,19,68,7,1,1,99.88489
CLM08310,1092,SUP-043,Fuel/Water Separator,Leak,14199,3178,12,253,7,0,0,0.0016277956
CLM08311,1684,SUP-004,Relay Valve,Corrosion,15476,781,18,17,2,0,0,0.06986633
CLM08312,1078,SUP-005,Brake Chamber,Misalignment,42591,5426,15,152,8,0,0,0.029616006
CLM08313,1621,SUP-068,Fuel/Water Separator,Breakage,42764,17313,12,248,1,0,0,0.031639107
CLM08314,1216,SUP-100,Radiator Hose,Misalignment,31899,11320,6,313,6,0,0,0.01858389
CLM08315,1946,SUP-045,Wheel Speed Sensor,Breakage,22399,16505,17,157,3,0,0,0.06704595
CLM08316,1357,SUP-080,V-Belt,Misalignment,48740,29424,4,88,6,0,0,0.035450526
CLM08317,1617,SUP-025,V-Belt,Sensor Failure,24281,21542,12,318,6,0,0,0.0015390067
CLM08318,1506,SUP-078,Air Filter,Sensor Failure,47803,22046,17,98,8,1,1,99.87042
CLM08319,1558,SUP-011,U-Joint,Sensor Failure,4034,16341,5,78,4,0,0,0.0014867448
CLM08320,1180,SUP-029,U-Joint,Corrosion,14328,24989,6,27,3,0,0,0.0016223823
CLM08321,1575,SUP-034,Air Filter,Misalignment,45047,20096,15,296,2,0,0,0.03450375
CLM08322,1245,SUP-086,Fuel/Water Separator,Breakage,20796,5132,8,13,6,0,0,0.0015590097
CLM08323,1243,SUP-014,V-Belt,Misalignment,5988,11637,16,153,3,0,0,0.025791788
CLM08324,1505,SUP-024,Wheel Bearing,Wear,8130,11009,13,44,4,0,0,0.0015045609
CLM08325,1421,SUP-059,Brake Chamber,Sensor Failure,48872,12676,15,95,9,0,0,0.031578474
CLM08326,1319,SUP-039,Radiator Hose,Leak,37637,28508,13,47,7,0,0,0.03756464
CLM08327,1086,SUP-026,Relay Valve,Wear,1791,19547,15,84,1,0,0,0.0015629934
CLM08328,1216,SUP-043,Relay Valve,Wear,13333,9627,2,154,4,0,0,0.0015049988
CLM08329,1489,SUP-036,U-Joint,Sensor Failure,44511,11034,18,296,8,1,1,99.87923
CLM08330,1518,SUP-039,U-Joint,Leak,37609,2188,7,327,4,0,0,0.033212166
CLM08331,1277,SUP-061,Air Filter,Sensor Failure,4356,22478,9,106,1,0,0,0.0015985664
CLM08332,1848,SUP-016,V-Belt,Sensor Failure,41290,22819,7,95,2,0,0,0.032560714
CLM08333,1721,SUP-059,Relay Valve,Leak,5925,9574,9,209,5,0,0,0.0015608976
CLM08334,1168,SUP-096,V-Belt,Wear,11764,11211,12,171,6,0,0,0.0014833388
CLM08335,1329,SUP-006,Radiator Hose,Wear,13096,1316,10,279,1,0,0,0.001616028
CLM08336,1649,SUP-098,Brake Chamber,Misalignment,40468,28308,10,303,5,0,0,0.036069576
CLM08337,1440,SUP-056,Brake Chamber,Leak,3094,4366,13,300,8,0,0,0.0016110962
CLM08338,1390,SUP-008,Relay Valve,Wear,46583,23072,5,338,8,0,0,0.034019135
CLM08339,1495,SUP-094,Wheel Bearing,Corrosion,7250,27922,8,170,2,0,0,0.0015286534
CLM08340,1380,SUP-027,Air Filter,Sensor Failure,16362,13667,10,268,9,0,0,0.0015405443
CLM08341,1305,SUP-071,Relay Valve,Corrosion,42575,1177,6,350,2,0,0,0.031912267
CLM08342,1741,SUP-027,Radiator Hose,Corrosion,47021,10946,11,164,4,0,0,0.03410483
CLM08343,1986,SUP-089,Wheel Bearing,Misalignment,22636,14315,4,79,4,0,0,0.0014850884
CLM08344,1819,SUP-046,Wheel Speed Sensor,Misalignment,13185,28059,2,216,4,0,0,0.0015979506
CLM08345,1672,SUP-041,Fuel/Water Separator,Misalignment,40771,19373,6,81,7,0,0,0.03495769
CLM08346,1512,SUP-079,U-Joint,Corrosion,17142,7732,13,120,8,0,0,0.001594769
CLM08347,1747,SUP-025,U-Joint,Breakage,36069,11006,12,101,8,0,0,0.033907175
CLM08348,1948,SUP-086,Wheel Bearing,Breakage,44190,2946,14,283,4,0,0,0.03151414
CLM08349,1187,SUP-018,Relay Valve,Corrosion,6269,18772,8,148,4,0,0,0.0016291125
CLM08350,1929,SUP-012,U-Joint,Sensor Failure,10764,2220,3,18,6,0,0,0.0015609526
CLM08351,1515,SUP-087,V-Belt,Corrosion,44988,26979,5,320,9,0,0,0.032707535
CLM08352,1912,SUP-051,U-Joint,Corrosion,28113,723,7,253,5,0,0,0.001548674
CLM08353,1643,SUP-039,Brake Chamber,Misalignment,17888,13452,18,265,2,0,0,0.06746308
CLM08354,1426,SUP-089,U-Joint,Misalignment,15748,1434,6,202,9,0,0,0.0015912306
CLM08355,1501,SUP-010,Wheel Speed Sensor,Misalignment,31203,26388,18,118,9,1,1,99.61359
CLM08356,1729,SUP-094,Air Filter,Breakage,21715,1808,8,123,1,0,0,0.0015855987
CLM08357,1259,SUP-074,Wheel Bearing,Corrosion,43579,13997,7,25,9,0,0,0.032466084
CLM08358,1512,SUP-098,V-Belt,Sensor Failure,3906,8917,2,59,7,0,0,0.001482906
CLM08359,1070,SUP-077,Wheel Speed Sensor,Sensor Failure,28589,699,4,274,1,0,0,0.0016322789
CLM08360,1477,SUP-054,Brake Chamber,Misalignment,12808,29675,9,47,2,0,0,0.0016246382
CLM08361,1177,SUP-029,Relay Valve,Misalignment,22112,20990,16,335,2,0,0,0.030188382
CLM08362,1456,SUP-041,Fuel/Water Separator,Corrosion,25093,15744,19,22,8,0,0,0.07111415
CLM08363,1188,SUP-009,Brake Chamber,Sensor Failure,2569,27960,10,344,1,0,0,0.0015719848
CLM08364,1290,SUP-063,Wheel Bearing,Corrosion,45676,16357,8,321,3,0,0,0.02757748
CLM08365,1519,SUP-077,Wheel Bearing,Breakage,1139,5574,16,139,1,0,0,0.027931985
CLM08366,1764,SUP-037,Wheel Bearing,Corrosion,5683,27400,8,107,5,0,0,0.0016027734
CLM08367,1919,SUP-014,Wheel Speed Sensor,Misalignment,40498,15862,4,346,4,0,0,0.02701341
CLM08368,1978,SUP-073,Wheel Bearing,Wear,27419,20877,13,198,3,0,0,0.0015487447
CLM08369,1291,SUP-072,Air Filter,Breakage,12156,23956,10,216,8,0,0,0.0015635567
CLM08370,1945,SUP-039,Air Filter,Sensor Failure,6062,20817,9,294,7,0,0,0.0015901065
CLM08371,1755,SUP-040,Air Filter,Sensor Failure,28745,7433,12,49,4,0,0,0.0016129072
CLM08372,1634,SUP-054,Wheel Bearing,Misalignment,35940,18481,15,105,1,0,0,0.03062381
CLM08373,1810,SUP-003,Air Filter,Misalignment,23463,16888,1,145,7,0,0,0.0015394839
CLM08374,1282,SUP-055,U-Joint,Breakage,37188,16774,12,57,3,0,0,0.03173702
CLM08375,1543,SUP-033,U-Joint,Misalignment,7277,8971,14,14,5,0,0,0.001522511
CLM08376,1845,SUP-096,Wheel Bearing,Wear,28619,8090,2,339,8,0,0,0.001626413
CLM08377,1376,SUP-071,Radiator Hose,Breakage,35017,3519,3,8,9,0,0,0.035982203
CLM08378,1657,SUP-019,Wheel Speed Sensor,Misalignment,49839,5857,6,184,7,0,0,0.03335954
CLM08379,1155,SUP-034,Fuel/Water Separator,Leak,31244,19248,19,23,6,1,1,99.65969
CLM08380,1507,SUP-078,Wheel Speed Sensor,Wear,3697,17010,13,44,5,0,0,0.0015240232
CLM08381,1412,SUP-050,Wheel Speed Sensor,Breakage,36521,29475,8,66,5,0,0,0.03545354
CLM08382,1527,SUP-047,Wheel Speed Sensor,Leak,15903,11488,4,259,4,0,0,0.0015491568
CLM08383,1354,SUP-046,Fuel/Water Separator,Corrosion,46394,5326,19,69,7,1,1,99.88596
CLM08384,1558,SUP-056,Air Filter,Wear,23849,3749,7,82,1,0,0,0.00156032
CLM08385,1762,SUP-057,V-Belt,Corrosion,37652,20785,7,1,3,0,0,0.032289885
CLM08386,1186,SUP-083,V-Belt,Leak,8254,29661,1,277,6,0,0,0.0015665181
CLM08387,1030,SUP-051,Relay Valve,Sensor Failure,33862,29608,19,83,1,1,1,99.856606
CLM08388,1259,SUP-054,Wheel Bearing,Sensor Failure,5291,22041,17,312,7,0,0,0.07363566
CLM08389,1420,SUP-090,Brake Chamber,Misalignment,15991,12393,8,102,2,0,0,0.0014936088
CLM08390,1528,SUP-081,Air Filter,Sensor Failure,46577,25558,15,226,7,0,0,0.034746174
CLM08391,1550,SUP-028,Air Filter,Corrosion,14040,19923,19,287,4,0,0,0.074643075
CLM08392,1303,SUP-019,Brake Chamber,Wear,39548,21294,7,141,9,0,0,0.035083085
CLM08393,1941,SUP-027,Wheel Bearing,Corrosion,49109,26583,13,14,5,0,0,0.032658517
CLM08394,1985,SUP-048,V-Belt,Corrosion,9204,28244,1,332,1,0,0,0.0015207347
CLM08395,1943,SUP-019,Fuel/Water Separator,Sensor Failure,36069,26014,7,269,4,0,0,0.032100383
CLM08396,1038,SUP-097,Brake Chamber,Corrosion,21467,516,5,344,4,0,0,0.0014946974
CLM08397,1488,SUP-051,Fuel/Water Separator,Leak,39992,24888,18,351,4,1,1,99.88151
CLM08398,1643,SUP-007,Relay Valve,Breakage,1372,7583,8,142,3,0,0,0.0015361358
CLM08399,1541,SUP-029,Wheel Speed Sensor,Breakage,38257,5575,15,94,3,0,0,0.03202308
CLM08400,1669,SUP-043,Air Filter,Breakage,15201,29618,18,100,5,0,0,0.07544233
CLM08401,1277,SUP-069,Wheel Speed Sensor,Misalignment,6851,13066,6,70,5,0,0,0.001476077
CLM08402,1202,SUP-094,V-Belt,Sensor Failure,7028,20826,5,126,2,0,0,0.0015431057
CLM08403,1065,SUP-058,Wheel Speed Sensor,Sensor Failure,30445,13239,11,188,9,0,0,0.012144052
CLM08404,1107,SUP-008,Wheel Speed Sensor,Breakage,20996,11405,8,70,3,0,0,0.0015075874
CLM08405,1267,SUP-042,Radiator Hose,Wear,28980,13393,9,312,4,0,0,0.0015500673
CLM08406,1221,SUP-076,Brake Chamber,Misalignment,44899,28961,13,344,2,0,0,0.03369321
CLM08407,1803,SUP-042,Brake Chamber,Breakage,25131,23056,3,269,8,0,0,0.0015935131
CLM08408,1529,SUP-013,Air Filter,Corrosion,23734,20501,3,135,7,0,0,0.0015932381
CLM08409,1089,SUP-026,U-Joint,Breakage,35100,26109,7,109,3,0,0,0.036891583
CLM08410,1692,SUP-018,Brake Chamber,Breakage,15738,10503,3,149,5,0,0,0.0015690133
CLM08411,1254,SUP-042,Brake Chamber,Wear,12438,27083,11,102,1,0,0,0.001617016
CLM08412,1454,SUP-051,Air Filter,Sensor Failure,49799,12888,14,358,6,0,0,0.02829819
CLM08413,1252,SUP-084,Air Filter,Sensor Failure,48429,15488,10,142,6,0,0,0.03229752
CLM08414,1256,SUP-016,Fuel/Water Separator,Corrosion,1755,6730,9,259,5,0,0,0.0015420244
CLM08415,1382,SUP-003,Wheel Speed Sensor,Breakage,4525,9161,12,319,9,0,0,0.0015675791
CLM08416,1441,SUP-091,Air Filter,Leak,30884,1824,8,171,4,0,0,0.014976412
CLM08417,1857,SUP-079,V-Belt,Corrosion,2796,3777,12,227,2,0,0,0.0015341593
CLM08418,1598,SUP-098,Air Filter,Sensor Failure,14754,2124,9,12,7,0,0,0.0016321123
CLM08419,1089,SUP-045,Wheel Bearing,Wear,13161,7749,18,55,5,0,0,0.07493661
CLM08420,1748,SUP-022,Air Filter,Sensor Failure,3177,26311,17,246,7,0,0,0.07353678
CLM08421,1389,SUP-023,Brake Chamber,Sensor Failure,29132,17002,11,91,7,0,0,0.0015336107
CLM08422,1581,SUP-059,Fuel/Water Separator,Wear,3050,26959,2,325,7,0,0,0.0016210879
CLM08423,1043,SUP-062,Radiator Hose,Breakage,26130,7803,19,311,3,0,0,0.06947913
CLM08424,1711,SUP-068,Air Filter,Breakage,49260,8440,14,187,5,0,0,0.031709194
CLM08425,1663,SUP-054,U-Joint,Sensor Failure,39577,10696,3,331,1,0,0,0.028978957
CLM08426,1597,SUP-057,Wheel Bearing,Corrosion,25841,25863,6,316,6,0,0,0.0016139258
CLM08427,1018,SUP-023,V-Belt,Leak,26498,7020,4,189,4,0,0,0.0015567737
CLM08428,1100,SUP-060,Air Filter,Corrosion,44031,2975,12,298,2,0,0,0.03246738
CLM08429,1913,SUP-073,Wheel Speed Sensor,Misalignment,26109,3267,2,172,3,0,0,0.0015110145
CLM08430,1606,SUP-088,Wheel Speed Sensor,Corrosion,39744,10119,6,69,3,0,0,0.030695165
CLM08431,1765,SUP-085,Wheel Bearing,Sensor Failure,48106,17126,5,278,1,0,0,0.03329009
CLM08432,1356,SUP-055,Brake Chamber,Sensor Failure,13175,5580,5,321,7,0,0,0.0015910107
CLM08433,1541,SUP-080,Relay Valve,Leak,2693,12730,8,84,3,0,0,0.0014717423
CLM08434,1760,SUP-063,Brake Chamber,Leak,29266,22348,5,88,7,0,0,0.001656567
CLM08435,1937,SUP-056,Wheel Bearing,Leak,46863,21606,8,148,9,0,0,0.033297006
CLM08436,1032,SUP-055,Brake Chamber,Sensor Failure,28407,28989,1,254,6,0,0,0.0015599391
CLM08437,1969,SUP-025,Wheel Speed Sensor,Sensor Failure,15838,14235,9,303,8,0,0,0.0015463583
CLM08438,1228,SUP-026,Fuel/Water Separator,Corrosion,36688,8707,14,221,1,0,0,0.028203085
CLM08439,1523,SUP-049,Relay Valve,Sensor Failure,22229,5111,2,234,8,0,0,0.0016233511
CLM08440,1629,SUP-063,Wheel Speed Sensor,Misalignment,5167,23293,11,24,8,0,0,0.0016298151
CLM08441,1861,SUP-045,V-Belt,Breakage,23615,8614,4,251,3,0,0,0.0014572301
CLM08442,1154,SUP-073,Wheel Speed Sensor,Breakage,42845,7203,4,328,6,0,0,0.034871574
CLM08443,1422,SUP-079,Brake Chamber,Leak,32169,19666,17,98,6,1,1,99.792305
CLM08444,1904,SUP-039,Fuel/Water Separator,Sensor Failure,39907,23743,16,214,7,1,1,99.677
CLM08445,1245,SUP-097,Relay Valve,Misalignment,32158,6663,7,295,3,0,0,0.018248174
CLM08446,1404,SUP-065,Air Filter,Breakage,35226,18707,12,311,1,0,0,0.031192752
CLM08447,1843,SUP-069,Relay Valve,Corrosion,21179,16565,17,225,9,0,0,0.07160177
CLM08448,1758,SUP-056,Wheel Speed Sensor,Wear,12347,5423,5,183,6,0,0,0.0015927427
CLM08449,1540,SUP-009,Air Filter,Corrosion,37178,8702,8,198,5,0,0,0.032846276
CLM08450,1160,SUP-070,Wheel Bearing,Wear,34330,22023,5,333,2,0,0,0.030422846
CLM08451,1746,SUP-028,Wheel Speed Sensor,Misalignment,49145,8970,11,108,4,0,0,0.030233918
CLM08452,1701,SUP-045,U-Joint,Corrosion,7992,11634,19,314,5,0,0,0.07238624
CLM08453,1116,SUP-026,Wheel Speed Sensor,Breakage,13218,13120,19,209,4,0,0,0.07544711
CLM08454,1270,SUP-028,Wheel Bearing,Sensor Failure,41564,22550,4,357,4,0,0,0.031336777
CLM08455,1769,SUP-040,Relay Valve,Wear,31331,6020,11,91,6,0,0,0.015729371
CLM08456,1691,SUP-015,V-Belt,Sensor Failure,39427,23805,19,344,4,1,1,99.87315
CLM08457,1486,SUP-006,Air Filter,Misalignment,23468,27867,5,175,9,0,0,0.0015566103
CLM08458,1884,SUP-027,U-Joint,Sensor Failure,20355,2585,2,142,2,0,0,0.0014553397
CLM08459,1171,SUP-038,Wheel Bearing,Breakage,3716,21953,19,131,5,0,0,0.07455134
CLM08460,1949,SUP-068,Radiator Hose,Misalignment,33361,17990,17,127,3,1,1,99.86805
CLM08461,1273,SUP-075,U-Joint,Leak,28254,8723,18,249,8,0,0,0.07184788
CLM08462,1258,SUP-085,U-Joint,Leak,43632,14827,15,264,3,0,0,0.03209004
CLM08463,1134,SUP-064,Radiator Hose,Wear,39428,28201,16,217,8,1,1,99.733635
CLM08464,1682,SUP-030,U-Joint,Breakage,41000,25812,12,15,8,0,0,0.037263714
CLM08465,1721,SUP-082,Wheel Speed Sensor,Sensor Failure,45087,18732,8,173,2,0,0,0.033435605
CLM08466,1747,SUP-099,Radiator Hose,Corrosion,22277,28108,6,229,7,0,0,0.0016293301
CLM08467,1421,SUP-003,Relay Valve,Corrosion,18503,4108,18,173,6,0,0,0.07548181
CLM08468,1420,SUP-062,Radiator Hose,Misalignment,11104,13697,11,259,1,0,0,0.00152671
CLM08469,1185,SUP-012,Relay Valve,Wear,36030,12832,6,9,2,0,0,0.03164164
CLM08470,1928,SUP-091,V-Belt,Wear,22385,24991,17,260,4,0,0,0.071869075
CLM08471,1363,SUP-030,Brake Chamber,Wear,33235,3177,10,113,2,0,0,0.032221586
CLM08472,1954,SUP-085,U-Joint,Breakage,11644,793,19,207,5,0,0,0.061865035
CLM08473,1606,SUP-038,Air Filter,Corrosion,22687,20080,15,178,3,0,0,0.0015178052
CLM08474,1377,SUP-085,Air Filter,Misalignment,49409,18455,16,336,6,1,1,99.57928
CLM08475,1522,SUP-060,Brake Chamber,Breakage,44728,28124,17,224,9,1,1,99.88127
CLM08476,1579,SUP-038,Fuel/Water Separator,Misalignment,41098,28015,7,134,7,0,0,0.036571637
CLM08477,1890,SUP-015,Wheel Speed Sensor,Breakage,49216,23450,19,5,5,1,1,99.8818
CLM08478,1721,SUP-018,U-Joint,Sensor Failure,34550,12954,8,185,1,0,0,0.029481513
CLM08479,1195,SUP-052,U-Joint,Breakage,33864,17152,8,305,1,0,0,0.029702222
CLM08480,1880,SUP-029,Brake Chamber,Breakage,9778,16053,5,83,1,0,0,0.0014651744
CLM08481,1097,SUP-060,Relay Valve,Sensor Failure,30783,23957,11,222,3,0,0,0.014794903
CLM08482,1604,SUP-021,Wheel Speed Sensor,Leak,32387,26223,2,204,7,0,0,0.02409618
CLM08483,1983,SUP-017,Wheel Bearing,Sensor Failure,14374,20226,18,69,9,0,0,0.074303165
CLM08484,1021,SUP-018,Air Filter,Wear,46596,5677,4,167,6,0,0,0.029591367
CLM08485,1449,SUP-057,Wheel Bearing,Leak,22295,1379,12,12,7,0,0,0.0015762346
CLM08486,1171,SUP-037,Radiator Hose,Corrosion,19622,16942,4,197,3,0,0,0.0015066544
CLM08487,1382,SUP-060,Relay Valve,Misalignment,26492,11189,5,54,8,0,0,0.0015185074
CLM08488,1133,SUP-038,Fuel/Water Separator,Breakage,20733,4391,17,360,6,0,0,0.076900825
CLM08489,1425,SUP-012,Wheel Bearing,Leak,44546,17100,19,336,3,1,1,99.87732
CLM08490,1024,SUP-075,Air Filter,Corrosion,13372,6200,10,329,2,0,0,0.0014826232
CLM08491,1502,SUP-084,Air Filter,Sensor Failure,47414,8149,14,225,9,0,0,0.033152666
CLM08492,1184,SUP-073,Air Filter,Sensor Failure,36256,29415,15,165,7,0,0,0.03505908
CLM08493,1084,SUP-001,V-Belt,Wear,8817,23130,14,177,9,0,0,0.0015770345
CLM08494,1566,SUP-058,U-Joint,Wear,20221,13304,16,1,4,0,0,0.028363988
CLM08495,1762,SUP-003,Wheel Bearing,Leak,41164,24862,8,175,4,0,0,0.034875005
CLM08496,1143,SUP-063,Radiator Hose,Misalignment,19225,11003,9,165,6,0,0,0.0015718694
CLM08497,1862,SUP-021,Wheel Bearing,Breakage,9064,6884,8,137,2,0,0,0.0014956
CLM08498,1909,SUP-023,Radiator Hose,Sensor Failure,38537,21840,11,274,1,0,0,0.025778268
CLM08499,1678,SUP-009,Air Filter,Leak,14986,17617,12,358,3,0,0,0.0015153855
CLM08500,1411,SUP-083,Wheel Speed Sensor,Leak,42689,22834,14,341,5,0,0,0.03556864
CLM08501,1223,SUP-055,Radiator Hose,Misalignment,1316,5848,18,172,2,0,0,0.06885352
CLM08502,1219,SUP-019,Relay Valve,Leak,33843,6071,12,231,9,0,0,0.034741007
CLM08503,1178,SUP-062,U-Joint,Wear,22453,7574,4,231,1,0,0,0.0015005833
CLM08504,1630,SUP-087,U-Joint,Misalignment,45006,11194,13,115,3,0,0,0.030286279
CLM08505,1432,SUP-091,V-Belt,Sensor Failure,33195,13331,16,198,5,1,1,99.6753
CLM08506,1264,SUP-091,Wheel Bearing,Wear,1203,15700,10,319,1,0,0,0.0015532398
CLM08507,1953,SUP-039,Brake Chamber,Wear,41663,19305,11,3,4,0,0,0.030837776
CLM08508,1428,SUP-100,V-Belt,Misalignment,7567,20261,12,112,1,0,0,0.0015718124
CLM08509,1661,SUP-076,Brake Chamber,Misalignment,47814,25449,18,146,7,1,1,99.888954
CLM08510,1415,SUP-027,U-Joint,Leak,46248,16046,2,276,1,0,0,0.03241437
CLM08511,1452,SUP-046,Relay Valve,Corrosion,8460,7604,19,349,3,0,0,0.0676475
CLM08512,1726,SUP-034,Air Filter,Corrosion,28520,16848,5,36,4,0,0,0.0015352336
CLM08513,1196,SUP-033,Air Filter,Corrosion,5355,23667,10,208,4,0,0,0.0015566921
CLM08514,1553,SUP-092,Radiator Hose,Leak,32935,16995,16,4,7,1,1,99.581856
CLM08515,1052,SUP-095,V-Belt,Breakage,3663,11232,12,120,5,0,0,0.0015075097
CLM08516,1479,SUP-096,Relay Valve,Sensor Failure,42391,25369,9,109,8,0,0,0.03538523
CLM08517,1442,SUP-050,Air Filter,Leak,28339,2969,3,78,3,0,0,0.0015849711
CLM08518,1329,SUP-020,Radiator Hose,Leak,30367,19082,1,17,8,0,0,0.012641345
CLM08519,1250,SUP-040,Wheel Bearing,Wear,20546,22177,5,227,9,0,0,0.0015635567
CLM08520,1806,SUP-099,U-Joint,Corrosion,9389,11960,8,185,9,0,0,0.001527945
CLM08521,1889,SUP-095,Wheel Bearing,Misalignment,22462,16114,17,227,9,0,0,0.073678724
CLM08522,1782,SUP-058,U-Joint,Leak,1038,24465,1,49,1,0,0,0.0016221022
CLM08523,1966,SUP-031,Wheel Bearing,Breakage,48812,25243,13,109,9,0,0,0.03374165
CLM08524,1924,SUP-038,Radiator Hose,Sensor Failure,11318,11845,6,181,8,0,0,0.0015520197
CLM08525,1122,SUP-086,Relay Valve,Breakage,9920,569,15,10,2,0,0,0.0016808959
CLM08526,1878,SUP-045,V-Belt,Leak,39954,6456,7,123,3,0,0,0.03230531
CLM08527,1386,SUP-041,U-Joint,Leak,46187,15261,8,76,7,0,0,0.032911003
CLM08528,1338,SUP-009,Brake Chamber,Wear,19508,10117,3,123,3,0,0,0.0015364141
CLM08529,1777,SUP-009,Relay Valve,Breakage,15257,6574,15,137,2,0,0,0.0015008207
CLM08530,1347,SUP-063,Relay Valve,Wear,24783,3072,4,90,4,0,0,0.0015859343
CLM08531,1028,SUP-079,Radiator Hose,Misalignment,37902,2154,9,149,9,0,0,0.031634614
CLM08532,1974,SUP-077,Brake Chamber,Breakage,33309,19143,11,1,2,0,0,0.029276876
CLM08533,1034,SUP-022,Fuel/Water Separator,Corrosion,23678,16985,14,211,1,0,0,0.0015718873
CLM08534,1517,SUP-016,Relay Valve,Misalignment,37539,22792,9,6,7,0,0,0.03524245
CLM08535,1395,SUP-032,Relay Valve,Corrosion,16311,10423,12,146,1,0,0,0.0014886686
CLM08536,1622,SUP-066,Wheel Speed Sensor,Breakage,6538,6208,5,101,6,0,0,0.0015928035
CLM08537,1293,SUP-090,U-Joint,Wear,49949,1861,6,200,5,0,0,0.026621427
CLM08538,1588,SUP-014,Air Filter,Corrosion,4257,25408,19,325,8,0,0,0.07035754
CLM08539,1348,SUP-038,Relay Valve,Leak,40229,27328,5,232,3,0,0,0.03410597
CLM08540,1146,SUP-098,Relay Valve,Sensor Failure,47543,13016,1,107,3,0,0,0.03260622
CLM08541,1066,SUP-008,Radiator Hose,Wear,47511,20144,10,212,1,0,0,0.034504343
CLM08542,1903,SUP-100,Radiator Hose,Misalignment,12398,18006,14,106,4,0,0,0.0016134611
CLM08543,1519,SUP-021,V-Belt,Misalignment,31198,2457,17,265,6,1,1,99.61815
CLM08544,1121,SUP-056,U-Joint,Breakage,17044,10651,11,258,5,0,0,0.0016443593
CLM08545,1339,SUP-046,Radiator Hose,Misalignment,22772,13741,4,113,7,0,0,0.001544874
CLM08546,1174,SUP-043,Brake Chamber,Sensor Failure,15772,25535,18,132,1,0,0,0.07577254
CLM08547,1899,SUP-092,Brake Chamber,Sensor Failure,8900,26293,19,346,3,0,0,0.05643403
CLM08548,1690,SUP-046,Relay Valve,Leak,11790,23582,4,268,4,0,0,0.0015769697
CLM08549,1596,SUP-048,Air Filter,Misalignment,30011,21869,12,211,6,0,0,0.0015906767
CLM08550,1450,SUP-070,Radiator Hose,Wear,45273,23663,14,83,4,0,0,0.035875577
CLM08551,1556,SUP-084,V-Belt,Sensor Failure,46047,13831,18,83,7,1,1,99.86674
CLM08552,1135,SUP-031,Radiator Hose,Wear,1657,17814,1,250,3,0,0,0.0015967457
CLM08553,1854,SUP-033,Radiator Hose,Leak,44925,25386,11,349,8,0,0,0.034168035
CLM08554,1015,SUP-044,Wheel Speed Sensor,Breakage,19083,3389,19,295,7,0,0,0.07281933
CLM08555,1332,SUP-071,Air Filter,Sensor Failure,21840,22843,1,237,3,0,0,0.0015641579
CLM08556,1194,SUP-008,Radiator Hose,Sensor Failure,25431,15515,1,188,9,0,0,0.0015234681
CLM08557,1495,SUP-073,Wheel Bearing,Sensor Failure,28619,14369,3,315,5,0,0,0.0015793883
CLM08558,1008,SUP-002,Wheel Bearing,Misalignment,33583,7639,14,72,2,0,0,0.03214111
CLM08559,1827,SUP-017,Relay Valve,Wear,15525,2258,8,284,9,0,0,0.0015983942
CLM08560,1333,SUP-052,V-Belt,Sensor Failure,46384,8581,15,331,8,0,0,0.03245636
CLM08561,1332,SUP-045,Air Filter,Wear,30917,4841,4,254,8,0,0,0.015110358
CLM08562,1326,SUP-037,V-Belt,Misalignment,6963,8646,11,41,1,0,0,0.0014663192
CLM08563,1014,SUP-042,Brake Chamber,Corrosion,47765,971,8,72,4,0,0,0.030008232
CLM08564,1838,SUP-044,Air Filter,Corrosion,23619,21301,7,88,7,0,0,0.001656567
CLM08565,1613,SUP-081,Wheel Speed Sensor,Wear,5535,29312,2,244,6,0,0,0.0016291109
CLM08566,1225,SUP-038,Air Filter,Misalignment,15580,3680,8,309,9,0,0,0.0015978485
CLM08567,1424,SUP-099,Radiator Hose,Corrosion,49432,11052,19,267,8,1,1,99.87374
CLM08568,1789,SUP-094,U-Joint,Leak,45586,8316,9,239,9,0,0,0.034257565
CLM08569,1407,SUP-006,Wheel Speed Sensor,Leak,2976,18028,16,87,4,0,0,0.029933712
CLM08570,1112,SUP-068,Relay Valve,Corrosion,37437,16982,8,150,8,0,0,0.03093613
CLM08571,1996,SUP-051,V-Belt,Breakage,48055,20533,8,5,6,0,0,0.028054085
CLM08572,1427,SUP-035,Wheel Bearing,Wear,1937,993,11,112,9,0,0,0.0015587377
CLM08573,1000,SUP-058,Wheel Speed Sensor,Corrosion,22980,2657,7,318,1,0,0,0.0016055332
CLM08574,1265,SUP-057,Relay Valve,Wear,18673,5079,2,159,6,0,0,0.0015250599
CLM08575,1490,SUP-073,Brake Chamber,Misalignment,38438,19061,5,47,2,0,0,0.034110848
CLM08576,1207,SUP-006,Air Filter,Corrosion,8421,10115,18,293,3,0,0,0.07408783
CLM08577,1621,SUP-013,Air Filter,Leak,49582,13627,11,26,9,0,0,0.029628715
CLM08578,1711,SUP-059,Wheel Bearing,Misalignment,30500,9197,17,215,5,1,1,99.5052
CLM08579,1951,SUP-086,U-Joint,Breakage,13953,23796,6,299,5,0,0,0.0015795904
CLM08580,1368,SUP-092,V-Belt,Wear,2516,12997,13,61,1,0,0,0.0014599174
CLM08581,1984,SUP-030,Air Filter,Breakage,47340,9052,7,325,2,0,0,0.025863815
CLM08582,1305,SUP-100,V-Belt,Leak,44042,8845,11,127,9,0,0,0.032381784
CLM08583,1011,SUP-002,Brake Chamber,Sensor Failure,35172,24991,18,289,7,1,1,99.87458
CLM08584,1344,SUP-058,Brake Chamber,Sensor Failure,7170,16504,6,244,4,0,0,0.0015544919
CLM08585,1464,SUP-036,Wheel Bearing,Wear,27507,17416,12,64,7,0,0,0.001530744
CLM08586,1699,SUP-072,Radiator Hose,Misalignment,3353,22550,3,177,2,0,0,0.0015621097
CLM08587,1665,SUP-045,Relay Valve,Leak,12999,16219,19,93,5,0,0,0.070527114
CLM08588,1493,SUP-009,Wheel Speed Sensor,Wear,11938,10703,11,123,9,0,0,0.0015650023
CLM08589,1367,SUP-065,Wheel Bearing,Misalignment,1580,2857,2,15,2,0,0,0.0015994905
CLM08590,1845,SUP-077,Relay Valve,Wear,20713,11475,3,276,3,0,0,0.0015026826
CLM08591,1936,SUP-050,Air Filter,Wear,9293,23663,17,22,5,0,0,0.07622369
CLM08592,1419,SUP-079,V-Belt,Breakage,5550,14563,5,266,5,0,0,0.0015201563
CLM08593,1888,SUP-032,Brake Chamber,Corrosion,46248,2469,2,183,8,0,0,0.03326303
CLM08594,1790,SUP-098,V-Belt,Leak,29418,5471,12,352,7,0,0,0.0015379725
CLM08595,1170,SUP-043,Wheel Bearing,Breakage,1298,11039,5,137,3,0,0,0.0015158942
CLM08596,1133,SUP-095,Fuel/Water Separator,Misalignment,37884,13128,13,31,5,0,0,0.03455329
CLM08597,1964,SUP-078,Radiator Hose,Corrosion,17428,24055,7,215,8,0,0,0.0015914022
CLM08598,1426,SUP-054,Relay Valve,Wear,8647,17518,11,352,5,0,0,0.0015214396
CLM08599,1024,SUP-047,Relay Valve,Sensor Failure,3543,3101,5,330,2,0,0,0.0015095986
CLM08600,1529,SUP-014,U-Joint,Breakage,21243,18076,18,212,2,0,0,0.06694462
CLM08601,1189,SUP-048,Brake Chamber,Leak,5778,29591,6,227,1,0,0,0.0015822104
CLM08602,1140,SUP-055,Relay Valve,Leak,15558,16139,3,185,6,0,0,0.001559661
CLM08603,1554,SUP-029,Wheel Bearing,Corrosion,16383,25812,6,75,1,0,0,0.0016330854
CLM08604,1845,SUP-047,Wheel Speed Sensor,Breakage,31033,27512,16,171,8,1,1,98.91639
CLM08605,1795,SUP-063,Fuel/Water Separator,Wear,20539,26284,3,232,1,0,0,0.001580945
CLM08606,1657,SUP-019,Relay Valve,Corrosion,21089,27134,18,74,8,0,0,0.07706166
CLM08607,1314,SUP-091,Wheel Speed Sensor,Misalignment,34284,22688,4,253,6,0,0,0.035070047
CLM08608,1443,SUP-009,Relay Valve,Leak,3201,1107,5,298,9,0,0,0.0015889712
CLM08609,1318,SUP-037,Wheel Bearing,Misalignment,32000,6921,9,74,3,0,0,0.018012432
CLM08610,1440,SUP-092,Wheel Speed Sensor,Breakage,7577,5758,4,229,7,0,0,0.0015865469
CLM08611,1091,SUP-052,Air Filter,Sensor Failure,13629,3565,1,199,2,0,0,0.0017045056
CLM08612,1178,SUP-057,Relay Valve,Misalignment,41870,28825,11,212,5,0,0,0.034334205
CLM08613,1055,SUP-088,Air Filter,Wear,37426,8366,5,84,1,0,0,0.028748598
CLM08614,1154,SUP-028,U-Joint,Leak,7922,7753,10,200,5,0,0,0.0015408131
CLM08615,1671,SUP-036,Brake Chamber,Breakage,5286,21210,3,145,8,0,0,0.0016206196
CLM08616,1110,SUP-064,Wheel Bearing,Sensor Failure,28899,6070,15,217,3,0,0,0.0015462994
CLM08617,1136,SUP-018,Radiator Hose,Leak,30763,18921,14,237,6,0,0,0.015035378
CLM08618,1231,SUP-089,Wheel Bearing,Sensor Failure,4936,19069,5,258,4,0,0,0.001602023
CLM08619,1991,SUP-035,Radiator Hose,Leak,26745,26072,8,229,8,0,0,0.0015914022
CLM08620,1467,SUP-068,Wheel Speed Sensor,Corrosion,34758,11270,17,298,2,1,1,99.85072
CLM08621,1731,SUP-078,U-Joint,Corrosion,22355,8005,19,106,5,0,0,0.07513829
CLM08622,1480,SUP-039,Wheel Speed Sensor,Corrosion,31619,1679,4,191,6,0,0,0.017323315
CLM08623,1067,SUP-090,Relay Valve,Breakage,8721,21586,2,139,8,0,0,0.0016136548
CLM08624,1813,SUP-008,Brake Chamber,Corrosion,41957,23819,2,252,2,0,0,0.032713085
CLM08625,1248,SUP-088,Wheel Bearing,Breakage,36477,10612,2,212,9,0,0,0.034175687
CLM08626,1993,SUP-080,V-Belt,Wear,47334,28307,3,127,7,0,0,0.029615609
CLM08627,1322,SUP-084,Wheel Bearing,Corrosion,3178,10024,9,249,4,0,0,0.0015486621
CLM08628,1921,SUP-015,Wheel Bearing,Breakage,34606,14916,5,73,2,0,0,0.028482655
CLM08629,1903,SUP-007,Radiator Hose,Leak,30630,19628,15,173,8,0,0,0.012370962
CLM08630,1517,SUP-017,Fuel/Water Separator,Breakage,47456,2760,4,157,2,0,0,0.033614185
CLM08631,1975,SUP-086,V-Belt,Misalignment,10747,6620,3,162,2,0,0,0.0014871547
CLM08632,1791,SUP-086,Relay Valve,Breakage,22318,3998,9,95,9,0,0,0.0016000351
CLM08633,1431,SUP-064,Air Filter,Misalignment,27619,20297,10,346,4,0,0,0.0016006028
CLM08634,1486,SUP-012,Brake Chamber,Leak,43393,5978,17,236,7,1,1,99.88304
CLM08635,1605,SUP-082,U-Joint,Breakage,9104,6298,8,20,4,0,0,0.0015880425
CLM08636,1428,SUP-056,Brake Chamber,Leak,48746,8597,19,72,5,1,1,99.8706
CLM08637,1268,SUP-046,U-Joint,Misalignment,8338,17089,5,70,1,0,0,0.0014961393
CLM08638,1708,SUP-047,Wheel Bearing,Sensor Failure,2168,16195,11,200,1,0,0,0.0015203098
CLM08639,1536,SUP-079,Radiator Hose,Corrosion,16187,5880,4,183,3,0,0,0.001521952
CLM08640,1147,SUP-016,Relay Valve,Misalignment,32073,18693,4,308,6,0,0,0.019973846
CLM08641,1117,SUP-069,Fuel/Water Separator,Wear,1947,25975,15,25,1,0,0,0.0016775329
CLM08642,1849,SUP-002,Brake Chamber,Breakage,33928,9439,8,66,4,0,0,0.030895365
CLM08643,1366,SUP-092,Radiator Hose,Leak,30135,13664,13,284,9,0,0,0.011287097
CLM08644,1849,SUP-054,Fuel/Water Separator,Corrosion,12323,27705,12,345,2,0,0,0.0015969253
CLM08645,1065,SUP-027,Wheel Speed Sensor,Breakage,15550,11134,2,276,2,0,0,0.0015525629
CLM08646,1969,SUP-031,Wheel Bearing,Corrosion,3627,16802,1,326,2,0,0,0.0015954351
CLM08647,1812,SUP-041,V-Belt,Sensor Failure,17232,14536,14,37,7,0,0,0.0014779448
CLM08648,1369,SUP-036,V-Belt,Breakage,19919,29508,8,16,7,0,0,0.0016219923
CLM08649,1174,SUP-047,Air Filter,Leak,19656,23826,16,183,6,0,0,0.028945874
CLM08650,1830,SUP-043,Wheel Bearing,Sensor Failure,17544,10453,5,356,2,0,0,0.0014808031
CLM08651,1587,SUP-065,Air Filter,Breakage,23982,13568,2,256,5,0,0,0.001548284
CLM08652,1494,SUP-050,V-Belt,Corrosion,20566,13066,15,193,6,0,0,0.0014947088
CLM08653,1972,SUP-093,Relay Valve,Sensor Failure,15880,19180,4,334,6,0,0,0.0015841371
CLM08654,1113,SUP-001,Relay Valve,Leak,12936,5428,4,14,6,0,0,0.0016521432
CLM08655,1110,SUP-072,Radiator Hose,Breakage,31748,26807,10,24,6,0,0,0.018281316
CLM08656,1760,SUP-057,V-Belt,Corrosion,19411,22033,18,83,1,0,0,0.07163781
CLM08657,1438,SUP-016,Air Filter,Corrosion,13198,20882,7,294,4,0,0,0.0015928961
CLM08658,1714,SUP-028,Wheel Bearing,Misalignment,9376,6434,5,236,1,0,0,0.0015416832
CLM08659,1146,SUP-086,Wheel Bearing,Sensor Failure,2896,28035,4,338,3,0,0,0.001630143
CLM08660,1034,SUP-082,U-Joint,Breakage,45255,17822,15,265,2,0,0,0.031301245
CLM08661,1998,SUP-022,Fuel/Water Separator,Misalignment,36172,22134,18,244,2,1,1,99.87698
CLM08662,1308,SUP-041,Wheel Speed Sensor,Corrosion,19923,13311,17,255,6,0,0,0.072360694
CLM08663,1537,SUP-076,V-Belt,Sensor Failure,18116,5055,6,315,1,0,0,0.00152834
CLM08664,1749,SUP-019,V-Belt,Wear,10813,7038,1,307,4,0,0,0.0015922462
CLM08665,1013,SUP-089,Air Filter,Corrosion,34345,24579,3,109,9,0,0,0.029684557
CLM08666,1373,SUP-050,U-Joint,Sensor Failure,42337,7056,9,307,3,0,0,0.03273467
CLM08667,1556,SUP-059,Brake Chamber,Wear,21232,19048,5,275,8,0,0,0.0016383126
CLM08668,1427,SUP-069,Fuel/Water Separator,Sensor Failure,18692,22152,6,318,9,0,0,0.0015888062
CLM08669,1727,SUP-034,Relay Valve,Corrosion,13384,23136,13,255,2,0,0,0.0015993563
CLM08670,1232,SUP-039,Relay Valve,Wear,34609,6621,3,245,5,0,0,0.03485117
CLM08671,1704,SUP-074,Brake Chamber,Sensor Failure,40021,19757,3,266,6,0,0,0.034839675
CLM08672,1562,SUP-007,U-Joint,Breakage,46108,1950,5,131,5,0,0,0.034203134
CLM08673,1938,SUP-052,Fuel/Water Separator,Wear,27278,5605,12,145,6,0,0,0.0016290598
CLM08674,1886,SUP-060,V-Belt,Sensor Failure,11827,6136,18,343,5,0,0,0.066635795
CLM08675,1725,SUP-052,Wheel Bearing,Breakage,20769,1703,7,219,7,0,0,0.0016462421
CLM08676,1662,SUP-079,V-Belt,Wear,5821,7552,12,73,5,0,0,0.0015513538
CLM08677,1439,SUP-024,Relay Valve,Sensor Failure,18797,26948,2,197,5,0,0,0.0015686244
CLM08678,1501,SUP-026,Air Filter,Corrosion,1044,21375,16,83,7,0,0,0.031491376
CLM08679,1274,SUP-090,Air Filter,Wear,30607,19908,2,349,3,0,0,0.011070878
CLM08680,1849,SUP-090,Wheel Speed Sensor,Wear,19070,23028,8,271,7,0,0,0.0015935131
CLM08681,1075,SUP-010,Radiator Hose,Breakage,6236,18939,1,106,8,0,0,0.0016779648
CLM08682,1438,SUP-017,Relay Valve,Misalignment,27745,2691,14,100,5,0,0,0.0015667212
CLM08683,1731,SUP-078,U-Joint,Misalignment,7625,26754,10,184,4,0,0,0.0015667167
CLM08684,1859,SUP-002,Air Filter,Sensor Failure,28817,15110,13,332,2,0,0,0.0014871901
CLM08685,1955,SUP-077,V-Belt,Corrosion,20109,24716,10,78,5,0,0,0.0015617164
CLM08686,1698,SUP-027,Wheel Speed Sensor,Breakage,26999,13074,13,143,6,0,0,0.0015485557
CLM08687,1288,SUP-073,Wheel Bearing,Wear,41777,11229,13,95,9,0,0,0.032634865
CLM08688,1914,SUP-071,Relay Valve,Misalignment,5014,10357,1,300,6,0,0,0.0015613933
CLM08689,1539,SUP-048,Radiator Hose,Breakage,39548,21612,5,3,6,0,0,0.035774346
CLM08690,1890,SUP-074,U-Joint,Breakage,5595,6190,16,47,6,0,0,0.030413276
CLM08691,1691,SUP-009,Wheel Speed Sensor,Breakage,42033,21708,6,158,8,0,0,0.03561044
CLM08692,1252,SUP-086,Wheel Bearing,Wear,40060,29202,4,239,6,0,0,0.03609145
CLM08693,1125,SUP-023,Radiator Hose,Leak,2560,19895,10,268,1,0,0,0.0016301693
CLM08694,1176,SUP-071,Radiator Hose,Breakage,12324,8119,11,271,1,0,0,0.0015113242
CLM08695,1036,SUP-073,Wheel Speed Sensor,Leak,27465,25319,2,28,2,0,0,0.001494143
CLM08696,1409,SUP-027,V-Belt,Misalignment,30749,8831,9,177,1,0,0,0.012055005
CLM08697,1610,SUP-088,U-Joint,Corrosion,26822,2948,14,87,3,0,0,0.0016039506
CLM08698,1609,SUP-093,Brake Chamber,Misalignment,12994,1224,2,175,3,0,0,0.0016001237
CLM08699,1126,SUP-081,Radiator Hose,Corrosion,17856,26640,5,207,4,0,0,0.0016241285
CLM08700,1482,SUP-084,Air Filter,Corrosion,35985,12951,12,75,6,0,0,0.032225057
CLM08701,1167,SUP-071,Brake Chamber,Misalignment,26276,16987,1,350,7,0,0,0.0015058544
CLM08702,1591,SUP-043,Wheel Speed Sensor,Sensor Failure,44039,4547,19,246,9,1,1,99.88782
CLM08703,1293,SUP-007,Radiator Hose,Wear,17436,562,12,268,8,0,0,0.0015267973
CLM08704,1844,SUP-092,Air Filter,Leak,3987,2562,12,54,6,0,0,0.0016179308
CLM08705,1637,SUP-083,Brake Chamber,Sensor Failure,9330,28945,5,83,9,0,0,0.0016317092
CLM08706,1342,SUP-063,Wheel Bearing,Leak,26973,20449,2,32,4,0,0,0.0016496619
CLM08707,1309,SUP-084,Relay Valve,Wear,19521,27302,14,11,6,0,0,0.0016217588
CLM08708,1661,SUP-044,Brake Chamber,Breakage,34595,26622,17,223,7,1,1,99.88275
CLM08709,1527,SUP-039,Relay Valve,Misalignment,11275,7084,15,353,2,0,0,0.0015031312
CLM08710,1539,SUP-040,Air Filter,Sensor Failure,25548,23552,17,55,1,0,0,0.07377853
CLM08711,1418,SUP-007,Radiator Hose,Wear,49119,21706,2,286,8,0,0,0.034369934
CLM08712,1443,SUP-070,Relay Valve,Misalignment,28552,16347,8,68,8,0,0,0.0015011787
CLM08713,1684,SUP-025,Wheel Speed Sensor,Sensor Failure,30225,15146,10,312,7,0,0,0.012281469
CLM08714,1557,SUP-059,Air Filter,Corrosion,38603,12764,3,89,9,0,0,0.0316897
CLM08715,1839,SUP-013,Radiator Hose,Sensor Failure,29940,5333,11,98,9,0,0,0.0016251169
CLM08716,1235,SUP-086,Air Filter,Breakage,46965,20530,9,17,3,0,0,0.034601647
CLM08717,1438,SUP-081,Brake Chamber,Breakage,9377,10482,15,161,1,0,0,0.0014886942
CLM08718,1213,SUP-086,Air Filter,Leak,4442,14791,11,255,9,0,0,0.0015441523
CLM08719,1084,SUP-098,Brake Chamber,Sensor Failure,8402,17013,3,158,1,0,0,0.0015997774
CLM08720,1793,SUP-062,Wheel Speed Sensor,Corrosion,36961,3515,7,269,1,0,0,0.030523017
CLM08721,1743,SUP-008,U-Joint,Breakage,32143,16325,7,32,5,0,0,0.02068011
CLM08722,1084,SUP-045,Wheel Speed Sensor,Leak,5928,24553,4,87,2,0,0,0.0016737522
CLM08723,1920,SUP-018,Brake Chamber,Corrosion,10604,5790,6,93,2,0,0,0.0014816774
CLM08724,1488,SUP-088,Radiator Hose,Corrosion,49029,17810,19,290,5,1,1,99.880775
CLM08725,1064,SUP-060,Fuel/Water Separator,Corrosion,28764,2480,14,83,7,0,0,0.0015971935
CLM08726,1645,SUP-060,U-Joint,Wear,14777,6025,4,268,6,0,0,0.001616828
CLM08727,1662,SUP-002,Wheel Speed Sensor,Breakage,41364,26801,19,4,5,1,1,99.88683
CLM08728,1626,SUP-066,Fuel/Water Separator,Wear,26591,2319,19,89,3,0,0,0.07482893
CLM08729,1063,SUP-091,Wheel Bearing,Wear,5537,5607,17,154,9,0,0,0.071178295
CLM08730,1342,SUP-014,Fuel/Water Separator,Breakage,32905,13236,19,82,8,1,1,99.85377
CLM08731,1938,SUP-048,Wheel Speed Sensor,Sensor Failure,47700,27283,12,192,3,0,0,0.030214064
CLM08732,1874,SUP-056,Fuel/Water Separator,Misalignment,39413,11980,17,158,7,1,1,99.877815
CLM08733,1918,SUP-012,Relay Valve,Leak,5261,5283,15,253,3,0,0,0.0014937497
CLM08734,1351,SUP-096,Radiator Hose,Misalignment,35703,3395,9,289,6,0,0,0.037436765
CLM08735,1157,SUP-092,Wheel Bearing,Misalignment,27044,18640,16,256,3,0,0,0.024627723
CLM08736,1588,SUP-055,Brake Chamber,Misalignment,38306,27613,18,159,8,1,1,99.883835
CLM08737,1490,SUP-028,V-Belt,Misalignment,5426,19211,18,312,3,0,0,0.072668865
CLM08738,1657,SUP-089,Relay Valve,Breakage,2358,10820,4,62,5,0,0,0.0015225777
CLM08739,1854,SUP-004,Wheel Bearing,Misalignment,14423,20080,4,287,3,0,0,0.0015784805
CLM08740,1462,SUP-090,Wheel Bearing,Leak,35537,27293,1,280,8,0,0,0.037737902
CLM08741,1224,SUP-036,V-Belt,Sensor Failure,28337,4153,5,69,9,0,0,0.0015984263
CLM08742,1916,SUP-050,Wheel Bearing,Breakage,26765,16449,12,354,6,0,0,0.0015557571
CLM08743,1312,SUP-003,Relay Valve,Misalignment,47493,11853,14,265,4,0,0,0.03306826
CLM08744,1614,SUP-001,Wheel Speed Sensor,Corrosion,18576,11119,10,8,4,0,0,0.0015039069
CLM08745,1918,SUP-017,Air Filter,Breakage,36584,13647,18,107,5,1,1,99.866486
CLM08746,1858,SUP-071,Air Filter,Sensor Failure,40035,6754,10,93,3,0,0,0.031711794
CLM08747,1812,SUP-062,Air Filter,Misalignment,29197,4759,16,227,4,0,0,0.029693162
CLM08748,1939,SUP-048,Relay Valve,Wear,24409,914,6,69,4,0,0,0.0016011372
CLM08749,1465,SUP-062,Radiator Hose,Breakage,5856,29170,3,302,1,0,0,0.0015936802
CLM08750,1087,SUP-069,Brake Chamber,Corrosion,31444,29326,15,138,1,0,0,0.016882267
CLM08751,1882,SUP-019,V-Belt,Breakage,22601,6837,5,358,9,0,0,0.0015259676
CLM08752,1302,SUP-034,U-Joint,Wear,49187,8646,6,330,3,0,0,0.029097559
CLM08753,1679,SUP-099,Air Filter,Breakage,18426,14287,12,139,5,0,0,0.0015417567
CLM08754,1434,SUP-049,Fuel/Water Separator,Corrosion,22627,15520,1,116,2,0,0,0.0015142875
CLM08755,1681,SUP-080,Relay Valve,Sensor Failure,42185,26911,10,8,1,0,0,0.03502557
CLM08756,1134,SUP-047,Radiator Hose,Corrosion,11170,10760,3,68,7,0,0,0.0015496991
CLM08757,1049,SUP-091,Radiator Hose,Sensor Failure,7755,19754,5,146,9,0,0,0.0015363715
CLM08758,1431,SUP-050,Air Filter,Corrosion,23851,26098,15,250,4,0,0,0.0015798509
CLM08759,1339,SUP-089,Fuel/Water Separator,Leak,37745,6752,4,250,4,0,0,0.034018196
CLM08760,1346,SUP-026,U-Joint,Breakage,30712,898,19,3,3,1,1,99.4292
CLM08761,1645,SUP-056,Air Filter,Breakage,13023,28053,17,364,3,0,0,0.07357042
CLM08762,1346,SUP-078,V-Belt,Wear,35651,27995,8,128,2,0,0,0.030397128
CLM08763,1648,SUP-014,Wheel Speed Sensor,Leak,1540,20854,5,120,3,0,0,0.0015772226
CLM08764,1244,SUP-078,Fuel/Water Separator,Wear,9837,8820,4,200,5,0,0,0.0015059075
CLM08765,1108,SUP-025,Air Filter,Breakage,22185,26608,19,238,8,0,0,0.073614046
CLM08766,1824,SUP-100,V-Belt,Wear,38494,23454,9,55,8,0,0,0.035876192
CLM08767,1798,SUP-004,Fuel/Water Separator,Sensor Failure,24406,17934,13,70,5,0,0,0.0016244723
CLM08768,1532,SUP-079,Brake Chamber,Leak,10046,3452,17,356,1,0,0,0.07095913
CLM08769,1089,SUP-032,Fuel/Water Separator,Corrosion,40402,17227,8,288,2,0,0,0.034966487
CLM08770,1295,SUP-082,Relay Valve,Sensor Failure,34172,10116,19,262,8,1,1,99.880684
CLM08771,1111,SUP-078,Fuel/Water Separator,Misalignment,41579,1103,11,210,9,0,0,0.030578213
CLM08772,1812,SUP-065,U-Joint,Corrosion,40786,14106,14,237,7,0,0,0.03303596
CLM08773,1588,SUP-061,Air Filter,Wear,26095,10282,18,218,9,0,0,0.072042525
CLM08774,1176,SUP-020,Relay Valve,Breakage,31341,7536,5,212,9,0,0,0.014419413
CLM08775,1342,SUP-074,Fuel/Water Separator,Sensor Failure,12132,5328,12,16,6,0,0,0.0016594875
CLM08776,1659,SUP-010,Relay Valve,Leak,35175,22816,16,213,6,1,1,99.71709
CLM08777,1100,SUP-088,V-Belt,Corrosion,10012,21135,16,270,7,0,0,0.028174167
CLM08778,1757,SUP-034,Wheel Speed Sensor,Misalignment,8030,7083,14,318,1,0,0,0.0015296378
CLM08779,1628,SUP-061,Relay Valve,Sensor Failure,45634,2648,7,146,9,0,0,0.036956813
CLM08780,1603,SUP-092,Brake Chamber,Breakage,21914,6544,9,264,1,0,0,0.0015389555
CLM08781,1400,SUP-027,Radiator Hose,Leak,8928,17631,3,133,8,0,0,0.0015546164
CLM08782,1027,SUP-040,Brake Chamber,Leak,33739,25575,14,344,2,0,0,0.028135352
CLM08783,1936,SUP-065,Fuel/Water Separator,Corrosion,13027,3856,1,297,7,0,0,0.0016296393
CLM08784,1961,SUP-033,Wheel Speed Sensor,Sensor Failure,7206,5688,14,315,5,0,0,0.0014853574
CLM08785,1536,SUP-068,Brake Chamber,Sensor Failure,28863,22782,18,9,8,0,0,0.07174665
CLM08786,1057,SUP-071,Radiator Hose,Leak,19565,885,3,42,7,0,0,0.0015211032
CLM08787,1497,SUP-009,U-Joint,Wear,32677,16311,6,18,8,0,0,0.027292505
CLM08788,1296,SUP-016,U-Joint,Leak,30290,4733,4,302,2,0,0,0.01164196
CLM08789,1133,SUP-005,Wheel Speed Sensor,Breakage,37000,29419,1,210,9,0,0,0.030163495
CLM08790,1330,SUP-098,Radiator Hose,Sensor Failure,49385,6746,3,284,6,0,0,0.031739924
CLM08791,1248,SUP-023,Radiator Hose,Corrosion,26000,2235,18,293,6,0,0,0.0721384
CLM08792,1549,SUP-043,V-Belt,Sensor Failure,34125,19441,3,330,6,0,0,0.030555628
CLM08793,1901,SUP-089,Wheel Bearing,Leak,12638,14186,16,276,1,0,0,0.028462484
CLM08794,1940,SUP-057,Relay Valve,Breakage,18978,5322,7,215,7,0,0,0.0015927427
CLM08795,1074,SUP-051,Wheel Speed Sensor,Wear,26586,1678,9,235,2,0,0,0.0016096802
CLM08796,1653,SUP-013,Air Filter,Sensor Failure,10225,14922,2,148,2,0,0,0.0014880213
CLM08797,1833,SUP-024,V-Belt,Leak,26437,1379,3,50,5,0,0,0.0015819813
CLM08798,1167,SUP-011,U-Joint,Misalignment,32238,18389,1,133,6,0,0,0.022194352
CLM08799,1770,SUP-052,V-Belt,Leak,17732,22212,6,188,1,0,0,0.0014955559
CLM08800,1502,SUP-017,Fuel/Water Separator,Leak,29353,17890,15,73,1,0,0,0.0016449239
CLM08801,1884,SUP-037,Relay Valve,Breakage,49531,5797,5,299,1,0,0,0.024898315
CLM08802,1354,SUP-013,Air Filter,Leak,2658,4157,13,105,7,0,0,0.0015980222
CLM08803,1224,SUP-062,Wheel Speed Sensor,Leak,26150,21993,8,292,1,0,0,0.0015883606
CLM08804,1663,SUP-091,Fuel/Water Separator,Leak,14315,10997,13,232,9,0,0,0.0015455754
CLM08805,1530,SUP-084,Wheel Bearing,Sensor Failure,19203,17156,19,101,3,0,0,0.070378095
CLM08806,1145,SUP-097,Air Filter,Leak,39649,3395,9,259,2,0,0,0.029382968
CLM08807,1959,SUP-096,Radiator Hose,Breakage,40423,3595,3,292,6,0,0,0.03345735
CLM08808,1240,SUP-008,Air Filter,Misalignment,42890,27948,14,112,2,0,0,0.033755552
CLM08809,1883,SUP-056,V-Belt,Sensor Failure,21392,18490,7,45,5,0,0,0.0015186465
CLM08810,1892,SUP-093,Fuel/Water Separator,Misalignment,7043,29766,13,100,5,0,0,0.0015947719
CLM08811,1343,SUP-083,V-Belt,Leak,17867,2947,9,157,9,0,0,0.0016041788
CLM08812,1748,SUP-070,Radiator Hose,Wear,37680,6996,11,225,4,0,0,0.03479789
CLM08813,1034,SUP-044,U-Joint,Misalignment,1357,27927,9,73,8,0,0,0.0015894107
CLM08814,1701,SUP-060,V-Belt,Breakage,46440,1824,11,69,7,0,0,0.03650716
CLM08815,1000,SUP-041,Air Filter,Wear,25829,10749,14,172,7,0,0,0.0015532783
CLM08816,1995,SUP-021,Wheel Bearing,Breakage,42794,20786,15,224,1,0,0,0.02803713
CLM08817,1152,SUP-086,Air Filter,Wear,34958,24094,17,49,6,1,1,99.89237
CLM08818,1428,SUP-042,Air Filter,Leak,31408,20006,1,236,6,0,0,0.016131721
CLM08819,1944,SUP-074,Fuel/Water Separator,Wear,27279,27842,3,109,8,0,0,0.001613615
CLM08820,1507,SUP-074,Wheel Speed Sensor,Misalignment,30467,27230,3,273,6,0,0,0.013498943
CLM08821,1125,SUP-029,Relay Valve,Wear,38332,21750,3,158,8,0,0,0.038235605
CLM08822,1490,SUP-080,Air Filter,Breakage,42452,18613,4,239,6,0,0,0.034048177
CLM08823,1481,SUP-065,Air Filter,Leak,30591,5854,17,4,8,1,1,99.48619
CLM08824,1344,SUP-017,Relay Valve,Breakage,4409,21469,4,204,5,0,0,0.0015686244
CLM08825,1911,SUP-030,Wheel Bearing,Leak,12319,19606,13,84,9,0,0,0.0016436365
CLM08826,1737,SUP-026,Fuel/Water Separator,Misalignment,27696,29646,7,214,4,0,0,0.0016419146
CLM08827,1220,SUP-053,U-Joint,Corrosion,42011,21560,4,359,6,0,0,0.033341795
CLM08828,1914,SUP-019,Radiator Hose,Sensor Failure,25837,3394,8,62,2,0,0,0.0014711583
CLM08829,1918,SUP-053,Radiator Hose,Misalignment,28578,28439,11,58,3,0,0,0.0016117878
CLM08830,1722,SUP-085,V-Belt,Misalignment,2908,26916,19,172,4,0,0,0.059678677
CLM08831,1024,SUP-017,Fuel/Water Separator,Sensor Failure,33523,24532,7,314,3,0,0,0.029005354
CLM08832,1527,SUP-046,U-Joint,Breakage,4646,16628,9,362,7,0,0,0.00151683
CLM08833,1181,SUP-085,Radiator Hose,Misalignment,14832,15295,4,252,9,0,0,0.0015224558
CLM08834,1498,SUP-053,Wheel Speed Sensor,Leak,19761,2461,4,328,6,0,0,0.0016014718
CLM08835,1840,SUP-064,U-Joint,Wear,12586,23452,1,137,3,0,0,0.001549117
CLM08836,1640,SUP-045,Wheel Speed Sensor,Misalignment,21720,13116,6,238,9,0,0,0.0015378566
CLM08837,1041,SUP-049,Relay Valve,Sensor Failure,6404,5362,3,6,1,0,0,0.0014922179
CLM08838,1914,SUP-019,Brake Chamber,Misalignment,23342,29677,3,275,5,0,0,0.0015396909
CLM08839,1480,SUP-071,Air Filter,Breakage,2625,19559,1,86,5,0,0,0.0015588684
CLM08840,1929,SUP-081,Wheel Bearing,Breakage,33007,18823,7,148,2,0,0,0.029427908
CLM08841,1847,SUP-065,Air Filter,Breakage,39186,29649,9,64,5,0,0,0.035594795
CLM08842,1747,SUP-037,V-Belt,Leak,26804,16897,3,155,1,0,0,0.0014809571
CLM08843,1871,SUP-070,Radiator Hose,Misalignment,38154,15725,15,135,1,0,0,0.028852968
CLM08844,1438,SUP-026,Fuel/Water Separator,Breakage,7354,13514,3,118,4,0,0,0.0015303907
CLM08845,1401,SUP-002,V-Belt,Corrosion,35157,28134,11,24,6,0,0,0.0324815
CLM08846,1545,SUP-059,U-Joint,Wear,18871,17629,18,264,2,0,0,0.07231044
CLM08847,1344,SUP-096,Fuel/Water Separator,Breakage,48425,25046,3,323,5,0,0,0.033922337
CLM08848,1892,SUP-005,Fuel/Water Separator,Leak,10108,15015,7,11,5,0,0,0.0015604361
CLM08849,1044,SUP-037,U-Joint,Wear,11333,10702,9,356,3,0,0,0.001518668
CLM08850,1645,SUP-031,Relay Valve,Wear,19270,27689,17,66,4,0,0,0.07871955
CLM08851,1020,SUP-076,Air Filter,Sensor Failure,35984,15140,9,263,2,0,0,0.02924103
CLM08852,1633,SUP-099,V-Belt,Breakage,18704,5070,10,24,7,0,0,0.0015930117
CLM08853,1069,SUP-094,Air Filter,Breakage,17304,8209,13,319,3,0,0,0.0015633495
CLM08854,1863,SUP-048,Wheel Speed Sensor,Misalignment,25290,3446,5,328,6,0,0,0.0016427871
CLM08855,1872,SUP-006,Radiator Hose,Leak,15433,13311,14,141,9,0,0,0.001565444
CLM08856,1047,SUP-015,V-Belt,Corrosion,33448,3682,4,231,7,0,0,0.02857453
CLM08857,1490,SUP-015,U-Joint,Misalignment,33521,20370,14,88,4,0,0,0.03686726
CLM08858,1550,SUP-061,V-Belt,Corrosion,5445,7064,11,116,2,0,0,0.001528308
CLM08859,1286,SUP-016,V-Belt,Sensor Failure,38599,21390,10,280,7,0,0,0.03340088
CLM08860,1009,SUP-020,Brake Chamber,Corrosion,11818,20962,5,38,8,0,0,0.0015527657
CLM08861,1541,SUP-077,U-Joint,Leak,25201,2407,12,199,3,0,0,0.0015587584
CLM08862,1755,SUP-044,U-Joint,Sensor Failure,7984,4491,15,266,7,0,0,0.0016134626
CLM08863,1273,SUP-042,Air Filter,Breakage,42360,18531,13,158,1,0,0,0.030696042
CLM08864,1955,SUP-046,Radiator Hose,Corrosion,1750,21660,8,231,8,0,0,0.0016186717
CLM08865,1599,SUP-095,U-Joint,Leak,47530,3163,4,344,7,0,0,0.03700677
CLM08866,1755,SUP-034,Wheel Bearing,Leak,6594,8627,13,283,6,0,0,0.0015963711
CLM08867,1380,SUP-064,U-Joint,Breakage,14730,2382,15,286,3,0,0,0.0015763805
CLM08868,1328,SUP-029,Wheel Bearing,Leak,8171,17212,9,128,4,0,0,0.0015571583
CLM08869,1478,SUP-003,Radiator Hose,Sensor Failure,32088,4867,6,207,8,0,0,0.021121487
CLM08870,1014,SUP-009,Relay Valve,Sensor Failure,21069,12962,18,258,1,0,0,0.071936265
CLM08871,1515,SUP-075,V-Belt,Misalignment,30814,10897,9,264,2,0,0,0.012539896
CLM08872,1190,SUP-075,Radiator Hose,Wear,47070,21601,6,145,1,0,0,0.03502928
CLM08873,1167,SUP-025,Air Filter,Breakage,11210,26763,7,48,4,0,0,0.0016371132
CLM08874,1520,SUP-086,V-Belt,Leak,43605,29405,12,64,6,0,0,0.034908365
CLM08875,1620,SUP-042,Wheel Bearing,Corrosion,37255,12928,4,189,5,0,0,0.030952739
CLM08876,1136,SUP-046,Fuel/Water Separator,Misalignment,10005,6100,11,141,6,0,0,0.001617644
CLM08877,1153,SUP-073,Radiator Hose,Sensor Failure,31825,19050,3,228,2,0,0,0.018111683
CLM08878,1387,SUP-084,Air Filter,Breakage,16705,881,7,107,5,0,0,0.0015420273
CLM08879,1208,SUP-059,Wheel Bearing,Breakage,36937,12284,2,130,1,0,0,0.028931007
CLM08880,1271,SUP-021,Air Filter,Sensor Failure,34791,15524,10,340,6,0,0,0.033446316
CLM08881,1142,SUP-074,Air Filter,Wear,10701,10125,3,151,4,0,0,0.0015528132
CLM08882,1610,SUP-022,Air Filter,Breakage,27614,21028,17,213,9,0,0,0.07075459
CLM08883,1888,SUP-029,Radiator Hose,Leak,15666,4381,11,223,3,0,0,0.0014702326
CLM08884,1819,SUP-063,Fuel/Water Separator,Corrosion,49569,8608,1,16,3,0,0,0.024774868
CLM08885,1068,SUP-073,Wheel Bearing,Corrosion,6239,28517,2,141,9,0,0,0.0016136548
CLM08886,1246,SUP-061,Relay Valve,Sensor Failure,17212,28480,13,258,4,0,0,0.0015644815
CLM08887,1260,SUP-064,Wheel Bearing,Breakage,19730,12936,14,114,7,0,0,0.0014832441
CLM08888,1787,SUP-069,U-Joint,Corrosion,1855,10896,17,321,2,0,0,0.070664324
CLM08889,1078,SUP-040,V-Belt,Breakage,10358,7247,2,26,1,0,0,0.0015240915
CLM08890,1657,SUP-075,Fuel/Water Separator,Sensor Failure,5038,19083,17,286,1,0,0,0.07208569
CLM08891,1622,SUP-001,Radiator Hose,Wear,43932,20416,19,38,6,1,1,99.88495
CLM08892,1769,SUP-065,Brake Chamber,Corrosion,21071,29547,9,25,4,0,0,0.0016266503
CLM08893,1604,SUP-062,Relay Valve,Leak,18500,3229,12,52,2,0,0,0.0016039506
CLM08894,1524,SUP-054,V-Belt,Misalignment,45328,9287,16,339,7,1,1,99.6902
CLM08895,1771,SUP-060,Brake Chamber,Sensor Failure,1733,8538,4,91,8,0,0,0.0015268119
CLM08896,1937,SUP-046,U-Joint,Misalignment,31495,4410,11,138,7,0,0,0.017532796
CLM08897,1620,SUP-005,Wheel Bearing,Wear,36689,3996,4,209,9,0,0,0.03132528
CLM08898,1329,SUP-022,Wheel Bearing,Leak,45289,11811,2,61,1,0,0,0.030296274
CLM08899,1188,SUP-090,Fuel/Water Separator,Misalignment,13809,8002,10,111,6,0,0,0.0015473246
CLM08900,1094,SUP-053,Radiator Hose,Leak,43666,4300,9,258,8,0,0,0.035293657
CLM08901,1616,SUP-070,Radiator Hose,Corrosion,14686,8662,17,337,9,0,0,0.07348438
CLM08902,1007,SUP-032,V-Belt,Breakage,4498,19520,12,135,8,0,0,0.0014786074
CLM08903,1066,SUP-011,Wheel Speed Sensor,Sensor Failure,43084,11762,4,60,6,0,0,0.033562504
CLM08904,1495,SUP-010,U-Joint,Leak,5717,3323,9,189,8,0,0,0.0016286591
CLM08905,1190,SUP-039,Wheel Speed Sensor,Corrosion,5854,1992,14,336,8,0,0,0.0015845299
CLM08906,1365,SUP-098,Air Filter,Wear,35626,20200,4,113,1,0,0,0.031511407
CLM08907,1767,SUP-031,Relay Valve,Leak,44251,23659,2,27,8,0,0,0.035324257
CLM08908,1520,SUP-012,Wheel Bearing,Wear,15358,20786,18,1,7,0,0,0.075520374
CLM08909,1989,SUP-080,V-Belt,Sensor Failure,22857,11001,13,214,8,0,0,0.0014934707
CLM08910,1116,SUP-038,Wheel Speed Sensor,Corrosion,36281,5437,10,86,8,0,0,0.03565521
CLM08911,1266,SUP-067,Fuel/Water Separator,Wear,16584,24301,14,155,6,0,0,0.0016134456
CLM08912,1610,SUP-066,Radiator Hose,Breakage,5960,16356,9,80,9,0,0,0.0015122585
CLM08913,1484,SUP-052,Wheel Bearing,Misalignment,37283,13863,11,60,3,0,0,0.031136805
CLM08914,1508,SUP-005,V-Belt,Wear,27576,21468,1,309,1,0,0,0.0015424509
CLM08915,1297,SUP-011,Brake Chamber,Wear,27373,12552,12,36,9,0,0,0.0014997006
CLM08916,1908,SUP-025,Relay Valve,Corrosion,19700,28289,17,291,2,0,0,0.07330865
CLM08917,1163,SUP-035,Air Filter,Corrosion,44540,14183,17,289,3,1,1,99.87447
CLM08918,1375,SUP-035,Fuel/Water Separator,Leak,48417,6894,8,325,4,0,0,0.032070037
CLM08919,1652,SUP-022,U-Joint,Misalignment,35935,8672,17,363,8,1,1,99.87392
CLM08920,1267,SUP-037,Fuel/Water Separator,Wear,20412,6957,13,175,9,0,0,0.0015598334
CLM08921,1548,SUP-086,Air Filter,Wear,33224,3796,13,354,3,0,0,0.029222218
CLM08922,1073,SUP-055,U-Joint,Corrosion,26719,22668,15,352,2,0,0,0.001642983
CLM08923,1507,SUP-075,U-Joint,Breakage,5231,7723,18,89,2,0,0,0.07110243
CLM08924,1072,SUP-096,V-Belt,Corrosion,20532,16198,13,59,9,0,0,0.0015139843
CLM08925,1307,SUP-099,Fuel/Water Separator,Breakage,8521,12284,8,61,8,0,0,0.0014907101
CLM08926,1198,SUP-095,Wheel Bearing,Misalignment,12349,26599,7,242,2,0,0,0.0016033055
CLM08927,1129,SUP-072,Air Filter,Corrosion,33768,25048,19,283,8,1,1,99.89407
CLM08928,1757,SUP-064,Radiator Hose,Misalignment,42036,28631,10,225,4,0,0,0.0356949
CLM08929,1823,SUP-020,Relay Valve,Sensor Failure,30632,12951,12,222,6,0,0,0.012126117
CLM08930,1571,SUP-098,V-Belt,Wear,8611,6060,2,90,5,0,0,0.001552042
CLM08931,1790,SUP-004,V-Belt,Misalignment,20012,17858,14,15,5,0,0,0.001517604
CLM08932,1614,SUP-018,Brake Chamber,Breakage,23518,6776,10,185,7,0,0,0.0016222569
CLM08933,1807,SUP-051,V-Belt,Sensor Failure,44155,6724,17,204,8,1,1,99.88427
CLM08934,1831,SUP-068,U-Joint,Breakage,2548,23377,13,41,5,0,0,0.0016492937
CLM08935,1486,SUP-020,Brake Chamber,Leak,25761,18554,1,171,4,0,0,0.0015206825
CLM08936,1852,SUP-009,Wheel Bearing,Leak,14988,29305,15,268,2,0,0,0.0015515876
CLM08937,1150,SUP-080,Wheel Speed Sensor,Wear,30193,7618,1,196,5,0,0,0.012672531
CLM08938,1668,SUP-026,Relay Valve,Sensor Failure,15497,8684,15,250,8,0,0,0.0015521693
CLM08939,1205,SUP-025,Relay Valve,Sensor Failure,7045,22055,15,195,1,0,0,0.0015641579
CLM08940,1985,SUP-068,Wheel Bearing,Leak,20876,23521,14,230,6,0,0,0.0015790436
CLM08941,1178,SUP-041,Wheel Bearing,Wear,27819,5305,13,96,2,0,0,0.0015083596
CLM08942,1196,SUP-059,Wheel Speed Sensor,Misalignment,25609,23645,2,218,2,0,0,0.0015641579
CLM08943,1734,SUP-045,Radiator Hose,Leak,8839,28970,8,4,8,0,0,0.0016411556
CLM08944,1088,SUP-041,Fuel/Water Separator,Sensor Failure,27196,19687,9,5,6,0,0,0.0015702752
CLM08945,1798,SUP-038,Relay Valve,Breakage,39457,26607,19,46,6,1,1,99.88268
CLM08946,1433,SUP-019,Radiator Hose,Sensor Failure,43760,20700,19,331,6,1,1,99.87919
CLM08947,1787,SUP-014,V-Belt,Wear,39184,15808,9,126,9,0,0,0.030692443
CLM08948,1747,SUP-021,Wheel Bearing,Sensor Failure,11275,5633,7,137,3,0,0,0.0015717704
CLM08949,1182,SUP-015,Brake Chamber,Corrosion,39151,14196,14,136,2,0,0,0.03140485
CLM08950,1208,SUP-003,Radiator Hose,Sensor Failure,35173,14548,2,314,5,0,0,0.034265015
CLM08951,1492,SUP-037,Radiator Hose,Corrosion,15449,16060,12,359,6,0,0,0.00151683
CLM08952,1129,SUP-046,Relay Valve,Leak,29264,10904,11,319,9,0,0,0.0017092278
CLM08953,1664,SUP-016,Brake Chamber,Misalignment,44612,13348,17,189,9,1,1,99.87871
CLM08954,1012,SUP-014,Fuel/Water Separator,Corrosion,16960,20963,2,143,2,0,0,0.0015567337
CLM08955,1633,SUP-009,V-Belt,Sensor Failure,5538,24959,12,73,9,0,0,0.0016195303
CLM08956,1870,SUP-007,Wheel Speed Sensor,Misalignment,29709,9273,15,178,9,0,0,0.0015389085
CLM08957,1731,SUP-014,Air Filter,Misalignment,3139,16743,8,350,6,0,0,0.0015307292
CLM08958,1105,SUP-006,Relay Valve,Sensor Failure,36446,6762,8,226,1,0,0,0.032015815
CLM08959,1374,SUP-085,Brake Chamber,Sensor Failure,37562,8318,18,278,8,1,1,99.85436
CLM08960,1581,SUP-015,U-Joint,Wear,20103,16614,14,238,8,0,0,0.0015304505
CLM08961,1706,SUP-052,Fuel/Water Separator,Leak,48204,15528,10,94,8,0,0,0.032881647
CLM08962,1697,SUP-072,V-Belt,Corrosion,25432,20441,4,330,8,0,0,0.0015380663
CLM08963,1098,SUP-034,Fuel/Water Separator,Breakage,38370,24234,16,197,5,1,1,99.74451
CLM08964,1593,SUP-001,Air Filter,Corrosion,11418,28605,16,64,2,0,0,0.031134015
CLM08965,1586,SUP-096,V-Belt,Sensor Failure,45983,2882,17,150,9,1,1,99.88985
CLM08966,1885,SUP-069,Air Filter,Breakage,38218,22565,9,141,6,0,0,0.036468305
CLM08967,1851,SUP-094,Radiator Hose,Breakage,31599,27760,11,231,3,0,0,0.016599337
CLM08968,1191,SUP-086,Air Filter,Corrosion,12560,17114,13,245,1,0,0,0.0015432277
CLM08969,1324,SUP-020,Fuel/Water Separator,Corrosion,21341,6954,1,303,5,0,0,0.0015547574
CLM08970,1978,SUP-080,U-Joint,Corrosion,14846,18767,7,347,4,0,0,0.0015606862
CLM08971,1725,SUP-007,Wheel Speed Sensor,Corrosion,7069,29174,11,277,4,0,0,0.0015899914
CLM08972,1826,SUP-007,Wheel Bearing,Leak,9679,10603,3,31,9,0,0,0.001523779
CLM08973,1955,SUP-050,U-Joint,Wear,14293,6531,2,38,6,0,0,0.001600197
CLM08974,1466,SUP-002,Relay Valve,Wear,34046,25760,14,39,8,0,0,0.03609737
CLM08975,1893,SUP-047,U-Joint,Corrosion,36359,4676,10,164,9,0,0,0.03323285
CLM08976,1366,SUP-014,Air Filter,Wear,28554,10647,17,356,1,0,0,0.062311895
CLM08977,1317,SUP-031,Relay Valve,Corrosion,34122,26374,8,267,7,0,0,0.035557315
CLM08978,1143,SUP-050,U-Joint,Corrosion,49446,4983,15,69,7,0,0,0.033285264
CLM08979,1383,SUP-061,Wheel Bearing,Corrosion,19626,21806,6,290,9,0,0,0.0015874339
CLM08980,1215,SUP-041,Fuel/Water Separator,Misalignment,38667,1868,2,229,1,0,0,0.033074185
CLM08981,1360,SUP-014,Wheel Speed Sensor,Leak,40004,2766,15,261,2,0,0,0.03231677
CLM08982,1323,SUP-005,Air Filter,Sensor Failure,34325,17535,16,20,6,1,1,99.654335
CLM08983,1014,SUP-075,V-Belt,Wear,47106,2610,2,63,4,0,0,0.030085174
CLM08984,1216,SUP-005,Brake Chamber,Wear,4486,15275,14,301,5,0,0,0.0015500673
CLM08985,1491,SUP-064,Radiator Hose,Leak,17545,3598,1,170,5,0,0,0.0016313186
CLM08986,1950,SUP-029,Air Filter,Leak,23628,3255,9,13,1,0,0,0.0015138126
CLM08987,1546,SUP-075,V-Belt,Corrosion,43933,8048,17,137,1,1,1,99.879196
CLM08988,1182,SUP-005,Fuel/Water Separator,Corrosion,4544,28811,14,224,7,0,0,0.0015704954
CLM08989,1269,SUP-096,Radiator Hose,Misalignment,21161,20932,10,94,3,0,0,0.0016110778
CLM08990,1944,SUP-036,Brake Chamber,Misalignment,35973,14059,13,177,5,0,0,0.032078754
CLM08991,1466,SUP-079,Air Filter,Sensor Failure,19376,18061,13,348,8,0,0,0.0015677928
CLM08992,1869,SUP-019,U-Joint,Wear,20667,27333,19,357,5,0,0,0.066694856
CLM08993,1611,SUP-064,Brake Chamber,Leak,23400,15881,8,156,9,0,0,0.0015264014
CLM08994,1518,SUP-022,Air Filter,Sensor Failure,5919,8249,7,121,4,0,0,0.0015814728
CLM08995,1541,SUP-034,Air Filter,Wear,46734,26118,17,171,7,1,1,99.87942
CLM08996,1466,SUP-056,Relay Valve,Sensor Failure,34759,19440,8,198,8,0,0,0.03443957
CLM08997,1304,SUP-017,Fuel/Water Separator,Sensor Failure,13398,12376,4,169,7,0,0,0.0015019476
CLM08998,1984,SUP-076,V-Belt,Corrosion,24368,15509,7,172,4,0,0,0.0014869135
CLM08999,1143,SUP-089,V-Belt,Sensor Failure,23730,23678,17,157,8,0,0,0.075510584
CLM09000,1110,SUP-056,Radiator Hose,Corrosion,19167,11627,5,324,4,0,0,0.0015221712
CLM09001,1231,SUP-017,Brake Chamber,Wear,18568,10315,4,210,8,0,0,0.0015194953
CLM09002,1690,SUP-074,Fuel/Water Separator,Misalignment,35436,8096,19,281,8,1,1,99.89073
CLM09003,1583,SUP-092,Radiator Hose,Wear,7833,18968,1,196,4,0,0,0.0016265186
CLM09004,1721,SUP-082,Air Filter,Corrosion,6824,27530,10,270,5,0,0,0.0015769697
CLM09005,1731,SUP-018,V-Belt,Misalignment,1571,19355,6,187,5,0,0,0.0014562047
CLM09006,1591,SUP-045,Wheel Bearing,Breakage,38068,21662,12,62,5,0,0,0.03630458
CLM09007,1499,SUP-096,Relay Valve,Misalignment,21122,19269,17,145,3,0,0,0.072918326
CLM09008,1594,SUP-078,Fuel/Water Separator,Sensor Failure,1583,8657,5,226,2,0,0,0.0014657668
CLM09009,1553,SUP-056,Radiator Hose,Wear,22963,9986,9,117,1,0,0,0.0015145793
CLM09010,1272,SUP-080,Radiator Hose,Sensor Failure,38338,12760,9,206,3,0,0,0.031909738
CLM09011,1702,SUP-050,Fuel/Water Separator,Misalignment,16740,1418,5,356,9,0,0,0.0016091262
CLM09012,1172,SUP-058,U-Joint,Breakage,29364,15602,19,66,7,0,0,0.06947754
CLM09013,1972,SUP-018,Wheel Bearing,Sensor Failure,6691,5247,11,301,2,0,0,0.0014172767
CLM09014,1006,SUP-080,Air Filter,Breakage,11325,10295,12,327,8,0,0,0.001568979
CLM09015,1154,SUP-081,V-Belt,Leak,49270,28071,5,28,8,0,0,0.033585995
CLM09016,1521,SUP-007,Fuel/Water Separator,Breakage,25414,22620,8,315,7,0,0,0.0016070206
CLM09017,1545,SUP-076,Brake Chamber,Wear,6126,22465,17,264,6,0,0,0.074358515
CLM09018,1547,SUP-098,Wheel Bearing,Misalignment,27608,28462,8,221,2,0,0,0.001583773
CLM09019,1920,SUP-010,Relay Valve,Corrosion,4762,17965,2,10,4,0,0,0.0015748118
CLM09020,1517,SUP-069,Relay Valve,Corrosion,3786,9067,18,277,1,0,0,0.07147984
CLM09021,1919,SUP-085,Brake Chamber,Sensor Failure,2542,8366,19,291,7,0,0,0.06004806
CLM09022,1913,SUP-003,Wheel Bearing,Misalignment,13813,24507,10,4,2,0,0,0.0015896594
CLM09023,1214,SUP-083,Radiator Hose,Leak,17417,7050,7,181,6,0,0,0.0015820491
CLM09024,1133,SUP-044,Relay Valve,Sensor Failure,17294,10100,9,85,9,0,0,0.0015895122
CLM09025,1284,SUP-099,Radiator Hose,Breakage,3799,18987,12,25,5,0,0,0.0015999193
CLM09026,1125,SUP-070,U-Joint,Corrosion,19239,22519,12,20,5,0,0,0.0016355214
CLM09027,1920,SUP-014,Wheel Bearing,Breakage,45640,22800,5,199,4,0,0,0.032478463
CLM09028,1438,SUP-004,Fuel/Water Separator,Corrosion,7923,25092,11,199,1,0,0,0.0016020262
CLM09029,1848,SUP-018,V-Belt,Corrosion,36453,932,17,96,4,1,1,99.87786
CLM09030,1685,SUP-093,U-Joint,Corrosion,7938,20934,15,96,9,0,0,0.0015896244
CLM09031,1151,SUP-099,Radiator Hose,Misalignment,21885,736,11,278,9,0,0,0.0015845299
CLM09032,1330,SUP-052,Wheel Bearing,Wear,30713,806,15,49,7,0,0,0.013939516
CLM09033,1537,SUP-038,U-Joint,Misalignment,40339,22765,16,89,4,1,1,99.72439
CLM09034,1382,SUP-080,Radiator Hose,Breakage,44921,13220,19,6,9,1,1,99.87432
CLM09035,1114,SUP-020,Brake Chamber,Misalignment,5388,523,12,146,5,0,0,0.0016296301
CLM09036,1893,SUP-088,Air Filter,Sensor Failure,7022,22303,3,12,2,0,0,0.0015754787
CLM09037,1481,SUP-099,Relay Valve,Leak,3627,12001,8,28,9,0,0,0.0014994001
CLM09038,1283,SUP-044,Wheel Speed Sensor,Sensor Failure,8247,9705,11,275,6,0,0,0.0015408513
CLM09039,1898,SUP-051,U-Joint,Misalignment,45117,17564,1,43,5,0,0,0.031882465
CLM09040,1074,SUP-019,V-Belt,Breakage,4643,26924,4,99,8,0,0,0.0016041743
CLM09041,1165,SUP-068,Wheel Bearing,Leak,23575,2015,6,143,2,0,0,0.0015569296
CLM09042,1188,SUP-097,U-Joint,Sensor Failure,21146,17835,10,292,5,0,0,0.0015490358
CLM09043,1077,SUP-066,Air Filter,Leak,23371,5907,15,97,8,0,0,0.0015885924
CLM09044,1946,SUP-013,Fuel/Water Separator,Breakage,27707,914,8,85,4,0,0,0.0015940634
CLM09045,1601,SUP-062,Wheel Bearing,Corrosion,42566,5348,14,298,9,0,0,0.035312302
CLM09046,1687,SUP-061,U-Joint,Breakage,27875,26499,2,91,7,0,0,0.0016170656
CLM09047,1020,SUP-030,Wheel Speed Sensor,Wear,14792,21395,6,301,7,0,0,0.0015799715
CLM09048,1565,SUP-098,V-Belt,Leak,29492,5471,3,30,9,0,0,0.0015805772
CLM09049,1183,SUP-030,Relay Valve,Breakage,46235,15645,2,295,3,0,0,0.03290821
CLM09050,1870,SUP-051,Wheel Bearing,Corrosion,49723,5485,14,174,3,0,0,0.0248551
CLM09051,1221,SUP-088,Air Filter,Corrosion,18717,24853,18,186,7,0,0,0.071368515
CLM09052,1826,SUP-048,Fuel/Water Separator,Breakage,21392,8150,15,30,2,0,0,0.0015175273
CLM09053,1327,SUP-033,Wheel Speed Sensor,Sensor Failure,19857,22254,4,251,3,0,0,0.0015719848
CLM09054,1178,SUP-074,Relay Valve,Breakage,7143,13464,16,109,6,0,0,0.02819115
CLM09055,1787,SUP-082,Radiator Hose,Corrosion,37501,11139,12,213,9,0,0,0.032852914
CLM09056,1111,SUP-019,V-Belt,Breakage,19470,27264,17,218,4,0,0,0.07231168
CLM09057,1735,SUP-071,Relay Valve,Wear,20734,23405,1,344,5,0,0,0.0015899914
CLM09058,1725,SUP-057,Brake Chamber,Sensor Failure,14103,28267,9,182,6,0,0,0.0015928824
CLM09059,1058,SUP-019,Fuel/Water Separator,Breakage,48728,22341,12,342,3,0,0,0.03570549
CLM09060,1326,SUP-088,Wheel Speed Sensor,Corrosion,25951,17333,5,37,2,0,0,0.0015017728
CLM09061,1904,SUP-079,Relay Valve,Breakage,2952,11627,17,346,4,0,0,0.068046674
CLM09062,1620,SUP-041,Brake Chamber,Breakage,37478,7828,3,150,6,0,0,0.036088184
CLM09063,1896,SUP-042,Relay Valve,Leak,47797,28252,6,97,4,0,0,0.030624278
CLM09064,1668,SUP-087,U-Joint,Breakage,31766,13637,3,24,8,0,0,0.016900482
CLM09065,1190,SUP-052,Radiator Hose,Wear,45515,25167,6,325,9,0,0,0.033409476
CLM09066,1199,SUP-004,V-Belt,Corrosion,46240,23512,13,344,8,0,0,0.032779515
CLM09067,1311,SUP-004,Radiator Hose,Misalignment,25647,24470,19,355,7,0,0,0.071705125
CLM09068,1707,SUP-005,U-Joint,Leak,32288,13208,15,122,2,0,0,0.01759367
CLM09069,1034,SUP-041,Relay Valve,Misalignment,2774,15551,7,86,2,0,0,0.0014410843
CLM09070,1378,SUP-087,Wheel Bearing,Breakage,38432,27675,13,161,5,0,0,0.03439865
CLM09071,1386,SUP-061,Brake Chamber,Sensor Failure,6059,19835,2,17,4,0,0,0.001627015
CLM09072,1757,SUP-075,Fuel/Water Separator,Wear,40239,20009,19,244,4,1,1,99.88718
CLM09073,1236,SUP-055,Air Filter,Wear,23497,23628,19,268,4,0,0,0.07346947
CLM09074,1615,SUP-075,Brake Chamber,Wear,29283,12410,3,286,7,0,0,0.0015679528
CLM09075,1518,SUP-013,Radiator Hose,Leak,48061,2037,3,218,3,0,0,0.032961305
CLM09076,1282,SUP-014,Brake Chamber,Breakage,42112,3668,6,6,2,0,0,0.030975824
CLM09077,1000,SUP-060,Relay Valve,Wear,42688,6187,13,267,5,0,0,0.03346185
CLM09078,1730,SUP-072,U-Joint,Breakage,47503,16852,14,235,6,0,0,0.03444108
CLM09079,1463,SUP-025,Brake Chamber,Sensor Failure,11471,18779,6,124,8,0,0,0.0016574124
CLM09080,1229,SUP-082,Brake Chamber,Breakage,10744,8303,9,60,3,0,0,0.0014837617
CLM09081,1966,SUP-044,U-Joint,Misalignment,4663,8876,10,10,4,0,0,0.0015022312
CLM09082,1171,SUP-082,Air Filter,Breakage,13463,1956,16,16,4,0,0,0.02933362
CLM09083,1086,SUP-010,Air Filter,Breakage,17378,1994,15,84,4,0,0,0.0015969191
CLM09084,1552,SUP-071,Wheel Bearing,Corrosion,24078,5560,12,172,7,0,0,0.0015865469
CLM09085,1122,SUP-050,Air Filter,Misalignment,39909,26224,13,147,4,0,0,0.03682893
CLM09086,1842,SUP-044,Brake Chamber,Leak,7160,28481,18,100,7,0,0,0.0737131
CLM09087,1297,SUP-014,Air Filter,Breakage,46304,9979,2,271,4,0,0,0.03206181
CLM09088,1884,SUP-015,Relay Valve,Wear,28682,27314,14,215,8,0,0,0.0016060998
CLM09089,1928,SUP-016,U-Joint,Corrosion,26575,10565,17,85,5,0,0,0.07083498
CLM09090,1689,SUP-002,U-Joint,Breakage,40910,2250,1,39,2,0,0,0.034338854
CLM09091,1574,SUP-030,Wheel Speed Sensor,Corrosion,31865,26320,11,5,9,0,0,0.01833073
CLM09092,1483,SUP-030,Brake Chamber,Leak,22405,10938,14,86,9,0,0,0.0014822895
CLM09093,1164,SUP-082,Wheel Speed Sensor,Corrosion,24254,23371,12,287,1,0,0,0.0015883606
CLM09094,1698,SUP-031,Wheel Speed Sensor,Wear,40076,17057,14,207,5,0,0,0.03486237
CLM09095,1382,SUP-077,Brake Chamber,Breakage,10326,4812,17,38,3,0,0,0.06995314
CLM09096,1208,SUP-020,Relay Valve,Wear,38510,20161,12,256,5,0,0,0.031931624
CLM09097,1738,SUP-049,Wheel Bearing,Sensor Failure,20529,18905,6,180,4,0,0,0.0015905858
CLM09098,1431,SUP-035,V-Belt,Corrosion,25527,22582,9,19,3,0,0,0.0015259066
CLM09099,1388,SUP-023,Wheel Bearing,Corrosion,36483,1896,12,163,7,0,0,0.03327857
CLM09100,1559,SUP-097,Air Filter,Corrosion,17086,673,17,202,5,0,0,0.06887291
CLM09101,1223,SUP-099,Radiator Hose,Misalignment,42313,23105,16,271,1,1,1,99.70796
CLM09102,1002,SUP-100,Fuel/Water Separator,Leak,22777,12086,2,88,4,0,0,0.0014371536
CLM09103,1371,SUP-061,Brake Chamber,Misalignment,43262,16413,18,175,1,1,1,99.87127
CLM09104,1686,SUP-084,Wheel Bearing,Wear,21466,27699,16,243,3,0,0,0.03084189
CLM09105,1445,SUP-055,Relay Valve,Sensor Failure,37499,24435,10,148,5,0,0,0.035973217
CLM09106,1610,SUP-067,Wheel Bearing,Leak,16390,11580,19,265,6,0,0,0.07445393
CLM09107,1115,SUP-008,Air Filter,Leak,46581,15272,4,5,1,0,0,0.033367235
CLM09108,1269,SUP-040,Wheel Speed Sensor,Breakage,18921,2746,7,139,9,0,0,0.0015471033
CLM09109,1446,SUP-059,U-Joint,Sensor Failure,41860,23629,16,103,9,1,1,99.71692
CLM09110,1367,SUP-032,Radiator Hose,Corrosion,33945,19962,19,347,1,1,1,99.85788
CLM09111,1252,SUP-093,Wheel Bearing,Misalignment,19760,19935,5,258,7,0,0,0.0015747471
CLM09112,1316,SUP-007,Relay Valve,Corrosion,41506,21613,5,180,4,0,0,0.031320624
CLM09113,1414,SUP-002,V-Belt,Breakage,42760,2199,7,246,2,0,0,0.03460746
CLM09114,1094,SUP-085,Wheel Bearing,Misalignment,4243,15463,17,148,2,0,0,0.061443217
CLM09115,1784,SUP-006,Relay Valve,Corrosion,31091,23552,1,21,6,0,0,0.01544713
CLM09116,1891,SUP-092,Wheel Speed Sensor,Wear,4666,26038,3,307,6,0,0,0.0016066711
CLM09117,1023,SUP-036,Relay Valve,Corrosion,18321,19975,16,158,5,0,0,0.028846698
CLM09118,1627,SUP-032,Relay Valve,Misalignment,20411,20668,2,176,3,0,0,0.0015499785
CLM09119,1662,SUP-045,Wheel Bearing,Wear,19404,2344,1,257,7,0,0,0.001626635
CLM09120,1849,SUP-042,Fuel/Water Separator,Breakage,24586,6897,7,265,3,0,0,0.0014578373
CLM09121,1049,SUP-053,U-Joint,Breakage,15632,13385,10,113,7,0,0,0.001504191
CLM09122,1501,SUP-009,U-Joint,Wear,45500,20135,3,168,2,0,0,0.032164164
CLM09123,1717,SUP-075,Radiator Hose,Misalignment,2974,16608,18,21,8,0,0,0.072490655
CLM09124,1497,SUP-087,Brake Chamber,Misalignment,44629,8020,3,80,2,0,0,0.033119906
CLM09125,1334,SUP-075,Wheel Speed Sensor,Corrosion,2258,10442,7,228,2,0,0,0.0014760504
CLM09126,1078,SUP-049,Fuel/Water Separator,Breakage,40820,1392,15,37,4,0,0,0.034066815
CLM09127,1581,SUP-002,U-Joint,Breakage,20494,8906,1,91,1,0,0,0.0014900265
CLM09128,1026,SUP-067,Air Filter,Wear,43202,20313,19,327,7,1,1,99.87102
CLM09129,1270,SUP-011,U-Joint,Breakage,14528,13671,5,152,2,0,0,0.0014836994
CLM09130,1561,SUP-050,Relay Valve,Corrosion,20137,23629,7,178,6,0,0,0.0015562972
CLM09131,1803,SUP-035,Wheel Speed Sensor,Breakage,23178,20528,11,182,5,0,0,0.001557537
CLM09132,1246,SUP-015,Radiator Hose,Wear,16008,27691,1,110,5,0,0,0.001603388
CLM09133,1775,SUP-075,Wheel Bearing,Corrosion,12864,22223,2,360,4,0,0,0.0015687499
CLM09134,1590,SUP-031,U-Joint,Sensor Failure,34187,17489,14,109,5,0,0,0.035196386
CLM09135,1386,SUP-092,Brake Chamber,Wear,42612,25627,10,156,9,0,0,0.031443257
CLM09136,1701,SUP-062,Radiator Hose,Sensor Failure,3871,15172,3,260,1,0,0,0.0015087653
CLM09137,1558,SUP-028,U-Joint,Breakage,32432,21298,14,67,2,0,0,0.022053463
CLM09138,1972,SUP-096,Fuel/Water Separator,Corrosion,16202,16812,5,260,7,0,0,0.0015681636
CLM09139,1360,SUP-025,Fuel/Water Separator,Breakage,14101,19397,17,271,9,0,0,0.07209311
CLM09140,1865,SUP-084,Radiator Hose,Corrosion,34635,29900,7,37,3,0,0,0.034067463
CLM09141,1983,SUP-092,Wheel Bearing,Leak,17238,7543,1,270,6,0,0,0.0015802607
CLM09142,1487,SUP-025,Air Filter,Breakage,12179,18061,11,123,5,0,0,0.0016258036
CLM09143,1351,SUP-075,Air Filter,Breakage,25749,13138,6,224,9,0,0,0.0015113343
CLM09144,1700,SUP-083,U-Joint,Breakage,31793,22065,16,195,9,1,1,99.34428
CLM09145,1927,SUP-092,U-Joint,Misalignment,9004,18367,14,82,3,0,0,0.0015332261
CLM09146,1255,SUP-001,Radiator Hose,Wear,49926,20195,17,50,2,1,1,99.856514
CLM09147,1221,SUP-059,V-Belt,Misalignment,22116,21169,15,78,4,0,0,0.0015878943
CLM09148,1883,SUP-069,Relay Valve,Corrosion,21511,24197,14,25,9,0,0,0.0016210723
CLM09149,1752,SUP-074,Relay Valve,Corrosion,49381,10237,7,295,3,0,0,0.026007162
CLM09150,1780,SUP-042,Brake Chamber,Corrosion,21976,14453,10,26,4,0,0,0.0015172655
CLM09151,1000,SUP-034,U-Joint,Wear,32856,15919,19,60,2,1,1,99.84736
CLM09152,1545,SUP-100,Brake Chamber,Corrosion,36010,10188,7,308,1,0,0,0.028445203
CLM09153,1445,SUP-066,Radiator Hose,Misalignment,13815,13474,15,70,5,0,0,0.0015254684
CLM09154,1078,SUP-018,Wheel Bearing,Misalignment,3488,25148,14,154,4,0,0,0.0016187781
CLM09155,1235,SUP-077,Wheel Speed Sensor,Breakage,18896,5858,15,48,2,0,0,0.001488477
CLM09156,1333,SUP-005,Wheel Speed Sensor,Sensor Failure,6616,23443,19,54,6,0,0,0.07705164
CLM09157,1888,SUP-020,U-Joint,Leak,33791,29112,16,114,5,1,1,99.691925
CLM09158,1348,SUP-066,U-Joint,Corrosion,36105,10918,2,277,1,0,0,0.029088516
CLM09159,1097,SUP-075,V-Belt,Wear,32027,17974,2,110,3,0,0,0.016536271
CLM09160,1081,SUP-062,Radiator Hose,Wear,13591,10308,1,72,4,0,0,0.001573821
CLM09161,1501,SUP-094,Wheel Bearing,Corrosion,41790,29248,16,18,1,1,1,99.71563
CLM09162,1966,SUP-096,Radiator Hose,Sensor Failure,5726,15083,19,15,8,0,0,0.07166236
CLM09163,1476,SUP-032,Fuel/Water Separator,Misalignment,40862,21686,4,42,3,0,0,0.03628444
CLM09164,1926,SUP-058,Relay Valve,Corrosion,5133,26063,3,20,5,0,0,0.0016266503
CLM09165,1703,SUP-050,U-Joint,Wear,1744,27191,11,16,3,0,0,0.0016156413
CLM09166,1764,SUP-038,V-Belt,Leak,21561,2091,17,135,4,0,0,0.073487714
CLM09167,1920,SUP-055,U-Joint,Sensor Failure,30813,15958,5,221,9,0,0,0.012939754
CLM09168,1549,SUP-028,Wheel Speed Sensor,Corrosion,25569,6401,9,95,3,0,0,0.0015179573
CLM09169,1013,SUP-074,U-Joint,Leak,6940,8579,1,93,8,0,0,0.0015148076
CLM09170,1391,SUP-086,Wheel Speed Sensor,Corrosion,33817,9279,9,81,6,0,0,0.032138936
CLM09171,1346,SUP-081,Brake Chamber,Sensor Failure,24196,9534,4,78,6,0,0,0.001504495
CLM09172,1309,SUP-022,U-Joint,Wear,7217,4149,16,351,1,0,0,0.025461407
CLM09173,1385,SUP-043,Radiator Hose,Misalignment,20433,28692,15,146,7,0,0,0.0016306546
CLM09174,1208,SUP-083,Radiator Hose,Misalignment,11934,15616,10,320,4,0,0,0.0015500673
CLM09175,1356,SUP-081,Air Filter,Sensor Failure,8868,18449,5,26,8,0,0,0.0015821095
CLM09176,1973,SUP-088,Wheel Speed Sensor,Breakage,21273,20493,16,197,9,0,0,0.028361043
CLM09177,1600,SUP-036,Fuel/Water Separator,Misalignment,41719,3429,6,144,2,0,0,0.034003086
CLM09178,1567,SUP-096,Air Filter,Corrosion,27198,1221,16,77,8,0,0,0.030316614
CLM09179,1093,SUP-052,Brake Chamber,Leak,45357,2304,4,314,8,0,0,0.03318122
CLM09180,1092,SUP-036,Radiator Hose,Leak,48787,13111,15,352,6,0,0,0.034724515
CLM09181,1339,SUP-028,Fuel/Water Separator,Misalignment,27363,28270,3,201,3,0,0,0.0016167016
CLM09182,1596,SUP-078,Wheel Bearing,Sensor Failure,48459,1154,19,303,5,1,1,99.87287
CLM09183,1444,SUP-058,V-Belt,Sensor Failure,25019,8836,9,327,2,0,0,0.0015235321
CLM09184,1756,SUP-036,U-Joint,Sensor Failure,20739,15609,5,123,6,0,0,0.0015864291
CLM09185,1021,SUP-070,U-Joint,Leak,26589,24568,16,178,3,0,0,0.028985005
CLM09186,1290,SUP-009,Wheel Bearing,Wear,42113,10388,3,302,4,0,0,0.034352377
CLM09187,1484,SUP-021,U-Joint,Leak,12093,23337,8,8,9,0,0,0.001621434
CLM09188,1783,SUP-064,Radiator Hose,Wear,7261,21123,14,2,5,0,0,0.0016266503
CLM09189,1305,SUP-076,Wheel Bearing,Sensor Failure,20840,13729,3,146,7,0,0,0.0015524416
CLM09190,1633,SUP-061,Air Filter,Breakage,48940,27787,16,36,9,1,1,99.70094
CLM09191,1127,SUP-094,Air Filter,Leak,24792,17776,7,88,5,0,0,0.0015774602
CLM09192,1624,SUP-095,Brake Chamber,Sensor Failure,21650,27640,9,119,1,0,0,0.0016102989
CLM09193,1938,SUP-040,V-Belt,Leak,42576,4790,3,42,2,0,0,0.027514214
CLM09194,1272,SUP-056,Relay Valve,Sensor Failure,22027,28630,8,358,3,0,0,0.0015632124
CLM09195,1847,SUP-004,Wheel Bearing,Leak,39072,18544,12,139,3,0,0,0.033582542
CLM09196,1441,SUP-031,Relay Valve,Corrosion,19309,28622,17,59,1,0,0,0.07935117
CLM09197,1502,SUP-027,U-Joint,Leak,7845,14399,14,180,9,0,0,0.0015113343
CLM09198,1129,SUP-058,Wheel Bearing,Corrosion,7810,5413,16,202,9,0,0,0.030986987
CLM09199,1131,SUP-025,V-Belt,Wear,16228,24220,19,221,4,0,0,0.07304988
CLM09200,1596,SUP-069,Brake Chamber,Leak,36225,11468,4,49,9,0,0,0.03251496
CLM09201,1934,SUP-070,Air Filter,Wear,7882,7850,3,360,4,0,0,0.0015763805
CLM09202,1481,SUP-005,Wheel Speed Sensor,Breakage,27187,20804,13,240,8,0,0,0.0016149742
CLM09203,1861,SUP-091,Wheel Speed Sensor,Misalignment,5241,9828,9,128,3,0,0,0.0014799462
CLM09204,1389,SUP-008,Air Filter,Misalignment,20493,18183,13,330,9,0,0,0.0015917891
CLM09205,1592,SUP-009,U-Joint,Corrosion,11729,3023,12,286,4,0,0,0.0016178492
CLM09206,1998,SUP-015,Brake Chamber,Leak,13549,28325,15,28,8,0,0,0.0016063005
CLM09207,1984,SUP-100,Brake Chamber,Misalignment,39013,2160,3,93,2,0,0,0.02993708
CLM09208,1324,SUP-007,U-Joint,Wear,43587,26390,3,179,7,0,0,0.033036336
CLM09209,1068,SUP-096,Air Filter,Misalignment,25347,25509,2,217,2,0,0,0.001614275
CLM09210,1659,SUP-072,Radiator Hose,Misalignment,38208,8130,6,27,5,0,0,0.036655236
CLM09211,1447,SUP-015,Relay Valve,Sensor Failure,41378,5012,16,127,9,1,1,99.71628
CLM09212,1527,SUP-037,Wheel Speed Sensor,Misalignment,2998,2358,18,98,5,0,0,0.069694504
CLM09213,1818,SUP-083,Fuel/Water Separator,Wear,35760,25786,9,308,4,0,0,0.035026677
CLM09214,1616,SUP-039,Wheel Speed Sensor,Misalignment,47636,8829,3,300,8,0,0,0.03472852
CLM09215,1164,SUP-006,U-Joint,Leak,49564,12252,16,48,5,1,1,99.666664
CLM09216,1487,SUP-083,V-Belt,Misalignment,26089,18637,4,354,9,0,0,0.0014933083
CLM09217,1712,SUP-057,Wheel Speed Sensor,Breakage,38808,11548,14,272,9,0,0,0.03300215
CLM09218,1708,SUP-092,Wheel Bearing,Misalignment,28737,7835,4,188,2,0,0,0.0015737143
CLM09219,1425,SUP-081,Brake Chamber,Corrosion,1214,23161,18,303,9,0,0,0.07438733
CLM09220,1696,SUP-019,Wheel Speed Sensor,Sensor Failure,39514,18068,18,110,8,1,1,99.87999
CLM09221,1833,SUP-063,Wheel Bearing,Wear,37537,23811,18,331,7,1,1,99.86734
CLM09222,1264,SUP-031,Relay Valve,Misalignment,38635,14571,3,15,6,0,0,0.031861223
CLM09223,1874,SUP-075,Wheel Speed Sensor,Misalignment,30230,17617,7,102,4,0,0,0.012548329
CLM09224,1611,SUP-079,Radiator Hose,Leak,10617,18735,13,94,7,0,0,0.0015994905
CLM09225,1341,SUP-010,Wheel Speed Sensor,Leak,11461,7020,7,184,6,0,0,0.0015865469
CLM09226,1831,SUP-087,Wheel Speed Sensor,Corrosion,17858,26429,13,219,8,0,0,0.0016060998
CLM09227,1725,SUP-067,U-Joint,Sensor Failure,10323,9086,4,129,1,0,0,0.001506495
CLM09228,1277,SUP-062,Fuel/Water Separator,Wear,10003,5791,16,153,3,0,0,0.026959632
CLM09229,1673,SUP-003,Radiator Hose,Wear,48283,19401,15,320,8,0,0,0.033548202
CLM09230,1438,SUP-018,Wheel Speed Sensor,Wear,38040,15606,13,92,2,0,0,0.030800106
CLM09231,1156,SUP-025,Wheel Speed Sensor,Corrosion,9678,24473,10,43,9,0,0,0.0016443325
CLM09232,1421,SUP-020,Wheel Speed Sensor,Corrosion,15749,3827,10,270,2,0,0,0.0015209407
CLM09233,1250,SUP-058,Wheel Bearing,Misalignment,20492,29130,5,248,9,0,0,0.0015747471
CLM09234,1877,SUP-093,Relay Valve,Sensor Failure,28198,6624,4,68,7,0,0,0.0016373177
CLM09235,1608,SUP-086,V-Belt,Wear,17651,13931,19,270,4,0,0,0.07119682
CLM09236,1529,SUP-050,V-Belt,Wear,26360,18950,15,208,3,0,0,0.0015605894
CLM09237,1326,SUP-079,V-Belt,Misalignment,21257,13595,9,226,8,0,0,0.0014833388
CLM09238,1960,SUP-010,Air Filter,Sensor Failure,12163,16680,16,205,7,0,0,0.028775994
CLM09239,1894,SUP-021,V-Belt,Sensor Failure,40299,746,4,145,1,0,0,0.027335472
CLM09240,1096,SUP-029,Wheel Speed Sensor,Sensor Failure,19785,22208,11,92,7,0,0,0.0016259168
CLM09241,1512,SUP-096,Wheel Bearing,Leak,22293,8087,17,138,1,0,0,0.07261086
CLM09242,1215,SUP-010,Wheel Speed Sensor,Sensor Failure,28917,3638,1,17,1,0,0,0.0016223002
CLM09243,1131,SUP-013,Wheel Speed Sensor,Breakage,49432,17225,9,2,5,0,0,0.029399276
CLM09244,1259,SUP-047,Brake Chamber,Corrosion,30941,14727,12,250,5,0,0,0.014060368
CLM09245,1124,SUP-023,U-Joint,Sensor Failure,18585,28047,12,321,2,0,0,0.0016460852
CLM09246,1081,SUP-050,Relay Valve,Leak,22570,28844,10,119,7,0,0,0.0016259168
CLM09247,1282,SUP-087,Air Filter,Breakage,17660,2934,9,197,3,0,0,0.0015215297
CLM09248,1682,SUP-095,Relay Valve,Leak,31245,17225,16,355,1,1,1,98.80678
CLM09249,1058,SUP-004,V-Belt,Leak,8400,16991,13,214,7,0,0,0.0015347592
CLM09250,1543,SUP-067,Wheel Speed Sensor,Misalignment,34905,7320,3,107,4,0,0,0.033393774
CLM09251,1160,SUP-085,Radiator Hose,Leak,33168,21612,18,208,4,1,1,99.85605
CLM09252,1283,SUP-053,Fuel/Water Separator,Leak,7968,21977,4,117,3,0,0,0.0016318026
CLM09253,1105,SUP-002,Fuel/Water Separator,Wear,2713,22405,19,9,7,0,0,0.07456566
CLM09254,1104,SUP-068,U-Joint,Corrosion,10240,29767,13,142,2,0,0,0.0015621886
CLM09255,1438,SUP-065,Air Filter,Misalignment,43543,14113,13,330,7,0,0,0.03311242
CLM09256,1227,SUP-079,Wheel Bearing,Misalignment,37119,26872,12,22,8,0,0,0.037654456
CLM09257,1699,SUP-057,U-Joint,Wear,41861,5726,1,272,2,0,0,0.033318505
CLM09258,1581,SUP-097,Brake Chamber,Breakage,31038,8302,2,169,8,0,0,0.013469305
CLM09259,1317,SUP-070,Wheel Speed Sensor,Wear,14100,13372,3,195,7,0,0,0.0015116357
CLM09260,1463,SUP-007,Air Filter,Misalignment,43794,11216,13,94,8,0,0,0.030945836
CLM09261,1801,SUP-019,Wheel Speed Sensor,Breakage,39983,19268,12,193,3,0,0,0.03134843
CLM09262,1598,SUP-044,Radiator Hose,Misalignment,49121,28607,16,342,6,1,1,99.7092
CLM09263,1881,SUP-063,Relay Valve,Sensor Failure,10143,11052,14,288,1,0,0,0.0014871901
CLM09264,1873,SUP-065,Wheel Bearing,Breakage,18608,13965,14,180,7,0,0,0.0015733811
CLM09265,1471,SUP-039,Fuel/Water Separator,Misalignment,22829,6420,17,267,4,0,0,0.06779717
CLM09266,1055,SUP-083,Air Filter,Wear,41992,9300,5,20,4,0,0,0.03047539
CLM09267,1624,SUP-026,Air Filter,Misalignment,17480,22807,6,340,9,0,0,0.001621734
CLM09268,1012,SUP-044,Relay Valve,Wear,5358,5968,10,225,7,0,0,0.0015751091
CLM09269,1439,SUP-012,Radiator Hose,Breakage,16209,15625,9,169,8,0,0,0.0015409145
CLM09270,1017,SUP-022,Wheel Speed Sensor,Wear,14201,14577,7,323,6,0,0,0.001568979
CLM09271,1693,SUP-077,Wheel Bearing,Breakage,4141,27717,4,44,2,0,0,0.0016381314
CLM09272,1972,SUP-092,Relay Valve,Leak,48396,8196,7,188,3,0,0,0.02473458
CLM09273,1112,SUP-014,Relay Valve,Corrosion,28353,11039,11,95,4,0,0,0.0015189607
CLM09274,1228,SUP-086,Relay Valve,Breakage,12470,3239,6,362,2,0,0,0.0014781281
CLM09275,1170,SUP-030,Air Filter,Leak,17555,21707,16,135,1,0,0,0.027345587
CLM09276,1294,SUP-044,Air Filter,Leak,30597,14345,16,94,9,1,1,98.6461
CLM09277,1188,SUP-084,Air Filter,Leak,31090,29407,13,54,2,0,0,0.016238222
CLM09278,1425,SUP-091,Air Filter,Leak,47335,5560,12,82,5,0,0,0.032494105
CLM09279,1976,SUP-038,Wheel Bearing,Breakage,26476,23924,2,269,7,0,0,0.0015935131
CLM09280,1078,SUP-059,Radiator Hose,Wear,9933,25286,13,289,2,0,0,0.001642983
CLM09281,1657,SUP-042,Wheel Bearing,Leak,41305,25361,1,135,6,0,0,0.035801403
CLM09282,1918,SUP-052,Radiator Hose,Sensor Failure,11114,11162,10,158,8,0,0,0.0015520197
CLM09283,1181,SUP-063,Wheel Speed Sensor,Leak,32272,22722,10,267,7,0,0,0.019344691
CLM09284,1498,SUP-061,Brake Chamber,Wear,44657,9185,11,326,6,0,0,0.033135034
CLM09285,1797,SUP-034,Wheel Speed Sensor,Wear,34726,17901,9,277,8,0,0,0.034851734
CLM09286,1761,SUP-039,Radiator Hose,Corrosion,32858,3990,4,288,2,0,0,0.028824704
CLM09287,1865,SUP-041,Relay Valve,Corrosion,42303,19768,17,133,4,1,1,99.87826
CLM09288,1825,SUP-037,Fuel/Water Separator,Leak,4481,3314,19,362,4,0,0,0.06262587
CLM09289,1707,SUP-065,U-Joint,Leak,8931,10681,10,349,7,0,0,0.0015502195
CLM09290,1834,SUP-079,Air Filter,Misalignment,42415,15180,13,35,7,0,0,0.032721255
CLM09291,1070,SUP-032,V-Belt,Misalignment,9635,25598,2,251,3,0,0,0.0015879956
CLM09292,1247,SUP-008,Fuel/Water Separator,Corrosion,46252,5414,9,47,4,0,0,0.032467134
CLM09293,1145,SUP-097,Fuel/Water Separator,Leak,12107,11058,7,268,1,0,0,0.0014844907
CLM09294,1617,SUP-018,Wheel Speed Sensor,Misalignment,4481,14153,10,293,8,0,0,0.0015755388
CLM09295,1774,SUP-045,Air Filter,Sensor Failure,23077,12142,12,44,4,0,0,0.0015290224
CLM09296,1295,SUP-093,Brake Chamber,Breakage,2417,26732,11,278,5,0,0,0.0015807793
CLM09297,1581,SUP-096,Radiator Hose,Corrosion,23240,24799,4,139,5,0,0,0.0016035974
CLM09298,1469,SUP-033,Air Filter,Corrosion,8676,19948,12,343,1,0,0,0.0015748974
CLM09299,1505,SUP-005,V-Belt,Wear,8011,27818,12,311,1,0,0,0.0015424509
CLM09300,1192,SUP-082,V-Belt,Leak,18054,17473,8,237,7,0,0,0.0014771305
CLM09301,1067,SUP-074,Radiator Hose,Corrosion,31744,9326,14,266,1,0,0,0.0154501805
CLM09302,1493,SUP-036,Fuel/Water Separator,Corrosion,19668,29116,7,170,9,0,0,0.001529419
CLM09303,1816,SUP-097,Air Filter,Misalignment,13748,25283,3,216,6,0,0,0.0016049973
CLM09304,1051,SUP-023,V-Belt,Sensor Failure,42059,19117,19,117,1,1,1,99.85832
CLM09305,1881,SUP-040,Radiator Hose,Leak,32898,26052,14,238,1,0,0,0.028462429
CLM09306,1362,SUP-005,U-Joint,Breakage,34745,27140,19,256,5,1,1,99.86731
CLM09307,1796,SUP-034,U-Joint,Sensor Failure,49561,18197,10,244,3,0,0,0.027286105
CLM09308,1916,SUP-024,Wheel Bearing,Breakage,28374,25053,12,336,8,0,0,0.0016066711
CLM09309,1473,SUP-017,Air Filter,Wear,22937,13041,18,332,8,0,0,0.0735166
CLM09310,1845,SUP-095,Radiator Hose,Corrosion,24836,17854,19,88,8,0,0,0.07536825
CLM09311,1520,SUP-071,Fuel/Water Separator,Misalignment,32242,5206,18,234,6,1,1,99.80089
CLM09312,1762,SUP-081,Brake Chamber,Sensor Failure,9911,7089,13,97,5,0,0,0.0016035027
CLM09313,1430,SUP-092,V-Belt,Breakage,27035,16789,17,18,5,0,0,0.056938343
CLM09314,1843,SUP-022,Relay Valve,Leak,25993,10171,6,111,6,0,0,0.0015032517
CLM09315,1297,SUP-015,Air Filter,Wear,26680,9862,16,209,6,0,0,0.028730653
CLM09316,1434,SUP-015,V-Belt,Wear,7960,13671,18,341,9,0,0,0.072268
CLM09317,1695,SUP-025,Wheel Bearing,Corrosion,8544,3685,9,65,7,0,0,0.001663512
CLM09318,1690,SUP-053,Radiator Hose,Corrosion,7302,7764,13,123,6,0,0,0.001634204
CLM09319,1197,SUP-021,Fuel/Water Separator,Breakage,23289,16241,4,238,7,0,0,0.0015291026
CLM09320,1127,SUP-066,V-Belt,Breakage,32346,26475,13,364,3,0,0,0.02083355
CLM09321,1531,SUP-091,Relay Valve,Wear,45248,24010,3,123,2,0,0,0.03457441
CLM09322,1983,SUP-032,Brake Chamber,Breakage,43653,29677,4,287,7,0,0,0.030672815
CLM09323,1410,SUP-021,Radiator Hose,Corrosion,26644,28469,19,218,3,0,0,0.07411785
CLM09324,1933,SUP-068,Radiator Hose,Wear,29279,19259,1,222,4,0,0,0.0015677658
CLM09325,1839,SUP-044,Wheel Bearing,Wear,30910,21328,1,345,2,0,0,0.0140258465
CLM09326,1064,SUP-083,Radiator Hose,Leak,49638,16029,9,113,5,0,0,0.030644549
CLM09327,1693,SUP-066,Fuel/Water Separator,Leak,49381,6950,3,18,5,0,0,0.03259749
CLM09328,1240,SUP-090,Radiator Hose,Breakage,35341,17082,3,219,1,0,0,0.028713591
CLM09329,1368,SUP-098,Wheel Bearing,Breakage,24903,3748,18,161,4,0,0,0.07409069
CLM09330,1535,SUP-014,Air Filter,Corrosion,36421,1647,2,70,3,0,0,0.031769074
CLM09331,1383,SUP-015,Wheel Speed Sensor,Corrosion,1540,22160,11,7,7,0,0,0.0016341899
CLM09332,1430,SUP-020,Air Filter,Leak,35979,7250,9,1,5,0,0,0.030814586
CLM09333,1966,SUP-034,U-Joint,Wear,43518,5206,2,358,6,0,0,0.030295089
CLM09334,1082,SUP-036,Radiator Hose,Sensor Failure,42090,4535,4,99,2,0,0,0.034978658
CLM09335,1981,SUP-083,Wheel Bearing,Misalignment,44703,16740,9,87,1,0,0,0.027456094
CLM09336,1830,SUP-009,Air Filter,Misalignment,22927,27358,14,80,3,0,0,0.0016117878
CLM09337,1696,SUP-071,Air Filter,Sensor Failure,4820,10417,19,315,3,0,0,0.07158069
CLM09338,1950,SUP-030,U-Joint,Breakage,19615,26393,16,34,7,0,0,0.028337527
CLM09339,1827,SUP-077,Air Filter,Misalignment,26401,29956,14,226,7,0,0,0.0015655323
CLM09340,1610,SUP-091,Air Filter,Misalignment,32701,4468,15,223,6,0,0,0.02888393
CLM09341,1573,SUP-063,Fuel/Water Separator,Sensor Failure,8690,11781,18,180,4,0,0,0.069475055
CLM09342,1285,SUP-035,U-Joint,Sensor Failure,34790,5554,15,8,8,0,0,0.036668092
CLM09343,1988,SUP-013,Wheel Bearing,Leak,39122,13985,19,243,2,1,1,99.859695
CLM09344,1533,SUP-079,Wheel Bearing,Wear,5226,18310,9,88,7,0,0,0.0015506113
CLM09345,1458,SUP-046,Air Filter,Corrosion,26272,27504,16,309,1,0,0,0.030289426
CLM09346,1211,SUP-056,Brake Chamber,Leak,42997,18725,17,143,8,1,1,99.883804
CLM09347,1125,SUP-009,V-Belt,Misalignment,1813,24171,10,28,5,0,0,0.0016136519
CLM09348,1412,SUP-087,Fuel/Water Separator,Corrosion,42618,5363,5,142,6,0,0,0.036435988
CLM09349,1498,SUP-036,Brake Chamber,Leak,28003,14931,9,90,6,0,0,0.0015023847
CLM09350,1424,SUP-003,V-Belt,Leak,18467,12585,14,186,1,0,0,0.0014635837
CLM09351,1553,SUP-098,Wheel Speed Sensor,Sensor Failure,36742,6674,10,313,7,0,0,0.034714717
CLM09352,1609,SUP-019,Relay Valve,Corrosion,33035,19028,1,180,3,0,0,0.031651475
CLM09353,1960,SUP-028,V-Belt,Leak,24065,26569,3,37,2,0,0,0.0016023103
CLM09354,1542,SUP-023,Relay Valve,Sensor Failure,3624,1204,16,2,7,0,0,0.03065273
CLM09355,1157,SUP-007,U-Joint,Breakage,6505,10460,5,34,9,0,0,0.0014997006
CLM09356,1111,SUP-076,Air Filter,Corrosion,14381,1569,13,314,4,0,0,0.0015343423
CLM09357,1401,SUP-014,V-Belt,Leak,8549,12566,5,226,7,0,0,0.0014947088
CLM09358,1758,SUP-046,Fuel/Water Separator,Misalignment,36500,27359,11,73,5,0,0,0.036635563
CLM09359,1121,SUP-015,Wheel Speed Sensor,Breakage,11203,8228,17,364,7,0,0,0.07744281
CLM09360,1272,SUP-067,Wheel Bearing,Sensor Failure,12928,23364,3,116,1,0,0,0.0015985664
CLM09361,1293,SUP-015,Brake Chamber,Leak,31759,23701,6,114,9,0,0,0.018379666
CLM09362,1397,SUP-051,Air Filter,Misalignment,14457,6928,16,30,6,0,0,0.030392751
CLM09363,1470,SUP-088,Brake Chamber,Sensor Failure,38111,23161,2,83,8,0,0,0.038055602
CLM09364,1984,SUP-008,Brake Chamber,Sensor Failure,25587,9460,5,208,9,0,0,0.001510016
CLM09365,1206,SUP-069,Radiator Hose,Misalignment,37375,15530,19,107,1,1,1,99.8614
CLM09366,1109,SUP-062,Brake Chamber,Sensor Failure,26312,15374,11,315,5,0,0,0.0015064778
CLM09367,1439,SUP-051,Brake Chamber,Corrosion,1509,12415,18,186,7,0,0,0.071751505
CLM09368,1277,SUP-063,Radiator Hose,Breakage,43228,8951,3,152,8,0,0,0.029885178
CLM09369,1962,SUP-068,Radiator Hose,Breakage,7094,23530,12,150,3,0,0,0.0015612413
CLM09370,1567,SUP-078,Fuel/Water Separator,Wear,13458,7235,13,160,8,0,0,0.0016506643
CLM09371,1886,SUP-016,V-Belt,Leak,39513,19827,9,75,5,0,0,0.03334631
CLM09372,1914,SUP-084,V-Belt,Sensor Failure,22200,16126,9,349,1,0,0,0.0014317172
CLM09373,1568,SUP-024,Fuel/Water Separator,Leak,36810,26663,7,170,4,0,0,0.036083367
CLM09374,1939,SUP-006,Radiator Hose,Breakage,5910,25159,1,187,2,0,0,0.0015346861
CLM09375,1481,SUP-057,Relay Valve,Breakage,7572,21389,1,344,5,0,0,0.0015928961
CLM09376,1802,SUP-031,Wheel Bearing,Sensor Failure,38068,5775,19,339,4,1,1,99.86418
CLM09377,1113,SUP-006,Fuel/Water Separator,Corrosion,10081,20445,3,311,2,0,0,0.001659133
CLM09378,1892,SUP-099,Wheel Speed Sensor,Misalignment,22887,23355,7,169,7,0,0,0.0015633317
CLM09379,1896,SUP-079,Fuel/Water Separator,Sensor Failure,20336,14773,12,313,2,0,0,0.0014480411
CLM09380,1819,SUP-029,Radiator Hose,Sensor Failure,28913,10331,16,53,2,0,0,0.028750984
CLM09381,1852,SUP-067,Relay Valve,Wear,23080,19277,13,257,4,0,0,0.0015240741
CLM09382,1476,SUP-075,Air Filter,Misalignment,41378,28046,18,60,5,1,1,99.8855
CLM09383,1709,SUP-003,Radiator Hose,Corrosion,45641,23124,17,222,3,1,1,99.88532
CLM09384,1932,SUP-028,U-Joint,Leak,27084,19568,9,76,9,0,0,0.0015531761
CLM09385,1320,SUP-074,U-Joint,Misalignment,32704,19114,14,46,6,0,0,0.029502323
CLM09386,1178,SUP-097,Wheel Bearing,Corrosion,4033,12090,5,260,8,0,0,0.0015776588
CLM09387,1896,SUP-048,Radiator Hose,Sensor Failure,23418,28713,11,15,5,0,0,0.0016266503
CLM09388,1218,SUP-080,U-Joint,Sensor Failure,43727,25889,6,337,8,0,0,0.03450632
CLM09389,1788,SUP-010,Brake Chamber,Sensor Failure,10324,20631,6,116,6,0,0,0.0016250272
CLM09390,1948,SUP-033,Air Filter,Sensor Failure,33232,1395,8,12,7,0,0,0.0313142
CLM09391,1527,SUP-100,Brake Chamber,Sensor Failure,2201,9352,1,1,2,0,0,0.0014887311
CLM09392,1491,SUP-067,Wheel Speed Sensor,Misalignment,17632,21924,9,77,6,0,0,0.0016649532
CLM09393,1890,SUP-069,Wheel Bearing,Misalignment,9003,11541,10,30,5,0,0,0.0015279728
CLM09394,1060,SUP-012,Wheel Speed Sensor,Misalignment,27471,11117,17,202,8,0,0,0.07174067
CLM09395,1053,SUP-057,Wheel Speed Sensor,Corrosion,25805,1610,3,329,5,0,0,0.001518393
CLM09396,1679,SUP-044,U-Joint,Sensor Failure,3675,20629,13,50,7,0,0,0.0016486301
CLM09397,1537,SUP-013,Radiator Hose,Breakage,10476,7323,8,130,4,0,0,0.0015776091
CLM09398,1847,SUP-024,V-Belt,Misalignment,20259,9850,14,6,2,0,0,0.0014830063
CLM09399,1987,SUP-044,U-Joint,Breakage,9512,2637,8,75,3,0,0,0.0015138126
CLM09400,1064,SUP-057,Fuel/Water Separator,Wear,41062,13607,19,346,4,1,1,99.87962
CLM09401,1611,SUP-096,V-Belt,Leak,44858,2340,13,348,3,0,0,0.034603268
CLM09402,1585,SUP-016,Radiator Hose,Misalignment,1509,18794,6,333,7,0,0,0.0016007234
CLM09403,1703,SUP-096,Wheel Speed Sensor,Breakage,15563,28740,4,166,5,0,0,0.0015677942
CLM09404,1170,SUP-100,Relay Valve,Wear,18024,11602,6,332,3,0,0,0.001520252
CLM09405,1272,SUP-021,Wheel Bearing,Corrosion,20634,1242,2,339,3,0,0,0.0015218054
CLM09406,1888,SUP-076,Radiator Hose,Leak,4747,3660,10,274,9,0,0,0.0016310853
CLM09407,1698,SUP-051,Relay Valve,Sensor Failure,21287,18200,11,156,9,0,0,0.0015739304
CLM09408,1534,SUP-021,Air Filter,Misalignment,26887,5041,11,268,5,0,0,0.0015760212
CLM09409,1390,SUP-060,Wheel Speed Sensor,Misalignment,37104,24450,3,308,2,0,0,0.034658764
CLM09410,1939,SUP-051,Brake Chamber,Sensor Failure,18802,8181,11,205,5,0,0,0.0015272197
CLM09411,1692,SUP-021,Fuel/Water Separator,Corrosion,8599,23891,8,244,4,0,0,0.0016752676
CLM09412,1326,SUP-006,Relay Valve,Leak,10650,20689,17,87,6,0,0,0.07777784
CLM09413,1107,SUP-073,Radiator Hose,Misalignment,20843,26116,1,100,6,0,0,0.0016134841
CLM09414,1846,SUP-065,Brake Chamber,Breakage,31232,14795,16,186,6,1,1,98.98778
CLM09415,1161,SUP-076,U-Joint,Leak,41080,8608,7,222,7,0,0,0.03329939
CLM09416,1813,SUP-058,Air Filter,Wear,41110,18615,8,278,2,0,0,0.030198254
CLM09417,1451,SUP-078,Air Filter,Misalignment,44527,10347,13,358,4,0,0,0.02941736
CLM09418,1205,SUP-006,U-Joint,Corrosion,43297,24293,5,173,9,0,0,0.034344256
CLM09419,1589,SUP-065,Air Filter,Breakage,29268,14768,18,318,5,0,0,0.07315274
CLM09420,1015,SUP-086,Brake Chamber,Leak,30185,15521,12,42,1,0,0,0.010347423
CLM09421,1326,SUP-034,Brake Chamber,Leak,1346,18451,16,67,6,0,0,0.02982026
CLM09422,1607,SUP-056,Wheel Bearing,Breakage,44418,18694,3,192,5,0,0,0.03484655
CLM09423,1658,SUP-075,V-Belt,Wear,10612,8374,12,143,2,0,0,0.0014887851
CLM09424,1001,SUP-003,Radiator Hose,Wear,43814,5623,19,154,3,1,1,99.875
CLM09425,1009,SUP-042,Relay Valve,Leak,20466,27404,18,94,3,0,0,0.07315026
CLM09426,1433,SUP-062,Wheel Bearing,Sensor Failure,47477,11708,8,197,7,0,0,0.034792844
CLM09427,1124,SUP-006,V-Belt,Breakage,2631,15368,13,95,5,0,0,0.0015885712
CLM09428,1080,SUP-006,Brake Chamber,Misalignment,2999,26570,8,249,9,0,0,0.0016442651
CLM09429,1484,SUP-063,Wheel Speed Sensor,Wear,16452,16097,10,22,1,0,0,0.0014772839
CLM09430,1651,SUP-020,Wheel Bearing,Misalignment,24653,25680,14,54,3,0,0,0.0016531376
CLM09431,1837,SUP-021,Air Filter,Wear,13569,9169,15,125,8,0,0,0.0015864291
CLM09432,1149,SUP-002,Air Filter,Wear,41900,24164,15,314,3,0,0,0.034828983
CLM09433,1799,SUP-090,Brake Chamber,Corrosion,23482,6352,6,207,3,0,0,0.0015033763
CLM09434,1872,SUP-095,V-Belt,Misalignment,40771,5205,14,181,8,0,0,0.03458493
CLM09435,1339,SUP-090,Fuel/Water Separator,Sensor Failure,35459,641,6,355,3,0,0,0.029263005
CLM09436,1128,SUP-056,Radiator Hose,Wear,36472,15497,1,275,2,0,0,0.03439242
CLM09437,1437,SUP-096,Wheel Bearing,Sensor Failure,22924,5155,10,162,3,0,0,0.0015451644
CLM09438,1750,SUP-010,U-Joint,Leak,42170,18982,19,278,2,1,1,99.87962
CLM09439,1500,SUP-087,Relay Valve,Leak,27266,11262,11,141,8,0,0,0.0015311162
CLM09440,1057,SUP-070,Air Filter,Corrosion,2777,29102,3,123,5,0,0,0.0015910941
CLM09441,1197,SUP-023,Radiator Hose,Sensor Failure,15843,5889,6,192,3,0,0,0.0015520597
CLM09442,1210,SUP-092,Brake Chamber,Breakage,36915,18170,9,56,8,0,0,0.030425979
CLM09443,1913,SUP-030,U-Joint,Corrosion,31018,29880,9,298,8,0,0,0.012845132
CLM09444,1901,SUP-078,Wheel Bearing,Wear,9057,26285,4,247,4,0,0,0.0015944524
CLM09445,1044,SUP-037,V-Belt,Leak,19883,1307,3,322,9,0,0,0.0015195432
CLM09446,1096,SUP-055,Radiator Hose,Leak,22450,7888,19,191,1,0,0,0.07364924
CLM09447,1278,SUP-096,Relay Valve,Breakage,26505,27204,11,170,7,0,0,0.0015229655
CLM09448,1534,SUP-049,Air Filter,Corrosion,26890,20689,19,219,5,0,0,0.07350648
CLM09449,1409,SUP-034,Fuel/Water Separator,Sensor Failure,43733,5004,17,34,7,1,1,99.88756
CLM09450,1460,SUP-044,Wheel Speed Sensor,Leak,36013,1473,8,285,8,0,0,0.034942895
CLM09451,1390,SUP-022,V-Belt,Wear,34953,3438,6,36,3,0,0,0.034435403
CLM09452,1846,SUP-031,U-Joint,Breakage,3464,585,5,265,3,0,0,0.0015149522
CLM09453,1043,SUP-007,Wheel Bearing,Breakage,9575,24607,8,341,1,0,0,0.0015805789
CLM09454,1026,SUP-021,Relay Valve,Misalignment,48303,10488,8,298,5,0,0,0.030778091
CLM09455,1793,SUP-016,Brake Chamber,Breakage,47825,14939,3,228,8,0,0,0.03223234
CLM09456,1096,SUP-020,Wheel Speed Sensor,Wear,30566,26383,19,67,1,1,1,99.46034
CLM09457,1974,SUP-043,Wheel Bearing,Breakage,29499,25535,16,7,2,0,0,0.028519582
CLM09458,1547,SUP-044,Radiator Hose,Sensor Failure,2521,15575,10,23,2,0,0,0.0015078058
CLM09459,1620,SUP-047,Fuel/Water Separator,Misalignment,18363,19392,3,23,2,0,0,0.001567162
CLM09460,1566,SUP-019,Brake Chamber,Sensor Failure,16402,18028,9,272,5,0,0,0.0015600299
CLM09461,1703,SUP-048,Wheel Bearing,Corrosion,21561,24712,8,69,7,0,0,0.0016639992
CLM09462,1218,SUP-096,Wheel Bearing,Corrosion,4610,16211,8,13,3,0,0,0.0014723529
CLM09463,1184,SUP-079,Fuel/Water Separator,Sensor Failure,6700,28964,8,266,1,0,0,0.001558158
CLM09464,1068,SUP-069,Wheel Speed Sensor,Wear,12462,21548,7,248,9,0,0,0.0016166168
CLM09465,1828,SUP-011,Wheel Bearing,Misalignment,8573,11952,14,59,9,0,0,0.001534711
CLM09466,1129,SUP-079,Brake Chamber,Corrosion,43444,15704,17,258,4,1,1,99.88116
CLM09467,1566,SUP-029,V-Belt,Breakage,18267,21529,12,208,5,0,0,0.0015378374
CLM09468,1889,SUP-045,Wheel Bearing,Sensor Failure,28103,22716,5,129,4,0,0,0.0015994324
CLM09469,1608,SUP-068,Wheel Bearing,Leak,17507,26485,2,198,8,0,0,0.0015977754
CLM09470,1847,SUP-036,Wheel Bearing,Wear,32247,13942,15,310,1,0,0,0.018628348
CLM09471,1598,SUP-048,Air Filter,Wear,34293,4766,11,275,4,0,0,0.03452662
CLM09472,1805,SUP-087,Brake Chamber,Sensor Failure,49326,10045,15,97,4,0,0,0.030302426
CLM09473,1630,SUP-015,Relay Valve,Leak,11347,21014,13,28,3,0,0,0.0016007188
CLM09474,1719,SUP-044,Wheel Bearing,Wear,23795,26300,19,133,4,0,0,0.072878174
CLM09475,1333,SUP-067,Radiator Hose,Misalignment,7099,1691,12,332,7,0,0,0.0015892894
CLM09476,1924,SUP-096,Fuel/Water Separator,Corrosion,10568,16867,15,275,5,0,0,0.001579771
CLM09477,1153,SUP-074,Fuel/Water Separator,Misalignment,5406,26608,12,104,3,0,0,0.0016318026
CLM09478,1546,SUP-040,Air Filter,Leak,29037,26992,18,42,6,0,0,0.07406729
CLM09479,1078,SUP-086,U-Joint,Misalignment,37903,16370,4,153,9,0,0,0.034897815
CLM09480,1578,SUP-014,Radiator Hose,Breakage,5876,28393,11,291,3,0,0,0.0016076306
CLM09481,1854,SUP-063,Radiator Hose,Corrosion,26156,9939,15,9,2,0,0,0.0015127086
CLM09482,1412,SUP-081,Brake Chamber,Leak,31871,27693,5,224,9,0,0,0.017873067
CLM09483,1545,SUP-085,Wheel Speed Sensor,Sensor Failure,19377,6421,5,39,5,0,0,0.0016056541
CLM09484,1608,SUP-051,V-Belt,Wear,31906,29708,10,38,5,0,0,0.019230634
CLM09485,1168,SUP-079,Brake Chamber,Corrosion,38293,18909,10,271,7,0,0,0.03412962
CLM09486,1680,SUP-058,Wheel Bearing,Sensor Failure,48095,20395,6,109,2,0,0,0.031067746
CLM09487,1662,SUP-015,Air Filter,Leak,45895,29715,6,346,5,0,0,0.0330449
CLM09488,1582,SUP-065,Fuel/Water Separator,Breakage,44760,6241,6,60,8,0,0,0.036993295
CLM09489,1514,SUP-088,Relay Valve,Wear,47306,13961,7,62,8,0,0,0.031847984
CLM09490,1313,SUP-055,Air Filter,Wear,10643,8524,18,31,7,0,0,0.07077468
CLM09491,1031,SUP-076,U-Joint,Corrosion,17587,24756,4,30,5,0,0,0.0015459483
CLM09492,1286,SUP-010,Wheel Bearing,Sensor Failure,12018,20576,14,66,4,0,0,0.0016371132
CLM09493,1593,SUP-042,Air Filter,Leak,5213,23383,11,263,2,0,0,0.0015944646
CLM09494,1042,SUP-095,Brake Chamber,Leak,11044,16648,7,158,2,0,0,0.0014652371
CLM09495,1902,SUP-011,U-Joint,Sensor Failure,23307,13532,18,161,3,0,0,0.06704595
CLM09496,1616,SUP-016,Wheel Speed Sensor,Wear,45425,8659,2,359,3,0,0,0.031902164
CLM09497,1000,SUP-073,Brake Chamber,Sensor Failure,40133,13807,2,111,7,0,0,0.031315394
CLM09498,1572,SUP-078,U-Joint,Misalignment,22376,5128,7,38,6,0,0,0.0016124612
CLM09499,1269,SUP-019,Brake Chamber,Leak,23590,7016,11,212,1,0,0,0.0014654328
CLM09500,1179,SUP-031,Fuel/Water Separator,Sensor Failure,44403,3983,18,137,6,1,1,99.88921
CLM09501,1735,SUP-073,Brake Chamber,Wear,27628,28399,7,342,5,0,0,0.0015899914
CLM09502,1517,SUP-100,V-Belt,Corrosion,24885,10630,5,158,6,0,0,0.0014947088
CLM09503,1102,SUP-053,Wheel Bearing,Misalignment,41227,17899,2,134,8,0,0,0.035951957
CLM09504,1009,SUP-090,Relay Valve,Wear,3192,6657,14,189,1,0,0,0.0015462302
CLM09505,1582,SUP-008,Wheel Bearing,Breakage,22433,6858,7,165,6,0,0,0.0016138658
CLM09506,1089,SUP-024,Relay Valve,Breakage,20093,19467,10,79,4,0,0,0.0015740851
CLM09507,1225,SUP-008,Relay Valve,Sensor Failure,31617,5639,18,252,9,1,1,99.71842
CLM09508,1669,SUP-083,Relay Valve,Wear,42918,17811,8,206,8,0,0,0.034963384
CLM09509,1739,SUP-048,V-Belt,Wear,32682,10203,16,148,7,1,1,99.595985
CLM09510,1916,SUP-030,Fuel/Water Separator,Leak,37842,18621,14,286,3,0,0,0.027843177
CLM09511,1125,SUP-058,Air Filter,Corrosion,11250,7079,9,18,9,0,0,0.0016484808
CLM09512,1955,SUP-086,Wheel Bearing,Misalignment,33836,14132,6,191,3,0,0,0.030883703
CLM09513,1208,SUP-055,Brake Chamber,Wear,47783,3538,7,185,6,0,0,0.035380874
CLM09514,1096,SUP-073,U-Joint,Misalignment,2637,7719,9,217,2,0,0,0.001564677
CLM09515,1073,SUP-062,Air Filter,Sensor Failure,39431,7000,7,88,8,0,0,0.033604477
CLM09516,1626,SUP-048,Relay Valve,Leak,42161,18605,9,95,1,0,0,0.03299095
CLM09517,1190,SUP-004,Relay Valve,Misalignment,42225,19650,7,274,1,0,0,0.03368704
CLM09518,1681,SUP-037,Fuel/Water Separator,Misalignment,7251,29778,12,61,8,0,0,0.0016381751
CLM09519,1818,SUP-008,Radiator Hose,Misalignment,36893,28495,17,82,9,1,1,99.8886
CLM09520,1959,SUP-001,Radiator Hose,Misalignment,34006,3325,12,78,9,0,0,0.034919847
CLM09521,1715,SUP-092,Air Filter,Misalignment,22430,29497,5,196,8,0,0,0.0016155659
CLM09522,1055,SUP-070,V-Belt,Leak,32062,23554,18,321,8,1,1,99.762695
CLM09523,1719,SUP-047,Brake Chamber,Sensor Failure,41785,11426,5,40,4,0,0,0.031560175
CLM09524,1552,SUP-100,Wheel Bearing,Misalignment,34058,8910,5,24,8,0,0,0.03486147
CLM09525,1031,SUP-075,Wheel Speed Sensor,Misalignment,7464,9213,7,160,7,0,0,0.001484883
CLM09526,1526,SUP-005,Wheel Speed Sensor,Sensor Failure,2808,17288,3,266,9,0,0,0.0015520403
CLM09527,1573,SUP-050,V-Belt,Wear,11281,22022,1,137,8,0,0,0.0015449905
CLM09528,1666,SUP-024,Wheel Speed Sensor,Wear,30893,25655,6,39,2,0,0,0.015836159
CLM09529,1283,SUP-047,Wheel Bearing,Leak,30304,13577,7,108,8,0,0,0.012654648
CLM09530,1720,SUP-018,Relay Valve,Leak,35698,26930,8,227,8,0,0,0.036383748
CLM09531,1831,SUP-084,Wheel Speed Sensor,Corrosion,40757,6658,14,69,9,0,0,0.033832423
CLM09532,1493,SUP-028,Brake Chamber,Leak,46040,21305,15,263,3,0,0,0.031949922
CLM09533,1186,SUP-077,Brake Chamber,Sensor Failure,9998,20581,7,279,8,0,0,0.0015713808
CLM09534,1497,SUP-005,Brake Chamber,Misalignment,15517,5566,7,345,8,0,0,0.0016188909
CLM09535,1441,SUP-030,Relay Valve,Sensor Failure,41547,10527,1,17,4,0,0,0.031412188
CLM09536,1129,SUP-001,Fuel/Water Separator,Corrosion,43866,657,9,334,5,0,0,0.033870306
CLM09537,1638,SUP-086,Relay Valve,Breakage,48848,20059,7,227,2,0,0,0.03219303
CLM09538,1291,SUP-082,Relay Valve,Breakage,23969,22795,7,192,6,0,0,0.0015229655
CLM09539,1113,SUP-046,Relay Valve,Sensor Failure,36444,10313,18,321,9,1,1,99.88801
CLM09540,1198,SUP-069,Air Filter,Breakage,16783,28753,14,342,3,0,0,0.0015883606
CLM09541,1012,SUP-031,Radiator Hose,Breakage,32107,7543,15,28,6,0,0,0.01835688
CLM09542,1270,SUP-070,Wheel Bearing,Corrosion,46631,8421,18,314,8,1,1,99.88385
CLM09543,1600,SUP-091,Air Filter,Misalignment,4759,14585,10,215,2,0,0,0.0015016526
CLM09544,1214,SUP-056,Brake Chamber,Leak,15789,17689,3,18,1,0,0,0.0015017728
CLM09545,1443,SUP-089,V-Belt,Leak,29645,26381,11,110,6,0,0,0.0015981823
CLM09546,1789,SUP-093,Fuel/Water Separator,Breakage,10810,10886,1,121,3,0,0,0.0014752763
CLM09547,1511,SUP-028,Radiator Hose,Wear,14214,25589,2,300,2,0,0,0.0015936802
CLM09548,1446,SUP-016,V-Belt,Corrosion,6121,7735,16,64,8,0,0,0.030026263
CLM09549,1985,SUP-054,V-Belt,Misalignment,30482,17387,3,37,9,0,0,0.011231697
CLM09550,1992,SUP-053,V-Belt,Misalignment,33472,24120,17,3,7,1,1,99.87009
CLM09551,1714,SUP-012,Fuel/Water Separator,Breakage,47321,24610,3,270,9,0,0,0.036288764
CLM09552,1073,SUP-020,U-Joint,Wear,10000,22870,11,135,7,0,0,0.0016259168
CLM09553,1536,SUP-082,Wheel Speed Sensor,Wear,49187,29584,4,83,3,0,0,0.033681456
CLM09554,1100,SUP-034,Wheel Speed Sensor,Misalignment,32087,5683,7,207,1,0,0,0.016621541
CLM09555,1175,SUP-053,Wheel Speed Sensor,Corrosion,1941,19523,16,167,1,0,0,0.027838267
CLM09556,1426,SUP-064,Relay Valve,Leak,35106,9457,17,133,5,1,1,99.87988
CLM09557,1116,SUP-023,Radiator Hose,Misalignment,2321,17120,11,79,9,0,0,0.0016598626
CLM09558,1165,SUP-027,Brake Chamber,Misalignment,19038,4991,4,308,6,0,0,0.0015940527
CLM09559,1040,SUP-017,Brake Chamber,Sensor Failure,46972,10696,3,109,2,0,0,0.027607024
CLM09560,1428,SUP-048,Air Filter,Wear,4068,6460,16,26,6,0,0,0.030138027
CLM09561,1343,SUP-021,Radiator Hose,Sensor Failure,22122,2299,2,167,4,0,0,0.0015904221
CLM09562,1423,SUP-050,U-Joint,Sensor Failure,40361,3887,5,173,9,0,0,0.03619734
CLM09563,1365,SUP-040,Radiator Hose,Corrosion,42354,16525,18,333,3,1,1,99.86077
CLM09564,1119,SUP-095,Relay Valve,Misalignment,1791,20883,3,31,7,0,0,0.0016656012
CLM09565,1608,SUP-003,Brake Chamber,Leak,48191,1946,2,151,8,0,0,0.035226863
CLM09566,1656,SUP-017,Wheel Bearing,Corrosion,11136,631,2,40,2,0,0,0.0016039506
CLM09567,1727,SUP-061,Brake Chamber,Wear,16747,6869,2,288,7,0,0,0.0016220884
CLM09568,1228,SUP-050,Air Filter,Leak,1743,28751,16,357,5,0,0,0.028954789
CLM09569,1824,SUP-090,U-Joint,Misalignment,7524,6092,1,260,1,0,0,0.0015118332
CLM09570,1129,SUP-087,Radiator Hose,Breakage,14866,27110,19,81,7,0,0,0.07859655
CLM09571,1351,SUP-006,V-Belt,Leak,40342,4713,19,340,8,1,1,99.88797
CLM09572,1888,SUP-028,Brake Chamber,Corrosion,17315,29809,9,174,1,0,0,0.0014884273
CLM09573,1317,SUP-072,Relay Valve,Corrosion,30911,27120,9,75,4,0,0,0.015598341
CLM09574,1983,SUP-055,Relay Valve,Sensor Failure,46332,22943,11,42,4,0,0,0.03164879
CLM09575,1648,SUP-058,V-Belt,Misalignment,33961,13126,1,97,5,0,0,0.029580284
CLM09576,1835,SUP-045,Fuel/Water Separator,Breakage,41662,1958,19,167,5,1,1,99.88391
CLM09577,1336,SUP-072,Relay Valve,Misalignment,5274,5798,17,198,4,0,0,0.07242095
CLM09578,1272,SUP-019,Wheel Bearing,Leak,30838,18906,6,103,1,0,0,0.0136490315
CLM09579,1116,SUP-029,Fuel/Water Separator,Breakage,15332,2448,1,47,9,0,0,0.0017051786
CLM09580,1817,SUP-023,Relay Valve,Misalignment,25793,23489,18,166,5,0,0,0.07293723
CLM09581,1367,SUP-032,Relay Valve,Sensor Failure,37350,10312,9,18,1,0,0,0.028529318
CLM09582,1093,SUP-010,Wheel Speed Sensor,Breakage,16418,13463,1,2,3,0,0,0.0014754563
CLM09583,1167,SUP-091,U-Joint,Breakage,49473,12505,4,105,1,0,0,0.02565523
CLM09584,1953,SUP-049,Radiator Hose,Leak,46612,7361,18,102,7,1,1,99.878136
CLM09585,1714,SUP-065,U-Joint,Breakage,41897,7771,17,182,7,1,1,99.88696
CLM09586,1340,SUP-029,V-Belt,Sensor Failure,12682,10853,19,209,6,0,0,0.07004531
CLM09587,1660,SUP-059,Relay Valve,Wear,22727,8367,14,344,9,0,0,0.0015861446
CLM09588,1913,SUP-045,V-Belt,Wear,44775,16130,7,216,7,0,0,0.027195074
CLM09589,1694,SUP-067,Brake Chamber,Corrosion,4903,29477,9,260,5,0,0,0.0015769697
CLM09590,1924,SUP-051,Air Filter,Wear,13115,26833,9,7,7,0,0,0.0016338237
CLM09591,1151,SUP-095,V-Belt,Leak,46132,5218,15,207,4,0,0,0.030682085
CLM09592,1585,SUP-011,Radiator Hose,Corrosion,8962,4650,11,57,9,0,0,0.0015921732
CLM09593,1876,SUP-086,V-Belt,Wear,13025,17407,7,30,6,0,0,0.001500151
CLM09594,1912,SUP-082,Wheel Speed Sensor,Wear,30903,2981,6,251,4,0,0,0.014151804
CLM09595,1273,SUP-099,Fuel/Water Separator,Corrosion,17907,29361,9,221,5,0,0,0.0015890575
CLM09596,1553,SUP-006,Brake Chamber,Leak,4296,4984,4,241,8,0,0,0.0016912799
CLM09597,1495,SUP-067,Wheel Speed Sensor,Corrosion,21863,23694,17,172,7,0,0,0.07191518
CLM09598,1723,SUP-062,Relay Valve,Leak,41479,24386,6,245,6,0,0,0.03655818
CLM09599,1100,SUP-005,Wheel Speed Sensor,Leak,6685,9037,17,205,2,0,0,0.07012058
CLM09600,1556,SUP-009,Wheel Bearing,Misalignment,7647,2812,14,231,3,0,0,0.0015905343
CLM09601,1081,SUP-028,Relay Valve,Sensor Failure,31145,23899,5,346,1,0,0,0.012782754
CLM09602,1528,SUP-083,Air Filter,Wear,41562,24155,18,36,3,1,1,99.88599
CLM09603,1072,SUP-092,Wheel Speed Sensor,Misalignment,39358,26774,8,99,2,0,0,0.031152511
CLM09604,1013,SUP-091,Fuel/Water Separator,Wear,21767,640,10,258,6,0,0,0.0015867528
CLM09605,1432,SUP-077,Air Filter,Misalignment,34166,7392,11,142,4,0,0,0.032744817
CLM09606,1156,SUP-038,V-Belt,Breakage,6430,29410,3,208,3,0,0,0.001535875
CLM09607,1734,SUP-043,Wheel Speed Sensor,Corrosion,4880,8276,2,113,8,0,0,0.0015304039
CLM09608,1131,SUP-021,Brake Chamber,Misalignment,1126,9813,14,100,5,0,0,0.0015201969
CLM09609,1337,SUP-091,U-Joint,Sensor Failure,19154,19767,4,104,4,0,0,0.0015909363
CLM09610,1403,SUP-062,V-Belt,Wear,40793,8128,17,240,6,1,1,99.886284
CLM09611,1375,SUP-046,Wheel Bearing,Breakage,49048,13757,17,241,4,1,1,99.880936
CLM09612,1887,SUP-070,Brake Chamber,Sensor Failure,46013,15400,9,291,5,0,0,0.030487305
CLM09613,1558,SUP-038,Brake Chamber,Leak,6925,26110,9,149,4,0,0,0.0016095068
CLM09614,1106,SUP-049,Air Filter,Wear,48415,29349,3,220,9,0,0,0.034515366
CLM09615,1619,SUP-075,U-Joint,Misalignment,3081,7961,4,82,2,0,0,0.0015817127
CLM09616,1264,SUP-081,Fuel/Water Separator,Corrosion,35825,9674,2,288,1,0,0,0.029047444
CLM09617,1204,SUP-039,Air Filter,Sensor Failure,6287,11136,14,151,7,0,0,0.0015194692
CLM09618,1078,SUP-071,U-Joint,Breakage,39671,3960,8,134,9,0,0,0.03714855
CLM09619,1154,SUP-030,Wheel Speed Sensor,Corrosion,6335,19468,18,285,9,0,0,0.065149605
CLM09620,1782,SUP-021,Wheel Bearing,Leak,3989,21617,4,319,4,0,0,0.0015795904
CLM09621,1987,SUP-001,V-Belt,Corrosion,41343,27389,8,225,4,0,0,0.02701655
CLM09622,1996,SUP-089,Brake Chamber,Breakage,47831,9848,7,125,1,0,0,0.02276616
CLM09623,1246,SUP-032,Fuel/Water Separator,Leak,29173,16137,15,96,1,0,0,0.001509233
CLM09624,1530,SUP-008,Air Filter,Breakage,6721,26653,15,337,1,0,0,0.0015936802
CLM09625,1857,SUP-069,Wheel Bearing,Wear,49145,11724,2,240,6,0,0,0.034871645
CLM09626,1947,SUP-030,V-Belt,Breakage,17723,13912,4,314,6,0,0,0.0015625387
CLM09627,1537,SUP-008,Wheel Bearing,Corrosion,3728,23431,9,85,5,0,0,0.0016322819
CLM09628,1728,SUP-019,Brake Chamber,Wear,18975,1807,7,84,2,0,0,0.0016039506
CLM09629,1153,SUP-059,Wheel Speed Sensor,Wear,25227,16136,18,343,6,0,0,0.0721306
CLM09630,1153,SUP-055,Fuel/Water Separator,Sensor Failure,23167,12926,12,272,1,0,0,0.0015019118
CLM09631,1685,SUP-030,U-Joint,Corrosion,36929,16080,14,6,3,0,0,0.031556115
CLM09632,1091,SUP-079,Fuel/Water Separator,Corrosion,10500,12856,7,7,5,0,0,0.0014884628
CLM09633,1432,SUP-036,U-Joint,Leak,9175,3352,6,14,5,0,0,0.0015866425
CLM09634,1337,SUP-055,Air Filter,Breakage,38397,19108,19,3,7,1,1,99.88212
CLM09635,1479,SUP-044,Wheel Speed Sensor,Misalignment,48536,3944,19,225,5,1,1,99.8757
CLM09636,1692,SUP-027,U-Joint,Breakage,7901,13332,15,305,6,0,0,0.001571183
CLM09637,1130,SUP-077,Wheel Speed Sensor,Corrosion,11890,15136,19,292,7,0,0,0.07407103
CLM09638,1449,SUP-078,Wheel Bearing,Breakage,12315,18135,12,285,2,0,0,0.0015931834
CLM09639,1992,SUP-054,Fuel/Water Separator,Corrosion,16426,26747,2,168,3,0,0,0.0015399038
CLM09640,1809,SUP-048,Fuel/Water Separator,Wear,32316,18279,11,132,3,0,0,0.020983307
CLM09641,1786,SUP-030,Brake Chamber,Breakage,36065,26090,13,121,1,0,0,0.030727196
CLM09642,1272,SUP-039,Fuel/Water Separator,Breakage,16239,5241,4,236,9,0,0,0.0015598334
CLM09643,1928,SUP-013,Wheel Bearing,Corrosion,15750,15234,1,23,9,0,0,0.0015120624
CLM09644,1587,SUP-016,Brake Chamber,Corrosion,24674,11906,2,102,9,0,0,0.0014900109
CLM09645,1176,SUP-044,Wheel Speed Sensor,Leak,14513,17640,14,132,9,0,0,0.0015308082
CLM09646,1695,SUP-071,Relay Valve,Breakage,27085,27107,18,274,8,0,0,0.07578354
CLM09647,1830,SUP-027,U-Joint,Sensor Failure,39086,24188,11,1,5,0,0,0.035893742
CLM09648,1642,SUP-045,V-Belt,Corrosion,49248,19504,11,32,9,0,0,0.029338121
CLM09649,1874,SUP-035,Wheel Speed Sensor,Sensor Failure,27156,14456,19,149,7,0,0,0.07216463
CLM09650,1048,SUP-079,Wheel Bearing,Wear,20817,19313,17,166,2,0,0,0.07062322
CLM09651,1566,SUP-028,Wheel Speed Sensor,Wear,5633,14733,17,297,7,0,0,0.073475175
CLM09652,1665,SUP-099,V-Belt,Sensor Failure,35819,13258,2,177,4,0,0,0.031488556
CLM09653,1354,SUP-007,Wheel Bearing,Misalignment,4876,9923,2,341,7,0,0,0.0016106338
CLM09654,1711,SUP-062,Fuel/Water Separator,Wear,6908,24689,13,93,7,0,0,0.0016242415
CLM09655,1307,SUP-051,Wheel Speed Sensor,Sensor Failure,7427,4524,6,117,3,0,0,0.0015479872
CLM09656,1867,SUP-046,U-Joint,Leak,46777,15578,15,96,3,0,0,0.030443098
CLM09657,1884,SUP-020,Air Filter,Leak,49119,534,11,59,6,0,0,0.02953925
CLM09658,1629,SUP-096,Fuel/Water Separator,Wear,2823,7933,4,141,2,0,0,0.0015256563
CLM09659,1774,SUP-038,Fuel/Water Separator,Sensor Failure,36508,28750,19,317,8,1,1,99.88299
CLM09660,1045,SUP-061,Relay Valve,Sensor Failure,35556,13763,14,51,8,0,0,0.029758314
CLM09661,1301,SUP-032,Air Filter,Sensor Failure,16641,16904,18,255,4,0,0,0.071916044
CLM09662,1867,SUP-026,Radiator Hose,Misalignment,11896,13951,17,91,2,0,0,0.07129483
CLM09663,1911,SUP-058,Air Filter,Wear,13915,19196,8,321,9,0,0,0.0015881456
CLM09664,1407,SUP-039,Relay Valve,Misalignment,20804,12163,13,305,9,0,0,0.001576427
CLM09665,1188,SUP-020,V-Belt,Sensor Failure,20411,17340,15,177,2,0,0,0.0014706451
CLM09666,1821,SUP-082,Relay Valve,Corrosion,4101,24171,11,103,4,0,0,0.0016027734
CLM09667,1829,SUP-050,Brake Chamber,Sensor Failure,29536,8400,16,142,1,0,0,0.028022513
CLM09668,1128,SUP-079,Fuel/Water Separator,Corrosion,39641,28073,18,30,6,1,1,99.886856
CLM09669,1560,SUP-052,Radiator Hose,Leak,4588,4978,12,142,1,0,0,0.0015481586
CLM09670,1536,SUP-086,Relay Valve,Corrosion,15709,11274,12,203,7,0,0,0.0015232225
CLM09671,1265,SUP-022,U-Joint,Leak,21229,1562,6,223,9,0,0,0.001522196
CLM09672,1117,SUP-053,Radiator Hose,Wear,23121,24804,6,348,9,0,0,0.0016781618
CLM09673,1463,SUP-085,Brake Chamber,Misalignment,26723,7627,4,318,2,0,0,0.0015475474
CLM09674,1143,SUP-066,Wheel Bearing,Misalignment,12709,7689,1,3,8,0,0,0.0016522519
CLM09675,1441,SUP-043,U-Joint,Leak,2417,10282,17,39,3,0,0,0.06976523
CLM09676,1199,SUP-082,Wheel Bearing,Leak,21293,8594,4,275,5,0,0,0.0015948799
CLM09677,1156,SUP-023,U-Joint,Sensor Failure,45649,26941,17,361,4,1,1,99.873634
CLM09678,1486,SUP-077,Radiator Hose,Breakage,36540,8738,5,98,6,0,0,0.034303226
CLM09679,1859,SUP-064,U-Joint,Leak,27745,21725,9,128,7,0,0,0.0016064858
CLM09680,1133,SUP-009,Radiator Hose,Corrosion,36017,21518,6,167,9,0,0,0.0368251
CLM09681,1911,SUP-007,V-Belt,Wear,49847,8149,12,266,5,0,0,0.024566488
CLM09682,1147,SUP-041,Wheel Bearing,Misalignment,21242,22051,17,345,2,0,0,0.07358691
CLM09683,1335,SUP-054,Wheel Speed Sensor,Corrosion,3749,5274,10,151,4,0,0,0.0015534502
CLM09684,1070,SUP-065,Brake Chamber,Misalignment,33008,5579,2,248,2,0,0,0.03021896
CLM09685,1232,SUP-002,U-Joint,Wear,19989,12680,1,59,1,0,0,0.0014837617
CLM09686,1333,SUP-004,Radiator Hose,Corrosion,35615,24132,13,218,2,0,0,0.034605876
CLM09687,1810,SUP-078,Brake Chamber,Misalignment,47921,2153,1,83,7,0,0,0.029966405
CLM09688,1665,SUP-032,Air Filter,Leak,9770,16928,13,102,2,0,0,0.0014906006
CLM09689,1089,SUP-100,U-Joint,Breakage,2136,4870,3,148,4,0,0,0.0015869025
CLM09690,1333,SUP-002,Relay Valve,Leak,12602,20648,11,244,5,0,0,0.0015956528
CLM09691,1198,SUP-064,Fuel/Water Separator,Misalignment,36901,19916,16,300,3,1,1,99.70403
CLM09692,1160,SUP-014,Wheel Speed Sensor,Sensor Failure,11466,12074,18,274,4,0,0,0.06687922
CLM09693,1537,SUP-020,V-Belt,Corrosion,11413,21211,2,48,3,0,0,0.0015308491
CLM09694,1120,SUP-089,Radiator Hose,Breakage,47075,585,18,331,8,1,1,99.87925
CLM09695,1300,SUP-049,Radiator Hose,Corrosion,2157,11868,17,250,8,0,0,0.07134467
CLM09696,1723,SUP-008,Air Filter,Sensor Failure,8452,14566,1,217,3,0,0,0.0014880213
CLM09697,1574,SUP-092,Air Filter,Sensor Failure,13050,12964,4,235,9,0,0,0.001518506
CLM09698,1962,SUP-063,Wheel Speed Sensor,Sensor Failure,27225,18497,6,1,9,0,0,0.0015429718
CLM09699,1435,SUP-046,U-Joint,Misalignment,41043,23665,5,97,7,0,0,0.036720354
CLM09700,1067,SUP-021,Wheel Bearing,Leak,15478,16048,9,263,1,0,0,0.0015732596
CLM09701,1764,SUP-087,Air Filter,Misalignment,30240,7727,4,351,3,0,0,0.010984576
CLM09702,1921,SUP-032,Air Filter,Leak,22797,3791,5,90,8,0,0,0.001612621
CLM09703,1458,SUP-008,Relay Valve,Breakage,38140,9279,8,199,6,0,0,0.03370143
CLM09704,1513,SUP-095,Wheel Bearing,Sensor Failure,6611,9294,17,100,9,0,0,0.06998465
CLM09705,1397,SUP-016,Relay Valve,Leak,18970,16651,15,152,9,0,0,0.0015191665
CLM09706,1619,SUP-040,Relay Valve,Wear,31166,16026,13,69,1,0,0,0.013192292
CLM09707,1285,SUP-027,Wheel Speed Sensor,Wear,19707,23665,15,214,6,0,0,0.0015635567
CLM09708,1560,SUP-018,Air Filter,Leak,1233,20400,4,108,3,0,0,0.0015586336
CLM09709,1139,SUP-035,Brake Chamber,Breakage,33001,18140,18,164,5,1,1,99.870346
CLM09710,1729,SUP-052,V-Belt,Corrosion,41684,10853,19,306,1,1,1,99.869484
CLM09711,1555,SUP-015,Brake Chamber,Misalignment,1031,14319,8,248,7,0,0,0.0015415481
CLM09712,1928,SUP-063,Fuel/Water Separator,Sensor Failure,29014,15447,14,302,6,0,0,0.0015436179
CLM09713,1780,SUP-053,V-Belt,Leak,26947,13371,1,198,5,0,0,0.0014869135
CLM09714,1589,SUP-091,U-Joint,Breakage,9951,19919,2,279,2,0,0,0.0015740099
CLM09715,1727,SUP-081,Wheel Bearing,Misalignment,4203,11109,3,12,8,0,0,0.001527358
CLM09716,1893,SUP-066,Wheel Speed Sensor,Corrosion,39662,8016,16,156,5,1,1,99.702675
CLM09717,1609,SUP-031,Brake Chamber,Breakage,2794,28098,3,186,2,0,0,0.0016089451
CLM09718,1747,SUP-061,Air Filter,Corrosion,46848,22170,6,236,4,0,0,0.03561825
CLM09719,1281,SUP-064,Wheel Bearing,Wear,1761,10811,8,317,8,0,0,0.0015906859
CLM09720,1660,SUP-098,Relay Valve,Misalignment,29936,5455,12,224,8,0,0,0.0016216738
CLM09721,1923,SUP-034,Fuel/Water Separator,Misalignment,16574,11092,5,34,3,0,0,0.0014197984
CLM09722,1815,SUP-055,Wheel Speed Sensor,Corrosion,34049,13822,5,350,8,0,0,0.03177959
CLM09723,1995,SUP-059,Relay Valve,Wear,5071,25885,3,101,9,0,0,0.0015703681
CLM09724,1935,SUP-003,Wheel Bearing,Sensor Failure,13095,11480,4,254,2,0,0,0.001482086
CLM09725,1577,SUP-017,Fuel/Water Separator,Leak,22009,1137,5,274,6,0,0,0.001639219
CLM09726,1745,SUP-078,Relay Valve,Wear,29631,652,3,163,3,0,0,0.0015855987
CLM09727,1456,SUP-078,Fuel/Water Separator,Breakage,23362,13973,10,37,5,0,0,0.0015354708
CLM09728,1086,SUP-046,Wheel Bearing,Corrosion,31700,6409,19,297,4,1,1,99.718
CLM09729,1078,SUP-038,Air Filter,Misalignment,48105,27509,8,211,8,0,0,0.034707006
CLM09730,1204,SUP-035,Radiator Hose,Breakage,32232,19622,6,86,7,0,0,0.022783207
CLM09731,1790,SUP-001,U-Joint,Misalignment,42775,16003,7,91,7,0,0,0.03367648
CLM09732,1336,SUP-029,U-Joint,Wear,18854,638,6,251,1,0,0,0.0015582517
CLM09733,1253,SUP-004,Relay Valve,Misalignment,4287,15041,13,208,6,0,0,0.0015116357
CLM09734,1303,SUP-061,Relay Valve,Misalignment,47782,6739,13,295,2,0,0,0.03010839
CLM09735,1379,SUP-097,U-Joint,Misalignment,23090,17609,5,260,8,0,0,0.0015751843
CLM09736,1129,SUP-017,Brake Chamber,Misalignment,28161,22584,6,308,6,0,0,0.0016030088
CLM09737,1595,SUP-028,Air Filter,Breakage,17894,14167,10,113,9,0,0,0.0014823036
CLM09738,1275,SUP-050,U-Joint,Corrosion,47853,12234,10,275,1,0,0,0.030438133
CLM09739,1698,SUP-090,U-Joint,Leak,41729,19249,16,92,8,1,1,99.70278
CLM09740,1557,SUP-008,Relay Valve,Breakage,47300,15347,18,273,2,1,1,99.87494
CLM09741,1898,SUP-034,Fuel/Water Separator,Sensor Failure,26130,518,3,173,7,0,0,0.0015896851
CLM09742,1182,SUP-059,Relay Valve,Corrosion,45665,10128,1,130,3,0,0,0.030555746
CLM09743,1267,SUP-018,U-Joint,Corrosion,40552,18845,3,88,7,0,0,0.034289196
CLM09744,1807,SUP-095,Wheel Speed Sensor,Sensor Failure,28718,11146,19,246,1,0,0,0.07008273
CLM09745,1321,SUP-059,Radiator Hose,Wear,47964,18735,1,55,9,0,0,0.03483868
CLM09746,1511,SUP-027,Relay Valve,Sensor Failure,40356,7612,8,347,6,0,0,0.035098974
CLM09747,1611,SUP-016,Radiator Hose,Wear,43184,22405,19,4,7,1,1,99.88677
CLM09748,1077,SUP-010,V-Belt,Leak,35633,25938,4,356,9,0,0,0.034999203
CLM09749,1783,SUP-076,Air Filter,Wear,49720,16984,16,316,1,1,1,99.60681
CLM09750,1338,SUP-022,U-Joint,Leak,1765,25668,5,29,8,0,0,0.0016217588
CLM09751,1673,SUP-016,Fuel/Water Separator,Leak,33158,7338,5,189,7,0,0,0.03625225
CLM09752,1555,SUP-012,Brake Chamber,Misalignment,25640,14853,2,46,2,0,0,0.001496419
CLM09753,1508,SUP-075,Fuel/Water Separator,Misalignment,37217,29000,6,97,1,0,0,0.033498872
CLM09754,1237,SUP-084,Radiator Hose,Sensor Failure,6765,14964,7,49,1,0,0,0.0015027728
CLM09755,1133,SUP-051,Wheel Speed Sensor,Leak,16461,7635,15,120,4,0,0,0.0015505404
CLM09756,1972,SUP-001,V-Belt,Wear,16336,6529,10,146,5,0,0,0.0015446648
CLM09757,1191,SUP-027,Fuel/Water Separator,Breakage,31761,13153,10,332,7,0,0,0.017063523
CLM09758,1355,SUP-067,Fuel/Water Separator,Misalignment,38742,3009,19,249,8,1,1,99.88851
CLM09759,1277,SUP-012,Wheel Speed Sensor,Corrosion,2383,13972,16,74,2,0,0,0.027983932
CLM09760,1017,SUP-030,U-Joint,Corrosion,16458,2455,9,273,9,0,0,0.001617297
CLM09761,1523,SUP-009,Relay Valve,Wear,3435,10346,8,107,7,0,0,0.0014946132
CLM09762,1179,SUP-053,Radiator Hose,Misalignment,29736,7578,19,352,6,0,0,0.06932515
CLM09763,1122,SUP-061,Radiator Hose,Breakage,30992,8043,1,184,8,0,0,0.017089006
CLM09764,1245,SUP-054,Air Filter,Leak,35218,29503,17,345,2,1,1,99.87197
CLM09765,1733,SUP-037,Air Filter,Misalignment,41692,21664,18,308,1,1,1,99.877045
CLM09766,1372,SUP-065,Air Filter,Wear,49822,26764,15,71,5,0,0,0.032134738
CLM09767,1050,SUP-042,Radiator Hose,Leak,24442,17794,6,20,9,0,0,0.0015386413
CLM09768,1999,SUP-049,Relay Valve,Misalignment,24700,6663,17,157,7,0,0,0.07195464
CLM09769,1070,SUP-004,U-Joint,Sensor Failure,39396,13333,18,339,7,1,1,99.876045
CLM09770,1479,SUP-064,V-Belt,Breakage,17825,24877,19,225,9,0,0,0.07096142
CLM09771,1559,SUP-079,V-Belt,Corrosion,27013,7215,2,178,5,0,0,0.0015725651
CLM09772,1018,SUP-051,Wheel Speed Sensor,Wear,28763,23026,7,118,5,0,0,0.0015177472
CLM09773,1773,SUP-091,Wheel Bearing,Corrosion,30574,7105,17,159,7,1,1,99.5132
CLM09774,1083,SUP-072,Brake Chamber,Leak,48556,18065,15,13,6,0,0,0.03230371
CLM09775,1154,SUP-060,Relay Valve,Leak,3367,24415,16,56,6,0,0,0.031251866
CLM09776,1564,SUP-087,Wheel Bearing,Sensor Failure,5865,28032,17,240,8,0,0,0.07633891
CLM09777,1618,SUP-079,Air Filter,Leak,42842,17488,3,275,4,0,0,0.034672942
CLM09778,1356,SUP-091,V-Belt,Leak,40927,22733,10,326,2,0,0,0.03060315
CLM09779,1815,SUP-031,Brake Chamber,Corrosion,6198,19254,6,156,3,0,0,0.0016463739
CLM09780,1646,SUP-072,Wheel Bearing,Corrosion,32076,10702,2,80,4,0,0,0.018610701
CLM09781,1442,SUP-094,Fuel/Water Separator,Wear,8286,12827,11,114,5,0,0,0.0014791306
CLM09782,1068,SUP-058,U-Joint,Wear,31281,14787,8,33,2,0,0,0.013485447
CLM09783,1522,SUP-082,Brake Chamber,Leak,20734,13721,14,114,8,0,0,0.0015023847
CLM09784,1142,SUP-004,Radiator Hose,Misalignment,3829,17086,12,63,5,0,0,0.0015845118
CLM09785,1191,SUP-022,Brake Chamber,Breakage,36381,16592,7,26,7,0,0,0.032072853
CLM09786,1386,SUP-003,Wheel Speed Sensor,Wear,2915,14370,18,87,9,0,0,0.06946367
CLM09787,1377,SUP-079,Radiator Hose,Leak,40980,742,5,257,7,0,0,0.03458226
CLM09788,1580,SUP-099,Wheel Bearing,Misalignment,10440,26605,6,93,4,0,0,0.0015988408
CLM09789,1534,SUP-047,U-Joint,Misalignment,5819,23115,13,200,3,0,0,0.001583773
CLM09790,1692,SUP-038,Wheel Speed Sensor,Corrosion,8879,4240,2,362,8,0,0,0.0015991427
CLM09791,1292,SUP-033,Brake Chamber,Misalignment,25816,19605,19,205,9,0,0,0.06693958
CLM09792,1008,SUP-078,V-Belt,Sensor Failure,33225,22910,8,84,5,0,0,0.027015828
CLM09793,1270,SUP-048,Radiator Hose,Corrosion,11334,9351,11,107,6,0,0,0.0015365093
CLM09794,1386,SUP-065,Wheel Bearing,Corrosion,42324,9404,16,247,6,1,1,99.71681
CLM09795,1092,SUP-026,Wheel Bearing,Sensor Failure,18592,12587,1,5,3,0,0,0.0014868893
CLM09796,1965,SUP-008,Fuel/Water Separator,Corrosion,30831,9866,16,268,4,1,1,98.722374
CLM09797,1528,SUP-050,Air Filter,Wear,5120,5719,12,304,9,0,0,0.0015985223
CLM09798,1153,SUP-080,Wheel Speed Sensor,Corrosion,11557,25322,17,14,6,0,0,0.0759946
CLM09799,1404,SUP-038,V-Belt,Sensor Failure,40244,17614,9,309,5,0,0,0.031637385
CLM09800,1839,SUP-010,Wheel Bearing,Leak,3961,29003,6,218,9,0,0,0.0015935648
CLM09801,1148,SUP-042,Air Filter,Leak,13849,29019,7,234,8,0,0,0.0015635567
CLM09802,1888,SUP-037,Brake Chamber,Leak,22160,18444,13,45,9,0,0,0.0015694099
CLM09803,1266,SUP-026,Wheel Bearing,Sensor Failure,33545,26060,17,160,9,1,1,99.88869
CLM09804,1421,SUP-092,Wheel Speed Sensor,Sensor Failure,11339,9187,10,158,4,0,0,0.0015272386
CLM09805,1839,SUP-012,U-Joint,Wear,2616,22292,11,268,8,0,0,0.0016172258
CLM09806,1617,SUP-084,U-Joint,Sensor Failure,9911,23442,14,100,9,0,0,0.0015856863
CLM09807,1471,SUP-049,Wheel Bearing,Misalignment,26549,11354,17,83,5,0,0,0.0700395
CLM09808,1892,SUP-014,Wheel Speed Sensor,Leak,7825,27202,16,44,4,0,0,0.029160822
CLM09809,1546,SUP-046,Radiator Hose,Sensor Failure,19230,3075,5,153,1,0,0,0.001612658
CLM09810,1630,SUP-035,Air Filter,Breakage,9882,24392,18,170,3,0,0,0.07264501
CLM09811,1525,SUP-029,Relay Valve,Corrosion,33855,1582,11,21,2,0,0,0.034350313
CLM09812,1502,SUP-012,Wheel Bearing,Wear,17308,19637,10,250,7,0,0,0.001610431
CLM09813,1013,SUP-082,Brake Chamber,Leak,45808,19842,6,189,4,0,0,0.03196756
CLM09814,1777,SUP-044,Fuel/Water Separator,Misalignment,26069,9235,10,322,9,0,0,0.0015513864
CLM09815,1651,SUP-066,U-Joint,Misalignment,23500,11755,11,357,9,0,0,0.0015912519
CLM09816,1805,SUP-002,Fuel/Water Separator,Leak,16874,7333,1,21,2,0,0,0.0014866398
CLM09817,1363,SUP-059,Radiator Hose,Misalignment,10333,10594,5,282,3,0,0,0.0015393165
CLM09818,1118,SUP-017,Radiator Hose,Breakage,1977,21198,2,160,8,0,0,0.001674373
CLM09819,1237,SUP-010,Air Filter,Wear,27810,28247,11,219,3,0,0,0.0015641579
CLM09820,1545,SUP-018,Air Filter,Corrosion,26117,21974,14,17,4,0,0,0.0016098736
CLM09821,1168,SUP-022,V-Belt,Wear,7722,2650,13,4,3,0,0,0.0015596506
CLM09822,1521,SUP-083,Radiator Hose,Wear,16670,6603,11,39,2,0,0,0.0015418567
CLM09823,1633,SUP-058,U-Joint,Leak,14217,17767,6,271,1,0,0,0.0015457066
CLM09824,1912,SUP-053,Air Filter,Sensor Failure,42770,19561,2,289,3,0,0,0.026988568
CLM09825,1656,SUP-001,Wheel Bearing,Corrosion,21891,27878,19,189,9,0,0,0.072360516
CLM09826,1962,SUP-088,U-Joint,Wear,37260,22122,9,142,8,0,0,0.03449109
CLM09827,1957,SUP-061,Wheel Bearing,Breakage,46272,4475,18,346,9,1,1,99.86007
CLM09828,1734,SUP-100,V-Belt,Leak,32814,16890,14,303,5,0,0,0.028968487
CLM09829,1882,SUP-089,Brake Chamber,Sensor Failure,5925,27511,13,130,5,0,0,0.0016178923
CLM09830,1768,SUP-100,Brake Chamber,Sensor Failure,18517,24529,12,346,8,0,0,0.0015901065
CLM09831,1779,SUP-031,Wheel Speed Sensor,Leak,16218,26621,12,322,5,0,0,0.0016207153
CLM09832,1870,SUP-031,Brake Chamber,Wear,38633,29999,13,176,4,0,0,0.034073733
CLM09833,1515,SUP-066,Air Filter,Misalignment,25153,5900,7,194,9,0,0,0.0015942228
CLM09834,1937,SUP-019,U-Joint,Leak,47952,18973,16,337,1,1,1,99.56671
CLM09835,1396,SUP-053,Brake Chamber,Misalignment,42528,4691,17,274,6,1,1,99.88224
CLM09836,1865,SUP-076,Fuel/Water Separator,Sensor Failure,10513,6123,9,179,7,0,0,0.0016668501
CLM09837,1105,SUP-074,V-Belt,Sensor Failure,41434,2793,14,240,6,0,0,0.032608025
CLM09838,1084,SUP-095,Brake Chamber,Breakage,24088,7891,9,132,8,0,0,0.0015968522
CLM09839,1213,SUP-022,Brake Chamber,Breakage,44704,21093,6,81,8,0,0,0.036009036
CLM09840,1120,SUP-023,Air Filter,Sensor Failure,32430,27667,1,161,5,0,0,0.024129905
CLM09841,1131,SUP-087,Radiator Hose,Breakage,13817,4925,1,181,4,0,0,0.0015626772
CLM09842,1849,SUP-015,Relay Valve,Breakage,8365,12266,19,269,7,0,0,0.072619095
CLM09843,1196,SUP-026,Wheel Bearing,Breakage,40400,29116,15,327,9,0,0,0.03471475
CLM09844,1018,SUP-003,Air Filter,Sensor Failure,35535,3724,17,58,2,1,1,99.86974
CLM09845,1641,SUP-087,Brake Chamber,Wear,35842,18124,8,191,7,0,0,0.03421311
CLM09846,1011,SUP-020,Air Filter,Wear,34845,16348,3,321,6,0,0,0.03187757
CLM09847,1080,SUP-040,Air Filter,Corrosion,21983,28905,12,360,3,0,0,0.001642983
CLM09848,1329,SUP-039,Wheel Bearing,Breakage,5832,15107,15,42,2,0,0,0.0014723529
CLM09849,1865,SUP-072,Air Filter,Wear,9670,16259,18,95,1,0,0,0.06869252
CLM09850,1773,SUP-018,Wheel Speed Sensor,Corrosion,28809,8017,13,356,2,0,0,0.0015231936
CLM09851,1391,SUP-041,Relay Valve,Leak,19069,3993,5,89,5,0,0,0.0015692513
CLM09852,1636,SUP-070,Radiator Hose,Breakage,30911,4090,17,109,1,1,1,99.52481
CLM09853,1306,SUP-027,U-Joint,Wear,16166,25792,3,233,8,0,0,0.0015635567
CLM09854,1266,SUP-100,Radiator Hose,Wear,35139,8955,19,296,4,1,1,99.88102
CLM09855,1446,SUP-015,Brake Chamber,Misalignment,6459,7444,6,350,3,0,0,0.0015031312
CLM09856,1440,SUP-037,Wheel Bearing,Wear,29476,817,17,102,2,0,0,0.065509796
CLM09857,1894,SUP-058,Wheel Speed Sensor,Misalignment,28177,19091,5,21,1,0,0,0.0015751692
CLM09858,1651,SUP-005,Wheel Speed Sensor,Corrosion,4423,27600,5,83,8,0,0,0.0016445458
CLM09859,1840,SUP-073,Air Filter,Misalignment,43656,1140,19,161,9,1,1,99.87521
CLM09860,1001,SUP-007,U-Joint,Leak,21360,1358,11,198,3,0,0,0.0016321185
CLM09861,1519,SUP-041,Relay Valve,Breakage,2398,4743,1,42,3,0,0,0.0015418567
CLM09862,1761,SUP-084,U-Joint,Wear,31232,10162,13,37,9,0,0,0.015165254
CLM09863,1650,SUP-010,V-Belt,Sensor Failure,45940,15937,17,200,7,1,1,99.8699
CLM09864,1635,SUP-062,Wheel Speed Sensor,Breakage,47382,26050,11,333,9,0,0,0.03394867
CLM09865,1308,SUP-026,Wheel Speed Sensor,Sensor Failure,6361,26361,18,154,2,0,0,0.074094996
CLM09866,1739,SUP-068,Brake Chamber,Corrosion,2401,8743,4,39,7,0,0,0.0015473837
CLM09867,1521,SUP-024,Fuel/Water Separator,Wear,27284,29429,10,47,8,0,0,0.0016467555
CLM09868,1468,SUP-078,Radiator Hose,Breakage,2412,1519,11,312,4,0,0,0.0015719368
CLM09869,1211,SUP-041,V-Belt,Breakage,23814,24784,18,110,4,0,0,0.073555104
CLM09870,1111,SUP-065,Air Filter,Wear,4230,12314,1,186,2,0,0,0.0014963205
CLM09871,1007,SUP-017,Brake Chamber,Leak,41289,13035,4,185,2,0,0,0.030998835
CLM09872,1803,SUP-024,Relay Valve,Corrosion,39617,16876,5,327,4,0,0,0.029178647
CLM09873,1476,SUP-027,Wheel Speed Sensor,Wear,44462,10604,2,216,4,0,0,0.032692757
CLM09874,1873,SUP-007,U-Joint,Misalignment,39824,8979,12,110,5,0,0,0.031738985
CLM09875,1459,SUP-073,Relay Valve,Breakage,17179,5873,11,200,9,0,0,0.0015741631
CLM09876,1252,SUP-099,Fuel/Water Separator,Leak,36027,13734,16,173,9,1,1,99.70039
CLM09877,1525,SUP-012,U-Joint,Breakage,7276,6857,4,321,7,0,0,0.0016466582
CLM09878,1751,SUP-085,Wheel Speed Sensor,Sensor Failure,22768,22095,7,4,6,0,0,0.0016259959
CLM09879,1437,SUP-003,Air Filter,Breakage,24132,13331,13,61,5,0,0,0.0014929922
CLM09880,1753,SUP-079,U-Joint,Corrosion,49730,8272,14,171,4,0,0,0.027577562
CLM09881,1980,SUP-085,Wheel Bearing,Wear,10575,15067,11,361,2,0,0,0.0014906178
CLM09882,1853,SUP-010,Radiator Hose,Breakage,8831,21622,8,147,4,0,0,0.0016119522
CLM09883,1660,SUP-033,Air Filter,Misalignment,3812,4401,1,342,7,0,0,0.0016380658
CLM09884,1235,SUP-046,U-Joint,Sensor Failure,36243,24786,8,356,1,0,0,0.029823925
CLM09885,1305,SUP-059,Radiator Hose,Sensor Failure,24357,29184,19,129,3,0,0,0.075494505
CLM09886,1477,SUP-052,Brake Chamber,Wear,4100,21817,17,147,4,0,0,0.07598875
CLM09887,1678,SUP-006,Wheel Speed Sensor,Sensor Failure,48698,27656,9,51,7,0,0,0.035660073
CLM09888,1019,SUP-002,Radiator Hose,Wear,20785,12208,13,64,3,0,0,0.001513635
CLM09889,1215,SUP-029,U-Joint,Corrosion,38783,8170,15,63,4,0,0,0.033470113
CLM09890,1854,SUP-040,Fuel/Water Separator,Wear,45859,18433,13,285,1,0,0,0.033076357
CLM09891,1134,SUP-097,Fuel/Water Separator,Leak,48006,16716,8,43,1,0,0,0.030040318
CLM09892,1904,SUP-061,Wheel Speed Sensor,Sensor Failure,24021,5434,12,70,3,0,0,0.0014550346
CLM09893,1128,SUP-068,Relay Valve,Sensor Failure,1387,3166,11,256,7,0,0,0.0016155103
CLM09894,1409,SUP-068,Relay Valve,Misalignment,23248,2953,13,295,6,0,0,0.0016092199
CLM09895,1421,SUP-029,Fuel/Water Separator,Breakage,32454,18451,16,23,5,1,1,99.56178
CLM09896,1293,SUP-062,Relay Valve,Leak,14192,20636,2,257,8,0,0,0.0015747471
CLM09897,1245,SUP-060,U-Joint,Breakage,3380,8979,6,61,8,0,0,0.0015102854
CLM09898,1700,SUP-084,Fuel/Water Separator,Wear,38103,2973,16,207,4,1,1,99.72141
CLM09899,1555,SUP-041,Radiator Hose,Corrosion,48833,17319,18,281,6,1,1,99.88138
CLM09900,1085,SUP-087,Wheel Speed Sensor,Misalignment,29853,26065,17,132,1,0,0,0.07621853
CLM09901,1555,SUP-082,Brake Chamber,Sensor Failure,35048,23108,15,364,9,0,0,0.033194568
CLM09902,1841,SUP-089,Radiator Hose,Corrosion,1743,28635,7,1,5,0,0,0.0016266503
CLM09903,1374,SUP-065,Radiator Hose,Wear,41124,2905,14,40,8,0,0,0.034131996
CLM09904,1445,SUP-064,Wheel Bearing,Wear,14128,8946,7,277,1,0,0,0.0015584417
CLM09905,1377,SUP-079,Wheel Speed Sensor,Leak,41791,10701,6,247,4,0,0,0.033510696
CLM09906,1389,SUP-063,Fuel/Water Separator,Breakage,14566,2334,12,138,2,0,0,0.0015599139
CLM09907,1656,SUP-098,Air Filter,Sensor Failure,46653,7542,2,322,2,0,0,0.028839905
CLM09908,1050,SUP-048,U-Joint,Sensor Failure,47072,29337,1,17,2,0,0,0.029296698
CLM09909,1241,SUP-020,Wheel Bearing,Corrosion,46256,25540,18,124,2,1,1,99.8762
CLM09910,1293,SUP-037,Fuel/Water Separator,Leak,42302,21235,5,91,8,0,0,0.03556881
CLM09911,1919,SUP-064,Brake Chamber,Misalignment,12475,17306,7,246,6,0,0,0.0015655352
CLM09912,1562,SUP-091,Radiator Hose,Wear,18014,29369,15,113,9,0,0,0.0015980968
CLM09913,1265,SUP-086,Air Filter,Leak,34065,14024,6,126,2,0,0,0.032944184
CLM09914,1119,SUP-005,Relay Valve,Sensor Failure,41916,29728,2,266,1,0,0,0.030978097
CLM09915,1711,SUP-034,Air Filter,Misalignment,32898,6433,17,241,8,1,1,99.878815
CLM09916,1916,SUP-039,U-Joint,Breakage,42657,15718,13,138,3,0,0,0.027197693
CLM09917,1247,SUP-067,Relay Valve,Corrosion,39084,10587,13,246,3,0,0,0.031375762
CLM09918,1069,SUP-081,Radiator Hose,Wear,31544,15911,14,238,8,0,0,0.017354628
CLM09919,1852,SUP-062,Brake Chamber,Wear,18889,26364,8,303,5,0,0,0.0015795904
CLM09920,1056,SUP-088,Radiator Hose,Wear,11952,6572,15,9,8,0,0,0.0014691087
CLM09921,1381,SUP-024,U-Joint,Breakage,46985,26424,11,46,2,0,0,0.036203034
CLM09922,1038,SUP-003,Brake Chamber,Sensor Failure,9570,1054,13,359,9,0,0,0.0014870241
CLM09923,1983,SUP-071,Radiator Hose,Sensor Failure,9897,16890,1,124,2,0,0,0.0015423244
CLM09924,1800,SUP-089,V-Belt,Leak,19798,18649,2,68,9,0,0,0.0015077612
CLM09925,1442,SUP-067,Wheel Bearing,Misalignment,6656,2591,11,324,6,0,0,0.0016092199
CLM09926,1017,SUP-079,Brake Chamber,Leak,26346,28319,14,132,5,0,0,0.0015714963
CLM09927,1951,SUP-093,V-Belt,Sensor Failure,13193,28249,5,361,7,0,0,0.0015326019
CLM09928,1731,SUP-050,Fuel/Water Separator,Wear,43054,5330,7,237,7,0,0,0.037380774
CLM09929,1824,SUP-029,Fuel/Water Separator,Breakage,6147,14391,16,213,4,0,0,0.029956779
CLM09930,1755,SUP-074,Radiator Hose,Sensor Failure,12656,18541,11,59,7,0,0,0.0016144384
CLM09931,1351,SUP-032,Relay Valve,Breakage,38212,9503,15,153,3,0,0,0.031825706
CLM09932,1971,SUP-087,Radiator Hose,Corrosion,14429,22978,4,281,3,0,0,0.0015643995
CLM09933,1815,SUP-039,Relay Valve,Wear,41315,7963,10,82,7,0,0,0.036023732
CLM09934,1297,SUP-009,Radiator Hose,Corrosion,43191,26304,1,238,1,0,0,0.03485506
CLM09935,1282,SUP-014,Air Filter,Sensor Failure,18830,18846,7,312,8,0,0,0.0015654815
CLM09936,1585,SUP-068,U-Joint,Leak,29764,17374,12,49,2,0,0,0.0015061474
CLM09937,1109,SUP-064,Wheel Bearing,Sensor Failure,3402,9009,11,65,1,0,0,0.00152499
CLM09938,1179,SUP-020,Relay Valve,Corrosion,6642,13005,11,189,6,0,0,0.0015116357
CLM09939,1937,SUP-028,U-Joint,Breakage,19210,24966,17,9,4,0,0,0.07622369
CLM09940,1543,SUP-014,Air Filter,Misalignment,8918,19432,1,96,7,0,0,0.001557436
CLM09941,1745,SUP-044,Fuel/Water Separator,Misalignment,49902,26916,15,85,3,0,0,0.03082073
CLM09942,1793,SUP-098,Radiator Hose,Sensor Failure,18476,9908,18,36,2,0,0,0.07088816
CLM09943,1024,SUP-077,Wheel Speed Sensor,Leak,22061,25408,4,83,4,0,0,0.0015459483
CLM09944,1842,SUP-095,U-Joint,Corrosion,33891,18060,19,163,4,1,1,99.87979
CLM09945,1790,SUP-097,Radiator Hose,Sensor Failure,31429,6599,5,214,4,0,0,0.016122095
CLM09946,1737,SUP-039,Fuel/Water Separator,Corrosion,29170,19484,14,221,3,0,0,0.0015474265
CLM09947,1056,SUP-028,Relay Valve,Corrosion,39565,3594,13,318,7,0,0,0.029834902
CLM09948,1179,SUP-064,U-Joint,Wear,34370,16557,19,319,5,1,1,99.874725
CLM09949,1231,SUP-089,Brake Chamber,Misalignment,21215,2763,19,119,4,0,0,0.07023454
CLM09950,1893,SUP-032,Radiator Hose,Misalignment,49077,1566,16,76,5,1,1,99.703896
CLM09951,1342,SUP-009,U-Joint,Breakage,42264,28508,19,69,7,1,1,99.88822
CLM09952,1476,SUP-028,Air Filter,Wear,4228,22628,1,94,4,0,0,0.0016031312
CLM09953,1798,SUP-095,V-Belt,Misalignment,28735,3290,10,319,5,0,0,0.0015802458
CLM09954,1575,SUP-017,Relay Valve,Corrosion,10443,7579,2,317,6,0,0,0.0016301787
CLM09955,1454,SUP-087,Wheel Bearing,Leak,40276,27537,15,355,6,0,0,0.034793973
CLM09956,1231,SUP-077,Wheel Bearing,Leak,32711,12181,19,293,7,1,1,99.844666
CLM09957,1288,SUP-055,Air Filter,Wear,45677,27745,4,254,3,0,0,0.0334869
CLM09958,1212,SUP-010,Brake Chamber,Leak,12475,18557,4,4,8,0,0,0.0015700746
CLM09959,1257,SUP-080,Brake Chamber,Corrosion,37057,19247,12,56,5,0,0,0.03376337
CLM09960,1529,SUP-006,Wheel Speed Sensor,Sensor Failure,40764,12660,19,43,1,1,1,99.87141
CLM09961,1686,SUP-048,Wheel Speed Sensor,Corrosion,5844,20607,9,277,4,0,0,0.0015753059
CLM09962,1928,SUP-075,V-Belt,Misalignment,42645,4001,16,58,4,1,1,99.656906
CLM09963,1228,SUP-067,V-Belt,Sensor Failure,38003,3314,15,250,8,0,0,0.033663925
CLM09964,1225,SUP-092,Wheel Speed Sensor,Leak,25630,23526,9,144,9,0,0,0.0015979522
CLM09965,1595,SUP-041,Air Filter,Breakage,20596,848,19,309,3,0,0,0.06947897
CLM09966,1802,SUP-079,Fuel/Water Separator,Breakage,21553,2622,18,18,1,0,0,0.072406456
CLM09967,1434,SUP-060,Relay Valve,Corrosion,36974,15748,7,313,8,0,0,0.033556264
CLM09968,1881,SUP-077,Wheel Speed Sensor,Corrosion,30668,15559,16,351,9,1,1,98.48499
CLM09969,1757,SUP-042,Brake Chamber,Leak,44915,21017,15,166,4,0,0,0.030468388
CLM09970,1401,SUP-081,Relay Valve,Breakage,16164,15097,11,32,5,0,0,0.0014929922
CLM09971,1621,SUP-071,Fuel/Water Separator,Breakage,18025,28593,6,112,4,0,0,0.0016242246
CLM09972,1765,SUP-028,V-Belt,Corrosion,5839,17095,3,225,4,0,0,0.0014378788
CLM09973,1087,SUP-013,Radiator Hose,Misalignment,39937,4029,14,275,3,0,0,0.03407617
CLM09974,1583,SUP-081,Air Filter,Breakage,8655,14461,6,340,4,0,0,0.0015610687
CLM09975,1892,SUP-015,Brake Chamber,Corrosion,48538,24621,17,304,9,1,1,99.87431
CLM09976,1541,SUP-036,Wheel Bearing,Wear,47660,29956,19,74,7,1,1,99.887726
CLM09977,1683,SUP-092,Wheel Bearing,Breakage,1061,28712,18,154,6,0,0,0.062351786
CLM09978,1308,SUP-015,V-Belt,Sensor Failure,34260,6849,16,110,9,1,1,99.719955
CLM09979,1905,SUP-075,Radiator Hose,Leak,31664,20984,3,338,2,0,0,0.014130163
CLM09980,1342,SUP-056,Brake Chamber,Corrosion,24206,14430,6,173,4,0,0,0.00152442
CLM09981,1435,SUP-095,Air Filter,Breakage,18523,9958,17,271,9,0,0,0.07234625
CLM09982,1176,SUP-004,V-Belt,Breakage,22874,647,5,146,8,0,0,0.0015902963
CLM09983,1138,SUP-099,Fuel/Water Separator,Misalignment,7794,2209,16,287,1,0,0,0.030130355
CLM09984,1193,SUP-098,Wheel Bearing,Corrosion,18639,19906,17,102,9,0,0,0.07487993
CLM09985,1185,SUP-052,U-Joint,Sensor Failure,36263,14134,16,15,2,1,1,99.66114
CLM09986,1217,SUP-091,Relay Valve,Breakage,42961,4490,9,249,1,0,0,0.03178068
CLM09987,1163,SUP-010,Wheel Speed Sensor,Wear,2125,28540,7,65,2,0,0,0.0016449646
CLM09988,1160,SUP-094,Fuel/Water Separator,Leak,21265,14462,5,361,6,0,0,0.0015474765
CLM09989,1942,SUP-045,Air Filter,Corrosion,12736,8354,9,174,2,0,0,0.0014306678
CLM09990,1524,SUP-084,U-Joint,Breakage,34914,4336,10,331,1,0,0,0.028209513
CLM09991,1807,SUP-029,Air Filter,Misalignment,15802,14756,1,358,5,0,0,0.0014960207
CLM09992,1600,SUP-053,Wheel Bearing,Misalignment,15221,25067,7,30,2,0,0,0.0016531376
CLM09993,1835,SUP-029,Fuel/Water Separator,Leak,4849,28397,5,41,4,0,0,0.0016835845
CLM09994,1041,SUP-023,V-Belt,Corrosion,23814,5023,6,67,8,0,0,0.0014953961
CLM09995,1914,SUP-057,Wheel Bearing,Corrosion,47767,868,6,273,6,0,0,0.029317321
CLM09996,1209,SUP-050,Brake Chamber,Corrosion,5616,24028,15,26,8,0,0,0.0016217588
CLM09997,1740,SUP-021,Brake Chamber,Sensor Failure,25564,29056,8,118,5,0,0,0.0016285472
CLM09998,1861,SUP-043,Relay Valve,Wear,1715,29819,1,329,2,0,0,0.0015259313
CLM09999,1274,SUP-010,Radiator Hose,Misalignment,35411,18354,10,209,1,0,0,0.030449396
