record_id,test_date,plant_name,vehicle_model,supplier_id,supplier_name,supplier_batch_id,part_name,part_category,market_price_inr,open_market_price_range_inr,qty_inspected,qty_defective,ppm,otd_pct,audit_score_pct,cpk,belt_tension_dev_ratio,slip_ratio,crack_density_per_100mm,pressure_retention_ratio,hose_leak_rate_ml_min,engine_temp_dev_ratio,filter_pressure_drop_pa_ratio,filtration_efficiency,fuel_penalty_ratio,brake_leak_rate_cc_min,pushrod_stroke_excess_ratio,brake_response_lag_s_ratio,relay_brake_lag_s_ratio,relay_pressure_delivery_ratio,relay_leak_rate_cc_min,pulse_integrity_ratio,speed_deviation_ratio,dropout_count_ratio,bearing_temp_rise_c_ratio,bearing_vibration_rms_ratio,bearing_play_mm_ratio,ujoint_vibration_rms_ratio,ujoint_backlash_mm_ratio,ujoint_temp_rise_c_ratio,downstream_water_ppm_ratio,separator_dp_kpa_ratio,service_compliance_ratio,data_source_type,impact_raw,criticality_weight_0_1,min_required_sqm_0_1,importance_band,part_quality_score_recomputed_0_1,supplier_quality_score_recomputed_0_1,sqm_gap_to_target_0_1,part_gap_to_target_0_1,weighted_loss_priority_0_1,sqm_status,action_priority,risk_label_current_scenario,dataset_note_current_scenario
1,17-04-2025,Chennai Plant,Tipper 3523,SUP-ZETA,Zeta Brake and Flow,SUP-ZETA-V-B-2685,V-Belt / Alternator Belt,Mechanical,347.83,100-450,111,0,1758,90.43,95.5,1.505,0.0172,0.0129,2.41,,,,,,,,,,,,,,,,,,,,,,,,,Incoming QC,8.5,0.9,0.9,High,0.86,0.9,0,-0.04,0.04,Target Met,Monitor,Low Risk,"Synthetic project dataset: decimal SQM scores rounded to 2 decimals, importance-based targets by part, and weighted loss-priority optimization."
2,21-01-2026,Pune Plant,Rigid Truck 2818,SUP-BETA,Beta Truck Systems,SUP-BETA-V-B-1189,V-Belt / Alternator Belt,Mechanical,440.81,100-450,231,0,1094,95.64,93.25,1.515,0.0099,0.0066,0.86,,,,,,,,,,,,,,,,,,,,,,,,,Bench Test,8.5,0.9,0.9,High,0.93,0.94,0.04,0.03,0.05,Target Met,Monitor,Low Risk,"Synthetic project dataset: decimal SQM scores rounded to 2 decimals, importance-based targets by part, and weighted loss-priority optimization."
3,30-04-2026,Jamshedpur Plant,Rigid Truck 2818,SUP-ZETA,Zeta Brake and Flow,SUP-ZETA-V-B-1775,V-Belt / Alternator Belt,Mechanical,254.05,100-450,174,1,2976,91.69,97.19,1.465,0.0222,0.0193,1.8,,,,,,,,,,,,,,,,,,,,,,,,,Incoming QC,8.5,0.9,0.9,High,0.83,0.88,-0.02,-0.07,0.04,Near Target,Monitor,Watchlist,"Synthetic project dataset: decimal SQM scores rounded to 2 decimals, importance-based targets by part, and weighted loss-priority optimization."
4,26-12-2025,Pune Plant,Bus Chassis 1624,SUP-ALPHA,Alpha Mobility Components,SUP-ALPHA-V-B-6675,V-Belt / Alternator Belt,Mechanical,394.8,100-450,41,0,549,93.65,89.89,1.461,0.0408,0.0165,2.15,,,,,,,,,,,,,,,,,,,,,,,,,Incoming QC,8.5,0.9,0.9,High,0.8,0.91,0.01,-0.1,0.04,Target Met,Monitor,Low Risk,"Synthetic project dataset: decimal SQM scores rounded to 2 decimals, importance-based targets by part, and weighted loss-priority optimization."
5,04-12-2025,Pune Plant,School Bus 1017,SUP-EPS,Epsilon Drives & Seals,SUP-EPS-V-B-1064,V-Belt / Alternator Belt,Mechanical,203.7,100-450,92,0,2670,92.78,85.28,1.114,0.0389,0.0243,3.73,,,,,,,,,,,,,,,,,,,,,,,,,Incoming QC,8.5,0.9,0.9,High,0.74,0.82,-0.08,-0.16,0.07,Below Target,Monitor,High Risk,"Synthetic project dataset: decimal SQM scores rounded to 2 decimals, importance-based targets by part, and weighted loss-priority optimization."
6,16-05-2025,Jamshedpur Plant,School Bus 1017,SUP-DELTA,Delta Fleet Components,SUP-DELTA-V-B-7184,V-Belt / Alternator Belt,Mechanical,125.92,100-450,102,0,1752,100,100,1.62,0.0192,0.0077,0.91,,,,,,,,,,,,,,,,,,,,,,,,,Bench Test,8.5,0.9,0.9,High,0.91,0.94,0.04,0.01,0,Target Met,Monitor,Low Risk,"Synthetic project dataset: decimal SQM scores rounded to 2 decimals, importance-based targets by part, and weighted loss-priority optimization."
7,03-03-2025,Pune Plant,Cargo 1916,SUP-GAMMA,Gamma Motion Parts,SUP-GAMMA-V-B-9110,V-Belt / Alternator Belt,Mechanical,234.02,100-450,255,1,2251,98.14,99.78,1.443,0.051,0.0219,3.01,,,,,,,,,,,,,,,,,,,,,,,,,Incoming QC,8.5,0.9,0.9,High,0.74,0.88,-0.02,-0.16,0.03,Near Target,Monitor,Watchlist,"Synthetic project dataset: decimal SQM scores rounded to 2 decimals, importance-based targets by part, and weighted loss-priority optimization."
8,12-09-2025,Pune Plant,Bus Chassis 1624,SUP-GAMMA,Gamma Motion Parts,SUP-GAMMA-V-B-2757,V-Belt / Alternator Belt,Mechanical,278,100-450,246,1,4422,89.48,75.15,1.398,0.0482,0.0302,4.57,,,,,,,,,,,,,,,,,,,,,,,,,Dealer Service,8.5,0.9,0.9,High,0.68,0.77,-0.13,-0.22,0.11,Below Target,Monitor,High Risk,"Synthetic project dataset: decimal SQM scores rounded to 2 decimals, importance-based targets by part, and weighted loss-priority optimization."
9,11-10-2025,Chennai Plant,Cargo 1916,SUP-GAMMA,Gamma Motion Parts,SUP-GAMMA-V-B-6450,V-Belt / Alternator Belt,Mechanical,176.45,100-450,105,0,1920,90.72,100,1.525,0.011,0.0036,0.73,,,,,,,,,,,,,,,,,,,,,,,,,Incoming QC,8.5,0.9,0.9,High,0.95,0.93,0.03,0.05,0.01,Target Met,Monitor,Low Risk,"Synthetic project dataset: decimal SQM scores rounded to 2 decimals, importance-based targets by part, and weighted loss-priority optimization."
10,09-07-2025,Bangalore Plant,School Bus 1017,SUP-ALPHA,Alpha Mobility Components,SUP-ALPHA-V-B-5413,V-Belt / Alternator Belt,Mechanical,286.93,100-450,264,1,3606,88.06,86.16,1.367,0.0278,0.0101,1.99,,,,,,,,,,,,,,,,,,,,,,,,,Dealer Service,8.5,0.9,0.9,High,0.86,0.84,-0.06,-0.04,0.07,Below Target,Monitor,High Risk,"Synthetic project dataset: decimal SQM scores rounded to 2 decimals, importance-based targets by part, and weighted loss-priority optimization."
11,06-04-2025,Jamshedpur Plant,School Bus 1017,SUP-GAMMA,Gamma Motion Parts,SUP-GAMMA-V-B-8554,V-Belt / Alternator Belt,Mechanical,343.71,100-450,272,1,3558,90.28,88.88,1.294,0.0356,0.0143,1.63,,,,,,,,,,,,,,,,,,,,,,,,,Incoming QC,8.5,0.9,0.9,High,0.83,0.84,-0.06,-0.07,0.08,Below Target,Monitor,High Risk,"Synthetic project dataset: decimal SQM scores rounded to 2 decimals, importance-based targets by part, and weighted loss-priority optimization."
12,23-04-2025,Chennai Plant,School Bus 1017,SUP-ALPHA,Alpha Mobility Components,SUP-ALPHA-V-B-6249,V-Belt / Alternator Belt,Mechanical,183.85,100-450,41,0,1635,94.96,94.78,1.407,0.0342,0.0132,2.29,,,,,,,,,,,,,,,,,,,,,,,,,Warranty Record,8.5,0.9,0.9,High,0.83,0.9,0,-0.07,0.01,Target Met,Monitor,Low Risk,"Synthetic project dataset: decimal SQM scores rounded to 2 decimals, importance-based targets by part, and weighted loss-priority optimization."
13,03-07-2025,Pune Plant,Rigid Truck 2818,SUP-GAMMA,Gamma Motion Parts,SUP-GAMMA-V-B-7287,V-Belt / Alternator Belt,Mechanical,239.59,100-450,162,1,3997,95.73,83.64,1.39,0.066,0.0183,2.46,,,,,,,,,,,,,,,,,,,,,,,,,Dealer Service,8.5,0.9,0.9,High,0.74,0.82,-0.08,-0.16,0.07,Below Target,Monitor,High Risk,"Synthetic project dataset: decimal SQM scores rounded to 2 decimals, importance-based targets by part, and weighted loss-priority optimization."
14,15-12-2025,Bangalore Plant,Rigid Truck 2818,SUP-ALPHA,Alpha Mobility Components,SUP-ALPHA-V-B-3911,V-Belt / Alternator Belt,Mechanical,179.27,100-450,298,1,3514,100,95.17,1.458,0.0137,0.0113,1.2,,,,,,,,,,,,,,,,,,,,,,,,,Bench Test,8.5,0.9,0.9,High,0.9,0.89,-0.01,0,0.02,Near Target,Monitor,Watchlist,"Synthetic project dataset: decimal SQM scores rounded to 2 decimals, importance-based targets by part, and weighted loss-priority optimization."
15,24-09-2025,Jamshedpur Plant,Tipper 3523,SUP-BETA,Beta Truck Systems,SUP-BETA-V-B-3049,V-Belt / Alternator Belt,Mechanical,443.76,100-450,190,0,860,100,99.77,1.473,0.0149,0.0061,0.74,,,,,,,,,,,,,,,,,,,,,,,,,Incoming QC,8.5,0.9,0.9,High,0.93,0.96,0.06,0.03,0.05,Target Met,Monitor,Low Risk,"Synthetic project dataset: decimal SQM scores rounded to 2 decimals, importance-based targets by part, and weighted loss-priority optimization."
16,09-06-2025,Pune Plant,Tipper 3523,SUP-DELTA,Delta Fleet Components,SUP-DELTA-V-B-2648,V-Belt / Alternator Belt,Mechanical,241.58,100-450,48,0,3704,89.37,92.16,1.443,0.0257,0.0192,2.51,,,,,,,,,,,,,,,,,,,,,,,,,Dealer Service,8.5,0.9,0.9,High,0.81,0.84,-0.06,-0.09,0.06,Below Target,Monitor,High Risk,"Synthetic project dataset: decimal SQM scores rounded to 2 decimals, importance-based targets by part, and weighted loss-priority optimization."
17,06-11-2025,Bangalore Plant,Rigid Truck 2818,SUP-GAMMA,Gamma Motion Parts,SUP-GAMMA-V-B-4987,V-Belt / Alternator Belt,Mechanical,213.89,100-450,202,0,1209,88.48,95.04,1.305,0.0329,0.0182,2.88,,,,,,,,,,,,,,,,,,,,,,,,,Bench Test,8.5,0.9,0.9,High,0.79,0.89,-0.01,-0.11,0.02,Near Target,Monitor,Watchlist,"Synthetic project dataset: decimal SQM scores rounded to 2 decimals, importance-based targets by part, and weighted loss-priority optimization."
18,08-05-2025,Pune Plant,Bus Chassis 1624,SUP-EPS,Epsilon Drives & Seals,SUP-EPS-V-B-4436,V-Belt / Alternator Belt,Mechanical,306.45,100-450,72,0,3176,100,84.04,1.525,0.0329,0.0183,2.05,,,,,,,,,,,,,,,,,,,,,,,,,Bench Test,8.5,0.9,0.9,High,0.81,0.86,-0.04,-0.09,0.06,Near Target,Monitor,Watchlist,"Synthetic project dataset: decimal SQM scores rounded to 2 decimals, importance-based targets by part, and weighted loss-priority optimization."
19,02-01-2026,Bangalore Plant,School Bus 1017,SUP-DELTA,Delta Fleet Components,SUP-DELTA-V-B-2060,V-Belt / Alternator Belt,Mechanical,409.22,100-450,186,0,0,100,100,1.362,0.0066,0.0019,0.46,,,,,,,,,,,,,,,,,,,,,,,,,Warranty Record,8.5,0.9,0.9,High,0.97,0.99,0.09,0.07,0.04,Target Met,Monitor,Low Risk,"Synthetic project dataset: decimal SQM scores rounded to 2 decimals, importance-based targets by part, and weighted loss-priority optimization."
20,09-04-2025,Chennai Plant,Bus Chassis 1624,SUP-BETA,Beta Truck Systems,SUP-BETA-V-B-9319,V-Belt / Alternator Belt,Mechanical,210.92,100-450,227,0,2028,98.53,97.7,1.387,0.0318,0.0133,3.02,,,,,,,,,,,,,,,,,,,,,,,,,Dealer Service,8.5,0.9,0.9,High,0.82,0.91,0.01,-0.08,0.02,Target Met,Monitor,Low Risk,"Synthetic project dataset: decimal SQM scores rounded to 2 decimals, importance-based targets by part, and weighted loss-priority optimization."
21,31-05-2025,Jamshedpur Plant,Tipper 3523,SUP-ALPHA,Alpha Mobility Components,SUP-ALPHA-V-B-8343,V-Belt / Alternator Belt,Mechanical,345.87,100-450,166,0,0,100,98.05,1.66,0.0097,0.0032,0.57,,,,,,,,,,,,,,,,,,,,,,,,,Dealer Service,8.5,0.9,0.9,High,0.95,0.99,0.09,0.05,0.04,Target Met,Monitor,Low Risk,"Synthetic project dataset: decimal SQM scores rounded to 2 decimals, importance-based targets by part, and weighted loss-priority optimization."
22,02-11-2025,Bangalore Plant,Bus Chassis 1624,SUP-ALPHA,Alpha Mobility Components,SUP-ALPHA-V-B-7002,V-Belt / Alternator Belt,Mechanical,117.77,100-450,52,0,0,100,98.47,1.507,0.0019,0.0008,0.09,,,,,,,,,,,,,,,,,,,,,,,,,Bench Test,8.5,0.9,0.9,High,0.99,1,0.1,0.09,0,Target Met,Monitor,Low Risk,"Synthetic project dataset: decimal SQM scores rounded to 2 decimals, importance-based targets by part, and weighted loss-priority optimization."
23,02-06-2025,Jamshedpur Plant,Cargo 1916,SUP-ZETA,Zeta Brake and Flow,SUP-ZETA-V-B-4854,V-Belt / Alternator Belt,Mechanical,113.07,100-450,225,1,3200,84.59,91.8,1.343,0.038,0.0122,2.85,,,,,,,,,,,,,,,,,,,,,,,,,Warranty Record,8.5,0.9,0.9,High,0.81,0.84,-0.06,-0.09,0.04,Below Target,Monitor,High Risk,"Synthetic project dataset: decimal SQM scores rounded to 2 decimals, importance-based targets by part, and weighted loss-priority optimization."
24,22-02-2025,Pune Plant,Bus Chassis 1624,SUP-BETA,Beta Truck Systems,SUP-BETA-V-B-8987,V-Belt / Alternator Belt,Mechanical,323.1,100-450,99,0,2843,89.1,100,1.676,0.0213,0.0172,2.34,,,,,,,,,,,,,,,,,,,,,,,,,Dealer Service,8.5,0.9,0.9,High,0.83,0.88,-0.02,-0.07,0.05,Near Target,Monitor,Watchlist,"Synthetic project dataset: decimal SQM scores rounded to 2 decimals, importance-based targets by part, and weighted loss-priority optimization."
25,02-10-2025,Jamshedpur Plant,School Bus 1017,SUP-ZETA,Zeta Brake and Flow,SUP-ZETA-V-B-1512,V-Belt / Alternator Belt,Mechanical,120.37,100-450,131,0,2065,90.19,96.21,1.637,0.0348,0.0118,1.52,,,,,,,,,,,,,,,,,,,,,,,,,Dealer Service,8.5,0.9,0.9,High,0.85,0.89,-0.01,-0.05,0.01,Near Target,Monitor,Watchlist,"Synthetic project dataset: decimal SQM scores rounded to 2 decimals, importance-based targets by part, and weighted loss-priority optimization."
26,30-03-2025,Pune Plant,Bus Chassis 1624,SUP-DELTA,Delta Fleet Components,SUP-DELTA-V-B-2679,V-Belt / Alternator Belt,Mechanical,186.71,100-450,276,1,3185,100,82.93,1.639,0.0275,0.0106,2.11,,,,,,,,,,,,,,,,,,,,,,,,,Dealer Service,8.5,0.9,0.9,High,0.85,0.87,-0.03,-0.05,0.03,Near Target,Monitor,Watchlist,"Synthetic project dataset: decimal SQM scores rounded to 2 decimals, importance-based targets by part, and weighted loss-priority optimization."
27,10-04-2025,Chennai Plant,Rigid Truck 2818,SUP-EPS,Epsilon Drives & Seals,SUP-EPS-V-B-8390,V-Belt / Alternator Belt,Mechanical,115.86,100-450,293,1,3240,84.77,83.8,1.617,0.0214,0.0194,2.27,,,,,,,,,,,,,,,,,,,,,,,,,Warranty Record,8.5,0.9,0.9,High,0.83,0.83,-0.07,-0.07,0.05,Below Target,Monitor,High Risk,"Synthetic project dataset: decimal SQM scores rounded to 2 decimals, importance-based targets by part, and weighted loss-priority optimization."
28,21-11-2025,Pune Plant,Cargo 1916,SUP-ALPHA,Alpha Mobility Components,SUP-ALPHA-V-B-3427,V-Belt / Alternator Belt,Mechanical,337.01,100-450,43,0,681,100,100,1.664,0,0,0,,,,,,,,,,,,,,,,,,,,,,,,,Bench Test,8.5,0.9,0.9,High,1,0.99,0.09,0.1,0.03,Target Met,Monitor,Low Risk,"Synthetic project dataset: decimal SQM scores rounded to 2 decimals, importance-based targets by part, and weighted loss-priority optimization."
29,17-06-2025,Jamshedpur Plant,Cargo 1916,SUP-EPS,Epsilon Drives & Seals,SUP-EPS-V-B-1417,V-Belt / Alternator Belt,Mechanical,395.71,100-450,82,0,2531,97.25,89.61,1.442,0.0223,0.0113,2.1,,,,,,,,,,,,,,,,,,,,,,,,,Incoming QC,8.5,0.9,0.9,High,0.86,0.89,-0.01,-0.04,0.05,Near Target,Monitor,Watchlist,"Synthetic project dataset: decimal SQM scores rounded to 2 decimals, importance-based targets by part, and weighted loss-priority optimization."
30,24-04-2025,Bangalore Plant,School Bus 1017,SUP-EPS,Epsilon Drives & Seals,SUP-EPS-V-B-3504,V-Belt / Alternator Belt,Mechanical,162.1,100-450,114,1,4386,94.67,83.05,1.442,0.0573,0.0238,4.29,,,,,,,,,,,,,,,,,,,,,,,,,Warranty Record,8.5,0.9,0.9,High,0.69,0.8,-0.1,-0.21,0.08,Below Target,Monitor,High Risk,"Synthetic project dataset: decimal SQM scores rounded to 2 decimals, importance-based targets by part, and weighted loss-priority optimization."
31,06-04-2025,Bangalore Plant,Tipper 3523,SUP-ALPHA,Alpha Mobility Components,SUP-ALPHA-V-B-3914,V-Belt / Alternator Belt,Mechanical,358.97,100-450,191,0,1224,96.98,100,1.566,0.0178,0.0142,1.7,,,,,,,,,,,,,,,,,,,,,,,,,Incoming QC,8.5,0.9,0.9,High,0.87,0.94,0.04,-0.03,0.04,Target Met,Monitor,Low Risk,"Synthetic project dataset: decimal SQM scores rounded to 2 decimals, importance-based targets by part, and weighted loss-priority optimization."
32,03-01-2026,Jamshedpur Plant,Bus Chassis 1624,SUP-ALPHA,Alpha Mobility Components,SUP-ALPHA-V-B-5946,V-Belt / Alternator Belt,Mechanical,432.71,100-450,256,1,3591,92.67,92.7,1.399,0.0379,0.0103,1.59,,,,,,,,,,,,,,,,,,,,,,,,,Dealer Service,8.5,0.9,0.9,High,0.85,0.86,-0.04,-0.05,0.07,Near Target,Monitor,Watchlist,"Synthetic project dataset: decimal SQM scores rounded to 2 decimals, importance-based targets by part, and weighted loss-priority optimization."
33,14-04-2026,Bangalore Plant,School Bus 1017,SUP-DELTA,Delta Fleet Components,SUP-DELTA-V-B-5729,V-Belt / Alternator Belt,Mechanical,120.15,100-450,92,0,3143,100,100,1.56,0.0075,0.0043,0.45,,,,,,,,,,,,,,,,,,,,,,,,,Incoming QC,8.5,0.9,0.9,High,0.96,0.92,0.02,0.06,0,Target Met,Monitor,Low Risk,"Synthetic project dataset: decimal SQM scores rounded to 2 decimals, importance-based targets by part, and weighted loss-priority optimization."
34,26-05-2025,Bangalore Plant,School Bus 1017,SUP-BETA,Beta Truck Systems,SUP-BETA-V-B-2191,V-Belt / Alternator Belt,Mechanical,129.44,100-450,278,1,3852,90.19,83.88,1.405,0.0306,0.0241,3.57,,,,,,,,,,,,,,,,,,,,,,,,,Incoming QC,8.5,0.9,0.9,High,0.76,0.82,-0.08,-0.14,0.06,Below Target,Monitor,High Risk,"Synthetic project dataset: decimal SQM scores rounded to 2 decimals, importance-based targets by part, and weighted loss-priority optimization."
35,23-11-2025,Pune Plant,Tipper 3523,SUP-EPS,Epsilon Drives & Seals,SUP-EPS-V-B-5186,V-Belt / Alternator Belt,Mechanical,232.3,100-450,256,0,1401,87.17,99.83,1.449,0.0218,0.0096,1.67,,,,,,,,,,,,,,,,,,,,,,,,,Bench Test,8.5,0.9,0.9,High,0.88,0.91,0.01,-0.02,0.02,Target Met,Monitor,Low Risk,"Synthetic project dataset: decimal SQM scores rounded to 2 decimals, importance-based targets by part, and weighted loss-priority optimization."
36,22-06-2025,Bangalore Plant,Cargo 1916,SUP-BETA,Beta Truck Systems,SUP-BETA-V-B-4072,V-Belt / Alternator Belt,Mechanical,387.98,100-450,180,0,1779,90.33,100,1.689,0.0007,0.0002,0.04,,,,,,,,,,,,,,,,,,,,,,,,,Incoming QC,8.5,0.9,0.9,High,1,0.94,0.04,0.1,0.04,Target Met,Monitor,Low Risk,"Synthetic project dataset: decimal SQM scores rounded to 2 decimals, importance-based targets by part, and weighted loss-priority optimization."
37,21-02-2026,Bangalore Plant,Tipper 3523,SUP-ALPHA,Alpha Mobility Components,SUP-ALPHA-V-B-2256,V-Belt / Alternator Belt,Mechanical,283.08,100-450,156,0,2402,95.23,97.71,1.493,0.0262,0.0116,3.19,,,,,,,,,,,,,,,,,,,,,,,,,Incoming QC,8.5,0.9,0.9,High,0.83,0.89,-0.01,-0.07,0.03,Near Target,Monitor,Watchlist,"Synthetic project dataset: decimal SQM scores rounded to 2 decimals, importance-based targets by part, and weighted loss-priority optimization."
38,23-02-2025,Pune Plant,School Bus 1017,SUP-BETA,Beta Truck Systems,SUP-BETA-V-B-4719,V-Belt / Alternator Belt,Mechanical,165.84,100-450,298,1,2081,100,83.9,1.546,0.0269,0.0134,1.25,,,,,,,,,,,,,,,,,,,,,,,,,Incoming QC,8.5,0.9,0.9,High,0.86,0.9,0,-0.04,0.01,Target Met,Monitor,Low Risk,"Synthetic project dataset: decimal SQM scores rounded to 2 decimals, importance-based targets by part, and weighted loss-priority optimization."
39,21-02-2026,Jamshedpur Plant,Rigid Truck 2818,SUP-ALPHA,Alpha Mobility Components,SUP-ALPHA-V-B-1009,V-Belt / Alternator Belt,Mechanical,303.41,100-450,251,1,3281,90.28,100,1.517,0.019,0.0076,0.55,,,,,,,,,,,,,,,,,,,,,,,,,Incoming QC,8.5,0.9,0.9,High,0.92,0.89,-0.01,0.02,0.04,Near Target,Monitor,Watchlist,"Synthetic project dataset: decimal SQM scores rounded to 2 decimals, importance-based targets by part, and weighted loss-priority optimization."
40,29-04-2025,Pune Plant,Cargo 1916,SUP-EPS,Epsilon Drives & Seals,SUP-EPS-V-B-7970,V-Belt / Alternator Belt,Mechanical,237.55,100-450,104,0,2990,94.55,99.63,1.347,0.0451,0.0187,2.26,,,,,,,,,,,,,,,,,,,,,,,,,Bench Test,8.5,0.9,0.9,High,0.78,0.87,-0.03,-0.12,0.04,Near Target,Monitor,Watchlist,"Synthetic project dataset: decimal SQM scores rounded to 2 decimals, importance-based targets by part, and weighted loss-priority optimization."
41,11-05-2026,Bangalore Plant,School Bus 1017,SUP-EPS,Epsilon Drives & Seals,SUP-EPS-V-B-4636,V-Belt / Alternator Belt,Mechanical,304.8,100-450,45,0,4554,90.73,93.89,1.287,0.0979,0.0385,3.68,,,,,,,,,,,,,,,,,,,,,,,,,Bench Test,8.5,0.9,0.9,High,0.56,0.76,-0.14,-0.34,0.12,Below Target,Monitor,High Risk,"Synthetic project dataset: decimal SQM scores rounded to 2 decimals, importance-based targets by part, and weighted loss-priority optimization."
42,19-03-2025,Pune Plant,School Bus 1017,SUP-EPS,Epsilon Drives & Seals,SUP-EPS-V-B-4419,V-Belt / Alternator Belt,Mechanical,316.34,100-450,40,0,3272,96.06,93.84,1.257,0.0352,0.0108,2.81,,,,,,,,,,,,,,,,,,,,,,,,,Warranty Record,8.5,0.9,0.9,High,0.82,0.86,-0.04,-0.08,0.06,Near Target,Monitor,Watchlist,"Synthetic project dataset: decimal SQM scores rounded to 2 decimals, importance-based targets by part, and weighted loss-priority optimization."
43,02-11-2025,Bangalore Plant,Cargo 1916,SUP-ZETA,Zeta Brake and Flow,SUP-ZETA-V-B-5673,V-Belt / Alternator Belt,Mechanical,374.63,100-450,93,0,879,100,100,1.221,0.0169,0.0075,0.98,,,,,,,,,,,,,,,,,,,,,,,,,Bench Test,8.5,0.9,0.9,High,0.91,0.95,0.05,0.01,0.04,Target Met,Monitor,Low Risk,"Synthetic project dataset: decimal SQM scores rounded to 2 decimals, importance-based targets by part, and weighted loss-priority optimization."
44,14-08-2025,Jamshedpur Plant,School Bus 1017,SUP-ZETA,Zeta Brake and Flow,SUP-ZETA-V-B-8648,V-Belt / Alternator Belt,Mechanical,291.61,100-450,137,1,4294,100,90.49,1.325,0.0556,0.0171,3.3,,,,,,,,,,,,,,,,,,,,,,,,,Dealer Service,8.5,0.9,0.9,High,0.75,0.83,-0.07,-0.15,0.07,Below Target,Monitor,High Risk,"Synthetic project dataset: decimal SQM scores rounded to 2 decimals, importance-based targets by part, and weighted loss-priority optimization."
45,17-04-2026,Pune Plant,Bus Chassis 1624,SUP-DELTA,Delta Fleet Components,SUP-DELTA-V-B-2906,V-Belt / Alternator Belt,Mechanical,184.05,100-450,108,0,3897,91.71,89.21,1.47,0.0561,0.0217,3.84,,,,,,,,,,,,,,,,,,,,,,,,,Incoming QC,8.5,0.9,0.9,High,0.71,0.81,-0.09,-0.19,0.07,Below Target,Monitor,High Risk,"Synthetic project dataset: decimal SQM scores rounded to 2 decimals, importance-based targets by part, and weighted loss-priority optimization."
46,04-04-2026,Chennai Plant,School Bus 1017,SUP-ALPHA,Alpha Mobility Components,SUP-ALPHA-V-B-1671,V-Belt / Alternator Belt,Mechanical,280.33,100-450,47,0,3841,88.84,95.42,1.36,0.0323,0.0134,1.69,,,,,,,,,,,,,,,,,,,,,,,,,Dealer Service,8.5,0.9,0.9,High,0.84,0.85,-0.05,-0.06,0.06,Near Target,Monitor,Watchlist,"Synthetic project dataset: decimal SQM scores rounded to 2 decimals, importance-based targets by part, and weighted loss-priority optimization."
47,13-11-2025,Pune Plant,Rigid Truck 2818,SUP-EPS,Epsilon Drives & Seals,SUP-EPS-V-B-8240,V-Belt / Alternator Belt,Mechanical,341.64,100-450,61,0,3044,84.5,85.53,1.34,0.0373,0.0223,4.2,,,,,,,,,,,,,,,,,,,,,,,,,Bench Test,8.5,0.9,0.9,High,0.74,0.82,-0.08,-0.16,0.09,Below Target,Monitor,High Risk,"Synthetic project dataset: decimal SQM scores rounded to 2 decimals, importance-based targets by part, and weighted loss-priority optimization."
48,25-02-2025,Pune Plant,Rigid Truck 2818,SUP-ALPHA,Alpha Mobility Components,SUP-ALPHA-V-B-1638,V-Belt / Alternator Belt,Mechanical,173.27,100-450,146,1,5200,88.19,81.65,1.391,0.0767,0.0185,4.63,,,,,,,,,,,,,,,,,,,,,,,,,Incoming QC,8.5,0.9,0.9,High,0.67,0.76,-0.14,-0.23,0.11,Below Target,Monitor,High Risk,"Synthetic project dataset: decimal SQM scores rounded to 2 decimals, importance-based targets by part, and weighted loss-priority optimization."
49,03-06-2025,Chennai Plant,School Bus 1017,SUP-ALPHA,Alpha Mobility Components,SUP-ALPHA-V-B-9152,V-Belt / Alternator Belt,Mechanical,239.01,100-450,53,0,302,100,100,1.557,0,0,0,,,,,,,,,,,,,,,,,,,,,,,,,Dealer Service,8.5,0.9,0.9,High,1,0.99,0.09,0.1,0.02,Target Met,Monitor,Low Risk,"Synthetic project dataset: decimal SQM scores rounded to 2 decimals, importance-based targets by part, and weighted loss-priority optimization."
50,30-09-2025,Jamshedpur Plant,Bus Chassis 1624,SUP-BETA,Beta Truck Systems,SUP-BETA-V-B-8561,V-Belt / Alternator Belt,Mechanical,265.89,100-450,270,0,1288,93.13,91.79,1.377,0.0202,0.0068,0.68,,,,,,,,,,,,,,,,,,,,,,,,,Dealer Service,8.5,0.9,0.9,High,0.92,0.93,0.03,0.02,0.02,Target Met,Monitor,Low Risk,"Synthetic project dataset: decimal SQM scores rounded to 2 decimals, importance-based targets by part, and weighted loss-priority optimization."
51,21-09-2025,Jamshedpur Plant,Bus Chassis 1624,SUP-EPS,Epsilon Drives & Seals,SUP-EPS-V-B-1876,V-Belt / Alternator Belt,Mechanical,299.77,100-450,275,0,1728,97,94.29,1.733,0.0061,0.0039,0.26,,,,,,,,,,,,,,,,,,,,,,,,,Bench Test,8.5,0.9,0.9,High,0.97,0.94,0.04,0.07,0.03,Target Met,Monitor,Low Risk,"Synthetic project dataset: decimal SQM scores rounded to 2 decimals, importance-based targets by part, and weighted loss-priority optimization."
52,04-10-2025,Pune Plant,Rigid Truck 2818,SUP-DELTA,Delta Fleet Components,SUP-DELTA-V-B-1117,V-Belt / Alternator Belt,Mechanical,101.86,100-450,237,1,3244,81.34,93.15,1.385,0.0389,0.0144,3.61,,,,,,,,,,,,,,,,,,,,,,,,,Warranty Record,8.5,0.9,0.9,High,0.78,0.83,-0.07,-0.12,0.05,Below Target,Monitor,High Risk,"Synthetic project dataset: decimal SQM scores rounded to 2 decimals, importance-based targets by part, and weighted loss-priority optimization."
53,27-01-2026,Bangalore Plant,Cargo 1916,SUP-ALPHA,Alpha Mobility Components,SUP-ALPHA-V-B-1224,V-Belt / Alternator Belt,Mechanical,248.9,100-450,65,0,2222,100,91.03,1.444,0.0215,0.0077,1.41,,,,,,,,,,,,,,,,,,,,,,,,,Warranty Record,8.5,0.9,0.9,High,0.89,0.91,0.01,-0.01,0.02,Target Met,Monitor,Low Risk,"Synthetic project dataset: decimal SQM scores rounded to 2 decimals, importance-based targets by part, and weighted loss-priority optimization."
54,22-05-2025,Chennai Plant,Rigid Truck 2818,SUP-DELTA,Delta Fleet Components,SUP-DELTA-V-B-1009,V-Belt / Alternator Belt,Mechanical,118.14,100-450,77,0,1755,94.83,100,1.199,0.0446,0.0184,2.07,,,,,,,,,,,,,,,,,,,,,,,,,Warranty Record,8.5,0.9,0.9,High,0.79,0.89,-0.01,-0.11,0.01,Near Target,Monitor,Watchlist,"Synthetic project dataset: decimal SQM scores rounded to 2 decimals, importance-based targets by part, and weighted loss-priority optimization."
55,15-11-2025,Bangalore Plant,Rigid Truck 2818,SUP-ALPHA,Alpha Mobility Components,SUP-ALPHA-V-B-1235,V-Belt / Alternator Belt,Mechanical,397.75,100-450,140,0,2452,100,89.24,1.432,0.0273,0.0164,2.77,,,,,,,,,,,,,,,,,,,,,,,,,Warranty Record,8.5,0.9,0.9,High,0.82,0.89,-0.01,-0.08,0.05,Near Target,Monitor,Watchlist,"Synthetic project dataset: decimal SQM scores rounded to 2 decimals, importance-based targets by part, and weighted loss-priority optimization."
56,22-02-2026,Pune Plant,School Bus 1017,SUP-BETA,Beta Truck Systems,SUP-BETA-V-B-7941,V-Belt / Alternator Belt,Mechanical,362.68,100-450,115,0,2890,94.7,96.51,1.52,0.0361,0.0088,1.44,,,,,,,,,,,,,,,,,,,,,,,,,Bench Test,8.5,0.9,0.9,High,0.86,0.89,-0.01,-0.04,0.04,Near Target,Monitor,Watchlist,"Synthetic project dataset: decimal SQM scores rounded to 2 decimals, importance-based targets by part, and weighted loss-priority optimization."
57,30-03-2025,Jamshedpur Plant,Bus Chassis 1624,SUP-DELTA,Delta Fleet Components,SUP-DELTA-V-B-8804,V-Belt / Alternator Belt,Mechanical,414.88,100-450,276,0,1321,100,100,1.744,0.0119,0.007,0.93,,,,,,,,,,,,,,,,,,,,,,,,,Bench Test,8.5,0.9,0.9,High,0.93,0.95,0.05,0.03,0.04,Target Met,Monitor,Low Risk,"Synthetic project dataset: decimal SQM scores rounded to 2 decimals, importance-based targets by part, and weighted loss-priority optimization."
58,02-06-2025,Pune Plant,Rigid Truck 2818,SUP-GAMMA,Gamma Motion Parts,SUP-GAMMA-V-B-2970,V-Belt / Alternator Belt,Mechanical,318.48,100-450,184,1,3071,97.12,94.16,1.388,0.0437,0.0164,3.64,,,,,,,,,,,,,,,,,,,,,,,,,Warranty Record,8.5,0.9,0.9,High,0.77,0.86,-0.04,-0.13,0.06,Near Target,Monitor,Watchlist,"Synthetic project dataset: decimal SQM scores rounded to 2 decimals, importance-based targets by part, and weighted loss-priority optimization."
59,21-04-2025,Chennai Plant,School Bus 1017,SUP-DELTA,Delta Fleet Components,SUP-DELTA-V-B-3336,V-Belt / Alternator Belt,Mechanical,372.5,100-450,196,1,3593,100,89.88,1.501,0.0259,0.0178,3.31,,,,,,,,,,,,,,,,,,,,,,,,,Incoming QC,8.5,0.9,0.9,High,0.8,0.86,-0.04,-0.1,0.07,Near Target,Monitor,Watchlist,"Synthetic project dataset: decimal SQM scores rounded to 2 decimals, importance-based targets by part, and weighted loss-priority optimization."
60,03-05-2025,Pune Plant,Bus Chassis 1624,SUP-ALPHA,Alpha Mobility Components,SUP-ALPHA-V-B-5225,V-Belt / Alternator Belt,Mechanical,352.79,100-450,157,0,1772,97.3,96.68,1.518,0.0019,0.0014,0.22,,,,,,,,,,,,,,,,,,,,,,,,,Incoming QC,8.5,0.9,0.9,High,0.99,0.95,0.05,0.09,0.04,Target Met,Monitor,Low Risk,"Synthetic project dataset: decimal SQM scores rounded to 2 decimals, importance-based targets by part, and weighted loss-priority optimization."
61,28-05-2025,Jamshedpur Plant,Bus Chassis 1624,SUP-DELTA,Delta Fleet Components,SUP-DELTA-V-B-9554,V-Belt / Alternator Belt,Mechanical,200.78,100-450,50,0,2939,97.24,98.43,1.481,0.0106,0.0064,0.96,,,,,,,,,,,,,,,,,,,,,,,,,Warranty Record,8.5,0.9,0.9,High,0.93,0.91,0.01,0.03,0.02,Target Met,Monitor,Low Risk,"Synthetic project dataset: decimal SQM scores rounded to 2 decimals, importance-based targets by part, and weighted loss-priority optimization."
62,18-04-2026,Pune Plant,Cargo 1916,SUP-DELTA,Delta Fleet Components,SUP-DELTA-V-B-7024,V-Belt / Alternator Belt,Mechanical,231.05,100-450,150,1,4434,100,95.02,1.437,0.0474,0.0248,4.57,,,,,,,,,,,,,,,,,,,,,,,,,Incoming QC,8.5,0.9,0.9,High,0.7,0.83,-0.07,-0.2,0.07,Below Target,Monitor,High Risk,"Synthetic project dataset: decimal SQM scores rounded to 2 decimals, importance-based targets by part, and weighted loss-priority optimization."
63,29-10-2025,Bangalore Plant,Cargo 1916,SUP-ALPHA,Alpha Mobility Components,SUP-ALPHA-V-B-9393,V-Belt / Alternator Belt,Mechanical,119.17,100-450,140,0,2485,97.05,100,1.294,0.0264,0.0052,1.19,,,,,,,,,,,,,,,,,,,,,,,,,Warranty Record,8.5,0.9,0.9,High,0.9,0.91,0.01,0,0,Target Met,Monitor,Low Risk,"Synthetic project dataset: decimal SQM scores rounded to 2 decimals, importance-based targets by part, and weighted loss-priority optimization."
64,04-03-2025,Jamshedpur Plant,Bus Chassis 1624,SUP-GAMMA,Gamma Motion Parts,SUP-GAMMA-V-B-4600,V-Belt / Alternator Belt,Mechanical,358.13,100-450,283,1,2032,98.19,88.78,1.375,0.0153,0.0036,1.28,,,,,,,,,,,,,,,,,,,,,,,,,Warranty Record,8.5,0.9,0.9,High,0.93,0.92,0.02,0.03,0.04,Target Met,Monitor,Low Risk,"Synthetic project dataset: decimal SQM scores rounded to 2 decimals, importance-based targets by part, and weighted loss-priority optimization."
65,29-06-2025,Pune Plant,Rigid Truck 2818,SUP-BETA,Beta Truck Systems,SUP-BETA-V-B-5944,V-Belt / Alternator Belt,Mechanical,280.31,100-450,237,0,0,92.84,99.72,1.405,0.0321,0.0069,1.43,,,,,,,,,,,,,,,,,,,,,,,,,Dealer Service,8.5,0.9,0.9,High,0.88,0.95,0.05,-0.02,0.03,Target Met,Monitor,Low Risk,"Synthetic project dataset: decimal SQM scores rounded to 2 decimals, importance-based targets by part, and weighted loss-priority optimization."
66,21-04-2026,Bangalore Plant,Rigid Truck 2818,SUP-EPS,Epsilon Drives & Seals,SUP-EPS-V-B-9058,V-Belt / Alternator Belt,Mechanical,362.49,100-450,102,0,4146,92.15,82.11,1.342,0.0705,0.0206,3.63,,,,,,,,,,,,,,,,,,,,,,,,,Incoming QC,8.5,0.9,0.9,High,0.69,0.79,-0.11,-0.21,0.11,Below Target,Monitor,High Risk,"Synthetic project dataset: decimal SQM scores rounded to 2 decimals, importance-based targets by part, and weighted loss-priority optimization."
67,24-05-2025,Pune Plant,Rigid Truck 2818,SUP-ALPHA,Alpha Mobility Components,SUP-ALPHA-V-B-5926,V-Belt / Alternator Belt,Mechanical,295.87,100-450,58,0,4918,100,73.51,1.14,0.0299,0.0155,1.77,,,,,,,,,,,,,,,,,,,,,,,,,Warranty Record,8.5,0.9,0.9,High,0.84,0.8,-0.1,-0.06,0.1,Below Target,Monitor,High Risk,"Synthetic project dataset: decimal SQM scores rounded to 2 decimals, importance-based targets by part, and weighted loss-priority optimization."
68,11-05-2025,Pune Plant,Rigid Truck 2818,SUP-EPS,Epsilon Drives & Seals,SUP-EPS-V-B-1832,V-Belt / Alternator Belt,Mechanical,330.62,100-450,201,1,4414,89.55,86.75,1.184,0.0694,0.0219,3.19,,,,,,,,,,,,,,,,,,,,,,,,,Incoming QC,8.5,0.9,0.9,High,0.7,0.78,-0.12,-0.2,0.11,Below Target,Monitor,High Risk,"Synthetic project dataset: decimal SQM scores rounded to 2 decimals, importance-based targets by part, and weighted loss-priority optimization."
69,06-09-2025,Pune Plant,Cargo 1916,SUP-EPS,Epsilon Drives & Seals,SUP-EPS-V-B-6207,V-Belt / Alternator Belt,Mechanical,381.86,100-450,278,0,453,100,100,1.788,0.0044,0.002,0.32,,,,,,,,,,,,,,,,,,,,,,,,,Incoming QC,8.5,0.9,0.9,High,0.98,0.98,0.08,0.08,0.04,Target Met,Monitor,Low Risk,"Synthetic project dataset: decimal SQM scores rounded to 2 decimals, importance-based targets by part, and weighted loss-priority optimization."
70,28-03-2026,Chennai Plant,School Bus 1017,SUP-ALPHA,Alpha Mobility Components,SUP-ALPHA-V-B-3198,V-Belt / Alternator Belt,Mechanical,321.63,100-450,204,0,579,92.81,93.34,1.508,0.016,0.0036,1.09,,,,,,,,,,,,,,,,,,,,,,,,,Bench Test,8.5,0.9,0.9,High,0.93,0.95,0.05,0.03,0.03,Target Met,Monitor,Low Risk,"Synthetic project dataset: decimal SQM scores rounded to 2 decimals, importance-based targets by part, and weighted loss-priority optimization."
71,20-01-2026,Bangalore Plant,Tipper 3523,SUP-ALPHA,Alpha Mobility Components,SUP-ALPHA-V-B-1804,V-Belt / Alternator Belt,Mechanical,193.82,100-450,236,0,1149,93.79,95.1,1.758,0,0,0,,,,,,,,,,,,,,,,,,,,,,,,,Warranty Record,8.5,0.9,0.9,High,1,0.96,0.06,0.1,0.01,Target Met,Monitor,Low Risk,"Synthetic project dataset: decimal SQM scores rounded to 2 decimals, importance-based targets by part, and weighted loss-priority optimization."
72,04-03-2026,Pune Plant,Tipper 3523,SUP-BETA,Beta Truck Systems,SUP-BETA-V-B-4186,V-Belt / Alternator Belt,Mechanical,248.82,100-450,120,1,4338,96.38,86.07,1.326,0.0609,0.0298,4.64,,,,,,,,,,,,,,,,,,,,,,,,,Dealer Service,8.5,0.9,0.9,High,0.65,0.79,-0.11,-0.25,0.1,Below Target,Monitor,High Risk,"Synthetic project dataset: decimal SQM scores rounded to 2 decimals, importance-based targets by part, and weighted loss-priority optimization."
73,05-10-2025,Bangalore Plant,Cargo 1916,SUP-DELTA,Delta Fleet Components,SUP-DELTA-RAD-7981,Radiator Hose,Fluid,301.79,90-400,274,1,2986,87.38,86.83,1.399,,,,0.898,6.025,0.1149,,,,,,,,,,,,,,,,,,,,,,Bench Test,9,0.95,0.95,Very High,0.82,0.85,-0.1,-0.13,0.1,Below Target,Monitor,High Risk,"Synthetic project dataset: decimal SQM scores rounded to 2 decimals, importance-based targets by part, and weighted loss-priority optimization."
74,17-01-2025,Chennai Plant,Cargo 1916,SUP-GAMMA,Gamma Motion Parts,SUP-GAMMA-RAD-7136,Radiator Hose,Fluid,276.16,90-400,204,1,5497,95.07,86.72,1.308,,,,0.8678,5.769,0.2941,,,,,,,,,,,,,,,,,,,,,,Incoming QC,9,0.95,0.95,Very High,0.77,0.8,-0.15,-0.18,0.13,Below Target,Monitor,High Risk,"Synthetic project dataset: decimal SQM scores rounded to 2 decimals, importance-based targets by part, and weighted loss-priority optimization."
75,09-07-2025,Chennai Plant,School Bus 1017,SUP-EPS,Epsilon Drives & Seals,SUP-EPS-RAD-4850,Radiator Hose,Fluid,111.16,90-400,161,1,5119,82.92,81.57,1.368,,,,0.8483,3.547,0.177,,,,,,,,,,,,,,,,,,,,,,Incoming QC,9,0.95,0.95,Very High,0.83,0.79,-0.16,-0.12,0.12,Below Target,Monitor,High Risk,"Synthetic project dataset: decimal SQM scores rounded to 2 decimals, importance-based targets by part, and weighted loss-priority optimization."
76,15-08-2025,Pune Plant,Tipper 3523,SUP-BETA,Beta Truck Systems,SUP-BETA-RAD-9942,Radiator Hose,Fluid,173.67,90-400,137,1,4715,95.41,87.79,1.364,,,,0.8146,3.157,0.2146,,,,,,,,,,,,,,,,,,,,,,Dealer Service,9,0.95,0.95,Very High,0.81,0.83,-0.12,-0.14,0.1,Below Target,Monitor,High Risk,"Synthetic project dataset: decimal SQM scores rounded to 2 decimals, importance-based targets by part, and weighted loss-priority optimization."
77,31-12-2025,Bangalore Plant,Tipper 3523,SUP-ALPHA,Alpha Mobility Components,SUP-ALPHA-RAD-2639,Radiator Hose,Fluid,243.6,90-400,240,0,655,95.23,96.63,1.525,,,,0.929,1.623,0.0584,,,,,,,,,,,,,,,,,,,,,,Bench Test,9,0.95,0.95,Very High,0.93,0.95,0,-0.02,0.02,Target Met,Monitor,Low Risk,"Synthetic project dataset: decimal SQM scores rounded to 2 decimals, importance-based targets by part, and weighted loss-priority optimization."
78,21-06-2025,Bangalore Plant,School Bus 1017,SUP-BETA,Beta Truck Systems,SUP-BETA-RAD-9407,Radiator Hose,Fluid,257.99,90-400,141,0,2319,87.69,100,1.33,,,,0.9257,2.537,0.1091,,,,,,,,,,,,,,,,,,,,,,Warranty Record,9,0.95,0.95,Very High,0.9,0.9,-0.05,-0.05,0.06,Near Target,Monitor,Watchlist,"Synthetic project dataset: decimal SQM scores rounded to 2 decimals, importance-based targets by part, and weighted loss-priority optimization."
79,09-04-2026,Bangalore Plant,Rigid Truck 2818,SUP-ZETA,Zeta Brake and Flow,SUP-ZETA-RAD-5806,Radiator Hose,Fluid,103.69,90-400,237,1,2670,100,100,1.514,,,,0.9226,2.796,0.0928,,,,,,,,,,,,,,,,,,,,,,Incoming QC,9,0.95,0.95,Very High,0.9,0.92,-0.03,-0.05,0.02,Near Target,Monitor,Watchlist,"Synthetic project dataset: decimal SQM scores rounded to 2 decimals, importance-based targets by part, and weighted loss-priority optimization."
80,01-12-2025,Chennai Plant,Rigid Truck 2818,SUP-BETA,Beta Truck Systems,SUP-BETA-RAD-4294,Radiator Hose,Fluid,336.56,90-400,156,1,4287,86.27,88.28,1.268,,,,0.7784,7.556,0.3596,,,,,,,,,,,,,,,,,,,,,,Dealer Service,9,0.95,0.95,Very High,0.68,0.78,-0.17,-0.27,0.16,Below Target,Monitor,High Risk,"Synthetic project dataset: decimal SQM scores rounded to 2 decimals, importance-based targets by part, and weighted loss-priority optimization."
81,30-09-2025,Bangalore Plant,Tipper 3523,SUP-ZETA,Zeta Brake and Flow,SUP-ZETA-RAD-9230,Radiator Hose,Fluid,314.68,90-400,53,0,774,90.07,98.36,1.382,,,,1,1.364,0.0819,,,,,,,,,,,,,,,,,,,,,,Bench Test,9,0.95,0.95,Very High,0.96,0.95,0,0.01,0.03,Target Met,Monitor,Low Risk,"Synthetic project dataset: decimal SQM scores rounded to 2 decimals, importance-based targets by part, and weighted loss-priority optimization."
82,29-07-2025,Bangalore Plant,Bus Chassis 1624,SUP-EPS,Epsilon Drives & Seals,SUP-EPS-RAD-4810,Radiator Hose,Fluid,381.11,90-400,200,1,5392,92.71,91.54,1.334,,,,0.898,2.832,0.106,,,,,,,,,,,,,,,,,,,,,,Bench Test,9,0.95,0.95,Very High,0.88,0.83,-0.12,-0.07,0.13,Below Target,Monitor,High Risk,"Synthetic project dataset: decimal SQM scores rounded to 2 decimals, importance-based targets by part, and weighted loss-priority optimization."
83,29-09-2025,Jamshedpur Plant,Tipper 3523,SUP-ZETA,Zeta Brake and Flow,SUP-ZETA-RAD-2165,Radiator Hose,Fluid,124.25,90-400,275,1,1882,86.28,80.95,1.325,,,,0.9441,2.438,0.1996,,,,,,,,,,,,,,,,,,,,,,Dealer Service,9,0.95,0.95,Very High,0.88,0.88,-0.07,-0.07,0.05,Below Target,Monitor,High Risk,"Synthetic project dataset: decimal SQM scores rounded to 2 decimals, importance-based targets by part, and weighted loss-priority optimization."
84,08-03-2026,Jamshedpur Plant,Tipper 3523,SUP-ALPHA,Alpha Mobility Components,SUP-ALPHA-RAD-1806,Radiator Hose,Fluid,272.45,90-400,232,1,2576,97.44,92.57,1.48,,,,1,1.058,0.0537,,,,,,,,,,,,,,,,,,,,,,Incoming QC,9,0.95,0.95,Very High,0.97,0.92,-0.03,0.02,0.05,Near Target,Monitor,Watchlist,"Synthetic project dataset: decimal SQM scores rounded to 2 decimals, importance-based targets by part, and weighted loss-priority optimization."
85,02-06-2025,Bangalore Plant,Bus Chassis 1624,SUP-ALPHA,Alpha Mobility Components,SUP-ALPHA-RAD-1824,Radiator Hose,Fluid,161.51,90-400,238,0,0,100,100,1.635,,,,1,0,0,,,,,,,,,,,,,,,,,,,,,,Incoming QC,9,0.95,0.95,Very High,1,1,0.05,0.05,0.01,Target Met,Monitor,Low Risk,"Synthetic project dataset: decimal SQM scores rounded to 2 decimals, importance-based targets by part, and weighted loss-priority optimization."
86,18-09-2025,Pune Plant,Cargo 1916,SUP-ZETA,Zeta Brake and Flow,SUP-ZETA-RAD-8906,Radiator Hose,Fluid,137.71,90-400,93,0,4711,91.29,82.01,1.477,,,,0.9292,2.856,0.1281,,,,,,,,,,,,,,,,,,,,,,Dealer Service,9,0.95,0.95,Very High,0.89,0.83,-0.12,-0.06,0.09,Below Target,Monitor,High Risk,"Synthetic project dataset: decimal SQM scores rounded to 2 decimals, importance-based targets by part, and weighted loss-priority optimization."
87,02-02-2026,Chennai Plant,Rigid Truck 2818,SUP-EPS,Epsilon Drives & Seals,SUP-EPS-RAD-7881,Radiator Hose,Fluid,103.76,90-400,137,0,1656,87.67,92.96,1.543,,,,0.892,0.868,0.0402,,,,,,,,,,,,,,,,,,,,,,Warranty Record,9,0.95,0.95,Very High,0.93,0.91,-0.04,-0.02,0.03,Near Target,Monitor,Watchlist,"Synthetic project dataset: decimal SQM scores rounded to 2 decimals, importance-based targets by part, and weighted loss-priority optimization."
88,19-03-2026,Chennai Plant,Tipper 3523,SUP-ALPHA,Alpha Mobility Components,SUP-ALPHA-RAD-9228,Radiator Hose,Fluid,243.72,90-400,265,1,3061,89.9,90.29,1.663,,,,0.9281,0.562,0.044,,,,,,,,,,,,,,,,,,,,,,Bench Test,9,0.95,0.95,Very High,0.95,0.89,-0.06,0,0.06,Below Target,Monitor,High Risk,"Synthetic project dataset: decimal SQM scores rounded to 2 decimals, importance-based targets by part, and weighted loss-priority optimization."
89,15-12-2025,Jamshedpur Plant,Bus Chassis 1624,SUP-EPS,Epsilon Drives & Seals,SUP-EPS-RAD-5311,Radiator Hose,Fluid,172.78,90-400,154,1,6492,81.85,81.14,1.179,,,,0.8097,11.734,0.4986,,,,,,,,,,,,,,,,,,,,,,Bench Test,9,0.95,0.95,Very High,0.59,0.68,-0.27,-0.36,0.2,Below Target,Monitor,High Risk,"Synthetic project dataset: decimal SQM scores rounded to 2 decimals, importance-based targets by part, and weighted loss-priority optimization."
90,11-12-2025,Bangalore Plant,Rigid Truck 2818,SUP-ALPHA,Alpha Mobility Components,SUP-ALPHA-RAD-3808,Radiator Hose,Fluid,363.07,90-400,220,0,1064,100,100,1.492,,,,1,0.289,0.0349,,,,,,,,,,,,,,,,,,,,,,Dealer Service,9,0.95,0.95,Very High,0.99,0.97,0.02,0.04,0.04,Target Met,Monitor,Low Risk,"Synthetic project dataset: decimal SQM scores rounded to 2 decimals, importance-based targets by part, and weighted loss-priority optimization."
91,07-06-2025,Pune Plant,Rigid Truck 2818,SUP-GAMMA,Gamma Motion Parts,SUP-GAMMA-RAD-6343,Radiator Hose,Fluid,91.98,90-400,78,0,2324,94.92,86.56,1.382,,,,0.9393,2.33,0.1509,,,,,,,,,,,,,,,,,,,,,,Bench Test,9,0.95,0.95,Very High,0.9,0.9,-0.05,-0.05,0.04,Near Target,Monitor,Watchlist,"Synthetic project dataset: decimal SQM scores rounded to 2 decimals, importance-based targets by part, and weighted loss-priority optimization."
92,20-12-2025,Pune Plant,Bus Chassis 1624,SUP-GAMMA,Gamma Motion Parts,SUP-GAMMA-RAD-2435,Radiator Hose,Fluid,350.44,90-400,227,1,4254,89.57,82.41,1.323,,,,0.8309,5.531,0.3388,,,,,,,,,,,,,,,,,,,,,,Warranty Record,9,0.95,0.95,Very High,0.75,0.8,-0.15,-0.2,0.14,Below Target,Monitor,High Risk,"Synthetic project dataset: decimal SQM scores rounded to 2 decimals, importance-based targets by part, and weighted loss-priority optimization."
93,07-08-2025,Jamshedpur Plant,Rigid Truck 2818,SUP-BETA,Beta Truck Systems,SUP-BETA-RAD-7353,Radiator Hose,Fluid,282.48,90-400,231,1,3048,92.32,91.66,1.195,,,,0.9427,4.634,0.2417,,,,,,,,,,,,,,,,,,,,,,Bench Test,9,0.95,0.95,Very High,0.84,0.85,-0.1,-0.11,0.1,Below Target,Monitor,High Risk,"Synthetic project dataset: decimal SQM scores rounded to 2 decimals, importance-based targets by part, and weighted loss-priority optimization."
94,07-01-2025,Jamshedpur Plant,Bus Chassis 1624,SUP-BETA,Beta Truck Systems,SUP-BETA-RAD-4356,Radiator Hose,Fluid,174.82,90-400,68,0,1208,100,93.47,1.411,,,,1,3.188,0.0577,,,,,,,,,,,,,,,,,,,,,,Dealer Service,9,0.95,0.95,Very High,0.93,0.95,0,-0.02,0.01,Target Met,Monitor,Low Risk,"Synthetic project dataset: decimal SQM scores rounded to 2 decimals, importance-based targets by part, and weighted loss-priority optimization."
95,12-10-2025,Chennai Plant,Cargo 1916,SUP-GAMMA,Gamma Motion Parts,SUP-GAMMA-RAD-4778,Radiator Hose,Fluid,130.71,90-400,196,1,4172,98.39,87.79,1.328,,,,0.9326,4.828,0.0955,,,,,,,,,,,,,,,,,,,,,,Bench Test,9,0.95,0.95,Very High,0.87,0.86,-0.09,-0.08,0.07,Below Target,Monitor,High Risk,"Synthetic project dataset: decimal SQM scores rounded to 2 decimals, importance-based targets by part, and weighted loss-priority optimization."
96,09-04-2026,Pune Plant,Bus Chassis 1624,SUP-ALPHA,Alpha Mobility Components,SUP-ALPHA-RAD-4598,Radiator Hose,Fluid,367.17,90-400,123,0,540,91,93.65,1.551,,,,0.9874,0.986,0.0248,,,,,,,,,,,,,,,,,,,,,,Warranty Record,9,0.95,0.95,Very High,0.97,0.95,0,0.02,0.04,Target Met,Monitor,Low Risk,"Synthetic project dataset: decimal SQM scores rounded to 2 decimals, importance-based targets by part, and weighted loss-priority optimization."
97,01-10-2025,Bangalore Plant,Bus Chassis 1624,SUP-DELTA,Delta Fleet Components,SUP-DELTA-RAD-7342,Radiator Hose,Fluid,254.41,90-400,247,1,2264,90.93,96.14,1.485,,,,0.8868,1.942,0.0477,,,,,,,,,,,,,,,,,,,,,,Dealer Service,9,0.95,0.95,Very High,0.9,0.91,-0.04,-0.05,0.05,Near Target,Monitor,Watchlist,"Synthetic project dataset: decimal SQM scores rounded to 2 decimals, importance-based targets by part, and weighted loss-priority optimization."
98,02-06-2025,Pune Plant,Cargo 1916,SUP-BETA,Beta Truck Systems,SUP-BETA-RAD-6109,Radiator Hose,Fluid,109.9,90-400,261,0,1370,94.99,100,1.543,,,,0.8992,0.774,0.0483,,,,,,,,,,,,,,,,,,,,,,Incoming QC,9,0.95,0.95,Very High,0.93,0.94,-0.01,-0.02,0.01,Near Target,Monitor,Watchlist,"Synthetic project dataset: decimal SQM scores rounded to 2 decimals, importance-based targets by part, and weighted loss-priority optimization."
99,28-07-2025,Chennai Plant,Tipper 3523,SUP-GAMMA,Gamma Motion Parts,SUP-GAMMA-RAD-7154,Radiator Hose,Fluid,313.79,90-400,111,0,2475,100,89.28,1.471,,,,0.9017,3.62,0.1988,,,,,,,,,,,,,,,,,,,,,,Dealer Service,9,0.95,0.95,Very High,0.85,0.89,-0.06,-0.1,0.07,Below Target,Monitor,High Risk,"Synthetic project dataset: decimal SQM scores rounded to 2 decimals, importance-based targets by part, and weighted loss-priority optimization."
100,05-02-2026,Bangalore Plant,Rigid Truck 2818,SUP-GAMMA,Gamma Motion Parts,SUP-GAMMA-RAD-9032,Radiator Hose,Fluid,93.03,90-400,115,0,3983,100,86.4,1.394,,,,0.9376,4.934,0.1232,,,,,,,,,,,,,,,,,,,,,,Warranty Record,9,0.95,0.95,Very High,0.86,0.86,-0.09,-0.09,0.06,Below Target,Monitor,High Risk,"Synthetic project dataset: decimal SQM scores rounded to 2 decimals, importance-based targets by part, and weighted loss-priority optimization."
101,26-04-2025,Pune Plant,School Bus 1017,SUP-ALPHA,Alpha Mobility Components,SUP-ALPHA-RAD-4041,Radiator Hose,Fluid,338.18,90-400,193,0,1659,91.32,92.44,1.698,,,,0.9659,1.145,0.1179,,,,,,,,,,,,,,,,,,,,,,Dealer Service,9,0.95,0.95,Very High,0.94,0.92,-0.03,-0.01,0.06,Near Target,Monitor,Watchlist,"Synthetic project dataset: decimal SQM scores rounded to 2 decimals, importance-based targets by part, and weighted loss-priority optimization."
102,14-03-2025,Chennai Plant,School Bus 1017,SUP-GAMMA,Gamma Motion Parts,SUP-GAMMA-RAD-9442,Radiator Hose,Fluid,338.54,90-400,262,1,3683,100,93.39,1.472,,,,0.9355,3.104,0.1742,,,,,,,,,,,,,,,,,,,,,,Incoming QC,9,0.95,0.95,Very High,0.88,0.88,-0.07,-0.07,0.08,Below Target,Monitor,High Risk,"Synthetic project dataset: decimal SQM scores rounded to 2 decimals, importance-based targets by part, and weighted loss-priority optimization."
103,22-01-2025,Bangalore Plant,Cargo 1916,SUP-DELTA,Delta Fleet Components,SUP-DELTA-RAD-2266,Radiator Hose,Fluid,238.58,90-400,42,0,1406,100,97.24,1.808,,,,1,0,0,,,,,,,,,,,,,,,,,,,,,,Dealer Service,9,0.95,0.95,Very High,1,0.97,0.02,0.05,0.02,Target Met,Monitor,Low Risk,"Synthetic project dataset: decimal SQM scores rounded to 2 decimals, importance-based targets by part, and weighted loss-priority optimization."
104,29-04-2025,Jamshedpur Plant,School Bus 1017,SUP-EPS,Epsilon Drives & Seals,SUP-EPS-RAD-7236,Radiator Hose,Fluid,215.01,90-400,222,1,3962,92.95,72.69,1.192,,,,0.8269,5.067,0.1734,,,,,,,,,,,,,,,,,,,,,,Incoming QC,9,0.95,0.95,Very High,0.79,0.8,-0.15,-0.16,0.12,Below Target,Monitor,High Risk,"Synthetic project dataset: decimal SQM scores rounded to 2 decimals, importance-based targets by part, and weighted loss-priority optimization."
105,01-08-2025,Chennai Plant,Cargo 1916,SUP-BETA,Beta Truck Systems,SUP-BETA-RAD-1955,Radiator Hose,Fluid,327.99,90-400,198,1,3106,100,89.41,1.587,,,,0.9372,1.74,0.2125,,,,,,,,,,,,,,,,,,,,,,Dealer Service,9,0.95,0.95,Very High,0.89,0.89,-0.06,-0.06,0.08,Below Target,Monitor,High Risk,"Synthetic project dataset: decimal SQM scores rounded to 2 decimals, importance-based targets by part, and weighted loss-priority optimization."
106,27-04-2025,Bangalore Plant,Cargo 1916,SUP-ALPHA,Alpha Mobility Components,SUP-ALPHA-RAD-1529,Radiator Hose,Fluid,155.31,90-400,267,2,5716,84.93,85.52,1.475,,,,0.8847,4.5,0.2347,,,,,,,,,,,,,,,,,,,,,,Bench Test,9,0.95,0.95,Very High,0.81,0.78,-0.17,-0.14,0.13,Below Target,Monitor,High Risk,"Synthetic project dataset: decimal SQM scores rounded to 2 decimals, importance-based targets by part, and weighted loss-priority optimization."
107,28-08-2025,Bangalore Plant,Rigid Truck 2818,SUP-ALPHA,Alpha Mobility Components,SUP-ALPHA-RAD-5648,Radiator Hose,Fluid,111.43,90-400,126,0,135,91.08,100,1.223,,,,0.983,0.859,0.0761,,,,,,,,,,,,,,,,,,,,,,Dealer Service,9,0.95,0.95,Very High,0.96,0.96,0.01,0.01,0,Target Met,Monitor,Low Risk,"Synthetic project dataset: decimal SQM scores rounded to 2 decimals, importance-based targets by part, and weighted loss-priority optimization."
108,18-04-2026,Bangalore Plant,Cargo 1916,SUP-ZETA,Zeta Brake and Flow,SUP-ZETA-RAD-5356,Radiator Hose,Fluid,170.02,90-400,123,0,0,90.9,96.6,1.539,,,,0.9359,1.578,0.1169,,,,,,,,,,,,,,,,,,,,,,Dealer Service,9,0.95,0.95,Very High,0.92,0.96,0.01,-0.03,0.01,Target Met,Monitor,Low Risk,"Synthetic project dataset: decimal SQM scores rounded to 2 decimals, importance-based targets by part, and weighted loss-priority optimization."
109,14-07-2025,Bangalore Plant,School Bus 1017,SUP-GAMMA,Gamma Motion Parts,SUP-GAMMA-RAD-6895,Radiator Hose,Fluid,223.58,90-400,157,1,4420,90.49,76.48,1.403,,,,0.7973,6.364,0.3284,,,,,,,,,,,,,,,,,,,,,,Warranty Record,9,0.95,0.95,Very High,0.72,0.78,-0.17,-0.23,0.14,Below Target,Monitor,High Risk,"Synthetic project dataset: decimal SQM scores rounded to 2 decimals, importance-based targets by part, and weighted loss-priority optimization."
110,01-05-2025,Jamshedpur Plant,Cargo 1916,SUP-BETA,Beta Truck Systems,SUP-BETA-RAD-3203,Radiator Hose,Fluid,339.76,90-400,146,0,2279,98.61,98.34,1.566,,,,0.8943,4.417,0.1616,,,,,,,,,,,,,,,,,,,,,,Bench Test,9,0.95,0.95,Very High,0.84,0.91,-0.04,-0.11,0.06,Near Target,Monitor,Watchlist,"Synthetic project dataset: decimal SQM scores rounded to 2 decimals, importance-based targets by part, and weighted loss-priority optimization."
111,30-11-2025,Bangalore Plant,Cargo 1916,SUP-ZETA,Zeta Brake and Flow,SUP-ZETA-RAD-6178,Radiator Hose,Fluid,159.66,90-400,169,1,3192,91.85,86.83,1.409,,,,0.8584,3.075,0.178,,,,,,,,,,,,,,,,,,,,,,Bench Test,9,0.95,0.95,Very High,0.84,0.86,-0.09,-0.11,0.07,Below Target,Monitor,High Risk,"Synthetic project dataset: decimal SQM scores rounded to 2 decimals, importance-based targets by part, and weighted loss-priority optimization."
112,11-08-2025,Bangalore Plant,Tipper 3523,SUP-EPS,Epsilon Drives & Seals,SUP-EPS-RAD-2969,Radiator Hose,Fluid,99.29,90-400,223,1,2676,84.79,100,1.345,,,,0.9354,1.904,0.1516,,,,,,,,,,,,,,,,,,,,,,Incoming QC,9,0.95,0.95,Very High,0.9,0.89,-0.06,-0.05,0.04,Below Target,Monitor,High Risk,"Synthetic project dataset: decimal SQM scores rounded to 2 decimals, importance-based targets by part, and weighted loss-priority optimization."
113,05-01-2025,Bangalore Plant,Cargo 1916,SUP-BETA,Beta Truck Systems,SUP-BETA-RAD-8705,Radiator Hose,Fluid,95.43,90-400,125,1,5325,97.72,82.59,1.392,,,,0.8963,4.975,0.1837,,,,,,,,,,,,,,,,,,,,,,Warranty Record,9,0.95,0.95,Very High,0.82,0.81,-0.14,-0.13,0.1,Below Target,Monitor,High Risk,"Synthetic project dataset: decimal SQM scores rounded to 2 decimals, importance-based targets by part, and weighted loss-priority optimization."
114,27-05-2025,Pune Plant,School Bus 1017,SUP-DELTA,Delta Fleet Components,SUP-DELTA-RAD-9133,Radiator Hose,Fluid,399.82,90-400,181,0,2017,100,91.14,1.597,,,,0.94,0.583,0.047,,,,,,,,,,,,,,,,,,,,,,Warranty Record,9,0.95,0.95,Very High,0.95,0.93,-0.02,0,0.06,Near Target,Monitor,Watchlist,"Synthetic project dataset: decimal SQM scores rounded to 2 decimals, importance-based targets by part, and weighted loss-priority optimization."
115,04-04-2026,Chennai Plant,Tipper 3523,SUP-DELTA,Delta Fleet Components,SUP-DELTA-RAD-2000,Radiator Hose,Fluid,326.31,90-400,137,0,1625,86.92,86.95,1.577,,,,0.9447,2.191,0.1772,,,,,,,,,,,,,,,,,,,,,,Bench Test,9,0.95,0.95,Very High,0.89,0.89,-0.06,-0.06,0.08,Below Target,Monitor,High Risk,"Synthetic project dataset: decimal SQM scores rounded to 2 decimals, importance-based targets by part, and weighted loss-priority optimization."
116,31-03-2026,Chennai Plant,Bus Chassis 1624,SUP-EPS,Epsilon Drives & Seals,SUP-EPS-RAD-6592,Radiator Hose,Fluid,207.93,90-400,128,1,4043,94.87,74.15,1.399,,,,0.9093,6.741,0.3028,,,,,,,,,,,,,,,,,,,,,,Dealer Service,9,0.95,0.95,Very High,0.77,0.81,-0.14,-0.18,0.12,Below Target,Monitor,High Risk,"Synthetic project dataset: decimal SQM scores rounded to 2 decimals, importance-based targets by part, and weighted loss-priority optimization."
117,24-09-2025,Pune Plant,Bus Chassis 1624,SUP-ZETA,Zeta Brake and Flow,SUP-ZETA-RAD-2177,Radiator Hose,Fluid,384.96,90-400,149,0,2841,100,94.57,1.785,,,,0.8935,2.107,0.0989,,,,,,,,,,,,,,,,,,,,,,Dealer Service,9,0.95,0.95,Very High,0.89,0.91,-0.04,-0.06,0.07,Near Target,Monitor,Watchlist,"Synthetic project dataset: decimal SQM scores rounded to 2 decimals, importance-based targets by part, and weighted loss-priority optimization."
118,16-08-2025,Chennai Plant,Bus Chassis 1624,SUP-BETA,Beta Truck Systems,SUP-BETA-RAD-1140,Radiator Hose,Fluid,377.38,90-400,82,0,4441,94.57,89.33,1.287,,,,0.8607,4.33,0.1328,,,,,,,,,,,,,,,,,,,,,,Incoming QC,9,0.95,0.95,Very High,0.83,0.83,-0.12,-0.12,0.13,Below Target,Monitor,High Risk,"Synthetic project dataset: decimal SQM scores rounded to 2 decimals, importance-based targets by part, and weighted loss-priority optimization."
119,21-02-2025,Jamshedpur Plant,Cargo 1916,SUP-DELTA,Delta Fleet Components,SUP-DELTA-RAD-7787,Radiator Hose,Fluid,312.47,90-400,66,0,3833,92.06,91.45,1.237,,,,0.86,6.274,0.2278,,,,,,,,,,,,,,,,,,,,,,Incoming QC,9,0.95,0.95,Very High,0.78,0.82,-0.13,-0.17,0.12,Below Target,Monitor,High Risk,"Synthetic project dataset: decimal SQM scores rounded to 2 decimals, importance-based targets by part, and weighted loss-priority optimization."
120,23-03-2026,Jamshedpur Plant,Cargo 1916,SUP-ZETA,Zeta Brake and Flow,SUP-ZETA-RAD-6291,Radiator Hose,Fluid,339.86,90-400,280,1,3784,85.43,92.08,1.386,,,,0.9088,2.066,0.2046,,,,,,,,,,,,,,,,,,,,,,Bench Test,9,0.95,0.95,Very High,0.87,0.85,-0.1,-0.08,0.11,Below Target,Monitor,High Risk,"Synthetic project dataset: decimal SQM scores rounded to 2 decimals, importance-based targets by part, and weighted loss-priority optimization."
121,28-04-2025,Pune Plant,Rigid Truck 2818,SUP-DELTA,Delta Fleet Components,SUP-DELTA-RAD-7295,Radiator Hose,Fluid,201.84,90-400,253,1,2425,100,96.62,1.355,,,,0.9574,1.816,0.0706,,,,,,,,,,,,,,,,,,,,,,Bench Test,9,0.95,0.95,Very High,0.93,0.93,-0.02,-0.02,0.03,Near Target,Monitor,Watchlist,"Synthetic project dataset: decimal SQM scores rounded to 2 decimals, importance-based targets by part, and weighted loss-priority optimization."
122,19-01-2025,Pune Plant,Bus Chassis 1624,SUP-ALPHA,Alpha Mobility Components,SUP-ALPHA-RAD-1482,Radiator Hose,Fluid,230.05,90-400,139,0,3375,100,87.36,1.475,,,,0.8746,3.783,0.1256,,,,,,,,,,,,,,,,,,,,,,Warranty Record,9,0.95,0.95,Very High,0.85,0.87,-0.08,-0.1,0.08,Below Target,Monitor,High Risk,"Synthetic project dataset: decimal SQM scores rounded to 2 decimals, importance-based targets by part, and weighted loss-priority optimization."
123,20-10-2025,Chennai Plant,School Bus 1017,SUP-ZETA,Zeta Brake and Flow,SUP-ZETA-RAD-9632,Radiator Hose,Fluid,285.92,90-400,182,1,4267,87.97,82.49,1.168,,,,0.8841,4.897,0.3551,,,,,,,,,,,,,,,,,,,,,,Warranty Record,9,0.95,0.95,Very High,0.78,0.79,-0.16,-0.17,0.14,Below Target,Monitor,High Risk,"Synthetic project dataset: decimal SQM scores rounded to 2 decimals, importance-based targets by part, and weighted loss-priority optimization."
124,19-11-2025,Jamshedpur Plant,Bus Chassis 1624,SUP-BETA,Beta Truck Systems,SUP-BETA-RAD-6101,Radiator Hose,Fluid,174.99,90-400,81,0,855,100,90.74,1.549,,,,1,1.636,0.1165,,,,,,,,,,,,,,,,,,,,,,Incoming QC,9,0.95,0.95,Very High,0.94,0.95,0,-0.01,0.01,Target Met,Monitor,Low Risk,"Synthetic project dataset: decimal SQM scores rounded to 2 decimals, importance-based targets by part, and weighted loss-priority optimization."
125,19-12-2025,Jamshedpur Plant,School Bus 1017,SUP-DELTA,Delta Fleet Components,SUP-DELTA-RAD-4610,Radiator Hose,Fluid,338.11,90-400,109,1,5774,88.99,85.89,1.25,,,,0.8563,5.306,0.1627,,,,,,,,,,,,,,,,,,,,,,Dealer Service,9,0.95,0.95,Very High,0.81,0.78,-0.17,-0.14,0.16,Below Target,Monitor,High Risk,"Synthetic project dataset: decimal SQM scores rounded to 2 decimals, importance-based targets by part, and weighted loss-priority optimization."
126,27-10-2025,Jamshedpur Plant,Bus Chassis 1624,SUP-ZETA,Zeta Brake and Flow,SUP-ZETA-RAD-1661,Radiator Hose,Fluid,234.21,90-400,97,0,1537,100,91.1,1.768,,,,1,0.628,0.0418,,,,,,,,,,,,,,,,,,,,,,Warranty Record,9,0.95,0.95,Very High,0.98,0.95,0,0.03,0.02,Target Met,Monitor,Low Risk,"Synthetic project dataset: decimal SQM scores rounded to 2 decimals, importance-based targets by part, and weighted loss-priority optimization."
127,07-11-2025,Jamshedpur Plant,Tipper 3523,SUP-ZETA,Zeta Brake and Flow,SUP-ZETA-RAD-7770,Radiator Hose,Fluid,127.15,90-400,247,0,768,88.32,82.82,1.195,,,,0.9048,1.467,0.1631,,,,,,,,,,,,,,,,,,,,,,Warranty Record,9,0.95,0.95,Very High,0.89,0.89,-0.06,-0.06,0.05,Below Target,Monitor,High Risk,"Synthetic project dataset: decimal SQM scores rounded to 2 decimals, importance-based targets by part, and weighted loss-priority optimization."
128,01-05-2025,Jamshedpur Plant,Bus Chassis 1624,SUP-BETA,Beta Truck Systems,SUP-BETA-RAD-3785,Radiator Hose,Fluid,278.63,90-400,188,1,3128,94.25,90.31,1.505,,,,0.9346,1.481,0.0709,,,,,,,,,,,,,,,,,,,,,,Dealer Service,9,0.95,0.95,Very High,0.93,0.89,-0.06,-0.02,0.07,Below Target,Monitor,High Risk,"Synthetic project dataset: decimal SQM scores rounded to 2 decimals, importance-based targets by part, and weighted loss-priority optimization."
129,27-12-2025,Chennai Plant,Tipper 3523,SUP-GAMMA,Gamma Motion Parts,SUP-GAMMA-RAD-4267,Radiator Hose,Fluid,228.63,90-400,297,1,2289,92.73,91.92,1.252,,,,0.7813,6.095,0.1299,,,,,,,,,,,,,,,,,,,,,,Warranty Record,9,0.95,0.95,Very High,0.77,0.86,-0.09,-0.18,0.08,Below Target,Monitor,High Risk,"Synthetic project dataset: decimal SQM scores rounded to 2 decimals, importance-based targets by part, and weighted loss-priority optimization."
130,12-11-2025,Bangalore Plant,Tipper 3523,SUP-BETA,Beta Truck Systems,SUP-BETA-RAD-8629,Radiator Hose,Fluid,284.66,90-400,140,0,3524,96.29,79.05,1.584,,,,0.8162,2.886,0.137,,,,,,,,,,,,,,,,,,,,,,Dealer Service,9,0.95,0.95,Very High,0.83,0.85,-0.1,-0.12,0.1,Below Target,Monitor,High Risk,"Synthetic project dataset: decimal SQM scores rounded to 2 decimals, importance-based targets by part, and weighted loss-priority optimization."
131,09-02-2026,Pune Plant,Bus Chassis 1624,SUP-EPS,Epsilon Drives & Seals,SUP-EPS-RAD-6656,Radiator Hose,Fluid,288.7,90-400,202,1,3684,94.41,81.38,1.339,,,,0.8507,5.12,0.2181,,,,,,,,,,,,,,,,,,,,,,Incoming QC,9,0.95,0.95,Very High,0.79,0.83,-0.12,-0.16,0.11,Below Target,Monitor,High Risk,"Synthetic project dataset: decimal SQM scores rounded to 2 decimals, importance-based targets by part, and weighted loss-priority optimization."
132,17-11-2025,Pune Plant,Bus Chassis 1624,SUP-BETA,Beta Truck Systems,SUP-BETA-RAD-3964,Radiator Hose,Fluid,127.75,90-400,149,0,0,98.97,95.36,1.582,,,,1,0.748,0.0396,,,,,,,,,,,,,,,,,,,,,,Warranty Record,9,0.95,0.95,Very High,0.98,0.99,0.04,0.03,0,Target Met,Monitor,Low Risk,"Synthetic project dataset: decimal SQM scores rounded to 2 decimals, importance-based targets by part, and weighted loss-priority optimization."
133,15-10-2025,Jamshedpur Plant,Tipper 3523,SUP-ALPHA,Alpha Mobility Components,SUP-ALPHA-RAD-3719,Radiator Hose,Fluid,122.76,90-400,167,0,2007,88.13,91.55,1.162,,,,0.9632,1.179,0.0874,,,,,,,,,,,,,,,,,,,,,,Warranty Record,9,0.95,0.95,Very High,0.94,0.89,-0.06,-0.01,0.05,Below Target,Monitor,High Risk,"Synthetic project dataset: decimal SQM scores rounded to 2 decimals, importance-based targets by part, and weighted loss-priority optimization."
134,14-05-2026,Jamshedpur Plant,Rigid Truck 2818,SUP-EPS,Epsilon Drives & Seals,SUP-EPS-RAD-6448,Radiator Hose,Fluid,394.94,90-400,44,0,5020,89.52,93.88,1.317,,,,0.8137,6.957,0.188,,,,,,,,,,,,,,,,,,,,,,Warranty Record,9,0.95,0.95,Very High,0.75,0.8,-0.15,-0.2,0.15,Below Target,Monitor,High Risk,"Synthetic project dataset: decimal SQM scores rounded to 2 decimals, importance-based targets by part, and weighted loss-priority optimization."
135,07-04-2025,Jamshedpur Plant,School Bus 1017,SUP-BETA,Beta Truck Systems,SUP-BETA-RAD-1419,Radiator Hose,Fluid,143.86,90-400,299,0,514,90.25,98.35,1.404,,,,0.9041,1.999,0.0837,,,,,,,,,,,,,,,,,,,,,,Warranty Record,9,0.95,0.95,Very High,0.9,0.94,-0.01,-0.05,0.01,Near Target,Monitor,Watchlist,"Synthetic project dataset: decimal SQM scores rounded to 2 decimals, importance-based targets by part, and weighted loss-priority optimization."
136,07-01-2025,Jamshedpur Plant,Cargo 1916,SUP-ZETA,Zeta Brake and Flow,SUP-ZETA-RAD-5481,Radiator Hose,Fluid,93.42,90-400,194,1,3890,97.37,84.23,1.428,,,,0.8821,3.164,0.2128,,,,,,,,,,,,,,,,,,,,,,Incoming QC,9,0.95,0.95,Very High,0.84,0.85,-0.1,-0.11,0.07,Below Target,Monitor,High Risk,"Synthetic project dataset: decimal SQM scores rounded to 2 decimals, importance-based targets by part, and weighted loss-priority optimization."
137,16-04-2026,Bangalore Plant,Cargo 1916,SUP-ALPHA,Alpha Mobility Components,SUP-ALPHA-RAD-1671,Radiator Hose,Fluid,110.03,90-400,104,0,2616,100,93.79,1.392,,,,0.9891,1.157,0.0311,,,,,,,,,,,,,,,,,,,,,,Dealer Service,9,0.95,0.95,Very High,0.97,0.93,-0.02,0.02,0.02,Near Target,Monitor,Watchlist,"Synthetic project dataset: decimal SQM scores rounded to 2 decimals, importance-based targets by part, and weighted loss-priority optimization."
138,04-11-2025,Jamshedpur Plant,Bus Chassis 1624,SUP-DELTA,Delta Fleet Components,SUP-DELTA-RAD-5839,Radiator Hose,Fluid,318.58,90-400,295,2,6744,90.96,80.16,1.262,,,,0.7956,6.719,0.2708,,,,,,,,,,,,,,,,,,,,,,Bench Test,9,0.95,0.95,Very High,0.73,0.74,-0.21,-0.22,0.18,Below Target,Monitor,High Risk,"Synthetic project dataset: decimal SQM scores rounded to 2 decimals, importance-based targets by part, and weighted loss-priority optimization."
139,11-02-2025,Jamshedpur Plant,Rigid Truck 2818,SUP-GAMMA,Gamma Motion Parts,SUP-GAMMA-RAD-4897,Radiator Hose,Fluid,350.67,90-400,152,1,4479,98.94,82.45,1.192,,,,0.8578,2.936,0.2398,,,,,,,,,,,,,,,,,,,,,,Warranty Record,9,0.95,0.95,Very High,0.83,0.82,-0.13,-0.12,0.13,Below Target,Monitor,High Risk,"Synthetic project dataset: decimal SQM scores rounded to 2 decimals, importance-based targets by part, and weighted loss-priority optimization."
140,21-09-2025,Jamshedpur Plant,Bus Chassis 1624,SUP-DELTA,Delta Fleet Components,SUP-DELTA-RAD-8083,Radiator Hose,Fluid,136.55,90-400,253,1,3516,100,100,1.474,,,,0.8895,2.359,0.1311,,,,,,,,,,,,,,,,,,,,,,Dealer Service,9,0.95,0.95,Very High,0.88,0.9,-0.05,-0.07,0.04,Near Target,Monitor,Watchlist,"Synthetic project dataset: decimal SQM scores rounded to 2 decimals, importance-based targets by part, and weighted loss-priority optimization."
141,12-02-2026,Chennai Plant,Cargo 1916,SUP-DELTA,Delta Fleet Components,SUP-DELTA-RAD-5531,Radiator Hose,Fluid,397.39,90-400,191,0,2580,95.14,88.88,1.35,,,,0.798,3.607,0.1564,,,,,,,,,,,,,,,,,,,,,,Bench Test,9,0.95,0.95,Very High,0.81,0.87,-0.08,-0.14,0.1,Below Target,Monitor,High Risk,"Synthetic project dataset: decimal SQM scores rounded to 2 decimals, importance-based targets by part, and weighted loss-priority optimization."
142,18-09-2025,Chennai Plant,Cargo 1916,SUP-EPS,Epsilon Drives & Seals,SUP-EPS-RAD-2827,Radiator Hose,Fluid,153.76,90-400,47,0,3378,96.85,82.45,1.169,,,,0.9288,5.221,0.2864,,,,,,,,,,,,,,,,,,,,,,Incoming QC,9,0.95,0.95,Very High,0.81,0.83,-0.12,-0.14,0.09,Below Target,Monitor,High Risk,"Synthetic project dataset: decimal SQM scores rounded to 2 decimals, importance-based targets by part, and weighted loss-priority optimization."
143,09-07-2025,Pune Plant,Rigid Truck 2818,SUP-BETA,Beta Truck Systems,SUP-BETA-RAD-9714,Radiator Hose,Fluid,293.51,90-400,294,1,4330,100,100,1.574,,,,0.9647,1.131,0.0553,,,,,,,,,,,,,,,,,,,,,,Warranty Record,9,0.95,0.95,Very High,0.95,0.9,-0.05,0,0.06,Near Target,Monitor,Watchlist,"Synthetic project dataset: decimal SQM scores rounded to 2 decimals, importance-based targets by part, and weighted loss-priority optimization."
144,03-05-2026,Bangalore Plant,Bus Chassis 1624,SUP-GAMMA,Gamma Motion Parts,SUP-GAMMA-RAD-1685,Radiator Hose,Fluid,299.55,90-400,163,1,4116,86.36,84.87,1.379,,,,0.8464,2.384,0.3372,,,,,,,,,,,,,,,,,,,,,,Warranty Record,9,0.95,0.95,Very High,0.81,0.82,-0.13,-0.14,0.12,Below Target,Monitor,High Risk,"Synthetic project dataset: decimal SQM scores rounded to 2 decimals, importance-based targets by part, and weighted loss-priority optimization."
145,08-02-2025,Bangalore Plant,Cargo 1916,SUP-DELTA,Delta Fleet Components,SUP-DELTA-TRU-9789,Truck Air Filter,Electrical/Airflow,302.69,149-1000,272,1,4737,100,92.88,1.42,,,,,,,0.2467,0.99553,0.099,,,,,,,,,,,,,,,,,,,Dealer Service,7.5,0.8,0.8,Moderate,0.83,0.85,0.05,0.03,0.03,Target Met,Monitor,Low Risk,"Synthetic project dataset: decimal SQM scores rounded to 2 decimals, importance-based targets by part, and weighted loss-priority optimization."
146,15-09-2025,Bangalore Plant,Rigid Truck 2818,SUP-GAMMA,Gamma Motion Parts,SUP-GAMMA-TRU-9652,Truck Air Filter,Electrical/Airflow,277.23,149-1000,68,0,1164,95.31,98.96,1.545,,,,,,,0.0428,0.99987,0.0482,,,,,,,,,,,,,,,,,,,Warranty Record,7.5,0.8,0.8,Moderate,0.97,0.96,0.16,0.17,0.03,Target Met,Monitor,Low Risk,"Synthetic project dataset: decimal SQM scores rounded to 2 decimals, importance-based targets by part, and weighted loss-priority optimization."
147,28-04-2025,Chennai Plant,Tipper 3523,SUP-DELTA,Delta Fleet Components,SUP-DELTA-TRU-7272,Truck Air Filter,Electrical/Airflow,623.89,149-1000,58,0,2850,100,97.47,1.382,,,,,,,0.0817,0.9939,0.0762,,,,,,,,,,,,,,,,,,,Incoming QC,7.5,0.8,0.8,Moderate,0.9,0.91,0.11,0.1,0.07,Target Met,Monitor,Low Risk,"Synthetic project dataset: decimal SQM scores rounded to 2 decimals, importance-based targets by part, and weighted loss-priority optimization."
148,16-11-2025,Chennai Plant,Rigid Truck 2818,SUP-BETA,Beta Truck Systems,SUP-BETA-TRU-3547,Truck Air Filter,Electrical/Airflow,468.35,149-1000,49,0,2561,96.91,92.48,1.565,,,,,,,0.1975,0.99189,0.2166,,,,,,,,,,,,,,,,,,,Incoming QC,7.5,0.8,0.8,Moderate,0.81,0.88,0.08,0.01,0.05,Target Met,Monitor,Low Risk,"Synthetic project dataset: decimal SQM scores rounded to 2 decimals, importance-based targets by part, and weighted loss-priority optimization."
149,07-04-2026,Chennai Plant,School Bus 1017,SUP-BETA,Beta Truck Systems,SUP-BETA-TRU-6189,Truck Air Filter,Electrical/Airflow,865.52,149-1000,53,0,2288,100,98.44,1.608,,,,,,,0.153,0.99677,0.1424,,,,,,,,,,,,,,,,,,,Bench Test,7.5,0.8,0.8,Moderate,0.88,0.92,0.12,0.08,0.11,Target Met,Monitor,Low Risk,"Synthetic project dataset: decimal SQM scores rounded to 2 decimals, importance-based targets by part, and weighted loss-priority optimization."
150,20-01-2025,Pune Plant,Cargo 1916,SUP-BETA,Beta Truck Systems,SUP-BETA-TRU-3563,Truck Air Filter,Electrical/Airflow,478.91,149-1000,63,0,747,90.92,86.98,1.335,,,,,,,0.1921,0.98394,0.1882,,,,,,,,,,,,,,,,,,,Bench Test,7.5,0.8,0.8,Moderate,0.76,0.89,0.09,-0.04,0.05,Target Met,Monitor,Low Risk,"Synthetic project dataset: decimal SQM scores rounded to 2 decimals, importance-based targets by part, and weighted loss-priority optimization."
151,15-05-2026,Pune Plant,Cargo 1916,SUP-ZETA,Zeta Brake and Flow,SUP-ZETA-TRU-4390,Truck Air Filter,Electrical/Airflow,423.11,149-1000,293,1,2403,100,88.69,1.378,,,,,,,0.0937,0.98879,0.045,,,,,,,,,,,,,,,,,,,Incoming QC,7.5,0.8,0.8,Moderate,0.87,0.9,0.1,0.07,0.05,Target Met,Monitor,Low Risk,"Synthetic project dataset: decimal SQM scores rounded to 2 decimals, importance-based targets by part, and weighted loss-priority optimization."
152,01-05-2026,Bangalore Plant,Bus Chassis 1624,SUP-ZETA,Zeta Brake and Flow,SUP-ZETA-TRU-2169,Truck Air Filter,Electrical/Airflow,428.29,149-1000,156,0,401,97.98,100,1.384,,,,,,,0.06,0.99392,0.0194,,,,,,,,,,,,,,,,,,,Dealer Service,7.5,0.8,0.8,Moderate,0.92,0.97,0.17,0.12,0.05,Target Met,Monitor,Low Risk,"Synthetic project dataset: decimal SQM scores rounded to 2 decimals, importance-based targets by part, and weighted loss-priority optimization."
153,09-11-2025,Pune Plant,Tipper 3523,SUP-EPS,Epsilon Drives & Seals,SUP-EPS-TRU-2733,Truck Air Filter,Electrical/Airflow,249.7,149-1000,157,1,3456,89.42,100,1.572,,,,,,,0.2278,0.99258,0.155,,,,,,,,,,,,,,,,,,,Incoming QC,7.5,0.8,0.8,Moderate,0.81,0.86,0.06,0.01,0.02,Target Met,Monitor,Low Risk,"Synthetic project dataset: decimal SQM scores rounded to 2 decimals, importance-based targets by part, and weighted loss-priority optimization."
154,18-05-2025,Bangalore Plant,School Bus 1017,SUP-ALPHA,Alpha Mobility Components,SUP-ALPHA-TRU-9186,Truck Air Filter,Electrical/Airflow,742.72,149-1000,89,0,0,100,91.28,1.731,,,,,,,0.0501,1,0.0767,,,,,,,,,,,,,,,,,,,Incoming QC,7.5,0.8,0.8,Moderate,0.96,0.98,0.18,0.16,0.09,Target Met,Monitor,Low Risk,"Synthetic project dataset: decimal SQM scores rounded to 2 decimals, importance-based targets by part, and weighted loss-priority optimization."
155,14-05-2026,Jamshedpur Plant,Bus Chassis 1624,SUP-ZETA,Zeta Brake and Flow,SUP-ZETA-TRU-4331,Truck Air Filter,Electrical/Airflow,560.01,149-1000,108,0,1165,91.74,92.15,1.372,,,,,,,0.0988,0.99551,0.2125,,,,,,,,,,,,,,,,,,,Warranty Record,7.5,0.8,0.8,Moderate,0.88,0.92,0.12,0.08,0.06,Target Met,Monitor,Low Risk,"Synthetic project dataset: decimal SQM scores rounded to 2 decimals, importance-based targets by part, and weighted loss-priority optimization."
156,10-04-2025,Chennai Plant,Tipper 3523,SUP-ALPHA,Alpha Mobility Components,SUP-ALPHA-TRU-7868,Truck Air Filter,Electrical/Airflow,550.72,149-1000,221,0,1495,94.93,93.52,1.599,,,,,,,0.0438,0.99345,0.0212,,,,,,,,,,,,,,,,,,,Bench Test,7.5,0.8,0.8,Moderate,0.93,0.93,0.13,0.13,0.06,Target Met,Monitor,Low Risk,"Synthetic project dataset: decimal SQM scores rounded to 2 decimals, importance-based targets by part, and weighted loss-priority optimization."
157,12-06-2025,Chennai Plant,Tipper 3523,SUP-ZETA,Zeta Brake and Flow,SUP-ZETA-TRU-6347,Truck Air Filter,Electrical/Airflow,282.08,149-1000,259,1,2620,86.96,76.08,1.296,,,,,,,0.1149,0.9889,0.0606,,,,,,,,,,,,,,,,,,,Incoming QC,7.5,0.8,0.8,Moderate,0.85,0.84,0.04,0.05,0.03,Target Met,Monitor,Low Risk,"Synthetic project dataset: decimal SQM scores rounded to 2 decimals, importance-based targets by part, and weighted loss-priority optimization."
158,07-01-2025,Bangalore Plant,Rigid Truck 2818,SUP-EPS,Epsilon Drives & Seals,SUP-EPS-TRU-3539,Truck Air Filter,Electrical/Airflow,193.47,149-1000,109,1,7329,88.17,79.63,1.266,,,,,,,0.4709,0.97446,0.323,,,,,,,,,,,,,,,,,,,Warranty Record,7.5,0.8,0.8,Moderate,0.53,0.67,-0.13,-0.27,0.09,Below Target,Monitor,High Risk,"Synthetic project dataset: decimal SQM scores rounded to 2 decimals, importance-based targets by part, and weighted loss-priority optimization."
159,10-03-2025,Chennai Plant,Cargo 1916,SUP-EPS,Epsilon Drives & Seals,SUP-EPS-TRU-7588,Truck Air Filter,Electrical/Airflow,954.93,149-1000,170,0,2864,89.83,94.1,1.256,,,,,,,0.1028,0.9816,0.063,,,,,,,,,,,,,,,,,,,Dealer Service,7.5,0.8,0.8,Moderate,0.81,0.86,0.06,0.01,0.12,Target Met,Monitor,Low Risk,"Synthetic project dataset: decimal SQM scores rounded to 2 decimals, importance-based targets by part, and weighted loss-priority optimization."
160,23-11-2025,Jamshedpur Plant,Tipper 3523,SUP-DELTA,Delta Fleet Components,SUP-DELTA-TRU-5624,Truck Air Filter,Electrical/Airflow,751.37,149-1000,125,0,1829,99.25,100,1.378,,,,,,,0.1819,0.98924,0.0746,,,,,,,,,,,,,,,,,,,Incoming QC,7.5,0.8,0.8,Moderate,0.82,0.92,0.12,0.02,0.09,Target Met,Monitor,Low Risk,"Synthetic project dataset: decimal SQM scores rounded to 2 decimals, importance-based targets by part, and weighted loss-priority optimization."
161,05-01-2025,Pune Plant,Cargo 1916,SUP-ZETA,Zeta Brake and Flow,SUP-ZETA-TRU-9174,Truck Air Filter,Electrical/Airflow,396.29,149-1000,41,0,4184,88.54,94.55,1.609,,,,,,,0.1656,0.98675,0.1764,,,,,,,,,,,,,,,,,,,Warranty Record,7.5,0.8,0.8,Moderate,0.8,0.83,0.03,0,0.04,Target Met,Monitor,Low Risk,"Synthetic project dataset: decimal SQM scores rounded to 2 decimals, importance-based targets by part, and weighted loss-priority optimization."
162,15-11-2025,Jamshedpur Plant,Cargo 1916,SUP-BETA,Beta Truck Systems,SUP-BETA-TRU-6774,Truck Air Filter,Electrical/Airflow,793,149-1000,88,0,2986,90.4,85.02,1.338,,,,,,,0.1257,0.98154,0.2059,,,,,,,,,,,,,,,,,,,Dealer Service,7.5,0.8,0.8,Moderate,0.77,0.84,0.04,-0.03,0.1,Target Met,Monitor,Low Risk,"Synthetic project dataset: decimal SQM scores rounded to 2 decimals, importance-based targets by part, and weighted loss-priority optimization."
163,27-02-2025,Bangalore Plant,Bus Chassis 1624,SUP-DELTA,Delta Fleet Components,SUP-DELTA-TRU-2577,Truck Air Filter,Electrical/Airflow,389.35,149-1000,65,0,394,100,100,1.416,,,,,,,0.1321,0.98636,0.0433,,,,,,,,,,,,,,,,,,,Dealer Service,7.5,0.8,0.8,Moderate,0.83,0.95,0.15,0.03,0.04,Target Met,Monitor,Low Risk,"Synthetic project dataset: decimal SQM scores rounded to 2 decimals, importance-based targets by part, and weighted loss-priority optimization."
164,27-06-2025,Jamshedpur Plant,Bus Chassis 1624,SUP-ALPHA,Alpha Mobility Components,SUP-ALPHA-TRU-7710,Truck Air Filter,Electrical/Airflow,689.03,149-1000,236,0,800,90.44,100,1.631,,,,,,,0.0129,1,0.0048,,,,,,,,,,,,,,,,,,,Dealer Service,7.5,0.8,0.8,Moderate,0.99,0.96,0.16,0.19,0.08,Target Met,Monitor,Low Risk,"Synthetic project dataset: decimal SQM scores rounded to 2 decimals, importance-based targets by part, and weighted loss-priority optimization."
165,12-11-2025,Bangalore Plant,Rigid Truck 2818,SUP-DELTA,Delta Fleet Components,SUP-DELTA-TRU-1687,Truck Air Filter,Electrical/Airflow,772.47,149-1000,298,1,3009,100,94.89,1.465,,,,,,,0.0708,0.99031,0.0745,,,,,,,,,,,,,,,,,,,Warranty Record,7.5,0.8,0.8,Moderate,0.88,0.9,0.1,0.08,0.09,Target Met,Monitor,Low Risk,"Synthetic project dataset: decimal SQM scores rounded to 2 decimals, importance-based targets by part, and weighted loss-priority optimization."
166,01-02-2025,Pune Plant,Cargo 1916,SUP-DELTA,Delta Fleet Components,SUP-DELTA-TRU-4604,Truck Air Filter,Electrical/Airflow,986.48,149-1000,176,1,3047,94.28,99.13,1.404,,,,,,,0.2003,0.99104,0.0916,,,,,,,,,,,,,,,,,,,Dealer Service,7.5,0.8,0.8,Moderate,0.82,0.88,0.08,0.02,0.12,Target Met,Monitor,Low Risk,"Synthetic project dataset: decimal SQM scores rounded to 2 decimals, importance-based targets by part, and weighted loss-priority optimization."
167,21-11-2025,Bangalore Plant,Tipper 3523,SUP-BETA,Beta Truck Systems,SUP-BETA-TRU-1264,Truck Air Filter,Electrical/Airflow,435.65,149-1000,64,0,3750,90.58,92.3,1.414,,,,,,,0.255,0.98574,0.1535,,,,,,,,,,,,,,,,,,,Dealer Service,7.5,0.8,0.8,Moderate,0.75,0.83,0.03,-0.05,0.05,Target Met,Monitor,Low Risk,"Synthetic project dataset: decimal SQM scores rounded to 2 decimals, importance-based targets by part, and weighted loss-priority optimization."
168,30-01-2026,Chennai Plant,School Bus 1017,SUP-GAMMA,Gamma Motion Parts,SUP-GAMMA-TRU-7299,Truck Air Filter,Electrical/Airflow,356.93,149-1000,252,1,5455,95.17,82.97,1.336,,,,,,,0.3162,0.98922,0.0768,,,,,,,,,,,,,,,,,,,Dealer Service,7.5,0.8,0.8,Moderate,0.75,0.79,-0.01,-0.05,0.04,Near Target,Monitor,Watchlist,"Synthetic project dataset: decimal SQM scores rounded to 2 decimals, importance-based targets by part, and weighted loss-priority optimization."
169,10-02-2025,Pune Plant,Cargo 1916,SUP-BETA,Beta Truck Systems,SUP-BETA-TRU-8950,Truck Air Filter,Electrical/Airflow,550.07,149-1000,114,0,2465,99.92,99.27,1.523,,,,,,,0.1301,0.98508,0.0427,,,,,,,,,,,,,,,,,,,Incoming QC,7.5,0.8,0.8,Moderate,0.82,0.9,0.1,0.02,0.06,Target Met,Monitor,Low Risk,"Synthetic project dataset: decimal SQM scores rounded to 2 decimals, importance-based targets by part, and weighted loss-priority optimization."
170,28-04-2026,Jamshedpur Plant,Cargo 1916,SUP-DELTA,Delta Fleet Components,SUP-DELTA-TRU-7659,Truck Air Filter,Electrical/Airflow,696.09,149-1000,287,1,2863,92.77,94.79,1.372,,,,,,,0.1998,0.99422,0.0651,,,,,,,,,,,,,,,,,,,Bench Test,7.5,0.8,0.8,Moderate,0.85,0.88,0.08,0.05,0.08,Target Met,Monitor,Low Risk,"Synthetic project dataset: decimal SQM scores rounded to 2 decimals, importance-based targets by part, and weighted loss-priority optimization."
171,09-11-2025,Chennai Plant,Tipper 3523,SUP-DELTA,Delta Fleet Components,SUP-DELTA-TRU-2787,Truck Air Filter,Electrical/Airflow,836.09,149-1000,156,0,2402,100,88.13,1.401,,,,,,,0.1789,0.99083,0.0758,,,,,,,,,,,,,,,,,,,Incoming QC,7.5,0.8,0.8,Moderate,0.83,0.89,0.09,0.03,0.1,Target Met,Monitor,Low Risk,"Synthetic project dataset: decimal SQM scores rounded to 2 decimals, importance-based targets by part, and weighted loss-priority optimization."
172,11-02-2026,Pune Plant,Tipper 3523,SUP-BETA,Beta Truck Systems,SUP-BETA-TRU-6661,Truck Air Filter,Electrical/Airflow,258.65,149-1000,130,0,2733,88.13,84.92,1.401,,,,,,,0.1484,0.98394,0.0829,,,,,,,,,,,,,,,,,,,Warranty Record,7.5,0.8,0.8,Moderate,0.8,0.85,0.05,0,0.02,Target Met,Monitor,Low Risk,"Synthetic project dataset: decimal SQM scores rounded to 2 decimals, importance-based targets by part, and weighted loss-priority optimization."
173,27-09-2025,Jamshedpur Plant,School Bus 1017,SUP-ZETA,Zeta Brake and Flow,SUP-ZETA-TRU-2531,Truck Air Filter,Electrical/Airflow,683.63,149-1000,193,0,2215,97.33,96.71,1.548,,,,,,,0.1708,1,0.1048,,,,,,,,,,,,,,,,,,,Dealer Service,7.5,0.8,0.8,Moderate,0.9,0.92,0.12,0.1,0.08,Target Met,Monitor,Low Risk,"Synthetic project dataset: decimal SQM scores rounded to 2 decimals, importance-based targets by part, and weighted loss-priority optimization."
174,13-06-2025,Jamshedpur Plant,School Bus 1017,SUP-EPS,Epsilon Drives & Seals,SUP-EPS-TRU-1040,Truck Air Filter,Electrical/Airflow,404.23,149-1000,200,1,3478,82.62,85.5,1.153,,,,,,,0.122,0.98877,0.2631,,,,,,,,,,,,,,,,,,,Dealer Service,7.5,0.8,0.8,Moderate,0.82,0.81,0.01,0.02,0.04,Target Met,Monitor,Low Risk,"Synthetic project dataset: decimal SQM scores rounded to 2 decimals, importance-based targets by part, and weighted loss-priority optimization."
175,20-04-2025,Jamshedpur Plant,Tipper 3523,SUP-GAMMA,Gamma Motion Parts,SUP-GAMMA-TRU-8851,Truck Air Filter,Electrical/Airflow,203.16,149-1000,125,0,3444,94.55,91.1,1.451,,,,,,,0.0849,0.99711,0.0435,,,,,,,,,,,,,,,,,,,Dealer Service,7.5,0.8,0.8,Moderate,0.93,0.89,0.09,0.13,0.02,Target Met,Monitor,Low Risk,"Synthetic project dataset: decimal SQM scores rounded to 2 decimals, importance-based targets by part, and weighted loss-priority optimization."
176,10-04-2026,Pune Plant,Rigid Truck 2818,SUP-GAMMA,Gamma Motion Parts,SUP-GAMMA-TRU-7748,Truck Air Filter,Electrical/Airflow,266.03,149-1000,255,1,3332,92.07,92.91,1.42,,,,,,,0.1002,0.99458,0.1838,,,,,,,,,,,,,,,,,,,Dealer Service,7.5,0.8,0.8,Moderate,0.88,0.87,0.07,0.08,0.02,Target Met,Monitor,Low Risk,"Synthetic project dataset: decimal SQM scores rounded to 2 decimals, importance-based targets by part, and weighted loss-priority optimization."
177,28-06-2025,Bangalore Plant,Rigid Truck 2818,SUP-ZETA,Zeta Brake and Flow,SUP-ZETA-TRU-1193,Truck Air Filter,Electrical/Airflow,975.12,149-1000,171,0,475,94.27,99.66,1.634,,,,,,,0.0361,0.99262,0.0337,,,,,,,,,,,,,,,,,,,Bench Test,7.5,0.8,0.8,Moderate,0.92,0.96,0.16,0.12,0.12,Target Met,Monitor,Low Risk,"Synthetic project dataset: decimal SQM scores rounded to 2 decimals, importance-based targets by part, and weighted loss-priority optimization."
178,29-07-2025,Pune Plant,Bus Chassis 1624,SUP-ZETA,Zeta Brake and Flow,SUP-ZETA-TRU-3800,Truck Air Filter,Electrical/Airflow,975.77,149-1000,100,0,1173,93.96,95.01,1.453,,,,,,,0.0938,0.98988,0.0599,,,,,,,,,,,,,,,,,,,Bench Test,7.5,0.8,0.8,Moderate,0.87,0.92,0.12,0.07,0.12,Target Met,Monitor,Low Risk,"Synthetic project dataset: decimal SQM scores rounded to 2 decimals, importance-based targets by part, and weighted loss-priority optimization."
179,26-06-2025,Bangalore Plant,School Bus 1017,SUP-ZETA,Zeta Brake and Flow,SUP-ZETA-TRU-4828,Truck Air Filter,Electrical/Airflow,542.89,149-1000,180,0,907,97.33,87.17,1.271,,,,,,,0.2542,0.98771,0.1811,,,,,,,,,,,,,,,,,,,Warranty Record,7.5,0.8,0.8,Moderate,0.76,0.89,0.09,-0.04,0.06,Target Met,Monitor,Low Risk,"Synthetic project dataset: decimal SQM scores rounded to 2 decimals, importance-based targets by part, and weighted loss-priority optimization."
180,22-09-2025,Chennai Plant,Bus Chassis 1624,SUP-EPS,Epsilon Drives & Seals,SUP-EPS-TRU-6670,Truck Air Filter,Electrical/Airflow,638.14,149-1000,76,0,2690,98.19,86.86,1.531,,,,,,,0.1685,0.9884,0.1639,,,,,,,,,,,,,,,,,,,Dealer Service,7.5,0.8,0.8,Moderate,0.81,0.87,0.07,0.01,0.08,Target Met,Monitor,Low Risk,"Synthetic project dataset: decimal SQM scores rounded to 2 decimals, importance-based targets by part, and weighted loss-priority optimization."
181,18-04-2025,Bangalore Plant,Bus Chassis 1624,SUP-GAMMA,Gamma Motion Parts,SUP-GAMMA-TRU-7246,Truck Air Filter,Electrical/Airflow,412.28,149-1000,58,0,1913,96.39,86.48,1.444,,,,,,,0.3164,0.99365,0.2148,,,,,,,,,,,,,,,,,,,Bench Test,7.5,0.8,0.8,Moderate,0.76,0.87,0.07,-0.04,0.04,Target Met,Monitor,Low Risk,"Synthetic project dataset: decimal SQM scores rounded to 2 decimals, importance-based targets by part, and weighted loss-priority optimization."
182,26-06-2025,Pune Plant,Tipper 3523,SUP-GAMMA,Gamma Motion Parts,SUP-GAMMA-TRU-2774,Truck Air Filter,Electrical/Airflow,712.93,149-1000,214,1,2549,94.14,97.1,1.602,,,,,,,0.1022,0.99561,0.1134,,,,,,,,,,,,,,,,,,,Incoming QC,7.5,0.8,0.8,Moderate,0.9,0.91,0.11,0.1,0.09,Target Met,Monitor,Low Risk,"Synthetic project dataset: decimal SQM scores rounded to 2 decimals, importance-based targets by part, and weighted loss-priority optimization."
183,23-03-2026,Bangalore Plant,Bus Chassis 1624,SUP-ALPHA,Alpha Mobility Components,SUP-ALPHA-TRU-8544,Truck Air Filter,Electrical/Airflow,267.18,149-1000,144,0,623,100,99.08,1.552,,,,,,,0.0315,1,0.0192,,,,,,,,,,,,,,,,,,,Incoming QC,7.5,0.8,0.8,Moderate,0.98,0.98,0.18,0.18,0.02,Target Met,Monitor,Low Risk,"Synthetic project dataset: decimal SQM scores rounded to 2 decimals, importance-based targets by part, and weighted loss-priority optimization."
184,03-04-2025,Chennai Plant,Rigid Truck 2818,SUP-ZETA,Zeta Brake and Flow,SUP-ZETA-TRU-2998,Truck Air Filter,Electrical/Airflow,220.82,149-1000,205,0,1836,100,100,1.244,,,,,,,0.0293,1,0.0186,,,,,,,,,,,,,,,,,,,Warranty Record,7.5,0.8,0.8,Moderate,0.98,0.95,0.15,0.18,0.02,Target Met,Monitor,Low Risk,"Synthetic project dataset: decimal SQM scores rounded to 2 decimals, importance-based targets by part, and weighted loss-priority optimization."
185,06-10-2025,Jamshedpur Plant,Cargo 1916,SUP-EPS,Epsilon Drives & Seals,SUP-EPS-TRU-4259,Truck Air Filter,Electrical/Airflow,820.43,149-1000,146,1,6590,97.3,76.49,1.106,,,,,,,0.242,0.96964,0.2085,,,,,,,,,,,,,,,,,,,Dealer Service,7.5,0.8,0.8,Moderate,0.63,0.7,-0.1,-0.17,0.16,Below Target,Monitor,High Risk,"Synthetic project dataset: decimal SQM scores rounded to 2 decimals, importance-based targets by part, and weighted loss-priority optimization."
186,10-02-2025,Pune Plant,Rigid Truck 2818,SUP-DELTA,Delta Fleet Components,SUP-DELTA-TRU-1006,Truck Air Filter,Electrical/Airflow,289.95,149-1000,102,0,0,99.61,97.93,1.768,,,,,,,0,1,0,,,,,,,,,,,,,,,,,,,Dealer Service,7.5,0.8,0.8,Moderate,1,1,0.2,0.2,0.03,Target Met,Monitor,Low Risk,"Synthetic project dataset: decimal SQM scores rounded to 2 decimals, importance-based targets by part, and weighted loss-priority optimization."
187,06-06-2025,Chennai Plant,Rigid Truck 2818,SUP-GAMMA,Gamma Motion Parts,SUP-GAMMA-TRU-2829,Truck Air Filter,Electrical/Airflow,497.59,149-1000,241,1,3521,98.14,94.92,1.263,,,,,,,0.3173,0.98192,0.1845,,,,,,,,,,,,,,,,,,,Warranty Record,7.5,0.8,0.8,Moderate,0.68,0.83,0.03,-0.12,0.06,Target Met,Monitor,Low Risk,"Synthetic project dataset: decimal SQM scores rounded to 2 decimals, importance-based targets by part, and weighted loss-priority optimization."
188,01-05-2026,Chennai Plant,School Bus 1017,SUP-DELTA,Delta Fleet Components,SUP-DELTA-TRU-7218,Truck Air Filter,Electrical/Airflow,579.14,149-1000,70,0,2983,92.63,97.23,1.437,,,,,,,0.0591,0.99327,0.0298,,,,,,,,,,,,,,,,,,,Warranty Record,7.5,0.8,0.8,Moderate,0.92,0.9,0.1,0.12,0.07,Target Met,Monitor,Low Risk,"Synthetic project dataset: decimal SQM scores rounded to 2 decimals, importance-based targets by part, and weighted loss-priority optimization."
189,19-09-2025,Pune Plant,Bus Chassis 1624,SUP-ZETA,Zeta Brake and Flow,SUP-ZETA-TRU-1785,Truck Air Filter,Electrical/Airflow,905.03,149-1000,164,0,2899,81.31,82.4,1.279,,,,,,,0.3592,0.98204,0.3434,,,,,,,,,,,,,,,,,,,Incoming QC,7.5,0.8,0.8,Moderate,0.64,0.78,-0.02,-0.16,0.12,Near Target,Monitor,Watchlist,"Synthetic project dataset: decimal SQM scores rounded to 2 decimals, importance-based targets by part, and weighted loss-priority optimization."
190,11-05-2026,Chennai Plant,Bus Chassis 1624,SUP-EPS,Epsilon Drives & Seals,SUP-EPS-TRU-1946,Truck Air Filter,Electrical/Airflow,359.12,149-1000,107,0,3424,89.06,85.02,1.101,,,,,,,0.2601,0.97904,0.3342,,,,,,,,,,,,,,,,,,,Dealer Service,7.5,0.8,0.8,Moderate,0.67,0.78,-0.02,-0.13,0.05,Near Target,Monitor,Watchlist,"Synthetic project dataset: decimal SQM scores rounded to 2 decimals, importance-based targets by part, and weighted loss-priority optimization."
191,07-12-2025,Pune Plant,School Bus 1017,SUP-ALPHA,Alpha Mobility Components,SUP-ALPHA-TRU-7626,Truck Air Filter,Electrical/Airflow,267.46,149-1000,60,0,3140,95.16,94.72,1.551,,,,,,,0.0938,0.97875,0.1571,,,,,,,,,,,,,,,,,,,Warranty Record,7.5,0.8,0.8,Moderate,0.78,0.86,0.06,-0.02,0.02,Target Met,Monitor,Low Risk,"Synthetic project dataset: decimal SQM scores rounded to 2 decimals, importance-based targets by part, and weighted loss-priority optimization."
192,09-04-2025,Jamshedpur Plant,Tipper 3523,SUP-DELTA,Delta Fleet Components,SUP-DELTA-TRU-3567,Truck Air Filter,Electrical/Airflow,770.93,149-1000,291,0,377,92.34,88.92,1.5,,,,,,,0.0366,1,0.0491,,,,,,,,,,,,,,,,,,,Warranty Record,7.5,0.8,0.8,Moderate,0.97,0.95,0.15,0.17,0.09,Target Met,Monitor,Low Risk,"Synthetic project dataset: decimal SQM scores rounded to 2 decimals, importance-based targets by part, and weighted loss-priority optimization."
193,05-03-2025,Bangalore Plant,School Bus 1017,SUP-EPS,Epsilon Drives & Seals,SUP-EPS-TRU-7538,Truck Air Filter,Electrical/Airflow,260.19,149-1000,130,1,5478,90.46,85.51,1.384,,,,,,,0.3176,0.97897,0.0836,,,,,,,,,,,,,,,,,,,Warranty Record,7.5,0.8,0.8,Moderate,0.68,0.77,-0.03,-0.12,0.04,Near Target,Monitor,Watchlist,"Synthetic project dataset: decimal SQM scores rounded to 2 decimals, importance-based targets by part, and weighted loss-priority optimization."
194,12-01-2025,Chennai Plant,Bus Chassis 1624,SUP-EPS,Epsilon Drives & Seals,SUP-EPS-TRU-8166,Truck Air Filter,Electrical/Airflow,883.88,149-1000,109,1,6155,91.47,80.32,1.345,,,,,,,0.1776,0.98653,0.164,,,,,,,,,,,,,,,,,,,Incoming QC,7.5,0.8,0.8,Moderate,0.79,0.77,-0.03,-0.01,0.13,Near Target,Monitor,Watchlist,"Synthetic project dataset: decimal SQM scores rounded to 2 decimals, importance-based targets by part, and weighted loss-priority optimization."
195,11-02-2026,Bangalore Plant,Rigid Truck 2818,SUP-ZETA,Zeta Brake and Flow,SUP-ZETA-TRU-5699,Truck Air Filter,Electrical/Airflow,537.04,149-1000,242,0,1148,98.89,100,1.664,,,,,,,0,1,0,,,,,,,,,,,,,,,,,,,Bench Test,7.5,0.8,0.8,Moderate,1,0.97,0.17,0.2,0.06,Target Met,Monitor,Low Risk,"Synthetic project dataset: decimal SQM scores rounded to 2 decimals, importance-based targets by part, and weighted loss-priority optimization."
196,17-02-2025,Pune Plant,School Bus 1017,SUP-BETA,Beta Truck Systems,SUP-BETA-TRU-8661,Truck Air Filter,Electrical/Airflow,175.2,149-1000,155,0,1720,91.52,89.86,1.36,,,,,,,0.0678,0.98818,0.0942,,,,,,,,,,,,,,,,,,,Bench Test,7.5,0.8,0.8,Moderate,0.87,0.9,0.1,0.07,0.01,Target Met,Monitor,Low Risk,"Synthetic project dataset: decimal SQM scores rounded to 2 decimals, importance-based targets by part, and weighted loss-priority optimization."
197,04-10-2025,Chennai Plant,Cargo 1916,SUP-ALPHA,Alpha Mobility Components,SUP-ALPHA-TRU-2088,Truck Air Filter,Electrical/Airflow,399.72,149-1000,243,0,552,96.87,100,1.714,,,,,,,0,1,0,,,,,,,,,,,,,,,,,,,Bench Test,7.5,0.8,0.8,Moderate,1,0.98,0.18,0.2,0.04,Target Met,Monitor,Low Risk,"Synthetic project dataset: decimal SQM scores rounded to 2 decimals, importance-based targets by part, and weighted loss-priority optimization."
198,04-02-2025,Bangalore Plant,Rigid Truck 2818,SUP-DELTA,Delta Fleet Components,SUP-DELTA-TRU-3014,Truck Air Filter,Electrical/Airflow,733.98,149-1000,233,0,1877,95.34,89.09,1.371,,,,,,,0.0562,0.99875,0.0584,,,,,,,,,,,,,,,,,,,Warranty Record,7.5,0.8,0.8,Moderate,0.95,0.92,0.12,0.15,0.09,Target Met,Monitor,Low Risk,"Synthetic project dataset: decimal SQM scores rounded to 2 decimals, importance-based targets by part, and weighted loss-priority optimization."
199,22-06-2025,Bangalore Plant,Cargo 1916,SUP-BETA,Beta Truck Systems,SUP-BETA-TRU-8913,Truck Air Filter,Electrical/Airflow,575.03,149-1000,84,0,1990,95.67,96.48,1.401,,,,,,,0.0932,0.98972,0.0912,,,,,,,,,,,,,,,,,,,Dealer Service,7.5,0.8,0.8,Moderate,0.87,0.91,0.11,0.07,0.07,Target Met,Monitor,Low Risk,"Synthetic project dataset: decimal SQM scores rounded to 2 decimals, importance-based targets by part, and weighted loss-priority optimization."
200,03-07-2025,Bangalore Plant,School Bus 1017,SUP-ALPHA,Alpha Mobility Components,SUP-ALPHA-TRU-6686,Truck Air Filter,Electrical/Airflow,278.63,149-1000,150,0,0,100,94.96,1.349,,,,,,,0.0741,0.99169,0.0294,,,,,,,,,,,,,,,,,,,Bench Test,7.5,0.8,0.8,Moderate,0.9,0.97,0.17,0.1,0.03,Target Met,Monitor,Low Risk,"Synthetic project dataset: decimal SQM scores rounded to 2 decimals, importance-based targets by part, and weighted loss-priority optimization."
201,21-08-2025,Jamshedpur Plant,Rigid Truck 2818,SUP-ZETA,Zeta Brake and Flow,SUP-ZETA-TRU-1182,Truck Air Filter,Electrical/Airflow,253.61,149-1000,197,1,4209,91.2,87.1,1.472,,,,,,,0.2556,0.97394,0.1773,,,,,,,,,,,,,,,,,,,Bench Test,7.5,0.8,0.8,Moderate,0.66,0.79,-0.01,-0.14,0.03,Near Target,Monitor,Watchlist,"Synthetic project dataset: decimal SQM scores rounded to 2 decimals, importance-based targets by part, and weighted loss-priority optimization."
202,21-02-2025,Pune Plant,Tipper 3523,SUP-EPS,Epsilon Drives & Seals,SUP-EPS-TRU-7846,Truck Air Filter,Electrical/Airflow,833.17,149-1000,187,1,2686,91.97,100,1.621,,,,,,,0.0434,0.99836,0.0837,,,,,,,,,,,,,,,,,,,Bench Test,7.5,0.8,0.8,Moderate,0.95,0.92,0.12,0.15,0.1,Target Met,Monitor,Low Risk,"Synthetic project dataset: decimal SQM scores rounded to 2 decimals, importance-based targets by part, and weighted loss-priority optimization."
203,19-02-2026,Chennai Plant,Bus Chassis 1624,SUP-BETA,Beta Truck Systems,SUP-BETA-TRU-8161,Truck Air Filter,Electrical/Airflow,149.11,149-1000,287,1,4983,90.89,90.53,1.294,,,,,,,0.2331,0.99375,0.1781,,,,,,,,,,,,,,,,,,,Incoming QC,7.5,0.8,0.8,Moderate,0.81,0.81,0.01,0.01,0.01,Target Met,Monitor,Low Risk,"Synthetic project dataset: decimal SQM scores rounded to 2 decimals, importance-based targets by part, and weighted loss-priority optimization."
204,29-03-2025,Jamshedpur Plant,Rigid Truck 2818,SUP-GAMMA,Gamma Motion Parts,SUP-GAMMA-TRU-3224,Truck Air Filter,Electrical/Airflow,921.03,149-1000,196,0,2068,97.14,87.62,1.504,,,,,,,0.093,0.99878,0.1291,,,,,,,,,,,,,,,,,,,Dealer Service,7.5,0.8,0.8,Moderate,0.92,0.91,0.11,0.12,0.12,Target Met,Monitor,Low Risk,"Synthetic project dataset: decimal SQM scores rounded to 2 decimals, importance-based targets by part, and weighted loss-priority optimization."
205,16-04-2026,Jamshedpur Plant,Tipper 3523,SUP-DELTA,Delta Fleet Components,SUP-DELTA-TRU-4796,Truck Air Filter,Electrical/Airflow,267.39,149-1000,257,1,3229,97.82,91.27,1.467,,,,,,,0.1995,0.99367,0.1526,,,,,,,,,,,,,,,,,,,Dealer Service,7.5,0.8,0.8,Moderate,0.83,0.87,0.07,0.03,0.02,Target Met,Monitor,Low Risk,"Synthetic project dataset: decimal SQM scores rounded to 2 decimals, importance-based targets by part, and weighted loss-priority optimization."
206,04-04-2025,Jamshedpur Plant,Rigid Truck 2818,SUP-EPS,Epsilon Drives & Seals,SUP-EPS-TRU-6423,Truck Air Filter,Electrical/Airflow,455.4,149-1000,240,1,3490,94.24,87.45,1.331,,,,,,,0.168,0.98728,0.2167,,,,,,,,,,,,,,,,,,,Warranty Record,7.5,0.8,0.8,Moderate,0.79,0.84,0.04,-0.01,0.05,Target Met,Monitor,Low Risk,"Synthetic project dataset: decimal SQM scores rounded to 2 decimals, importance-based targets by part, and weighted loss-priority optimization."
207,13-09-2025,Jamshedpur Plant,Tipper 3523,SUP-EPS,Epsilon Drives & Seals,SUP-EPS-TRU-5424,Truck Air Filter,Electrical/Airflow,848.68,149-1000,266,1,4481,87.97,83.93,1.242,,,,,,,0.364,0.98973,0.2649,,,,,,,,,,,,,,,,,,,Incoming QC,7.5,0.8,0.8,Moderate,0.7,0.77,-0.03,-0.1,0.12,Near Target,Monitor,Watchlist,"Synthetic project dataset: decimal SQM scores rounded to 2 decimals, importance-based targets by part, and weighted loss-priority optimization."
208,09-12-2025,Chennai Plant,Rigid Truck 2818,SUP-EPS,Epsilon Drives & Seals,SUP-EPS-TRU-6184,Truck Air Filter,Electrical/Airflow,547.4,149-1000,212,1,2668,95.38,90.79,1.485,,,,,,,0.1606,0.98971,0.0603,,,,,,,,,,,,,,,,,,,Dealer Service,7.5,0.8,0.8,Moderate,0.84,0.88,0.08,0.04,0.06,Target Met,Monitor,Low Risk,"Synthetic project dataset: decimal SQM scores rounded to 2 decimals, importance-based targets by part, and weighted loss-priority optimization."
209,28-04-2025,Bangalore Plant,School Bus 1017,SUP-BETA,Beta Truck Systems,SUP-BETA-TRU-8011,Truck Air Filter,Electrical/Airflow,165.45,149-1000,93,0,2737,85.17,90.94,1.221,,,,,,,0.2479,0.98098,0.0424,,,,,,,,,,,,,,,,,,,Incoming QC,7.5,0.8,0.8,Moderate,0.74,0.82,0.02,-0.06,0.01,Target Met,Monitor,Low Risk,"Synthetic project dataset: decimal SQM scores rounded to 2 decimals, importance-based targets by part, and weighted loss-priority optimization."
210,25-09-2025,Jamshedpur Plant,School Bus 1017,SUP-ALPHA,Alpha Mobility Components,SUP-ALPHA-TRU-3745,Truck Air Filter,Electrical/Airflow,536.14,149-1000,221,1,3905,99.42,86.07,1.605,,,,,,,0.1956,0.9864,0.1197,,,,,,,,,,,,,,,,,,,Bench Test,7.5,0.8,0.8,Moderate,0.79,0.84,0.04,-0.01,0.06,Target Met,Monitor,Low Risk,"Synthetic project dataset: decimal SQM scores rounded to 2 decimals, importance-based targets by part, and weighted loss-priority optimization."
211,21-08-2025,Bangalore Plant,Bus Chassis 1624,SUP-ZETA,Zeta Brake and Flow,SUP-ZETA-TRU-3566,Truck Air Filter,Electrical/Airflow,777.91,149-1000,201,0,1920,92.97,83.11,1.272,,,,,,,0.1361,0.98086,0.0983,,,,,,,,,,,,,,,,,,,Warranty Record,7.5,0.8,0.8,Moderate,0.78,0.86,0.06,-0.02,0.1,Target Met,Monitor,Low Risk,"Synthetic project dataset: decimal SQM scores rounded to 2 decimals, importance-based targets by part, and weighted loss-priority optimization."
212,21-04-2025,Jamshedpur Plant,Rigid Truck 2818,SUP-EPS,Epsilon Drives & Seals,SUP-EPS-TRU-9835,Truck Air Filter,Electrical/Airflow,487.7,149-1000,199,1,3223,94.28,90.92,1.362,,,,,,,0.2582,0.99576,0.1799,,,,,,,,,,,,,,,,,,,Warranty Record,7.5,0.8,0.8,Moderate,0.81,0.86,0.06,0.01,0.05,Target Met,Monitor,Low Risk,"Synthetic project dataset: decimal SQM scores rounded to 2 decimals, importance-based targets by part, and weighted loss-priority optimization."
213,24-07-2025,Jamshedpur Plant,Tipper 3523,SUP-DELTA,Delta Fleet Components,SUP-DELTA-TRU-7683,Truck Air Filter,Electrical/Airflow,352.52,149-1000,118,0,2502,97.24,91.54,1.502,,,,,,,0.1296,0.9929,0.044,,,,,,,,,,,,,,,,,,,Dealer Service,7.5,0.8,0.8,Moderate,0.88,0.9,0.1,0.08,0.04,Target Met,Monitor,Low Risk,"Synthetic project dataset: decimal SQM scores rounded to 2 decimals, importance-based targets by part, and weighted loss-priority optimization."
214,17-03-2026,Pune Plant,Tipper 3523,SUP-GAMMA,Gamma Motion Parts,SUP-GAMMA-TRU-2994,Truck Air Filter,Electrical/Airflow,288.46,149-1000,65,0,3695,93.62,98.66,1.578,,,,,,,0.0868,0.99221,0.0667,,,,,,,,,,,,,,,,,,,Incoming QC,7.5,0.8,0.8,Moderate,0.89,0.88,0.08,0.09,0.03,Target Met,Monitor,Low Risk,"Synthetic project dataset: decimal SQM scores rounded to 2 decimals, importance-based targets by part, and weighted loss-priority optimization."
215,07-07-2025,Bangalore Plant,Cargo 1916,SUP-DELTA,Delta Fleet Components,SUP-DELTA-TRU-2946,Truck Air Filter,Electrical/Airflow,964.2,149-1000,96,0,2760,97.07,96.38,1.323,,,,,,,0.1619,0.98989,0.0762,,,,,,,,,,,,,,,,,,,Warranty Record,7.5,0.8,0.8,Moderate,0.84,0.89,0.09,0.04,0.12,Target Met,Monitor,Low Risk,"Synthetic project dataset: decimal SQM scores rounded to 2 decimals, importance-based targets by part, and weighted loss-priority optimization."
216,22-03-2026,Jamshedpur Plant,Rigid Truck 2818,SUP-EPS,Epsilon Drives & Seals,SUP-EPS-TRU-1492,Truck Air Filter,Electrical/Airflow,884.23,149-1000,249,1,2795,88.1,92.57,1.703,,,,,,,0.0826,0.97993,0.1679,,,,,,,,,,,,,,,,,,,Incoming QC,7.5,0.8,0.8,Moderate,0.79,0.85,0.05,-0.01,0.11,Target Met,Monitor,Low Risk,"Synthetic project dataset: decimal SQM scores rounded to 2 decimals, importance-based targets by part, and weighted loss-priority optimization."
217,11-03-2025,Bangalore Plant,Rigid Truck 2818,SUP-GAMMA,Gamma Motion Parts,SUP-GAMMA-BRA-1619,Brake Chamber,Brake,1185.56,500-1655,208,1,4101,93.17,90.67,1.323,,,,,,,,,,7.314,0.2826,0.2835,,,,,,,,,,,,,,,,Dealer Service,10,1,1,Maximum,0.71,0.81,-0.19,-0.29,0.29,Below Target,Medium Action,High Risk,"Synthetic project dataset: decimal SQM scores rounded to 2 decimals, importance-based targets by part, and weighted loss-priority optimization."
218,17-04-2025,Jamshedpur Plant,Cargo 1916,SUP-DELTA,Delta Fleet Components,SUP-DELTA-BRA-8594,Brake Chamber,Brake,768.01,500-1655,284,1,5120,90.37,82.76,1.468,,,,,,,,,,7.507,0.0576,0.2189,,,,,,,,,,,,,,,,Incoming QC,10,1,1,Maximum,0.81,0.8,-0.2,-0.19,0.24,Below Target,Monitor,High Risk,"Synthetic project dataset: decimal SQM scores rounded to 2 decimals, importance-based targets by part, and weighted loss-priority optimization."
219,17-05-2025,Bangalore Plant,School Bus 1017,SUP-ALPHA,Alpha Mobility Components,SUP-ALPHA-BRA-3217,Brake Chamber,Brake,553.2,500-1655,113,0,3322,94.24,100,1.668,,,,,,,,,,1.982,0.1125,0.0989,,,,,,,,,,,,,,,,Bench Test,10,1,1,Maximum,0.9,0.9,-0.1,-0.1,0.14,Below Target,Monitor,High Risk,"Synthetic project dataset: decimal SQM scores rounded to 2 decimals, importance-based targets by part, and weighted loss-priority optimization."
220,01-04-2025,Chennai Plant,Bus Chassis 1624,SUP-DELTA,Delta Fleet Components,SUP-DELTA-BRA-3451,Brake Chamber,Brake,1056.19,500-1655,140,0,971,89.3,100,1.315,,,,,,,,,,3.429,0.1381,0.1378,,,,,,,,,,,,,,,,Warranty Record,10,1,1,Maximum,0.86,0.92,-0.08,-0.14,0.19,Below Target,Monitor,High Risk,"Synthetic project dataset: decimal SQM scores rounded to 2 decimals, importance-based targets by part, and weighted loss-priority optimization."
221,01-10-2025,Bangalore Plant,Cargo 1916,SUP-GAMMA,Gamma Motion Parts,SUP-GAMMA-BRA-9345,Brake Chamber,Brake,777.66,500-1655,212,1,6328,91.37,73.46,1.424,,,,,,,,,,12.102,0.0478,0.2688,,,,,,,,,,,,,,,,Bench Test,10,1,1,Maximum,0.72,0.74,-0.26,-0.28,0.29,Below Target,Medium Action,High Risk,"Synthetic project dataset: decimal SQM scores rounded to 2 decimals, importance-based targets by part, and weighted loss-priority optimization."
222,22-07-2025,Chennai Plant,Rigid Truck 2818,SUP-ZETA,Zeta Brake and Flow,SUP-ZETA-BRA-7242,Brake Chamber,Brake,1170,500-1655,80,0,4270,90.69,77.38,1.57,,,,,,,,,,5.528,0.3089,0.1078,,,,,,,,,,,,,,,,Warranty Record,10,1,1,Maximum,0.78,0.8,-0.2,-0.22,0.3,Below Target,Medium Action,High Risk,"Synthetic project dataset: decimal SQM scores rounded to 2 decimals, importance-based targets by part, and weighted loss-priority optimization."
223,03-06-2025,Pune Plant,Tipper 3523,SUP-ZETA,Zeta Brake and Flow,SUP-ZETA-BRA-1614,Brake Chamber,Brake,794.88,500-1655,79,0,1282,100,91.91,1.332,,,,,,,,,,1.301,0.0854,0.0622,,,,,,,,,,,,,,,,Bench Test,10,1,1,Maximum,0.93,0.94,-0.06,-0.07,0.14,Below Target,Monitor,High Risk,"Synthetic project dataset: decimal SQM scores rounded to 2 decimals, importance-based targets by part, and weighted loss-priority optimization."
224,13-01-2026,Jamshedpur Plant,Rigid Truck 2818,SUP-EPS,Epsilon Drives & Seals,SUP-EPS-BRA-4252,Brake Chamber,Brake,1035.1,500-1655,234,1,2320,99.6,90.03,1.55,,,,,,,,,,4.048,0.121,0.06,,,,,,,,,,,,,,,,Incoming QC,10,1,1,Maximum,0.88,0.91,-0.09,-0.12,0.2,Below Target,Monitor,High Risk,"Synthetic project dataset: decimal SQM scores rounded to 2 decimals, importance-based targets by part, and weighted loss-priority optimization."
225,09-11-2025,Jamshedpur Plant,Rigid Truck 2818,SUP-BETA,Beta Truck Systems,SUP-BETA-BRA-4156,Brake Chamber,Brake,735.13,500-1655,288,0,1278,95.25,90.48,1.372,,,,,,,,,,2.496,0.0393,0.0312,,,,,,,,,,,,,,,,Incoming QC,10,1,1,Maximum,0.94,0.93,-0.07,-0.06,0.14,Below Target,Monitor,High Risk,"Synthetic project dataset: decimal SQM scores rounded to 2 decimals, importance-based targets by part, and weighted loss-priority optimization."
226,30-10-2025,Jamshedpur Plant,Tipper 3523,SUP-ZETA,Zeta Brake and Flow,SUP-ZETA-BRA-3749,Brake Chamber,Brake,1204.12,500-1655,77,0,2719,100,100,1.426,,,,,,,,,,3.834,0.0404,0.0626,,,,,,,,,,,,,,,,Bench Test,10,1,1,Maximum,0.91,0.92,-0.08,-0.09,0.21,Below Target,Monitor,High Risk,"Synthetic project dataset: decimal SQM scores rounded to 2 decimals, importance-based targets by part, and weighted loss-priority optimization."
227,16-02-2025,Jamshedpur Plant,Cargo 1916,SUP-EPS,Epsilon Drives & Seals,SUP-EPS-BRA-4273,Brake Chamber,Brake,1128.89,500-1655,267,1,2801,99.4,77.04,1.276,,,,,,,,,,3.289,0.0935,0.2021,,,,,,,,,,,,,,,,Dealer Service,10,1,1,Maximum,0.86,0.87,-0.13,-0.14,0.24,Below Target,Monitor,High Risk,"Synthetic project dataset: decimal SQM scores rounded to 2 decimals, importance-based targets by part, and weighted loss-priority optimization."
228,10-04-2026,Jamshedpur Plant,School Bus 1017,SUP-DELTA,Delta Fleet Components,SUP-DELTA-BRA-6754,Brake Chamber,Brake,1230.14,500-1655,178,0,1255,100,97.37,1.473,,,,,,,,,,3.453,0.0155,0.0873,,,,,,,,,,,,,,,,Bench Test,10,1,1,Maximum,0.92,0.95,-0.05,-0.08,0.2,Near Target,Monitor,Watchlist,"Synthetic project dataset: decimal SQM scores rounded to 2 decimals, importance-based targets by part, and weighted loss-priority optimization."
229,04-05-2026,Pune Plant,School Bus 1017,SUP-BETA,Beta Truck Systems,SUP-BETA-BRA-1680,Brake Chamber,Brake,535.64,500-1655,127,1,5239,87.7,80.89,1.213,,,,,,,,,,5.853,0.1599,0.2043,,,,,,,,,,,,,,,,Warranty Record,10,1,1,Maximum,0.8,0.77,-0.23,-0.2,0.23,Below Target,Monitor,High Risk,"Synthetic project dataset: decimal SQM scores rounded to 2 decimals, importance-based targets by part, and weighted loss-priority optimization."
230,04-11-2025,Chennai Plant,Tipper 3523,SUP-EPS,Epsilon Drives & Seals,SUP-EPS-BRA-5160,Brake Chamber,Brake,1593.89,500-1655,284,1,2756,99.25,95.32,1.652,,,,,,,,,,3.017,0.0986,0.1172,,,,,,,,,,,,,,,,Bench Test,10,1,1,Maximum,0.89,0.91,-0.09,-0.11,0.28,Below Target,Medium Action,High Risk,"Synthetic project dataset: decimal SQM scores rounded to 2 decimals, importance-based targets by part, and weighted loss-priority optimization."
231,04-01-2026,Bangalore Plant,Rigid Truck 2818,SUP-DELTA,Delta Fleet Components,SUP-DELTA-BRA-9112,Brake Chamber,Brake,1131.13,500-1655,82,0,702,90.4,94.63,1.642,,,,,,,,,,1.677,0.0381,0.0373,,,,,,,,,,,,,,,,Dealer Service,10,1,1,Maximum,0.95,0.95,-0.05,-0.05,0.18,Near Target,Monitor,Watchlist,"Synthetic project dataset: decimal SQM scores rounded to 2 decimals, importance-based targets by part, and weighted loss-priority optimization."
232,02-12-2025,Jamshedpur Plant,Bus Chassis 1624,SUP-GAMMA,Gamma Motion Parts,SUP-GAMMA-BRA-4093,Brake Chamber,Brake,865.61,500-1655,52,0,2414,96.59,99.03,1.633,,,,,,,,,,4.28,0.1599,0.0753,,,,,,,,,,,,,,,,Dealer Service,10,1,1,Maximum,0.86,0.91,-0.09,-0.14,0.17,Below Target,Monitor,High Risk,"Synthetic project dataset: decimal SQM scores rounded to 2 decimals, importance-based targets by part, and weighted loss-priority optimization."
233,29-09-2025,Bangalore Plant,Tipper 3523,SUP-DELTA,Delta Fleet Components,SUP-DELTA-BRA-1139,Brake Chamber,Brake,522.86,500-1655,122,0,2907,92.05,100,1.514,,,,,,,,,,1.095,0.0179,0.0402,,,,,,,,,,,,,,,,Warranty Record,10,1,1,Maximum,0.97,0.92,-0.08,-0.03,0.12,Below Target,Monitor,High Risk,"Synthetic project dataset: decimal SQM scores rounded to 2 decimals, importance-based targets by part, and weighted loss-priority optimization."
234,30-11-2025,Jamshedpur Plant,Tipper 3523,SUP-EPS,Epsilon Drives & Seals,SUP-EPS-BRA-3606,Brake Chamber,Brake,565.36,500-1655,108,0,3224,83.41,80.41,1.49,,,,,,,,,,5.681,0.3481,0.2794,,,,,,,,,,,,,,,,Warranty Record,10,1,1,Maximum,0.72,0.8,-0.2,-0.28,0.22,Below Target,Monitor,High Risk,"Synthetic project dataset: decimal SQM scores rounded to 2 decimals, importance-based targets by part, and weighted loss-priority optimization."
235,03-08-2025,Jamshedpur Plant,Bus Chassis 1624,SUP-BETA,Beta Truck Systems,SUP-BETA-BRA-7361,Brake Chamber,Brake,998.98,500-1655,167,1,3358,91.79,91.73,1.288,,,,,,,,,,4.673,0.2643,0.0707,,,,,,,,,,,,,,,,Bench Test,10,1,1,Maximum,0.82,0.85,-0.15,-0.18,0.24,Below Target,Monitor,High Risk,"Synthetic project dataset: decimal SQM scores rounded to 2 decimals, importance-based targets by part, and weighted loss-priority optimization."
236,27-02-2025,Bangalore Plant,Cargo 1916,SUP-DELTA,Delta Fleet Components,SUP-DELTA-BRA-8162,Brake Chamber,Brake,959.24,500-1655,208,1,4136,98.78,78.69,1.284,,,,,,,,,,5.654,0.1454,0.212,,,,,,,,,,,,,,,,Incoming QC,10,1,1,Maximum,0.81,0.83,-0.17,-0.19,0.25,Below Target,Medium Action,High Risk,"Synthetic project dataset: decimal SQM scores rounded to 2 decimals, importance-based targets by part, and weighted loss-priority optimization."
237,15-06-2025,Jamshedpur Plant,Bus Chassis 1624,SUP-ZETA,Zeta Brake and Flow,SUP-ZETA-BRA-4554,Brake Chamber,Brake,1303.65,500-1655,61,0,4091,98.18,88.4,1.482,,,,,,,,,,2.983,0.0382,0.0276,,,,,,,,,,,,,,,,Warranty Record,10,1,1,Maximum,0.93,0.88,-0.12,-0.07,0.26,Below Target,Medium Action,High Risk,"Synthetic project dataset: decimal SQM scores rounded to 2 decimals, importance-based targets by part, and weighted loss-priority optimization."
238,19-11-2025,Pune Plant,School Bus 1017,SUP-DELTA,Delta Fleet Components,SUP-DELTA-BRA-5195,Brake Chamber,Brake,861.41,500-1655,173,1,3761,88.45,95.62,1.599,,,,,,,,,,3.482,0.0005,0.0808,,,,,,,,,,,,,,,,Incoming QC,10,1,1,Maximum,0.92,0.87,-0.13,-0.08,0.2,Below Target,Monitor,High Risk,"Synthetic project dataset: decimal SQM scores rounded to 2 decimals, importance-based targets by part, and weighted loss-priority optimization."
239,05-11-2025,Chennai Plant,Cargo 1916,SUP-EPS,Epsilon Drives & Seals,SUP-EPS-BRA-1816,Brake Chamber,Brake,945.38,500-1655,118,0,2312,85.44,96.85,1.382,,,,,,,,,,6.114,0.3033,0.1137,,,,,,,,,,,,,,,,Dealer Service,10,1,1,Maximum,0.77,0.86,-0.14,-0.23,0.22,Below Target,Monitor,High Risk,"Synthetic project dataset: decimal SQM scores rounded to 2 decimals, importance-based targets by part, and weighted loss-priority optimization."
240,14-03-2025,Chennai Plant,Bus Chassis 1624,SUP-ALPHA,Alpha Mobility Components,SUP-ALPHA-BRA-2818,Brake Chamber,Brake,1075.24,500-1655,276,1,3750,99.24,97.07,1.33,,,,,,,,,,3.176,0.0173,0.1422,,,,,,,,,,,,,,,,Warranty Record,10,1,1,Maximum,0.91,0.89,-0.11,-0.09,0.22,Below Target,Monitor,High Risk,"Synthetic project dataset: decimal SQM scores rounded to 2 decimals, importance-based targets by part, and weighted loss-priority optimization."
241,28-09-2025,Chennai Plant,Cargo 1916,SUP-DELTA,Delta Fleet Components,SUP-DELTA-BRA-3424,Brake Chamber,Brake,1208.35,500-1655,171,1,3069,100,90.12,1.463,,,,,,,,,,4.054,0.1335,0.0647,,,,,,,,,,,,,,,,Bench Test,10,1,1,Maximum,0.87,0.89,-0.11,-0.13,0.24,Below Target,Monitor,High Risk,"Synthetic project dataset: decimal SQM scores rounded to 2 decimals, importance-based targets by part, and weighted loss-priority optimization."
242,08-02-2025,Jamshedpur Plant,Rigid Truck 2818,SUP-GAMMA,Gamma Motion Parts,SUP-GAMMA-BRA-9252,Brake Chamber,Brake,785.93,500-1655,284,1,3415,96.62,85.86,1.297,,,,,,,,,,4.599,0.0589,0.1759,,,,,,,,,,,,,,,,Dealer Service,10,1,1,Maximum,0.86,0.86,-0.14,-0.14,0.2,Below Target,Monitor,High Risk,"Synthetic project dataset: decimal SQM scores rounded to 2 decimals, importance-based targets by part, and weighted loss-priority optimization."
243,18-05-2025,Bangalore Plant,Cargo 1916,SUP-GAMMA,Gamma Motion Parts,SUP-GAMMA-BRA-1869,Brake Chamber,Brake,959.05,500-1655,77,0,6472,89.03,69.08,1.381,,,,,,,,,,10.238,0.3343,0.2649,,,,,,,,,,,,,,,,Warranty Record,10,1,1,Maximum,0.65,0.71,-0.29,-0.35,0.34,Below Target,Medium Action,High Risk,"Synthetic project dataset: decimal SQM scores rounded to 2 decimals, importance-based targets by part, and weighted loss-priority optimization."
244,28-06-2025,Chennai Plant,Bus Chassis 1624,SUP-EPS,Epsilon Drives & Seals,SUP-EPS-BRA-5744,Brake Chamber,Brake,925.56,500-1655,248,1,4375,95.1,75.72,1.355,,,,,,,,,,3.737,0.3025,0.192,,,,,,,,,,,,,,,,Incoming QC,10,1,1,Maximum,0.79,0.81,-0.19,-0.21,0.26,Below Target,Medium Action,High Risk,"Synthetic project dataset: decimal SQM scores rounded to 2 decimals, importance-based targets by part, and weighted loss-priority optimization."
245,18-08-2025,Pune Plant,Rigid Truck 2818,SUP-ZETA,Zeta Brake and Flow,SUP-ZETA-BRA-8352,Brake Chamber,Brake,1012.73,500-1655,207,1,3197,100,88.32,1.392,,,,,,,,,,2.482,0.1149,0.0967,,,,,,,,,,,,,,,,Dealer Service,10,1,1,Maximum,0.9,0.89,-0.11,-0.1,0.21,Below Target,Monitor,High Risk,"Synthetic project dataset: decimal SQM scores rounded to 2 decimals, importance-based targets by part, and weighted loss-priority optimization."
246,29-12-2025,Chennai Plant,Cargo 1916,SUP-DELTA,Delta Fleet Components,SUP-DELTA-BRA-6103,Brake Chamber,Brake,684.21,500-1655,127,0,296,100,89.5,1.638,,,,,,,,,,1.505,0.0641,0.0741,,,,,,,,,,,,,,,,Incoming QC,10,1,1,Maximum,0.93,0.96,-0.04,-0.07,0.11,Near Target,Monitor,Watchlist,"Synthetic project dataset: decimal SQM scores rounded to 2 decimals, importance-based targets by part, and weighted loss-priority optimization."
247,30-10-2025,Chennai Plant,Rigid Truck 2818,SUP-BETA,Beta Truck Systems,SUP-BETA-BRA-1060,Brake Chamber,Brake,794.39,500-1655,123,0,2402,100,94.39,1.741,,,,,,,,,,1.783,0.0951,0.0909,,,,,,,,,,,,,,,,Dealer Service,10,1,1,Maximum,0.92,0.92,-0.08,-0.08,0.16,Below Target,Monitor,High Risk,"Synthetic project dataset: decimal SQM scores rounded to 2 decimals, importance-based targets by part, and weighted loss-priority optimization."
248,07-11-2025,Bangalore Plant,Tipper 3523,SUP-GAMMA,Gamma Motion Parts,SUP-GAMMA-BRA-8024,Brake Chamber,Brake,813.58,500-1655,71,0,5936,92.07,74.14,1.423,,,,,,,,,,5.285,0.1895,0.294,,,,,,,,,,,,,,,,Incoming QC,10,1,1,Maximum,0.78,0.77,-0.23,-0.22,0.27,Below Target,Medium Action,High Risk,"Synthetic project dataset: decimal SQM scores rounded to 2 decimals, importance-based targets by part, and weighted loss-priority optimization."
249,28-04-2025,Pune Plant,Bus Chassis 1624,SUP-GAMMA,Gamma Motion Parts,SUP-GAMMA-BRA-2700,Brake Chamber,Brake,1205.18,500-1655,126,1,4578,91.37,85.79,1.249,,,,,,,,,,6.926,0.3018,0.2003,,,,,,,,,,,,,,,,Warranty Record,10,1,1,Maximum,0.73,0.79,-0.21,-0.27,0.31,Below Target,Medium Action,High Risk,"Synthetic project dataset: decimal SQM scores rounded to 2 decimals, importance-based targets by part, and weighted loss-priority optimization."
250,22-04-2025,Pune Plant,Bus Chassis 1624,SUP-EPS,Epsilon Drives & Seals,SUP-EPS-BRA-9912,Brake Chamber,Brake,596.51,500-1655,84,0,2621,100,87.69,1.51,,,,,,,,,,2.211,0.0974,0.1148,,,,,,,,,,,,,,,,Warranty Record,10,1,1,Maximum,0.9,0.9,-0.1,-0.1,0.15,Below Target,Monitor,High Risk,"Synthetic project dataset: decimal SQM scores rounded to 2 decimals, importance-based targets by part, and weighted loss-priority optimization."
251,25-04-2025,Jamshedpur Plant,School Bus 1017,SUP-BETA,Beta Truck Systems,SUP-BETA-BRA-5507,Brake Chamber,Brake,753.58,500-1655,201,0,846,100,96.25,1.308,,,,,,,,,,3.401,0.1721,0.0877,,,,,,,,,,,,,,,,Incoming QC,10,1,1,Maximum,0.86,0.94,-0.06,-0.14,0.14,Below Target,Monitor,High Risk,"Synthetic project dataset: decimal SQM scores rounded to 2 decimals, importance-based targets by part, and weighted loss-priority optimization."
252,16-10-2025,Jamshedpur Plant,School Bus 1017,SUP-ZETA,Zeta Brake and Flow,SUP-ZETA-BRA-5236,Brake Chamber,Brake,878.32,500-1655,58,0,2181,100,84.8,1.465,,,,,,,,,,7.304,0.1851,0.1739,,,,,,,,,,,,,,,,Bench Test,10,1,1,Maximum,0.77,0.88,-0.12,-0.23,0.2,Below Target,Monitor,High Risk,"Synthetic project dataset: decimal SQM scores rounded to 2 decimals, importance-based targets by part, and weighted loss-priority optimization."
253,16-11-2025,Jamshedpur Plant,Tipper 3523,SUP-BETA,Beta Truck Systems,SUP-BETA-BRA-1816,Brake Chamber,Brake,1284.13,500-1655,167,0,877,95.93,95.79,1.503,,,,,,,,,,4.784,0.1408,0.1186,,,,,,,,,,,,,,,,Bench Test,10,1,1,Maximum,0.84,0.93,-0.07,-0.16,0.22,Below Target,Monitor,High Risk,"Synthetic project dataset: decimal SQM scores rounded to 2 decimals, importance-based targets by part, and weighted loss-priority optimization."
254,20-06-2025,Chennai Plant,Cargo 1916,SUP-DELTA,Delta Fleet Components,SUP-DELTA-BRA-4893,Brake Chamber,Brake,1325.41,500-1655,64,0,1342,100,90.32,1.482,,,,,,,,,,4.955,0.1193,0.1844,,,,,,,,,,,,,,,,Dealer Service,10,1,1,Maximum,0.83,0.92,-0.08,-0.17,0.23,Below Target,Monitor,High Risk,"Synthetic project dataset: decimal SQM scores rounded to 2 decimals, importance-based targets by part, and weighted loss-priority optimization."
255,14-05-2026,Chennai Plant,Cargo 1916,SUP-GAMMA,Gamma Motion Parts,SUP-GAMMA-BRA-5994,Brake Chamber,Brake,1519.36,500-1655,157,0,2852,93.71,100,1.477,,,,,,,,,,2.093,0.0919,0.153,,,,,,,,,,,,,,,,Bench Test,10,1,1,Maximum,0.9,0.9,-0.1,-0.1,0.27,Below Target,Medium Action,High Risk,"Synthetic project dataset: decimal SQM scores rounded to 2 decimals, importance-based targets by part, and weighted loss-priority optimization."
256,26-05-2025,Jamshedpur Plant,Tipper 3523,SUP-GAMMA,Gamma Motion Parts,SUP-GAMMA-BRA-5780,Brake Chamber,Brake,1130.15,500-1655,87,0,1631,92.82,93.19,1.44,,,,,,,,,,5.128,0.1523,0.2808,,,,,,,,,,,,,,,,Dealer Service,10,1,1,Maximum,0.79,0.89,-0.11,-0.21,0.23,Below Target,Monitor,High Risk,"Synthetic project dataset: decimal SQM scores rounded to 2 decimals, importance-based targets by part, and weighted loss-priority optimization."
257,03-01-2025,Pune Plant,Cargo 1916,SUP-DELTA,Delta Fleet Components,SUP-DELTA-BRA-3890,Brake Chamber,Brake,926.75,500-1655,221,0,1314,99.36,100,1.36,,,,,,,,,,3.857,0.13,0.0345,,,,,,,,,,,,,,,,Dealer Service,10,1,1,Maximum,0.88,0.94,-0.06,-0.12,0.16,Below Target,Monitor,High Risk,"Synthetic project dataset: decimal SQM scores rounded to 2 decimals, importance-based targets by part, and weighted loss-priority optimization."
258,23-08-2025,Pune Plant,Cargo 1916,SUP-DELTA,Delta Fleet Components,SUP-DELTA-BRA-6167,Brake Chamber,Brake,619.75,500-1655,101,0,0,100,94.85,1.618,,,,,,,,,,0.162,0.0121,0.0099,,,,,,,,,,,,,,,,Incoming QC,10,1,1,Maximum,0.99,0.99,-0.01,-0.01,0.08,Near Target,Monitor,Watchlist,"Synthetic project dataset: decimal SQM scores rounded to 2 decimals, importance-based targets by part, and weighted loss-priority optimization."
259,22-10-2025,Bangalore Plant,Tipper 3523,SUP-EPS,Epsilon Drives & Seals,SUP-EPS-BRA-1990,Brake Chamber,Brake,951.32,500-1655,248,1,3461,90.76,100,1.285,,,,,,,,,,4.598,0.1508,0.2003,,,,,,,,,,,,,,,,Dealer Service,10,1,1,Maximum,0.82,0.86,-0.14,-0.18,0.22,Below Target,Monitor,High Risk,"Synthetic project dataset: decimal SQM scores rounded to 2 decimals, importance-based targets by part, and weighted loss-priority optimization."
260,30-04-2026,Bangalore Plant,Rigid Truck 2818,SUP-ALPHA,Alpha Mobility Components,SUP-ALPHA-BRA-1615,Brake Chamber,Brake,812.94,500-1655,284,0,0,100,100,1.574,,,,,,,,,,0,0,0,,,,,,,,,,,,,,,,Warranty Record,10,1,1,Maximum,1,1,0,0,0.1,Target Met,Monitor,Low Risk,"Synthetic project dataset: decimal SQM scores rounded to 2 decimals, importance-based targets by part, and weighted loss-priority optimization."
261,27-10-2025,Jamshedpur Plant,Tipper 3523,SUP-EPS,Epsilon Drives & Seals,SUP-EPS-BRA-8485,Brake Chamber,Brake,1020.65,500-1655,246,1,2151,100,100,1.424,,,,,,,,,,5.054,0.0583,0.1537,,,,,,,,,,,,,,,,Incoming QC,10,1,1,Maximum,0.86,0.92,-0.08,-0.14,0.19,Below Target,Monitor,High Risk,"Synthetic project dataset: decimal SQM scores rounded to 2 decimals, importance-based targets by part, and weighted loss-priority optimization."
262,27-08-2025,Pune Plant,Bus Chassis 1624,SUP-BETA,Beta Truck Systems,SUP-BETA-BRA-1922,Brake Chamber,Brake,720.52,500-1655,234,1,3784,95.31,81.02,1.254,,,,,,,,,,6.532,0.0868,0.2274,,,,,,,,,,,,,,,,Dealer Service,10,1,1,Maximum,0.81,0.83,-0.17,-0.19,0.21,Below Target,Monitor,High Risk,"Synthetic project dataset: decimal SQM scores rounded to 2 decimals, importance-based targets by part, and weighted loss-priority optimization."
263,06-10-2025,Pune Plant,Rigid Truck 2818,SUP-EPS,Epsilon Drives & Seals,SUP-EPS-BRA-9799,Brake Chamber,Brake,979.6,500-1655,243,1,3447,92.33,87.96,1.216,,,,,,,,,,3.342,0.1378,0.0524,,,,,,,,,,,,,,,,Dealer Service,10,1,1,Maximum,0.89,0.85,-0.15,-0.11,0.24,Below Target,Monitor,High Risk,"Synthetic project dataset: decimal SQM scores rounded to 2 decimals, importance-based targets by part, and weighted loss-priority optimization."
264,27-06-2025,Bangalore Plant,Cargo 1916,SUP-ZETA,Zeta Brake and Flow,SUP-ZETA-BRA-5172,Brake Chamber,Brake,1540.61,500-1655,215,1,3646,92.59,88.59,1.499,,,,,,,,,,6.254,0.2193,0.0971,,,,,,,,,,,,,,,,Incoming QC,10,1,1,Maximum,0.8,0.84,-0.16,-0.2,0.32,Below Target,Medium Action,High Risk,"Synthetic project dataset: decimal SQM scores rounded to 2 decimals, importance-based targets by part, and weighted loss-priority optimization."
265,25-06-2025,Pune Plant,Rigid Truck 2818,SUP-ALPHA,Alpha Mobility Components,SUP-ALPHA-BRA-3964,Brake Chamber,Brake,525.9,500-1655,66,0,2439,99.02,96.05,1.325,,,,,,,,,,4.897,0.1188,0.0889,,,,,,,,,,,,,,,,Dealer Service,10,1,1,Maximum,0.86,0.91,-0.09,-0.14,0.13,Below Target,Monitor,High Risk,"Synthetic project dataset: decimal SQM scores rounded to 2 decimals, importance-based targets by part, and weighted loss-priority optimization."
266,31-10-2025,Jamshedpur Plant,Bus Chassis 1624,SUP-GAMMA,Gamma Motion Parts,SUP-GAMMA-BRA-1067,Brake Chamber,Brake,1221.43,500-1655,125,1,4774,96.54,95.85,1.631,,,,,,,,,,7.883,0.2201,0.1523,,,,,,,,,,,,,,,,Dealer Service,10,1,1,Maximum,0.76,0.83,-0.17,-0.24,0.28,Below Target,Medium Action,High Risk,"Synthetic project dataset: decimal SQM scores rounded to 2 decimals, importance-based targets by part, and weighted loss-priority optimization."
267,03-10-2025,Bangalore Plant,School Bus 1017,SUP-BETA,Beta Truck Systems,SUP-BETA-BRA-2338,Brake Chamber,Brake,1109.47,500-1655,87,0,5100,96.72,90.08,1.358,,,,,,,,,,5.27,0.1325,0.1685,,,,,,,,,,,,,,,,Bench Test,10,1,1,Maximum,0.83,0.83,-0.17,-0.17,0.27,Below Target,Medium Action,High Risk,"Synthetic project dataset: decimal SQM scores rounded to 2 decimals, importance-based targets by part, and weighted loss-priority optimization."
268,03-09-2025,Pune Plant,Tipper 3523,SUP-EPS,Epsilon Drives & Seals,SUP-EPS-BRA-4226,Brake Chamber,Brake,1461.92,500-1655,152,1,3529,94.09,94.97,1.422,,,,,,,,,,5.274,0.0919,0.224,,,,,,,,,,,,,,,,Dealer Service,10,1,1,Maximum,0.83,0.86,-0.14,-0.17,0.3,Below Target,Medium Action,High Risk,"Synthetic project dataset: decimal SQM scores rounded to 2 decimals, importance-based targets by part, and weighted loss-priority optimization."
269,01-03-2026,Bangalore Plant,Rigid Truck 2818,SUP-DELTA,Delta Fleet Components,SUP-DELTA-BRA-8427,Brake Chamber,Brake,1234.51,500-1655,98,0,386,100,100,1.383,,,,,,,,,,2.922,0.0359,0.0377,,,,,,,,,,,,,,,,Dealer Service,10,1,1,Maximum,0.93,0.97,-0.03,-0.07,0.18,Near Target,Monitor,Watchlist,"Synthetic project dataset: decimal SQM scores rounded to 2 decimals, importance-based targets by part, and weighted loss-priority optimization."
270,30-08-2025,Pune Plant,Bus Chassis 1624,SUP-DELTA,Delta Fleet Components,SUP-DELTA-BRA-2141,Brake Chamber,Brake,1468.07,500-1655,248,1,2100,96.5,100,1.536,,,,,,,,,,4.945,0.2088,0.155,,,,,,,,,,,,,,,,Incoming QC,10,1,1,Maximum,0.81,0.9,-0.1,-0.19,0.27,Below Target,Medium Action,High Risk,"Synthetic project dataset: decimal SQM scores rounded to 2 decimals, importance-based targets by part, and weighted loss-priority optimization."
271,18-11-2025,Bangalore Plant,Rigid Truck 2818,SUP-ZETA,Zeta Brake and Flow,SUP-ZETA-BRA-8129,Brake Chamber,Brake,576.84,500-1655,65,0,1458,95.61,97.83,1.722,,,,,,,,,,1.071,0.0611,0.0869,,,,,,,,,,,,,,,,Warranty Record,10,1,1,Maximum,0.94,0.94,-0.06,-0.06,0.11,Below Target,Monitor,High Risk,"Synthetic project dataset: decimal SQM scores rounded to 2 decimals, importance-based targets by part, and weighted loss-priority optimization."
272,24-05-2025,Bangalore Plant,School Bus 1017,SUP-DELTA,Delta Fleet Components,SUP-DELTA-BRA-7231,Brake Chamber,Brake,1351.73,500-1655,274,0,1527,96.18,95.62,1.558,,,,,,,,,,2.337,0.0116,0.0313,,,,,,,,,,,,,,,,Incoming QC,10,1,1,Maximum,0.95,0.94,-0.06,-0.05,0.22,Below Target,Monitor,High Risk,"Synthetic project dataset: decimal SQM scores rounded to 2 decimals, importance-based targets by part, and weighted loss-priority optimization."
273,11-08-2025,Bangalore Plant,Tipper 3523,SUP-ALPHA,Alpha Mobility Components,SUP-ALPHA-BRA-6750,Brake Chamber,Brake,901.37,500-1655,158,0,0,100,98.9,1.506,,,,,,,,,,0.917,0.0377,0.049,,,,,,,,,,,,,,,,Warranty Record,10,1,1,Maximum,0.96,0.99,-0.01,-0.04,0.12,Near Target,Monitor,Watchlist,"Synthetic project dataset: decimal SQM scores rounded to 2 decimals, importance-based targets by part, and weighted loss-priority optimization."
274,17-02-2026,Bangalore Plant,Rigid Truck 2818,SUP-EPS,Epsilon Drives & Seals,SUP-EPS-BRA-3775,Brake Chamber,Brake,563.78,500-1655,50,0,2489,100,89.54,1.25,,,,,,,,,,2.97,0.0455,0.0803,,,,,,,,,,,,,,,,Warranty Record,10,1,1,Maximum,0.92,0.9,-0.1,-0.08,0.14,Below Target,Monitor,High Risk,"Synthetic project dataset: decimal SQM scores rounded to 2 decimals, importance-based targets by part, and weighted loss-priority optimization."
275,25-02-2025,Jamshedpur Plant,Rigid Truck 2818,SUP-ZETA,Zeta Brake and Flow,SUP-ZETA-BRA-5131,Brake Chamber,Brake,849.36,500-1655,149,0,3169,88.31,94.87,1.257,,,,,,,,,,3.072,0.1924,0.0702,,,,,,,,,,,,,,,,Bench Test,10,1,1,Maximum,0.87,0.86,-0.14,-0.13,0.21,Below Target,Monitor,High Risk,"Synthetic project dataset: decimal SQM scores rounded to 2 decimals, importance-based targets by part, and weighted loss-priority optimization."
276,24-03-2026,Pune Plant,Rigid Truck 2818,SUP-EPS,Epsilon Drives & Seals,SUP-EPS-BRA-2289,Brake Chamber,Brake,1428.39,500-1655,205,1,4882,85.51,87.04,1.058,,,,,,,,,,8.245,0.065,0.2995,,,,,,,,,,,,,,,,Dealer Service,10,1,1,Maximum,0.77,0.76,-0.24,-0.23,0.37,Below Target,Medium Action,High Risk,"Synthetic project dataset: decimal SQM scores rounded to 2 decimals, importance-based targets by part, and weighted loss-priority optimization."
277,25-05-2025,Bangalore Plant,Cargo 1916,SUP-ZETA,Zeta Brake and Flow,SUP-ZETA-BRA-1687,Brake Chamber,Brake,1337.38,500-1655,104,0,503,85.08,88.86,1.282,,,,,,,,,,4.598,0.2395,0.1679,,,,,,,,,,,,,,,,Warranty Record,10,1,1,Maximum,0.8,0.89,-0.11,-0.2,0.26,Below Target,Medium Action,High Risk,"Synthetic project dataset: decimal SQM scores rounded to 2 decimals, importance-based targets by part, and weighted loss-priority optimization."
278,16-04-2025,Chennai Plant,Rigid Truck 2818,SUP-ALPHA,Alpha Mobility Components,SUP-ALPHA-BRA-4915,Brake Chamber,Brake,1257.74,500-1655,206,1,6046,92.98,70.65,1.557,,,,,,,,,,6.925,0.3247,0.1786,,,,,,,,,,,,,,,,Bench Test,10,1,1,Maximum,0.73,0.75,-0.25,-0.27,0.35,Below Target,Medium Action,High Risk,"Synthetic project dataset: decimal SQM scores rounded to 2 decimals, importance-based targets by part, and weighted loss-priority optimization."
279,15-03-2026,Chennai Plant,Rigid Truck 2818,SUP-GAMMA,Gamma Motion Parts,SUP-GAMMA-BRA-2881,Brake Chamber,Brake,1350.36,500-1655,235,1,4473,95.49,73.55,1.391,,,,,,,,,,7.322,0.1184,0.2739,,,,,,,,,,,,,,,,Warranty Record,10,1,1,Maximum,0.77,0.8,-0.2,-0.23,0.32,Below Target,Medium Action,High Risk,"Synthetic project dataset: decimal SQM scores rounded to 2 decimals, importance-based targets by part, and weighted loss-priority optimization."
280,13-03-2025,Jamshedpur Plant,Cargo 1916,SUP-BETA,Beta Truck Systems,SUP-BETA-BRA-2666,Brake Chamber,Brake,1486.67,500-1655,199,0,0,96.61,96.48,1.583,,,,,,,,,,0.758,0.0504,0.0246,,,,,,,,,,,,,,,,Bench Test,10,1,1,Maximum,0.96,0.98,-0.02,-0.04,0.21,Near Target,Monitor,Watchlist,"Synthetic project dataset: decimal SQM scores rounded to 2 decimals, importance-based targets by part, and weighted loss-priority optimization."
281,25-07-2025,Pune Plant,Cargo 1916,SUP-GAMMA,Gamma Motion Parts,SUP-GAMMA-BRA-6374,Brake Chamber,Brake,1476.11,500-1655,71,0,4470,88.58,93.15,1.334,,,,,,,,,,5.872,0.3811,0.0776,,,,,,,,,,,,,,,,Warranty Record,10,1,1,Maximum,0.75,0.81,-0.19,-0.25,0.33,Below Target,Medium Action,High Risk,"Synthetic project dataset: decimal SQM scores rounded to 2 decimals, importance-based targets by part, and weighted loss-priority optimization."
282,14-10-2025,Jamshedpur Plant,School Bus 1017,SUP-ZETA,Zeta Brake and Flow,SUP-ZETA-BRA-3985,Brake Chamber,Brake,1220.12,500-1655,293,2,6509,100,97.18,1.428,,,,,,,,,,7.613,0.2032,0.2467,,,,,,,,,,,,,,,,Incoming QC,10,1,1,Maximum,0.75,0.8,-0.2,-0.25,0.31,Below Target,Medium Action,High Risk,"Synthetic project dataset: decimal SQM scores rounded to 2 decimals, importance-based targets by part, and weighted loss-priority optimization."
283,03-02-2026,Chennai Plant,Tipper 3523,SUP-DELTA,Delta Fleet Components,SUP-DELTA-BRA-1721,Brake Chamber,Brake,1210.62,500-1655,97,0,669,96.36,96.48,1.55,,,,,,,,,,3.529,0.1349,0.1733,,,,,,,,,,,,,,,,Dealer Service,10,1,1,Maximum,0.85,0.94,-0.06,-0.15,0.2,Below Target,Monitor,High Risk,"Synthetic project dataset: decimal SQM scores rounded to 2 decimals, importance-based targets by part, and weighted loss-priority optimization."
284,13-05-2026,Jamshedpur Plant,Bus Chassis 1624,SUP-BETA,Beta Truck Systems,SUP-BETA-BRA-7992,Brake Chamber,Brake,552.5,500-1655,260,0,821,100,100,1.618,,,,,,,,,,1.821,0.061,0.0878,,,,,,,,,,,,,,,,Warranty Record,10,1,1,Maximum,0.93,0.96,-0.04,-0.07,0.09,Near Target,Monitor,Watchlist,"Synthetic project dataset: decimal SQM scores rounded to 2 decimals, importance-based targets by part, and weighted loss-priority optimization."
285,16-04-2026,Bangalore Plant,School Bus 1017,SUP-GAMMA,Gamma Motion Parts,SUP-GAMMA-BRA-4871,Brake Chamber,Brake,748.9,500-1655,219,2,6981,98.89,89.71,1.527,,,,,,,,,,2.079,0.1508,0.0558,,,,,,,,,,,,,,,,Incoming QC,10,1,1,Maximum,0.9,0.81,-0.19,-0.1,0.23,Below Target,Monitor,High Risk,"Synthetic project dataset: decimal SQM scores rounded to 2 decimals, importance-based targets by part, and weighted loss-priority optimization."
286,17-03-2026,Chennai Plant,Cargo 1916,SUP-ZETA,Zeta Brake and Flow,SUP-ZETA-BRA-8850,Brake Chamber,Brake,564.13,500-1655,111,0,1880,99.07,87.11,1.548,,,,,,,,,,3.092,0.0311,0.0904,,,,,,,,,,,,,,,,Dealer Service,10,1,1,Maximum,0.92,0.92,-0.08,-0.08,0.13,Below Target,Monitor,High Risk,"Synthetic project dataset: decimal SQM scores rounded to 2 decimals, importance-based targets by part, and weighted loss-priority optimization."
287,25-02-2025,Chennai Plant,Cargo 1916,SUP-GAMMA,Gamma Motion Parts,SUP-GAMMA-BRA-8282,Brake Chamber,Brake,534.77,500-1655,141,0,2895,100,92.04,1.34,,,,,,,,,,3.489,0.01,0.163,,,,,,,,,,,,,,,,Bench Test,10,1,1,Maximum,0.9,0.9,-0.1,-0.1,0.14,Below Target,Monitor,High Risk,"Synthetic project dataset: decimal SQM scores rounded to 2 decimals, importance-based targets by part, and weighted loss-priority optimization."
288,30-09-2025,Chennai Plant,Rigid Truck 2818,SUP-ALPHA,Alpha Mobility Components,SUP-ALPHA-BRA-3105,Brake Chamber,Brake,820.47,500-1655,45,0,1478,99.72,92.37,1.472,,,,,,,,,,4.596,0.1794,0.1591,,,,,,,,,,,,,,,,Bench Test,10,1,1,Maximum,0.82,0.91,-0.09,-0.18,0.17,Below Target,Monitor,High Risk,"Synthetic project dataset: decimal SQM scores rounded to 2 decimals, importance-based targets by part, and weighted loss-priority optimization."
289,24-03-2025,Pune Plant,School Bus 1017,SUP-GAMMA,Gamma Motion Parts,SUP-GAMMA-REL-3863,Relay Valve,Brake,806.79,700-1900,225,0,1533,88.44,84.52,1.445,,,,,,,,,,,,,0.2815,0.8487,7.381,,,,,,,,,,,,,Bench Test,9.5,0.98,0.98,Very High,0.75,0.86,-0.12,-0.23,0.19,Below Target,Monitor,High Risk,"Synthetic project dataset: decimal SQM scores rounded to 2 decimals, importance-based targets by part, and weighted loss-priority optimization."
290,23-01-2026,Pune Plant,School Bus 1017,SUP-BETA,Beta Truck Systems,SUP-BETA-REL-8678,Relay Valve,Brake,1238.53,700-1900,176,0,1456,98.07,84.6,1.305,,,,,,,,,,,,,0.1483,0.8422,2.829,,,,,,,,,,,,,Incoming QC,9.5,0.98,0.98,Very High,0.85,0.9,-0.08,-0.13,0.22,Below Target,Monitor,High Risk,"Synthetic project dataset: decimal SQM scores rounded to 2 decimals, importance-based targets by part, and weighted loss-priority optimization."
291,09-10-2025,Bangalore Plant,Bus Chassis 1624,SUP-BETA,Beta Truck Systems,SUP-BETA-REL-7305,Relay Valve,Brake,1737.96,700-1900,49,0,0,97.22,94.77,1.577,,,,,,,,,,,,,0,1,0,,,,,,,,,,,,,Bench Test,9.5,0.98,0.98,Very High,1,0.99,0.01,0.02,0.23,Target Met,Monitor,Low Risk,"Synthetic project dataset: decimal SQM scores rounded to 2 decimals, importance-based targets by part, and weighted loss-priority optimization."
292,25-06-2025,Bangalore Plant,Bus Chassis 1624,SUP-EPS,Epsilon Drives & Seals,SUP-EPS-REL-6552,Relay Valve,Brake,1424.56,700-1900,222,1,5541,90.26,79.9,1.329,,,,,,,,,,,,,0.3126,0.8596,3.884,,,,,,,,,,,,,Incoming QC,9.5,0.98,0.98,Very High,0.77,0.78,-0.2,-0.21,0.33,Below Target,Medium Action,High Risk,"Synthetic project dataset: decimal SQM scores rounded to 2 decimals, importance-based targets by part, and weighted loss-priority optimization."
293,10-09-2025,Pune Plant,Rigid Truck 2818,SUP-BETA,Beta Truck Systems,SUP-BETA-REL-8279,Relay Valve,Brake,1126.16,700-1900,182,1,3470,96.55,96.51,1.149,,,,,,,,,,,,,0.1211,0.9515,2.415,,,,,,,,,,,,,Dealer Service,9.5,0.98,0.98,Very High,0.9,0.87,-0.11,-0.08,0.22,Below Target,Monitor,High Risk,"Synthetic project dataset: decimal SQM scores rounded to 2 decimals, importance-based targets by part, and weighted loss-priority optimization."
294,15-08-2025,Pune Plant,Rigid Truck 2818,SUP-ZETA,Zeta Brake and Flow,SUP-ZETA-REL-4783,Relay Valve,Brake,1831.19,700-1900,253,1,3841,100,89.27,1.526,,,,,,,,,,,,,0.2621,0.777,6.27,,,,,,,,,,,,,Incoming QC,9.5,0.98,0.98,Very High,0.74,0.84,-0.14,-0.24,0.34,Below Target,Medium Action,High Risk,"Synthetic project dataset: decimal SQM scores rounded to 2 decimals, importance-based targets by part, and weighted loss-priority optimization."
295,07-11-2025,Bangalore Plant,Rigid Truck 2818,SUP-GAMMA,Gamma Motion Parts,SUP-GAMMA-REL-5939,Relay Valve,Brake,1338.75,700-1900,76,0,1572,100,94.72,1.431,,,,,,,,,,,,,0.2011,0.9005,4.586,,,,,,,,,,,,,Bench Test,9.5,0.98,0.98,Very High,0.83,0.92,-0.06,-0.15,0.22,Below Target,Monitor,High Risk,"Synthetic project dataset: decimal SQM scores rounded to 2 decimals, importance-based targets by part, and weighted loss-priority optimization."
296,16-01-2026,Chennai Plant,Bus Chassis 1624,SUP-BETA,Beta Truck Systems,SUP-BETA-REL-1896,Relay Valve,Brake,763.32,700-1900,259,1,3717,95.9,96.67,1.428,,,,,,,,,,,,,0.0895,0.9324,1.752,,,,,,,,,,,,,Dealer Service,9.5,0.98,0.98,Very High,0.92,0.89,-0.09,-0.06,0.16,Below Target,Monitor,High Risk,"Synthetic project dataset: decimal SQM scores rounded to 2 decimals, importance-based targets by part, and weighted loss-priority optimization."
297,10-07-2025,Chennai Plant,Rigid Truck 2818,SUP-ZETA,Zeta Brake and Flow,SUP-ZETA-REL-9848,Relay Valve,Brake,762.14,700-1900,221,1,5003,92.57,88.59,1.26,,,,,,,,,,,,,0.308,0.8803,4.829,,,,,,,,,,,,,Warranty Record,9.5,0.98,0.98,Very High,0.77,0.8,-0.18,-0.21,0.23,Below Target,Monitor,High Risk,"Synthetic project dataset: decimal SQM scores rounded to 2 decimals, importance-based targets by part, and weighted loss-priority optimization."
298,14-01-2025,Bangalore Plant,School Bus 1017,SUP-DELTA,Delta Fleet Components,SUP-DELTA-REL-2015,Relay Valve,Brake,1030.91,700-1900,278,1,2763,97.48,87.64,1.573,,,,,,,,,,,,,0.1393,0.9762,1.452,,,,,,,,,,,,,Warranty Record,9.5,0.98,0.98,Very High,0.91,0.9,-0.08,-0.07,0.19,Below Target,Monitor,High Risk,"Synthetic project dataset: decimal SQM scores rounded to 2 decimals, importance-based targets by part, and weighted loss-priority optimization."
299,05-08-2025,Jamshedpur Plant,School Bus 1017,SUP-EPS,Epsilon Drives & Seals,SUP-EPS-REL-7928,Relay Valve,Brake,1443.09,700-1900,65,0,3670,92.6,92.01,1.483,,,,,,,,,,,,,0.2469,0.8336,5.615,,,,,,,,,,,,,Incoming QC,9.5,0.98,0.98,Very High,0.77,0.84,-0.14,-0.21,0.29,Below Target,Medium Action,High Risk,"Synthetic project dataset: decimal SQM scores rounded to 2 decimals, importance-based targets by part, and weighted loss-priority optimization."
300,03-02-2026,Bangalore Plant,Cargo 1916,SUP-BETA,Beta Truck Systems,SUP-BETA-REL-2895,Relay Valve,Brake,1828.22,700-1900,58,0,2229,98.61,97.59,1.479,,,,,,,,,,,,,0.1283,0.8406,3.933,,,,,,,,,,,,,Incoming QC,9.5,0.98,0.98,Very High,0.85,0.91,-0.07,-0.13,0.29,Below Target,Medium Action,High Risk,"Synthetic project dataset: decimal SQM scores rounded to 2 decimals, importance-based targets by part, and weighted loss-priority optimization."
301,30-03-2026,Chennai Plant,Cargo 1916,SUP-ZETA,Zeta Brake and Flow,SUP-ZETA-REL-5827,Relay Valve,Brake,888.18,700-1900,167,0,176,95.96,99.21,1.415,,,,,,,,,,,,,0.0469,0.9601,0.529,,,,,,,,,,,,,Incoming QC,9.5,0.98,0.98,Very High,0.96,0.98,0,-0.02,0.11,Target Met,Monitor,Low Risk,"Synthetic project dataset: decimal SQM scores rounded to 2 decimals, importance-based targets by part, and weighted loss-priority optimization."
302,13-07-2025,Chennai Plant,Cargo 1916,SUP-DELTA,Delta Fleet Components,SUP-DELTA-REL-3418,Relay Valve,Brake,1821.16,700-1900,298,0,0,96.32,84.54,1.522,,,,,,,,,,,,,0.0803,0.9272,1.961,,,,,,,,,,,,,Warranty Record,9.5,0.98,0.98,Very High,0.92,0.95,-0.03,-0.06,0.26,Near Target,Medium Action,Watchlist,"Synthetic project dataset: decimal SQM scores rounded to 2 decimals, importance-based targets by part, and weighted loss-priority optimization."
303,18-08-2025,Chennai Plant,Rigid Truck 2818,SUP-ZETA,Zeta Brake and Flow,SUP-ZETA-REL-2657,Relay Valve,Brake,709.67,700-1900,185,1,2806,87.66,76.9,1.428,,,,,,,,,,,,,0.1113,0.9336,2.53,,,,,,,,,,,,,Warranty Record,9.5,0.98,0.98,Very High,0.9,0.86,-0.12,-0.08,0.17,Below Target,Monitor,High Risk,"Synthetic project dataset: decimal SQM scores rounded to 2 decimals, importance-based targets by part, and weighted loss-priority optimization."
304,16-04-2025,Chennai Plant,Bus Chassis 1624,SUP-GAMMA,Gamma Motion Parts,SUP-GAMMA-REL-7519,Relay Valve,Brake,958.25,700-1900,185,1,4771,95.54,80.74,1.468,,,,,,,,,,,,,0.067,0.8901,2.961,,,,,,,,,,,,,Bench Test,9.5,0.98,0.98,Very High,0.9,0.84,-0.14,-0.08,0.22,Below Target,Monitor,High Risk,"Synthetic project dataset: decimal SQM scores rounded to 2 decimals, importance-based targets by part, and weighted loss-priority optimization."
305,24-10-2025,Jamshedpur Plant,School Bus 1017,SUP-GAMMA,Gamma Motion Parts,SUP-GAMMA-REL-1972,Relay Valve,Brake,1443.21,700-1900,253,1,3496,92.57,97.74,1.363,,,,,,,,,,,,,0.2476,0.8518,2.098,,,,,,,,,,,,,Dealer Service,9.5,0.98,0.98,Very High,0.82,0.86,-0.12,-0.16,0.28,Below Target,Medium Action,High Risk,"Synthetic project dataset: decimal SQM scores rounded to 2 decimals, importance-based targets by part, and weighted loss-priority optimization."
306,13-08-2025,Jamshedpur Plant,School Bus 1017,SUP-EPS,Epsilon Drives & Seals,SUP-EPS-REL-3971,Relay Valve,Brake,1355.75,700-1900,57,0,2665,99.34,88.49,1.422,,,,,,,,,,,,,0.04,0.9026,1.961,,,,,,,,,,,,,Dealer Service,9.5,0.98,0.98,Very High,0.93,0.91,-0.07,-0.05,0.23,Below Target,Monitor,High Risk,"Synthetic project dataset: decimal SQM scores rounded to 2 decimals, importance-based targets by part, and weighted loss-priority optimization."
307,05-05-2026,Chennai Plant,Rigid Truck 2818,SUP-EPS,Epsilon Drives & Seals,SUP-EPS-REL-7548,Relay Valve,Brake,728.45,700-1900,133,0,1367,100,100,1.429,,,,,,,,,,,,,0.1355,0.913,1.815,,,,,,,,,,,,,Warranty Record,9.5,0.98,0.98,Very High,0.89,0.94,-0.04,-0.09,0.12,Near Target,Monitor,Watchlist,"Synthetic project dataset: decimal SQM scores rounded to 2 decimals, importance-based targets by part, and weighted loss-priority optimization."
308,15-09-2025,Jamshedpur Plant,Cargo 1916,SUP-ZETA,Zeta Brake and Flow,SUP-ZETA-REL-2012,Relay Valve,Brake,1171.47,700-1900,160,0,2444,89.52,87.34,1.37,,,,,,,,,,,,,0.2399,0.8538,6.956,,,,,,,,,,,,,Bench Test,9.5,0.98,0.98,Very High,0.77,0.85,-0.13,-0.21,0.25,Below Target,Medium Action,High Risk,"Synthetic project dataset: decimal SQM scores rounded to 2 decimals, importance-based targets by part, and weighted loss-priority optimization."
309,27-08-2025,Bangalore Plant,Cargo 1916,SUP-BETA,Beta Truck Systems,SUP-BETA-REL-2902,Relay Valve,Brake,1601.74,700-1900,115,1,4363,98.31,77.84,1.684,,,,,,,,,,,,,0.1645,0.9614,2.879,,,,,,,,,,,,,Warranty Record,9.5,0.98,0.98,Very High,0.88,0.84,-0.14,-0.1,0.31,Below Target,Medium Action,High Risk,"Synthetic project dataset: decimal SQM scores rounded to 2 decimals, importance-based targets by part, and weighted loss-priority optimization."
310,12-02-2025,Chennai Plant,Tipper 3523,SUP-DELTA,Delta Fleet Components,SUP-DELTA-REL-3851,Relay Valve,Brake,807.9,700-1900,56,0,1138,92.04,86.46,1.413,,,,,,,,,,,,,0.1048,0.9178,2.39,,,,,,,,,,,,,Warranty Record,9.5,0.98,0.98,Very High,0.9,0.92,-0.06,-0.08,0.14,Below Target,Monitor,High Risk,"Synthetic project dataset: decimal SQM scores rounded to 2 decimals, importance-based targets by part, and weighted loss-priority optimization."
311,08-05-2026,Bangalore Plant,Tipper 3523,SUP-DELTA,Delta Fleet Components,SUP-DELTA-REL-8954,Relay Valve,Brake,1335.93,700-1900,219,0,177,83.16,94.06,1.402,,,,,,,,,,,,,0.038,0.8815,1.046,,,,,,,,,,,,,Dealer Service,9.5,0.98,0.98,Very High,0.93,0.94,-0.04,-0.05,0.2,Near Target,Monitor,Watchlist,"Synthetic project dataset: decimal SQM scores rounded to 2 decimals, importance-based targets by part, and weighted loss-priority optimization."
312,12-10-2025,Chennai Plant,Rigid Truck 2818,SUP-BETA,Beta Truck Systems,SUP-BETA-REL-4939,Relay Valve,Brake,905.55,700-1900,187,0,1333,92.39,100,1.371,,,,,,,,,,,,,0.0945,0.9329,1.839,,,,,,,,,,,,,Warranty Record,9.5,0.98,0.98,Very High,0.92,0.94,-0.04,-0.06,0.14,Near Target,Monitor,Watchlist,"Synthetic project dataset: decimal SQM scores rounded to 2 decimals, importance-based targets by part, and weighted loss-priority optimization."
313,09-01-2026,Jamshedpur Plant,Rigid Truck 2818,SUP-ALPHA,Alpha Mobility Components,SUP-ALPHA-REL-7382,Relay Valve,Brake,833.36,700-1900,260,1,3082,88.97,85.3,1.366,,,,,,,,,,,,,0.1537,0.9087,1.87,,,,,,,,,,,,,Incoming QC,9.5,0.98,0.98,Very High,0.88,0.86,-0.12,-0.1,0.19,Below Target,Monitor,High Risk,"Synthetic project dataset: decimal SQM scores rounded to 2 decimals, importance-based targets by part, and weighted loss-priority optimization."
314,05-01-2025,Pune Plant,School Bus 1017,SUP-ZETA,Zeta Brake and Flow,SUP-ZETA-REL-5675,Relay Valve,Brake,1305.54,700-1900,165,1,3797,88.19,88.21,1.349,,,,,,,,,,,,,0.3002,0.8545,6.322,,,,,,,,,,,,,Dealer Service,9.5,0.98,0.98,Very High,0.75,0.82,-0.16,-0.23,0.29,Below Target,Medium Action,High Risk,"Synthetic project dataset: decimal SQM scores rounded to 2 decimals, importance-based targets by part, and weighted loss-priority optimization."
315,08-07-2025,Chennai Plant,Cargo 1916,SUP-ALPHA,Alpha Mobility Components,SUP-ALPHA-REL-6983,Relay Valve,Brake,1096.34,700-1900,134,0,2563,100,95.07,1.391,,,,,,,,,,,,,0.0273,0.8937,0.345,,,,,,,,,,,,,Dealer Service,9.5,0.98,0.98,Very High,0.95,0.93,-0.05,-0.03,0.18,Near Target,Monitor,Watchlist,"Synthetic project dataset: decimal SQM scores rounded to 2 decimals, importance-based targets by part, and weighted loss-priority optimization."
316,09-05-2025,Chennai Plant,Tipper 3523,SUP-GAMMA,Gamma Motion Parts,SUP-GAMMA-REL-8135,Relay Valve,Brake,1290.68,700-1900,43,0,3168,97.24,100,1.399,,,,,,,,,,,,,0.1042,0.8283,2.517,,,,,,,,,,,,,Warranty Record,9.5,0.98,0.98,Very High,0.87,0.9,-0.08,-0.11,0.23,Below Target,Monitor,High Risk,"Synthetic project dataset: decimal SQM scores rounded to 2 decimals, importance-based targets by part, and weighted loss-priority optimization."
317,07-10-2025,Bangalore Plant,Rigid Truck 2818,SUP-EPS,Epsilon Drives & Seals,SUP-EPS-REL-3077,Relay Valve,Brake,1423.78,700-1900,299,2,5283,88.8,91.08,1.422,,,,,,,,,,,,,0.1906,0.9415,3.678,,,,,,,,,,,,,Dealer Service,9.5,0.98,0.98,Very High,0.86,0.82,-0.16,-0.12,0.3,Below Target,Medium Action,High Risk,"Synthetic project dataset: decimal SQM scores rounded to 2 decimals, importance-based targets by part, and weighted loss-priority optimization."
318,25-10-2025,Pune Plant,Cargo 1916,SUP-EPS,Epsilon Drives & Seals,SUP-EPS-REL-6672,Relay Valve,Brake,1719.34,700-1900,264,1,2947,99.78,92.86,1.408,,,,,,,,,,,,,0.2821,0.8375,3.092,,,,,,,,,,,,,Bench Test,9.5,0.98,0.98,Very High,0.79,0.87,-0.11,-0.19,0.31,Below Target,Medium Action,High Risk,"Synthetic project dataset: decimal SQM scores rounded to 2 decimals, importance-based targets by part, and weighted loss-priority optimization."
319,14-03-2025,Bangalore Plant,School Bus 1017,SUP-BETA,Beta Truck Systems,SUP-BETA-REL-5673,Relay Valve,Brake,1279.26,700-1900,115,1,6225,91.66,84.2,1.372,,,,,,,,,,,,,0.1991,0.8797,5.86,,,,,,,,,,,,,Incoming QC,9.5,0.98,0.98,Very High,0.81,0.78,-0.2,-0.17,0.31,Below Target,Medium Action,High Risk,"Synthetic project dataset: decimal SQM scores rounded to 2 decimals, importance-based targets by part, and weighted loss-priority optimization."
320,08-06-2025,Bangalore Plant,School Bus 1017,SUP-GAMMA,Gamma Motion Parts,SUP-GAMMA-REL-8825,Relay Valve,Brake,783.27,700-1900,96,0,2490,93.56,93.84,1.366,,,,,,,,,,,,,0.1018,1,6.128,,,,,,,,,,,,,Incoming QC,9.5,0.98,0.98,Very High,0.89,0.9,-0.08,-0.09,0.15,Below Target,Monitor,High Risk,"Synthetic project dataset: decimal SQM scores rounded to 2 decimals, importance-based targets by part, and weighted loss-priority optimization."
321,21-03-2026,Chennai Plant,School Bus 1017,SUP-BETA,Beta Truck Systems,SUP-BETA-REL-9044,Relay Valve,Brake,1004.36,700-1900,256,1,2064,100,92.94,1.675,,,,,,,,,,,,,0.0463,1,1.17,,,,,,,,,,,,,Warranty Record,9.5,0.98,0.98,Very High,0.97,0.94,-0.04,-0.01,0.16,Near Target,Monitor,Watchlist,"Synthetic project dataset: decimal SQM scores rounded to 2 decimals, importance-based targets by part, and weighted loss-priority optimization."
322,07-04-2026,Chennai Plant,Bus Chassis 1624,SUP-ZETA,Zeta Brake and Flow,SUP-ZETA-REL-6675,Relay Valve,Brake,861.49,700-1900,270,1,2819,100,88.87,1.291,,,,,,,,,,,,,0.0861,0.9989,1.404,,,,,,,,,,,,,Dealer Service,9.5,0.98,0.98,Very High,0.95,0.91,-0.07,-0.03,0.16,Below Target,Monitor,High Risk,"Synthetic project dataset: decimal SQM scores rounded to 2 decimals, importance-based targets by part, and weighted loss-priority optimization."
323,10-10-2025,Bangalore Plant,Tipper 3523,SUP-GAMMA,Gamma Motion Parts,SUP-GAMMA-REL-3237,Relay Valve,Brake,877.86,700-1900,143,1,5280,83.92,75.97,1.317,,,,,,,,,,,,,0.2891,0.7283,9.538,,,,,,,,,,,,,Dealer Service,9.5,0.98,0.98,Very High,0.68,0.74,-0.24,-0.3,0.29,Below Target,Medium Action,High Risk,"Synthetic project dataset: decimal SQM scores rounded to 2 decimals, importance-based targets by part, and weighted loss-priority optimization."
324,20-07-2025,Pune Plant,School Bus 1017,SUP-ALPHA,Alpha Mobility Components,SUP-ALPHA-REL-8754,Relay Valve,Brake,813.96,700-1900,134,0,2009,100,85.99,1.344,,,,,,,,,,,,,0.0977,0.9254,2.647,,,,,,,,,,,,,Bench Test,9.5,0.98,0.98,Very High,0.9,0.91,-0.07,-0.08,0.15,Below Target,Monitor,High Risk,"Synthetic project dataset: decimal SQM scores rounded to 2 decimals, importance-based targets by part, and weighted loss-priority optimization."
325,16-01-2025,Chennai Plant,Bus Chassis 1624,SUP-ZETA,Zeta Brake and Flow,SUP-ZETA-REL-8493,Relay Valve,Brake,1081.96,700-1900,138,0,3254,92.31,94.28,1.337,,,,,,,,,,,,,0.201,0.7844,5.535,,,,,,,,,,,,,Warranty Record,9.5,0.98,0.98,Very High,0.78,0.85,-0.13,-0.2,0.23,Below Target,Monitor,High Risk,"Synthetic project dataset: decimal SQM scores rounded to 2 decimals, importance-based targets by part, and weighted loss-priority optimization."
326,16-07-2025,Chennai Plant,School Bus 1017,SUP-ZETA,Zeta Brake and Flow,SUP-ZETA-REL-8130,Relay Valve,Brake,1893.62,700-1900,243,0,0,90.23,99.82,1.501,,,,,,,,,,,,,0.0537,1,0.826,,,,,,,,,,,,,Incoming QC,9.5,0.98,0.98,Very High,0.97,0.97,-0.01,-0.01,0.26,Near Target,Medium Action,Watchlist,"Synthetic project dataset: decimal SQM scores rounded to 2 decimals, importance-based targets by part, and weighted loss-priority optimization."
327,08-12-2025,Jamshedpur Plant,Cargo 1916,SUP-BETA,Beta Truck Systems,SUP-BETA-REL-5306,Relay Valve,Brake,1349.65,700-1900,82,0,0,98.52,98.56,1.907,,,,,,,,,,,,,0,0.9679,0,,,,,,,,,,,,,Warranty Record,9.5,0.98,0.98,Very High,0.99,0.99,0.01,0.01,0.17,Target Met,Monitor,Low Risk,"Synthetic project dataset: decimal SQM scores rounded to 2 decimals, importance-based targets by part, and weighted loss-priority optimization."
328,24-09-2025,Bangalore Plant,Tipper 3523,SUP-GAMMA,Gamma Motion Parts,SUP-GAMMA-REL-2907,Relay Valve,Brake,1179,700-1900,193,1,3727,94.02,86.32,1.137,,,,,,,,,,,,,0.1515,0.8829,5.614,,,,,,,,,,,,,Bench Test,9.5,0.98,0.98,Very High,0.83,0.83,-0.15,-0.15,0.26,Below Target,Medium Action,High Risk,"Synthetic project dataset: decimal SQM scores rounded to 2 decimals, importance-based targets by part, and weighted loss-priority optimization."
329,11-01-2026,Chennai Plant,Rigid Truck 2818,SUP-ZETA,Zeta Brake and Flow,SUP-ZETA-REL-5815,Relay Valve,Brake,1578.87,700-1900,193,0,1301,95.23,100,1.565,,,,,,,,,,,,,0.0149,1,1.034,,,,,,,,,,,,,Dealer Service,9.5,0.98,0.98,Very High,0.98,0.96,-0.02,0,0.22,Near Target,Monitor,Watchlist,"Synthetic project dataset: decimal SQM scores rounded to 2 decimals, importance-based targets by part, and weighted loss-priority optimization."
330,28-04-2025,Chennai Plant,Rigid Truck 2818,SUP-BETA,Beta Truck Systems,SUP-BETA-REL-8382,Relay Valve,Brake,1821.68,700-1900,299,1,4987,99.81,84.82,1.095,,,,,,,,,,,,,0.2465,0.824,3.83,,,,,,,,,,,,,Bench Test,9.5,0.98,0.98,Very High,0.79,0.79,-0.19,-0.19,0.38,Below Target,Medium Action,High Risk,"Synthetic project dataset: decimal SQM scores rounded to 2 decimals, importance-based targets by part, and weighted loss-priority optimization."
331,13-02-2026,Jamshedpur Plant,Cargo 1916,SUP-GAMMA,Gamma Motion Parts,SUP-GAMMA-REL-3547,Relay Valve,Brake,836.97,700-1900,93,1,6204,85.4,82.71,1.144,,,,,,,,,,,,,0.2327,0.8308,4.16,,,,,,,,,,,,,Warranty Record,9.5,0.98,0.98,Very High,0.79,0.74,-0.24,-0.19,0.28,Below Target,Medium Action,High Risk,"Synthetic project dataset: decimal SQM scores rounded to 2 decimals, importance-based targets by part, and weighted loss-priority optimization."
332,16-04-2025,Jamshedpur Plant,Tipper 3523,SUP-EPS,Epsilon Drives & Seals,SUP-EPS-REL-4590,Relay Valve,Brake,1197.95,700-1900,86,0,4767,88.41,100,1.242,,,,,,,,,,,,,0.222,0.7673,7.013,,,,,,,,,,,,,Warranty Record,9.5,0.98,0.98,Very High,0.75,0.8,-0.18,-0.23,0.29,Below Target,Medium Action,High Risk,"Synthetic project dataset: decimal SQM scores rounded to 2 decimals, importance-based targets by part, and weighted loss-priority optimization."
333,26-01-2026,Bangalore Plant,Cargo 1916,SUP-BETA,Beta Truck Systems,SUP-BETA-REL-1643,Relay Valve,Brake,745.7,700-1900,269,0,938,93.05,96.47,1.5,,,,,,,,,,,,,0.0804,0.8745,1.767,,,,,,,,,,,,,Incoming QC,9.5,0.98,0.98,Very High,0.9,0.94,-0.04,-0.08,0.12,Near Target,Monitor,Watchlist,"Synthetic project dataset: decimal SQM scores rounded to 2 decimals, importance-based targets by part, and weighted loss-priority optimization."
334,02-04-2026,Jamshedpur Plant,School Bus 1017,SUP-ALPHA,Alpha Mobility Components,SUP-ALPHA-REL-6402,Relay Valve,Brake,795.14,700-1900,228,0,1428,90.77,100,1.622,,,,,,,,,,,,,0,1,0,,,,,,,,,,,,,Dealer Service,9.5,0.98,0.98,Very High,1,0.95,-0.03,0.02,0.12,Near Target,Monitor,Watchlist,"Synthetic project dataset: decimal SQM scores rounded to 2 decimals, importance-based targets by part, and weighted loss-priority optimization."
335,31-01-2025,Chennai Plant,Bus Chassis 1624,SUP-ZETA,Zeta Brake and Flow,SUP-ZETA-REL-8837,Relay Valve,Brake,1302.99,700-1900,299,0,1446,99.85,100,1.478,,,,,,,,,,,,,0.0505,0.8597,2.145,,,,,,,,,,,,,Dealer Service,9.5,0.98,0.98,Very High,0.91,0.95,-0.03,-0.07,0.19,Near Target,Monitor,Watchlist,"Synthetic project dataset: decimal SQM scores rounded to 2 decimals, importance-based targets by part, and weighted loss-priority optimization."
336,31-03-2025,Chennai Plant,Bus Chassis 1624,SUP-DELTA,Delta Fleet Components,SUP-DELTA-REL-3645,Relay Valve,Brake,1424,700-1900,220,1,3018,98.4,86.57,1.336,,,,,,,,,,,,,0.1102,0.8458,2.703,,,,,,,,,,,,,Incoming QC,9.5,0.98,0.98,Very High,0.87,0.88,-0.1,-0.11,0.26,Below Target,Medium Action,High Risk,"Synthetic project dataset: decimal SQM scores rounded to 2 decimals, importance-based targets by part, and weighted loss-priority optimization."
337,27-02-2026,Pune Plant,Tipper 3523,SUP-GAMMA,Gamma Motion Parts,SUP-GAMMA-REL-9465,Relay Valve,Brake,1157.14,700-1900,285,1,3783,91.95,90.1,1.689,,,,,,,,,,,,,0.1309,0.8835,4.199,,,,,,,,,,,,,Bench Test,9.5,0.98,0.98,Very High,0.86,0.85,-0.13,-0.12,0.24,Below Target,Monitor,High Risk,"Synthetic project dataset: decimal SQM scores rounded to 2 decimals, importance-based targets by part, and weighted loss-priority optimization."
338,21-02-2026,Chennai Plant,Rigid Truck 2818,SUP-GAMMA,Gamma Motion Parts,SUP-GAMMA-REL-2473,Relay Valve,Brake,1659.74,700-1900,134,1,3792,92.9,87.74,1.091,,,,,,,,,,,,,0.3211,0.9055,6.685,,,,,,,,,,,,,Dealer Service,9.5,0.98,0.98,Very High,0.76,0.8,-0.18,-0.22,0.35,Below Target,Medium Action,High Risk,"Synthetic project dataset: decimal SQM scores rounded to 2 decimals, importance-based targets by part, and weighted loss-priority optimization."
339,24-02-2025,Pune Plant,Bus Chassis 1624,SUP-DELTA,Delta Fleet Components,SUP-DELTA-REL-9456,Relay Valve,Brake,1450.78,700-1900,290,1,2975,97.43,98.93,1.348,,,,,,,,,,,,,0.0301,0.9799,2.393,,,,,,,,,,,,,Warranty Record,9.5,0.98,0.98,Very High,0.96,0.92,-0.06,-0.02,0.23,Below Target,Monitor,High Risk,"Synthetic project dataset: decimal SQM scores rounded to 2 decimals, importance-based targets by part, and weighted loss-priority optimization."
340,22-02-2025,Bangalore Plant,Rigid Truck 2818,SUP-DELTA,Delta Fleet Components,SUP-DELTA-REL-3395,Relay Valve,Brake,921.35,700-1900,290,1,1997,94.29,97.01,1.366,,,,,,,,,,,,,0.0477,0.9455,1.934,,,,,,,,,,,,,Bench Test,9.5,0.98,0.98,Very High,0.94,0.93,-0.05,-0.04,0.15,Near Target,Monitor,Watchlist,"Synthetic project dataset: decimal SQM scores rounded to 2 decimals, importance-based targets by part, and weighted loss-priority optimization."
341,15-12-2025,Jamshedpur Plant,Rigid Truck 2818,SUP-DELTA,Delta Fleet Components,SUP-DELTA-REL-1556,Relay Valve,Brake,708.8,700-1900,186,0,283,96.86,100,1.54,,,,,,,,,,,,,0.0379,0.9076,0.93,,,,,,,,,,,,,Incoming QC,9.5,0.98,0.98,Very High,0.94,0.97,-0.01,-0.04,0.09,Near Target,Monitor,Watchlist,"Synthetic project dataset: decimal SQM scores rounded to 2 decimals, importance-based targets by part, and weighted loss-priority optimization."
342,23-11-2025,Bangalore Plant,School Bus 1017,SUP-DELTA,Delta Fleet Components,SUP-DELTA-REL-3313,Relay Valve,Brake,1241.43,700-1900,54,0,2151,97.75,94.69,1.438,,,,,,,,,,,,,0.2029,0.9616,4.542,,,,,,,,,,,,,Incoming QC,9.5,0.98,0.98,Very High,0.85,0.91,-0.07,-0.13,0.21,Below Target,Monitor,High Risk,"Synthetic project dataset: decimal SQM scores rounded to 2 decimals, importance-based targets by part, and weighted loss-priority optimization."
343,12-01-2025,Jamshedpur Plant,Tipper 3523,SUP-DELTA,Delta Fleet Components,SUP-DELTA-REL-6649,Relay Valve,Brake,1887.41,700-1900,227,1,2203,95.12,85.42,1.35,,,,,,,,,,,,,0.1944,0.8536,1.943,,,,,,,,,,,,,Warranty Record,9.5,0.98,0.98,Very High,0.84,0.88,-0.1,-0.14,0.32,Below Target,Medium Action,High Risk,"Synthetic project dataset: decimal SQM scores rounded to 2 decimals, importance-based targets by part, and weighted loss-priority optimization."
344,15-11-2025,Chennai Plant,Tipper 3523,SUP-ALPHA,Alpha Mobility Components,SUP-ALPHA-REL-8235,Relay Valve,Brake,728.81,700-1900,131,0,0,93.86,100,1.265,,,,,,,,,,,,,0.0088,0.9746,0.22,,,,,,,,,,,,,Warranty Record,9.5,0.98,0.98,Very High,0.98,0.98,0,0,0.09,Target Met,Monitor,Low Risk,"Synthetic project dataset: decimal SQM scores rounded to 2 decimals, importance-based targets by part, and weighted loss-priority optimization."
345,09-04-2026,Bangalore Plant,Rigid Truck 2818,SUP-BETA,Beta Truck Systems,SUP-BETA-REL-5041,Relay Valve,Brake,949.34,700-1900,133,0,2756,89.1,92.62,1.473,,,,,,,,,,,,,0.1181,0.902,2.792,,,,,,,,,,,,,Warranty Record,9.5,0.98,0.98,Very High,0.88,0.88,-0.1,-0.1,0.19,Below Target,Monitor,High Risk,"Synthetic project dataset: decimal SQM scores rounded to 2 decimals, importance-based targets by part, and weighted loss-priority optimization."
346,22-07-2025,Pune Plant,Cargo 1916,SUP-DELTA,Delta Fleet Components,SUP-DELTA-REL-7869,Relay Valve,Brake,1191.61,700-1900,186,0,1422,93.98,90.32,1.34,,,,,,,,,,,,,0.0963,0.8315,5.191,,,,,,,,,,,,,Incoming QC,9.5,0.98,0.98,Very High,0.85,0.91,-0.07,-0.13,0.2,Below Target,Monitor,High Risk,"Synthetic project dataset: decimal SQM scores rounded to 2 decimals, importance-based targets by part, and weighted loss-priority optimization."
347,14-12-2025,Chennai Plant,Cargo 1916,SUP-EPS,Epsilon Drives & Seals,SUP-EPS-REL-2366,Relay Valve,Brake,1510.91,700-1900,226,0,842,98.01,79.94,1.408,,,,,,,,,,,,,0.1068,1,1.413,,,,,,,,,,,,,Warranty Record,9.5,0.98,0.98,Very High,0.94,0.93,-0.05,-0.04,0.23,Near Target,Monitor,Watchlist,"Synthetic project dataset: decimal SQM scores rounded to 2 decimals, importance-based targets by part, and weighted loss-priority optimization."
348,22-06-2025,Pune Plant,Tipper 3523,SUP-GAMMA,Gamma Motion Parts,SUP-GAMMA-REL-1626,Relay Valve,Brake,1125.25,700-1900,85,0,2101,88.55,100,1.481,,,,,,,,,,,,,0.0841,0.9052,1.76,,,,,,,,,,,,,Dealer Service,9.5,0.98,0.98,Very High,0.91,0.91,-0.07,-0.07,0.19,Below Target,Monitor,High Risk,"Synthetic project dataset: decimal SQM scores rounded to 2 decimals, importance-based targets by part, and weighted loss-priority optimization."
349,06-05-2026,Chennai Plant,School Bus 1017,SUP-BETA,Beta Truck Systems,SUP-BETA-REL-6585,Relay Valve,Brake,1384.34,700-1900,185,1,3216,84.77,86.65,1.61,,,,,,,,,,,,,0.1126,0.7828,7.926,,,,,,,,,,,,,Incoming QC,9.5,0.98,0.98,Very High,0.79,0.83,-0.15,-0.19,0.29,Below Target,Medium Action,High Risk,"Synthetic project dataset: decimal SQM scores rounded to 2 decimals, importance-based targets by part, and weighted loss-priority optimization."
350,08-03-2026,Bangalore Plant,Tipper 3523,SUP-EPS,Epsilon Drives & Seals,SUP-EPS-REL-7772,Relay Valve,Brake,1315.81,700-1900,173,0,1576,98.46,83.15,1.205,,,,,,,,,,,,,0.0882,0.862,5.7,,,,,,,,,,,,,Bench Test,9.5,0.98,0.98,Very High,0.86,0.89,-0.09,-0.12,0.24,Below Target,Monitor,High Risk,"Synthetic project dataset: decimal SQM scores rounded to 2 decimals, importance-based targets by part, and weighted loss-priority optimization."
351,24-10-2025,Pune Plant,Rigid Truck 2818,SUP-ZETA,Zeta Brake and Flow,SUP-ZETA-REL-6622,Relay Valve,Brake,825.61,700-1900,173,0,2018,92.35,91.3,1.355,,,,,,,,,,,,,0.1807,0.8632,2.383,,,,,,,,,,,,,Bench Test,9.5,0.98,0.98,Very High,0.85,0.89,-0.09,-0.13,0.17,Below Target,Monitor,High Risk,"Synthetic project dataset: decimal SQM scores rounded to 2 decimals, importance-based targets by part, and weighted loss-priority optimization."
352,04-02-2025,Pune Plant,Bus Chassis 1624,SUP-BETA,Beta Truck Systems,SUP-BETA-REL-1220,Relay Valve,Brake,1405.71,700-1900,229,1,2953,86.31,93.95,1.25,,,,,,,,,,,,,0.2392,0.8877,4.149,,,,,,,,,,,,,Dealer Service,9.5,0.98,0.98,Very High,0.81,0.85,-0.13,-0.17,0.28,Below Target,Medium Action,High Risk,"Synthetic project dataset: decimal SQM scores rounded to 2 decimals, importance-based targets by part, and weighted loss-priority optimization."
353,09-05-2025,Chennai Plant,Bus Chassis 1624,SUP-EPS,Epsilon Drives & Seals,SUP-EPS-REL-9236,Relay Valve,Brake,1067.7,700-1900,81,0,3207,90.94,85.34,1.326,,,,,,,,,,,,,0.1713,0.8634,3.675,,,,,,,,,,,,,Bench Test,9.5,0.98,0.98,Very High,0.84,0.85,-0.13,-0.14,0.23,Below Target,Monitor,High Risk,"Synthetic project dataset: decimal SQM scores rounded to 2 decimals, importance-based targets by part, and weighted loss-priority optimization."
354,08-02-2025,Jamshedpur Plant,School Bus 1017,SUP-ZETA,Zeta Brake and Flow,SUP-ZETA-REL-1515,Relay Valve,Brake,1674.24,700-1900,49,0,3630,85.49,89.26,1.288,,,,,,,,,,,,,0.2082,0.8088,5.284,,,,,,,,,,,,,Warranty Record,9.5,0.98,0.98,Very High,0.79,0.82,-0.16,-0.19,0.34,Below Target,Medium Action,High Risk,"Synthetic project dataset: decimal SQM scores rounded to 2 decimals, importance-based targets by part, and weighted loss-priority optimization."
355,03-10-2025,Bangalore Plant,Tipper 3523,SUP-EPS,Epsilon Drives & Seals,SUP-EPS-REL-8533,Relay Valve,Brake,1755.7,700-1900,118,1,4688,99.03,95.25,1.251,,,,,,,,,,,,,0.0851,0.9341,2.966,,,,,,,,,,,,,Warranty Record,9.5,0.98,0.98,Very High,0.91,0.86,-0.12,-0.07,0.32,Below Target,Medium Action,High Risk,"Synthetic project dataset: decimal SQM scores rounded to 2 decimals, importance-based targets by part, and weighted loss-priority optimization."
356,14-03-2025,Chennai Plant,Cargo 1916,SUP-BETA,Beta Truck Systems,SUP-BETA-REL-1178,Relay Valve,Brake,1064.06,700-1900,238,1,3185,86.68,74.99,1.37,,,,,,,,,,,,,0.3397,0.8608,3.87,,,,,,,,,,,,,Warranty Record,9.5,0.98,0.98,Very High,0.76,0.81,-0.17,-0.22,0.26,Below Target,Medium Action,High Risk,"Synthetic project dataset: decimal SQM scores rounded to 2 decimals, importance-based targets by part, and weighted loss-priority optimization."
357,02-07-2025,Bangalore Plant,School Bus 1017,SUP-DELTA,Delta Fleet Components,SUP-DELTA-REL-3933,Relay Valve,Brake,876.67,700-1900,248,0,1369,100,85.53,1.339,,,,,,,,,,,,,0.0992,0.9874,3.717,,,,,,,,,,,,,Dealer Service,9.5,0.98,0.98,Very High,0.91,0.93,-0.05,-0.07,0.15,Near Target,Monitor,Watchlist,"Synthetic project dataset: decimal SQM scores rounded to 2 decimals, importance-based targets by part, and weighted loss-priority optimization."
358,19-01-2026,Chennai Plant,Tipper 3523,SUP-ALPHA,Alpha Mobility Components,SUP-ALPHA-REL-6586,Relay Valve,Brake,871.79,700-1900,255,0,508,100,100,1.704,,,,,,,,,,,,,0.0366,0.9477,0.531,,,,,,,,,,,,,Dealer Service,9.5,0.98,0.98,Very High,0.96,0.98,0,-0.02,0.11,Target Met,Monitor,Low Risk,"Synthetic project dataset: decimal SQM scores rounded to 2 decimals, importance-based targets by part, and weighted loss-priority optimization."
359,21-04-2025,Chennai Plant,Rigid Truck 2818,SUP-DELTA,Delta Fleet Components,SUP-DELTA-REL-7691,Relay Valve,Brake,1745.58,700-1900,271,1,2297,92.96,100,1.526,,,,,,,,,,,,,0.0755,0.9203,3.994,,,,,,,,,,,,,Warranty Record,9.5,0.98,0.98,Very High,0.9,0.91,-0.07,-0.08,0.28,Below Target,Medium Action,High Risk,"Synthetic project dataset: decimal SQM scores rounded to 2 decimals, importance-based targets by part, and weighted loss-priority optimization."
360,13-02-2026,Chennai Plant,Rigid Truck 2818,SUP-GAMMA,Gamma Motion Parts,SUP-GAMMA-REL-6308,Relay Valve,Brake,1662.88,700-1900,213,1,3137,95.18,100,1.377,,,,,,,,,,,,,0.0794,0.8736,5.23,,,,,,,,,,,,,Dealer Service,9.5,0.98,0.98,Very High,0.87,0.89,-0.09,-0.11,0.28,Below Target,Medium Action,High Risk,"Synthetic project dataset: decimal SQM scores rounded to 2 decimals, importance-based targets by part, and weighted loss-priority optimization."
361,10-08-2025,Jamshedpur Plant,School Bus 1017,SUP-EPS,Epsilon Drives & Seals,SUP-EPS-WHE-1378,Wheel Speed Sensor,Electrical/Sensor,1008.29,500-1250,218,0,419,95.27,95.6,1.595,,,,,,,,,,,,,,,,0.9626,0.1084,0.0605,,,,,,,,,,Warranty Record,8.5,0.9,0.9,High,0.93,0.96,0.06,0.03,0.13,Target Met,Monitor,Low Risk,"Synthetic project dataset: decimal SQM scores rounded to 2 decimals, importance-based targets by part, and weighted loss-priority optimization."
362,28-03-2025,Jamshedpur Plant,School Bus 1017,SUP-EPS,Epsilon Drives & Seals,SUP-EPS-WHE-6818,Wheel Speed Sensor,Electrical/Sensor,933.37,500-1250,80,0,3383,95.54,94.42,1.224,,,,,,,,,,,,,,,,0.939,0.1843,0.1473,,,,,,,,,,Incoming QC,8.5,0.9,0.9,High,0.88,0.87,-0.03,-0.02,0.14,Near Target,Monitor,Watchlist,"Synthetic project dataset: decimal SQM scores rounded to 2 decimals, importance-based targets by part, and weighted loss-priority optimization."
363,07-01-2026,Bangalore Plant,School Bus 1017,SUP-ZETA,Zeta Brake and Flow,SUP-ZETA-WHE-6969,Wheel Speed Sensor,Electrical/Sensor,1044.03,500-1250,214,1,2518,100,99.46,1.567,,,,,,,,,,,,,,,,0.9099,0.0804,0.1545,,,,,,,,,,Bench Test,8.5,0.9,0.9,High,0.9,0.92,0.02,0,0.13,Target Met,Monitor,Low Risk,"Synthetic project dataset: decimal SQM scores rounded to 2 decimals, importance-based targets by part, and weighted loss-priority optimization."
364,21-09-2025,Chennai Plant,Cargo 1916,SUP-DELTA,Delta Fleet Components,SUP-DELTA-WHE-7924,Wheel Speed Sensor,Electrical/Sensor,508.04,500-1250,118,0,2384,100,93.48,1.435,,,,,,,,,,,,,,,,0.9638,0.0523,0.0231,,,,,,,,,,Bench Test,8.5,0.9,0.9,High,0.96,0.93,0.03,0.06,0.06,Target Met,Monitor,Low Risk,"Synthetic project dataset: decimal SQM scores rounded to 2 decimals, importance-based targets by part, and weighted loss-priority optimization."
365,08-04-2025,Chennai Plant,School Bus 1017,SUP-ALPHA,Alpha Mobility Components,SUP-ALPHA-WHE-5487,Wheel Speed Sensor,Electrical/Sensor,603.78,500-1250,121,0,1577,98.64,88.78,1.784,,,,,,,,,,,,,,,,0.9767,0.1174,0.1352,,,,,,,,,,Dealer Service,8.5,0.9,0.9,High,0.92,0.93,0.03,0.02,0.07,Target Met,Monitor,Low Risk,"Synthetic project dataset: decimal SQM scores rounded to 2 decimals, importance-based targets by part, and weighted loss-priority optimization."
366,04-04-2025,Chennai Plant,Bus Chassis 1624,SUP-ZETA,Zeta Brake and Flow,SUP-ZETA-WHE-9633,Wheel Speed Sensor,Electrical/Sensor,603.02,500-1250,132,0,1057,85.3,90.68,1.57,,,,,,,,,,,,,,,,0.9891,0.0145,0.096,,,,,,,,,,Bench Test,8.5,0.9,0.9,High,0.97,0.93,0.03,0.07,0.07,Target Met,Monitor,Low Risk,"Synthetic project dataset: decimal SQM scores rounded to 2 decimals, importance-based targets by part, and weighted loss-priority optimization."
367,22-03-2025,Jamshedpur Plant,School Bus 1017,SUP-ZETA,Zeta Brake and Flow,SUP-ZETA-WHE-3659,Wheel Speed Sensor,Electrical/Sensor,500.17,500-1250,108,0,2011,96.66,100,1.36,,,,,,,,,,,,,,,,0.944,0.0494,0.0311,,,,,,,,,,Warranty Record,8.5,0.9,0.9,High,0.95,0.94,0.04,0.05,0.06,Target Met,Monitor,Low Risk,"Synthetic project dataset: decimal SQM scores rounded to 2 decimals, importance-based targets by part, and weighted loss-priority optimization."
368,08-09-2025,Bangalore Plant,Tipper 3523,SUP-EPS,Epsilon Drives & Seals,SUP-EPS-WHE-4153,Wheel Speed Sensor,Electrical/Sensor,884.29,500-1250,136,0,3541,95.99,92.01,1.301,,,,,,,,,,,,,,,,0.8916,0.0373,0.1731,,,,,,,,,,Bench Test,8.5,0.9,0.9,High,0.9,0.88,-0.02,0,0.12,Near Target,Monitor,Watchlist,"Synthetic project dataset: decimal SQM scores rounded to 2 decimals, importance-based targets by part, and weighted loss-priority optimization."
369,15-03-2026,Jamshedpur Plant,Tipper 3523,SUP-GAMMA,Gamma Motion Parts,SUP-GAMMA-WHE-3741,Wheel Speed Sensor,Electrical/Sensor,560.87,500-1250,267,1,4981,95.37,81.61,1.425,,,,,,,,,,,,,,,,0.7911,0.1374,0.1687,,,,,,,,,,Warranty Record,8.5,0.9,0.9,High,0.82,0.82,-0.08,-0.08,0.12,Below Target,Monitor,High Risk,"Synthetic project dataset: decimal SQM scores rounded to 2 decimals, importance-based targets by part, and weighted loss-priority optimization."
370,20-03-2025,Bangalore Plant,Rigid Truck 2818,SUP-ZETA,Zeta Brake and Flow,SUP-ZETA-WHE-5565,Wheel Speed Sensor,Electrical/Sensor,1240.17,500-1250,185,1,4846,93.95,100,1.439,,,,,,,,,,,,,,,,0.922,0.1606,0.1793,,,,,,,,,,Incoming QC,8.5,0.9,0.9,High,0.87,0.86,-0.04,-0.03,0.19,Near Target,Monitor,Watchlist,"Synthetic project dataset: decimal SQM scores rounded to 2 decimals, importance-based targets by part, and weighted loss-priority optimization."
371,12-10-2025,Jamshedpur Plant,Tipper 3523,SUP-GAMMA,Gamma Motion Parts,SUP-GAMMA-WHE-1240,Wheel Speed Sensor,Electrical/Sensor,500.45,500-1250,48,0,1307,99.88,91.18,1.61,,,,,,,,,,,,,,,,0.9182,0.0307,0.0803,,,,,,,,,,Incoming QC,8.5,0.9,0.9,High,0.94,0.94,0.04,0.04,0.06,Target Met,Monitor,Low Risk,"Synthetic project dataset: decimal SQM scores rounded to 2 decimals, importance-based targets by part, and weighted loss-priority optimization."
372,04-07-2025,Bangalore Plant,Rigid Truck 2818,SUP-GAMMA,Gamma Motion Parts,SUP-GAMMA-WHE-8325,Wheel Speed Sensor,Electrical/Sensor,1130,500-1250,138,0,1686,88.77,77.21,1.416,,,,,,,,,,,,,,,,0.9464,0.0415,0.0991,,,,,,,,,,Bench Test,8.5,0.9,0.9,High,0.94,0.89,-0.01,0.04,0.15,Near Target,Monitor,Watchlist,"Synthetic project dataset: decimal SQM scores rounded to 2 decimals, importance-based targets by part, and weighted loss-priority optimization."
373,18-04-2026,Bangalore Plant,Tipper 3523,SUP-EPS,Epsilon Drives & Seals,SUP-EPS-WHE-8970,Wheel Speed Sensor,Electrical/Sensor,552.9,500-1250,246,1,3204,88.47,86.36,1.186,,,,,,,,,,,,,,,,0.8399,0.3016,0.0532,,,,,,,,,,Bench Test,8.5,0.9,0.9,High,0.81,0.83,-0.07,-0.09,0.11,Below Target,Monitor,High Risk,"Synthetic project dataset: decimal SQM scores rounded to 2 decimals, importance-based targets by part, and weighted loss-priority optimization."
374,04-10-2025,Pune Plant,School Bus 1017,SUP-ZETA,Zeta Brake and Flow,SUP-ZETA-WHE-1585,Wheel Speed Sensor,Electrical/Sensor,1077.08,500-1250,55,0,1081,95.81,89.79,1.426,,,,,,,,,,,,,,,,0.8883,0.1211,0.0248,,,,,,,,,,Warranty Record,8.5,0.9,0.9,High,0.9,0.93,0.03,0,0.14,Target Met,Monitor,Low Risk,"Synthetic project dataset: decimal SQM scores rounded to 2 decimals, importance-based targets by part, and weighted loss-priority optimization."
375,11-06-2025,Bangalore Plant,School Bus 1017,SUP-ZETA,Zeta Brake and Flow,SUP-ZETA-WHE-2861,Wheel Speed Sensor,Electrical/Sensor,732.73,500-1250,245,1,5402,88.88,92.91,1.332,,,,,,,,,,,,,,,,0.93,0.1387,0.0946,,,,,,,,,,Incoming QC,8.5,0.9,0.9,High,0.9,0.83,-0.07,0,0.14,Below Target,Monitor,High Risk,"Synthetic project dataset: decimal SQM scores rounded to 2 decimals, importance-based targets by part, and weighted loss-priority optimization."
376,27-02-2025,Pune Plant,School Bus 1017,SUP-DELTA,Delta Fleet Components,SUP-DELTA-WHE-8264,Wheel Speed Sensor,Electrical/Sensor,1227.21,500-1250,237,1,3277,90.85,94.42,1.327,,,,,,,,,,,,,,,,0.8594,0.0332,0.0625,,,,,,,,,,Dealer Service,8.5,0.9,0.9,High,0.91,0.88,-0.02,0.01,0.17,Near Target,Monitor,Watchlist,"Synthetic project dataset: decimal SQM scores rounded to 2 decimals, importance-based targets by part, and weighted loss-priority optimization."
377,13-11-2025,Bangalore Plant,Rigid Truck 2818,SUP-ALPHA,Alpha Mobility Components,SUP-ALPHA-WHE-4225,Wheel Speed Sensor,Electrical/Sensor,1081.43,500-1250,169,0,610,96.39,99.04,1.543,,,,,,,,,,,,,,,,0.9784,0.0508,0.0428,,,,,,,,,,Warranty Record,8.5,0.9,0.9,High,0.96,0.97,0.07,0.06,0.14,Target Met,Monitor,Low Risk,"Synthetic project dataset: decimal SQM scores rounded to 2 decimals, importance-based targets by part, and weighted loss-priority optimization."
378,18-06-2025,Pune Plant,Bus Chassis 1624,SUP-GAMMA,Gamma Motion Parts,SUP-GAMMA-WHE-4644,Wheel Speed Sensor,Electrical/Sensor,1115.24,500-1250,190,1,6341,95.64,90.52,1.402,,,,,,,,,,,,,,,,0.8655,0.1217,0.214,,,,,,,,,,Dealer Service,8.5,0.9,0.9,High,0.85,0.81,-0.09,-0.05,0.2,Below Target,Monitor,High Risk,"Synthetic project dataset: decimal SQM scores rounded to 2 decimals, importance-based targets by part, and weighted loss-priority optimization."
379,14-08-2025,Pune Plant,Bus Chassis 1624,SUP-GAMMA,Gamma Motion Parts,SUP-GAMMA-WHE-6801,Wheel Speed Sensor,Electrical/Sensor,678.11,500-1250,197,1,3567,89.36,93.61,1.297,,,,,,,,,,,,,,,,0.8349,0.2049,0.3167,,,,,,,,,,Warranty Record,8.5,0.9,0.9,High,0.79,0.84,-0.06,-0.11,0.12,Below Target,Monitor,High Risk,"Synthetic project dataset: decimal SQM scores rounded to 2 decimals, importance-based targets by part, and weighted loss-priority optimization."
380,03-03-2025,Chennai Plant,Tipper 3523,SUP-BETA,Beta Truck Systems,SUP-BETA-WHE-7257,Wheel Speed Sensor,Electrical/Sensor,783.67,500-1250,194,1,4379,92.7,99.12,1.244,,,,,,,,,,,,,,,,0.8565,0.1025,0.0468,,,,,,,,,,Bench Test,8.5,0.9,0.9,High,0.89,0.86,-0.04,-0.01,0.12,Near Target,Monitor,Watchlist,"Synthetic project dataset: decimal SQM scores rounded to 2 decimals, importance-based targets by part, and weighted loss-priority optimization."
381,15-03-2025,Bangalore Plant,School Bus 1017,SUP-ALPHA,Alpha Mobility Components,SUP-ALPHA-WHE-5704,Wheel Speed Sensor,Electrical/Sensor,610.37,500-1250,64,0,4148,87.25,94.31,1.328,,,,,,,,,,,,,,,,0.8882,0.0418,0.2125,,,,,,,,,,Incoming QC,8.5,0.9,0.9,High,0.89,0.85,-0.05,-0.01,0.11,Near Target,Monitor,Watchlist,"Synthetic project dataset: decimal SQM scores rounded to 2 decimals, importance-based targets by part, and weighted loss-priority optimization."
382,14-11-2025,Pune Plant,Bus Chassis 1624,SUP-BETA,Beta Truck Systems,SUP-BETA-WHE-2364,Wheel Speed Sensor,Electrical/Sensor,1036.02,500-1250,176,0,2029,91.34,90.48,1.673,,,,,,,,,,,,,,,,0.9789,0.1129,0.1709,,,,,,,,,,Warranty Record,8.5,0.9,0.9,High,0.92,0.91,0.01,0.02,0.13,Target Met,Monitor,Low Risk,"Synthetic project dataset: decimal SQM scores rounded to 2 decimals, importance-based targets by part, and weighted loss-priority optimization."
383,01-10-2025,Jamshedpur Plant,Rigid Truck 2818,SUP-BETA,Beta Truck Systems,SUP-BETA-WHE-6523,Wheel Speed Sensor,Electrical/Sensor,1214.05,500-1250,81,0,3322,93.63,89.72,1.483,,,,,,,,,,,,,,,,1,0.0222,0.022,,,,,,,,,,Bench Test,8.5,0.9,0.9,High,0.99,0.9,0,0.09,0.16,Target Met,Monitor,Low Risk,"Synthetic project dataset: decimal SQM scores rounded to 2 decimals, importance-based targets by part, and weighted loss-priority optimization."
384,04-06-2025,Pune Plant,Cargo 1916,SUP-DELTA,Delta Fleet Components,SUP-DELTA-WHE-7481,Wheel Speed Sensor,Electrical/Sensor,1221.16,500-1250,286,0,1678,97.15,94.08,1.239,,,,,,,,,,,,,,,,0.8859,0.1477,0.0473,,,,,,,,,,Dealer Service,8.5,0.9,0.9,High,0.89,0.91,0.01,-0.01,0.16,Target Met,Monitor,Low Risk,"Synthetic project dataset: decimal SQM scores rounded to 2 decimals, importance-based targets by part, and weighted loss-priority optimization."
385,07-05-2026,Jamshedpur Plant,Bus Chassis 1624,SUP-EPS,Epsilon Drives & Seals,SUP-EPS-WHE-6427,Wheel Speed Sensor,Electrical/Sensor,772.44,500-1250,115,0,4222,90.56,95.62,1.523,,,,,,,,,,,,,,,,0.87,0.2188,0.1728,,,,,,,,,,Dealer Service,8.5,0.9,0.9,High,0.83,0.84,-0.06,-0.07,0.13,Below Target,Monitor,High Risk,"Synthetic project dataset: decimal SQM scores rounded to 2 decimals, importance-based targets by part, and weighted loss-priority optimization."
386,12-02-2026,Bangalore Plant,Cargo 1916,SUP-EPS,Epsilon Drives & Seals,SUP-EPS-WHE-7031,Wheel Speed Sensor,Electrical/Sensor,848.15,500-1250,228,0,265,92.61,100,1.582,,,,,,,,,,,,,,,,0.8267,0.1192,0.1558,,,,,,,,,,Bench Test,8.5,0.9,0.9,High,0.85,0.94,0.04,-0.05,0.1,Target Met,Monitor,Low Risk,"Synthetic project dataset: decimal SQM scores rounded to 2 decimals, importance-based targets by part, and weighted loss-priority optimization."
387,30-11-2025,Jamshedpur Plant,Cargo 1916,SUP-BETA,Beta Truck Systems,SUP-BETA-WHE-3506,Wheel Speed Sensor,Electrical/Sensor,898.52,500-1250,238,1,2392,92.06,90.95,1.319,,,,,,,,,,,,,,,,0.8889,0.1461,0.1849,,,,,,,,,,Dealer Service,8.5,0.9,0.9,High,0.86,0.88,-0.02,-0.04,0.13,Near Target,Monitor,Watchlist,"Synthetic project dataset: decimal SQM scores rounded to 2 decimals, importance-based targets by part, and weighted loss-priority optimization."
388,17-01-2026,Jamshedpur Plant,Bus Chassis 1624,SUP-GAMMA,Gamma Motion Parts,SUP-GAMMA-WHE-7230,Wheel Speed Sensor,Electrical/Sensor,516.56,500-1250,137,0,981,100,100,1.514,,,,,,,,,,,,,,,,0.9899,0.0043,0.0095,,,,,,,,,,Warranty Record,8.5,0.9,0.9,High,0.99,0.98,0.08,0.09,0.06,Target Met,Monitor,Low Risk,"Synthetic project dataset: decimal SQM scores rounded to 2 decimals, importance-based targets by part, and weighted loss-priority optimization."
389,25-03-2025,Bangalore Plant,Rigid Truck 2818,SUP-BETA,Beta Truck Systems,SUP-BETA-WHE-3721,Wheel Speed Sensor,Electrical/Sensor,813.72,500-1250,226,1,3520,95.64,97.46,1.557,,,,,,,,,,,,,,,,0.9404,0.1621,0.0969,,,,,,,,,,Bench Test,8.5,0.9,0.9,High,0.9,0.89,-0.01,0,0.11,Near Target,Monitor,Watchlist,"Synthetic project dataset: decimal SQM scores rounded to 2 decimals, importance-based targets by part, and weighted loss-priority optimization."
390,18-01-2025,Bangalore Plant,School Bus 1017,SUP-ZETA,Zeta Brake and Flow,SUP-ZETA-WHE-2797,Wheel Speed Sensor,Electrical/Sensor,916.62,500-1250,51,0,4100,93.24,92.79,1.203,,,,,,,,,,,,,,,,0.8226,0.0982,0.297,,,,,,,,,,Warranty Record,8.5,0.9,0.9,High,0.83,0.83,-0.07,-0.07,0.16,Below Target,Monitor,High Risk,"Synthetic project dataset: decimal SQM scores rounded to 2 decimals, importance-based targets by part, and weighted loss-priority optimization."
391,10-03-2025,Bangalore Plant,Rigid Truck 2818,SUP-ALPHA,Alpha Mobility Components,SUP-ALPHA-WHE-7085,Wheel Speed Sensor,Electrical/Sensor,589.33,500-1250,50,0,909,100,91.01,1.584,,,,,,,,,,,,,,,,0.9628,0.0417,0.0197,,,,,,,,,,Incoming QC,8.5,0.9,0.9,High,0.96,0.96,0.06,0.06,0.07,Target Met,Monitor,Low Risk,"Synthetic project dataset: decimal SQM scores rounded to 2 decimals, importance-based targets by part, and weighted loss-priority optimization."
392,24-11-2025,Jamshedpur Plant,School Bus 1017,SUP-BETA,Beta Truck Systems,SUP-BETA-WHE-4240,Wheel Speed Sensor,Electrical/Sensor,694.18,500-1250,145,0,0,93.17,100,1.504,,,,,,,,,,,,,,,,0.9736,0.1066,0.0243,,,,,,,,,,Dealer Service,8.5,0.9,0.9,High,0.95,0.97,0.07,0.05,0.08,Target Met,Monitor,Low Risk,"Synthetic project dataset: decimal SQM scores rounded to 2 decimals, importance-based targets by part, and weighted loss-priority optimization."
393,14-09-2025,Chennai Plant,Bus Chassis 1624,SUP-BETA,Beta Truck Systems,SUP-BETA-WHE-1018,Wheel Speed Sensor,Electrical/Sensor,937.01,500-1250,43,0,2236,99.44,89.57,1.562,,,,,,,,,,,,,,,,0.9526,0.1228,0.1037,,,,,,,,,,Warranty Record,8.5,0.9,0.9,High,0.91,0.92,0.02,0.01,0.12,Target Met,Monitor,Low Risk,"Synthetic project dataset: decimal SQM scores rounded to 2 decimals, importance-based targets by part, and weighted loss-priority optimization."
394,03-11-2025,Chennai Plant,Cargo 1916,SUP-DELTA,Delta Fleet Components,SUP-DELTA-WHE-6127,Wheel Speed Sensor,Electrical/Sensor,648.17,500-1250,179,1,3904,100,81.76,1.399,,,,,,,,,,,,,,,,0.7874,0.2291,0.1285,,,,,,,,,,Dealer Service,8.5,0.9,0.9,High,0.8,0.84,-0.06,-0.1,0.12,Below Target,Monitor,High Risk,"Synthetic project dataset: decimal SQM scores rounded to 2 decimals, importance-based targets by part, and weighted loss-priority optimization."
395,30-08-2025,Bangalore Plant,Bus Chassis 1624,SUP-ALPHA,Alpha Mobility Components,SUP-ALPHA-WHE-8868,Wheel Speed Sensor,Electrical/Sensor,1127.31,500-1250,188,0,68,98.68,100,1.718,,,,,,,,,,,,,,,,0.9603,0.0018,0.0014,,,,,,,,,,Warranty Record,8.5,0.9,0.9,High,0.98,0.99,0.09,0.08,0.14,Target Met,Monitor,Low Risk,"Synthetic project dataset: decimal SQM scores rounded to 2 decimals, importance-based targets by part, and weighted loss-priority optimization."
396,12-02-2026,Bangalore Plant,Bus Chassis 1624,SUP-DELTA,Delta Fleet Components,SUP-DELTA-WHE-9119,Wheel Speed Sensor,Electrical/Sensor,821.86,500-1250,90,0,432,100,100,1.588,,,,,,,,,,,,,,,,0.9362,0,0,,,,,,,,,,Incoming QC,8.5,0.9,0.9,High,0.97,0.98,0.08,0.07,0.1,Target Met,Monitor,Low Risk,"Synthetic project dataset: decimal SQM scores rounded to 2 decimals, importance-based targets by part, and weighted loss-priority optimization."
397,02-03-2026,Chennai Plant,Tipper 3523,SUP-ALPHA,Alpha Mobility Components,SUP-ALPHA-WHE-9534,Wheel Speed Sensor,Electrical/Sensor,818.72,500-1250,71,0,0,98.66,100,1.508,,,,,,,,,,,,,,,,1,0.0099,0.0068,,,,,,,,,,Dealer Service,8.5,0.9,0.9,High,1,1,0.1,0.1,0.1,Target Met,Monitor,Low Risk,"Synthetic project dataset: decimal SQM scores rounded to 2 decimals, importance-based targets by part, and weighted loss-priority optimization."
398,18-01-2025,Chennai Plant,Tipper 3523,SUP-BETA,Beta Truck Systems,SUP-BETA-WHE-8933,Wheel Speed Sensor,Electrical/Sensor,928.18,500-1250,214,0,611,95.61,96.58,1.803,,,,,,,,,,,,,,,,0.9105,0.0277,0.0142,,,,,,,,,,Bench Test,8.5,0.9,0.9,High,0.95,0.96,0.06,0.05,0.12,Target Met,Monitor,Low Risk,"Synthetic project dataset: decimal SQM scores rounded to 2 decimals, importance-based targets by part, and weighted loss-priority optimization."
399,12-03-2026,Jamshedpur Plant,Cargo 1916,SUP-DELTA,Delta Fleet Components,SUP-DELTA-WHE-5957,Wheel Speed Sensor,Electrical/Sensor,973.08,500-1250,216,1,2545,95.45,96.57,1.282,,,,,,,,,,,,,,,,0.9327,0.1271,0.1862,,,,,,,,,,Bench Test,8.5,0.9,0.9,High,0.89,0.9,0,-0.01,0.12,Target Met,Monitor,Low Risk,"Synthetic project dataset: decimal SQM scores rounded to 2 decimals, importance-based targets by part, and weighted loss-priority optimization."
400,07-10-2025,Chennai Plant,Rigid Truck 2818,SUP-EPS,Epsilon Drives & Seals,SUP-EPS-WHE-6378,Wheel Speed Sensor,Electrical/Sensor,909.81,500-1250,73,0,3130,90.48,80.81,1.323,,,,,,,,,,,,,,,,0.8613,0.3262,0.2271,,,,,,,,,,Incoming QC,8.5,0.9,0.9,High,0.78,0.83,-0.07,-0.12,0.16,Below Target,Monitor,High Risk,"Synthetic project dataset: decimal SQM scores rounded to 2 decimals, importance-based targets by part, and weighted loss-priority optimization."
401,04-04-2026,Pune Plant,School Bus 1017,SUP-GAMMA,Gamma Motion Parts,SUP-GAMMA-WHE-4159,Wheel Speed Sensor,Electrical/Sensor,1012.34,500-1250,147,1,4050,91.13,89,1.244,,,,,,,,,,,,,,,,0.8569,0.1374,0.044,,,,,,,,,,Bench Test,8.5,0.9,0.9,High,0.88,0.84,-0.06,-0.02,0.17,Below Target,Monitor,High Risk,"Synthetic project dataset: decimal SQM scores rounded to 2 decimals, importance-based targets by part, and weighted loss-priority optimization."
402,28-09-2025,Chennai Plant,Tipper 3523,SUP-ZETA,Zeta Brake and Flow,SUP-ZETA-WHE-1759,Wheel Speed Sensor,Electrical/Sensor,1133.73,500-1250,44,0,2348,99.75,89.53,1.384,,,,,,,,,,,,,,,,0.8948,0.1217,0.104,,,,,,,,,,Warranty Record,8.5,0.9,0.9,High,0.89,0.91,0.01,-0.01,0.14,Target Met,Monitor,Low Risk,"Synthetic project dataset: decimal SQM scores rounded to 2 decimals, importance-based targets by part, and weighted loss-priority optimization."
403,28-08-2025,Chennai Plant,Rigid Truck 2818,SUP-BETA,Beta Truck Systems,SUP-BETA-WHE-6972,Wheel Speed Sensor,Electrical/Sensor,530.25,500-1250,267,1,4971,91.46,97.36,1.42,,,,,,,,,,,,,,,,0.808,0.1612,0.072,,,,,,,,,,Dealer Service,8.5,0.9,0.9,High,0.84,0.84,-0.06,-0.06,0.1,Below Target,Monitor,High Risk,"Synthetic project dataset: decimal SQM scores rounded to 2 decimals, importance-based targets by part, and weighted loss-priority optimization."
404,08-07-2025,Jamshedpur Plant,Rigid Truck 2818,SUP-BETA,Beta Truck Systems,SUP-BETA-WHE-8688,Wheel Speed Sensor,Electrical/Sensor,1163.93,500-1250,294,1,2194,100,79.77,1.582,,,,,,,,,,,,,,,,0.8925,0.128,0.2019,,,,,,,,,,Warranty Record,8.5,0.9,0.9,High,0.87,0.89,-0.01,-0.03,0.16,Near Target,Monitor,Watchlist,"Synthetic project dataset: decimal SQM scores rounded to 2 decimals, importance-based targets by part, and weighted loss-priority optimization."
405,16-07-2025,Chennai Plant,School Bus 1017,SUP-ALPHA,Alpha Mobility Components,SUP-ALPHA-WHE-2223,Wheel Speed Sensor,Electrical/Sensor,749.13,500-1250,265,0,0,94.36,100,1.582,,,,,,,,,,,,,,,,1,0.0056,0.006,,,,,,,,,,Warranty Record,8.5,0.9,0.9,High,1,0.99,0.09,0.1,0.09,Target Met,Monitor,Low Risk,"Synthetic project dataset: decimal SQM scores rounded to 2 decimals, importance-based targets by part, and weighted loss-priority optimization."
406,01-07-2025,Pune Plant,Tipper 3523,SUP-EPS,Epsilon Drives & Seals,SUP-EPS-WHE-1572,Wheel Speed Sensor,Electrical/Sensor,1101.38,500-1250,49,0,2448,97.6,90.67,1.299,,,,,,,,,,,,,,,,0.8449,0.317,0.2809,,,,,,,,,,Bench Test,8.5,0.9,0.9,High,0.76,0.87,-0.03,-0.14,0.16,Near Target,Monitor,Watchlist,"Synthetic project dataset: decimal SQM scores rounded to 2 decimals, importance-based targets by part, and weighted loss-priority optimization."
407,14-08-2025,Bangalore Plant,Bus Chassis 1624,SUP-DELTA,Delta Fleet Components,SUP-DELTA-WHE-4407,Wheel Speed Sensor,Electrical/Sensor,718.77,500-1250,144,0,685,98.51,100,1.554,,,,,,,,,,,,,,,,0.9783,0,0,,,,,,,,,,Incoming QC,8.5,0.9,0.9,High,0.99,0.98,0.08,0.09,0.09,Target Met,Monitor,Low Risk,"Synthetic project dataset: decimal SQM scores rounded to 2 decimals, importance-based targets by part, and weighted loss-priority optimization."
408,06-08-2025,Pune Plant,Rigid Truck 2818,SUP-EPS,Epsilon Drives & Seals,SUP-EPS-WHE-9624,Wheel Speed Sensor,Electrical/Sensor,814.5,500-1250,290,1,4767,90.42,79.9,1.476,,,,,,,,,,,,,,,,0.8568,0.1442,0.2552,,,,,,,,,,Warranty Record,8.5,0.9,0.9,High,0.83,0.81,-0.09,-0.07,0.16,Below Target,Monitor,High Risk,"Synthetic project dataset: decimal SQM scores rounded to 2 decimals, importance-based targets by part, and weighted loss-priority optimization."
409,20-08-2025,Chennai Plant,School Bus 1017,SUP-EPS,Epsilon Drives & Seals,SUP-EPS-WHE-5022,Wheel Speed Sensor,Electrical/Sensor,885.87,500-1250,286,1,3136,93.49,97.92,1.287,,,,,,,,,,,,,,,,0.9229,0.2463,0.1999,,,,,,,,,,Dealer Service,8.5,0.9,0.9,High,0.84,0.87,-0.03,-0.06,0.13,Near Target,Monitor,Watchlist,"Synthetic project dataset: decimal SQM scores rounded to 2 decimals, importance-based targets by part, and weighted loss-priority optimization."
410,03-02-2026,Jamshedpur Plant,Cargo 1916,SUP-EPS,Epsilon Drives & Seals,SUP-EPS-WHE-7997,Wheel Speed Sensor,Electrical/Sensor,1022.87,500-1250,66,0,2196,88.75,78.37,1.53,,,,,,,,,,,,,,,,0.9304,0.1283,0.1458,,,,,,,,,,Incoming QC,8.5,0.9,0.9,High,0.89,0.87,-0.03,-0.01,0.15,Near Target,Monitor,Watchlist,"Synthetic project dataset: decimal SQM scores rounded to 2 decimals, importance-based targets by part, and weighted loss-priority optimization."
411,14-04-2026,Bangalore Plant,Tipper 3523,SUP-ALPHA,Alpha Mobility Components,SUP-ALPHA-WHE-7811,Wheel Speed Sensor,Electrical/Sensor,540.96,500-1250,235,1,2366,93.37,93.31,1.455,,,,,,,,,,,,,,,,0.9537,0.0818,0.0993,,,,,,,,,,Warranty Record,8.5,0.9,0.9,High,0.93,0.91,0.01,0.03,0.06,Target Met,Monitor,Low Risk,"Synthetic project dataset: decimal SQM scores rounded to 2 decimals, importance-based targets by part, and weighted loss-priority optimization."
412,07-02-2026,Bangalore Plant,Rigid Truck 2818,SUP-ZETA,Zeta Brake and Flow,SUP-ZETA-WHE-7571,Wheel Speed Sensor,Electrical/Sensor,853.72,500-1250,84,0,1038,96.37,95.1,1.65,,,,,,,,,,,,,,,,0.933,0.0144,0.0375,,,,,,,,,,Incoming QC,8.5,0.9,0.9,High,0.96,0.95,0.05,0.06,0.11,Target Met,Monitor,Low Risk,"Synthetic project dataset: decimal SQM scores rounded to 2 decimals, importance-based targets by part, and weighted loss-priority optimization."
413,19-08-2025,Chennai Plant,School Bus 1017,SUP-GAMMA,Gamma Motion Parts,SUP-GAMMA-WHE-8338,Wheel Speed Sensor,Electrical/Sensor,954.42,500-1250,49,0,4654,84.19,88.37,1.238,,,,,,,,,,,,,,,,0.7586,0.0545,0.3527,,,,,,,,,,Bench Test,8.5,0.9,0.9,High,0.8,0.79,-0.11,-0.1,0.19,Below Target,Monitor,High Risk,"Synthetic project dataset: decimal SQM scores rounded to 2 decimals, importance-based targets by part, and weighted loss-priority optimization."
414,09-03-2026,Pune Plant,Rigid Truck 2818,SUP-ZETA,Zeta Brake and Flow,SUP-ZETA-WHE-5222,Wheel Speed Sensor,Electrical/Sensor,961.3,500-1250,147,1,3835,98.82,89.43,1.382,,,,,,,,,,,,,,,,0.9277,0.0342,0.212,,,,,,,,,,Dealer Service,8.5,0.9,0.9,High,0.91,0.88,-0.02,0.01,0.13,Near Target,Monitor,Watchlist,"Synthetic project dataset: decimal SQM scores rounded to 2 decimals, importance-based targets by part, and weighted loss-priority optimization."
415,25-01-2025,Pune Plant,Cargo 1916,SUP-GAMMA,Gamma Motion Parts,SUP-GAMMA-WHE-9032,Wheel Speed Sensor,Electrical/Sensor,1117.73,500-1250,195,0,2041,93.17,80.42,1.452,,,,,,,,,,,,,,,,0.8899,0.2331,0.0349,,,,,,,,,,Dealer Service,8.5,0.9,0.9,High,0.86,0.88,-0.02,-0.04,0.16,Near Target,Monitor,Watchlist,"Synthetic project dataset: decimal SQM scores rounded to 2 decimals, importance-based targets by part, and weighted loss-priority optimization."
416,19-11-2025,Pune Plant,Bus Chassis 1624,SUP-ZETA,Zeta Brake and Flow,SUP-ZETA-WHE-5052,Wheel Speed Sensor,Electrical/Sensor,565.23,500-1250,192,1,3651,95.24,71.3,1.266,,,,,,,,,,,,,,,,0.8247,0.1519,0.2146,,,,,,,,,,Warranty Record,8.5,0.9,0.9,High,0.83,0.82,-0.08,-0.07,0.12,Below Target,Monitor,High Risk,"Synthetic project dataset: decimal SQM scores rounded to 2 decimals, importance-based targets by part, and weighted loss-priority optimization."
417,12-05-2026,Chennai Plant,Tipper 3523,SUP-ALPHA,Alpha Mobility Components,SUP-ALPHA-WHE-4625,Wheel Speed Sensor,Electrical/Sensor,927.64,500-1250,126,0,2415,95.97,96.74,1.409,,,,,,,,,,,,,,,,0.8977,0.2567,0.1553,,,,,,,,,,Warranty Record,8.5,0.9,0.9,High,0.83,0.9,0,-0.07,0.12,Target Met,Monitor,Low Risk,"Synthetic project dataset: decimal SQM scores rounded to 2 decimals, importance-based targets by part, and weighted loss-priority optimization."
418,17-01-2025,Pune Plant,Rigid Truck 2818,SUP-BETA,Beta Truck Systems,SUP-BETA-WHE-8837,Wheel Speed Sensor,Electrical/Sensor,1233.09,500-1250,285,0,0,100,100,1.455,,,,,,,,,,,,,,,,0.9846,0.0024,0.0028,,,,,,,,,,Incoming QC,8.5,0.9,0.9,High,0.99,1,0.1,0.09,0.16,Target Met,Monitor,Low Risk,"Synthetic project dataset: decimal SQM scores rounded to 2 decimals, importance-based targets by part, and weighted loss-priority optimization."
419,14-01-2025,Jamshedpur Plant,School Bus 1017,SUP-GAMMA,Gamma Motion Parts,SUP-GAMMA-WHE-2099,Wheel Speed Sensor,Electrical/Sensor,1097.48,500-1250,185,0,761,95.94,87.5,1.449,,,,,,,,,,,,,,,,0.819,0.1584,0.0579,,,,,,,,,,Dealer Service,8.5,0.9,0.9,High,0.85,0.92,0.02,-0.05,0.14,Target Met,Monitor,Low Risk,"Synthetic project dataset: decimal SQM scores rounded to 2 decimals, importance-based targets by part, and weighted loss-priority optimization."
420,14-01-2026,Chennai Plant,Bus Chassis 1624,SUP-DELTA,Delta Fleet Components,SUP-DELTA-WHE-7673,Wheel Speed Sensor,Electrical/Sensor,928.4,500-1250,135,1,3831,94.78,100,1.466,,,,,,,,,,,,,,,,0.8889,0.1665,0.214,,,,,,,,,,Dealer Service,8.5,0.9,0.9,High,0.85,0.87,-0.03,-0.05,0.14,Near Target,Monitor,Watchlist,"Synthetic project dataset: decimal SQM scores rounded to 2 decimals, importance-based targets by part, and weighted loss-priority optimization."
421,24-04-2026,Chennai Plant,Tipper 3523,SUP-GAMMA,Gamma Motion Parts,SUP-GAMMA-WHE-7856,Wheel Speed Sensor,Electrical/Sensor,935.91,500-1250,293,0,1349,87.69,98.73,1.336,,,,,,,,,,,,,,,,0.8537,0.0866,0.2628,,,,,,,,,,Dealer Service,8.5,0.9,0.9,High,0.85,0.91,0.01,-0.05,0.12,Target Met,Monitor,Low Risk,"Synthetic project dataset: decimal SQM scores rounded to 2 decimals, importance-based targets by part, and weighted loss-priority optimization."
422,13-04-2026,Bangalore Plant,Cargo 1916,SUP-GAMMA,Gamma Motion Parts,SUP-GAMMA-WHE-4382,Wheel Speed Sensor,Electrical/Sensor,672.74,500-1250,243,0,1618,94.21,91.34,1.4,,,,,,,,,,,,,,,,0.9121,0.0237,0.0734,,,,,,,,,,Incoming QC,8.5,0.9,0.9,High,0.94,0.93,0.03,0.04,0.08,Target Met,Monitor,Low Risk,"Synthetic project dataset: decimal SQM scores rounded to 2 decimals, importance-based targets by part, and weighted loss-priority optimization."
423,20-05-2025,Jamshedpur Plant,Tipper 3523,SUP-DELTA,Delta Fleet Components,SUP-DELTA-WHE-3064,Wheel Speed Sensor,Electrical/Sensor,932.41,500-1250,145,0,2254,87.57,84.65,1.205,,,,,,,,,,,,,,,,0.7819,0.0939,0.211,,,,,,,,,,Warranty Record,8.5,0.9,0.9,High,0.83,0.85,-0.05,-0.07,0.15,Near Target,Monitor,Watchlist,"Synthetic project dataset: decimal SQM scores rounded to 2 decimals, importance-based targets by part, and weighted loss-priority optimization."
424,02-05-2026,Jamshedpur Plant,Tipper 3523,SUP-BETA,Beta Truck Systems,SUP-BETA-WHE-9177,Wheel Speed Sensor,Electrical/Sensor,1111.1,500-1250,158,1,3203,97.13,93.94,1.702,,,,,,,,,,,,,,,,0.9128,0.0432,0.1076,,,,,,,,,,Warranty Record,8.5,0.9,0.9,High,0.92,0.9,0,0.02,0.14,Target Met,Monitor,Low Risk,"Synthetic project dataset: decimal SQM scores rounded to 2 decimals, importance-based targets by part, and weighted loss-priority optimization."
425,28-11-2025,Chennai Plant,Cargo 1916,SUP-EPS,Epsilon Drives & Seals,SUP-EPS-WHE-6648,Wheel Speed Sensor,Electrical/Sensor,717.3,500-1250,132,1,4689,97.14,76.61,1.189,,,,,,,,,,,,,,,,0.845,0.1224,0.2789,,,,,,,,,,Dealer Service,8.5,0.9,0.9,High,0.83,0.8,-0.1,-0.07,0.15,Below Target,Monitor,High Risk,"Synthetic project dataset: decimal SQM scores rounded to 2 decimals, importance-based targets by part, and weighted loss-priority optimization."
426,01-05-2026,Pune Plant,School Bus 1017,SUP-ALPHA,Alpha Mobility Components,SUP-ALPHA-WHE-4127,Wheel Speed Sensor,Electrical/Sensor,1037.45,500-1250,43,0,2845,93.02,96.76,1.194,,,,,,,,,,,,,,,,0.874,0.1301,0.1874,,,,,,,,,,Warranty Record,8.5,0.9,0.9,High,0.86,0.87,-0.03,-0.04,0.15,Near Target,Monitor,Watchlist,"Synthetic project dataset: decimal SQM scores rounded to 2 decimals, importance-based targets by part, and weighted loss-priority optimization."
427,04-06-2025,Chennai Plant,Rigid Truck 2818,SUP-GAMMA,Gamma Motion Parts,SUP-GAMMA-WHE-3581,Wheel Speed Sensor,Electrical/Sensor,1149.67,500-1250,271,1,2884,97.49,83.16,1.342,,,,,,,,,,,,,,,,0.8757,0.0859,0.1909,,,,,,,,,,Dealer Service,8.5,0.9,0.9,High,0.88,0.88,-0.02,-0.02,0.16,Near Target,Monitor,Watchlist,"Synthetic project dataset: decimal SQM scores rounded to 2 decimals, importance-based targets by part, and weighted loss-priority optimization."
428,04-08-2025,Bangalore Plant,Cargo 1916,SUP-GAMMA,Gamma Motion Parts,SUP-GAMMA-WHE-7183,Wheel Speed Sensor,Electrical/Sensor,617.27,500-1250,108,0,1293,96.24,81.62,1.461,,,,,,,,,,,,,,,,0.879,0.1399,0.1755,,,,,,,,,,Dealer Service,8.5,0.9,0.9,High,0.86,0.9,0,-0.04,0.07,Target Met,Monitor,Low Risk,"Synthetic project dataset: decimal SQM scores rounded to 2 decimals, importance-based targets by part, and weighted loss-priority optimization."
429,27-04-2025,Pune Plant,Cargo 1916,SUP-EPS,Epsilon Drives & Seals,SUP-EPS-WHE-5076,Wheel Speed Sensor,Electrical/Sensor,836.95,500-1250,223,0,1387,100,98.29,1.467,,,,,,,,,,,,,,,,0.9526,0.0383,0.0266,,,,,,,,,,Warranty Record,8.5,0.9,0.9,High,0.96,0.96,0.06,0.06,0.1,Target Met,Monitor,Low Risk,"Synthetic project dataset: decimal SQM scores rounded to 2 decimals, importance-based targets by part, and weighted loss-priority optimization."
430,10-03-2026,Chennai Plant,Tipper 3523,SUP-GAMMA,Gamma Motion Parts,SUP-GAMMA-WHE-2189,Wheel Speed Sensor,Electrical/Sensor,965.83,500-1250,238,1,5380,86.87,71.25,1.185,,,,,,,,,,,,,,,,0.7658,0.3669,0.3509,,,,,,,,,,Warranty Record,8.5,0.9,0.9,High,0.7,0.73,-0.17,-0.2,0.24,Below Target,Monitor,High Risk,"Synthetic project dataset: decimal SQM scores rounded to 2 decimals, importance-based targets by part, and weighted loss-priority optimization."
431,15-12-2025,Bangalore Plant,Rigid Truck 2818,SUP-EPS,Epsilon Drives & Seals,SUP-EPS-WHE-6285,Wheel Speed Sensor,Electrical/Sensor,525.78,500-1250,111,0,2001,100,95.92,1.607,,,,,,,,,,,,,,,,0.7881,0.0441,0.2192,,,,,,,,,,Warranty Record,8.5,0.9,0.9,High,0.85,0.91,0.01,-0.05,0.06,Target Met,Monitor,Low Risk,"Synthetic project dataset: decimal SQM scores rounded to 2 decimals, importance-based targets by part, and weighted loss-priority optimization."
432,20-03-2025,Bangalore Plant,School Bus 1017,SUP-ALPHA,Alpha Mobility Components,SUP-ALPHA-WHE-2932,Wheel Speed Sensor,Electrical/Sensor,893.15,500-1250,209,1,3706,90.85,86.43,1.31,,,,,,,,,,,,,,,,0.9659,0.1612,0.0607,,,,,,,,,,Warranty Record,8.5,0.9,0.9,High,0.92,0.86,-0.04,0.02,0.14,Near Target,Monitor,Watchlist,"Synthetic project dataset: decimal SQM scores rounded to 2 decimals, importance-based targets by part, and weighted loss-priority optimization."
433,28-10-2025,Chennai Plant,Bus Chassis 1624,SUP-ZETA,Zeta Brake and Flow,SUP-ZETA-WHE-3500,Wheel Bearing,Mechanical,419.24,180-1100,187,0,1886,93.64,96.34,1.43,,,,,,,,,,,,,,,,,,,0.1153,0.0834,0.1031,,,,,,,Bench Test,9,0.95,0.95,Very High,0.9,0.92,-0.03,-0.05,0.07,Near Target,Monitor,Watchlist,"Synthetic project dataset: decimal SQM scores rounded to 2 decimals, importance-based targets by part, and weighted loss-priority optimization."
434,03-06-2025,Chennai Plant,Bus Chassis 1624,SUP-EPS,Epsilon Drives & Seals,SUP-EPS-WHE-8170,Wheel Bearing,Mechanical,493.69,180-1100,87,0,4234,89.33,92.22,1.181,,,,,,,,,,,,,,,,,,,0.263,0.2186,0.2207,,,,,,,Warranty Record,9,0.95,0.95,Very High,0.76,0.8,-0.15,-0.19,0.16,Below Target,Monitor,High Risk,"Synthetic project dataset: decimal SQM scores rounded to 2 decimals, importance-based targets by part, and weighted loss-priority optimization."
435,12-04-2025,Bangalore Plant,Tipper 3523,SUP-ALPHA,Alpha Mobility Components,SUP-ALPHA-WHE-3944,Wheel Bearing,Mechanical,414.69,180-1100,85,0,324,99.6,95.5,1.823,,,,,,,,,,,,,,,,,,,0.1538,0.0917,0.0226,,,,,,,Bench Test,9,0.95,0.95,Very High,0.9,0.96,0.01,-0.05,0.04,Target Met,Monitor,Low Risk,"Synthetic project dataset: decimal SQM scores rounded to 2 decimals, importance-based targets by part, and weighted loss-priority optimization."
436,20-02-2025,Pune Plant,Cargo 1916,SUP-DELTA,Delta Fleet Components,SUP-DELTA-WHE-1229,Wheel Bearing,Mechanical,606.53,180-1100,249,0,798,95.37,99.52,1.587,,,,,,,,,,,,,,,,,,,0.0493,0.0374,0.02,,,,,,,Incoming QC,9,0.95,0.95,Very High,0.96,0.96,0.01,0.01,0.07,Target Met,Monitor,Low Risk,"Synthetic project dataset: decimal SQM scores rounded to 2 decimals, importance-based targets by part, and weighted loss-priority optimization."
437,22-11-2025,Jamshedpur Plant,Rigid Truck 2818,SUP-GAMMA,Gamma Motion Parts,SUP-GAMMA-WHE-5366,Wheel Bearing,Mechanical,232.53,180-1100,216,1,3828,95,91.78,1.22,,,,,,,,,,,,,,,,,,,0.2226,0.073,0.2008,,,,,,,Dealer Service,9,0.95,0.95,Very High,0.84,0.84,-0.11,-0.11,0.1,Below Target,Monitor,High Risk,"Synthetic project dataset: decimal SQM scores rounded to 2 decimals, importance-based targets by part, and weighted loss-priority optimization."
438,12-03-2026,Bangalore Plant,Cargo 1916,SUP-EPS,Epsilon Drives & Seals,SUP-EPS-WHE-4749,Wheel Bearing,Mechanical,797.1,180-1100,86,0,1885,100,88.39,1.455,,,,,,,,,,,,,,,,,,,0.0978,0.1117,0.0379,,,,,,,Bench Test,9,0.95,0.95,Very High,0.91,0.92,-0.03,-0.04,0.12,Near Target,Monitor,Watchlist,"Synthetic project dataset: decimal SQM scores rounded to 2 decimals, importance-based targets by part, and weighted loss-priority optimization."
439,07-04-2025,Pune Plant,Rigid Truck 2818,SUP-GAMMA,Gamma Motion Parts,SUP-GAMMA-WHE-3311,Wheel Bearing,Mechanical,202.99,180-1100,156,1,3735,87.57,97.09,1.48,,,,,,,,,,,,,,,,,,,0.2237,0.142,0.1053,,,,,,,Dealer Service,9,0.95,0.95,Very High,0.83,0.85,-0.1,-0.12,0.09,Below Target,Monitor,High Risk,"Synthetic project dataset: decimal SQM scores rounded to 2 decimals, importance-based targets by part, and weighted loss-priority optimization."
440,11-05-2026,Jamshedpur Plant,School Bus 1017,SUP-ALPHA,Alpha Mobility Components,SUP-ALPHA-WHE-1838,Wheel Bearing,Mechanical,349.51,180-1100,133,0,3636,100,86.83,1.336,,,,,,,,,,,,,,,,,,,0.1657,0.2224,0.0295,,,,,,,Bench Test,9,0.95,0.95,Very High,0.85,0.87,-0.08,-0.1,0.09,Below Target,Monitor,High Risk,"Synthetic project dataset: decimal SQM scores rounded to 2 decimals, importance-based targets by part, and weighted loss-priority optimization."
441,14-01-2025,Bangalore Plant,Tipper 3523,SUP-DELTA,Delta Fleet Components,SUP-DELTA-WHE-1726,Wheel Bearing,Mechanical,951.33,180-1100,264,0,1093,87.34,96.03,1.284,,,,,,,,,,,,,,,,,,,0.1104,0.1376,0.1084,,,,,,,Incoming QC,9,0.95,0.95,Very High,0.88,0.91,-0.04,-0.07,0.15,Near Target,Monitor,Watchlist,"Synthetic project dataset: decimal SQM scores rounded to 2 decimals, importance-based targets by part, and weighted loss-priority optimization."
442,27-12-2025,Pune Plant,School Bus 1017,SUP-ZETA,Zeta Brake and Flow,SUP-ZETA-WHE-1066,Wheel Bearing,Mechanical,277.2,180-1100,97,0,3463,89.72,83.11,1.456,,,,,,,,,,,,,,,,,,,0.1657,0.1146,0.2001,,,,,,,Warranty Record,9,0.95,0.95,Very High,0.84,0.84,-0.11,-0.11,0.1,Below Target,Monitor,High Risk,"Synthetic project dataset: decimal SQM scores rounded to 2 decimals, importance-based targets by part, and weighted loss-priority optimization."
443,02-01-2025,Pune Plant,Rigid Truck 2818,SUP-GAMMA,Gamma Motion Parts,SUP-GAMMA-WHE-7906,Wheel Bearing,Mechanical,197.63,180-1100,243,0,1967,94.35,100,1.413,,,,,,,,,,,,,,,,,,,0.2115,0.0497,0.1364,,,,,,,Warranty Record,9,0.95,0.95,Very High,0.86,0.91,-0.04,-0.09,0.04,Near Target,Monitor,Watchlist,"Synthetic project dataset: decimal SQM scores rounded to 2 decimals, importance-based targets by part, and weighted loss-priority optimization."
444,10-05-2026,Jamshedpur Plant,Bus Chassis 1624,SUP-BETA,Beta Truck Systems,SUP-BETA-WHE-6577,Wheel Bearing,Mechanical,1021.65,180-1100,298,0,1000,98.57,93.08,1.274,,,,,,,,,,,,,,,,,,,0.1335,0.1008,0.1546,,,,,,,Incoming QC,9,0.95,0.95,Very High,0.87,0.93,-0.02,-0.08,0.14,Near Target,Monitor,Watchlist,"Synthetic project dataset: decimal SQM scores rounded to 2 decimals, importance-based targets by part, and weighted loss-priority optimization."
445,14-03-2026,Chennai Plant,Tipper 3523,SUP-ZETA,Zeta Brake and Flow,SUP-ZETA-WHE-2322,Wheel Bearing,Mechanical,464.71,180-1100,246,0,896,98.1,87.88,1.64,,,,,,,,,,,,,,,,,,,0.16,0.0566,0.0174,,,,,,,Warranty Record,9,0.95,0.95,Very High,0.91,0.94,-0.01,-0.04,0.06,Near Target,Monitor,Watchlist,"Synthetic project dataset: decimal SQM scores rounded to 2 decimals, importance-based targets by part, and weighted loss-priority optimization."
446,27-04-2026,Chennai Plant,School Bus 1017,SUP-ZETA,Zeta Brake and Flow,SUP-ZETA-WHE-1175,Wheel Bearing,Mechanical,360.93,180-1100,142,0,1682,100,97.08,1.433,,,,,,,,,,,,,,,,,,,0.1105,0.1445,0.0393,,,,,,,Dealer Service,9,0.95,0.95,Very High,0.9,0.93,-0.02,-0.05,0.05,Near Target,Monitor,Watchlist,"Synthetic project dataset: decimal SQM scores rounded to 2 decimals, importance-based targets by part, and weighted loss-priority optimization."
447,13-06-2025,Bangalore Plant,Bus Chassis 1624,SUP-EPS,Epsilon Drives & Seals,SUP-EPS-WHE-3642,Wheel Bearing,Mechanical,653.6,180-1100,67,0,4005,79.53,99.42,1.472,,,,,,,,,,,,,,,,,,,0.2354,0.0892,0.0619,,,,,,,Dealer Service,9,0.95,0.95,Very High,0.86,0.84,-0.11,-0.09,0.16,Below Target,Monitor,High Risk,"Synthetic project dataset: decimal SQM scores rounded to 2 decimals, importance-based targets by part, and weighted loss-priority optimization."
448,17-04-2025,Bangalore Plant,School Bus 1017,SUP-ZETA,Zeta Brake and Flow,SUP-ZETA-WHE-3431,Wheel Bearing,Mechanical,802.95,180-1100,148,1,4140,95.53,87.22,1.534,,,,,,,,,,,,,,,,,,,0.0774,0.0843,0.0758,,,,,,,Bench Test,9,0.95,0.95,Very High,0.92,0.87,-0.08,-0.03,0.16,Below Target,Monitor,High Risk,"Synthetic project dataset: decimal SQM scores rounded to 2 decimals, importance-based targets by part, and weighted loss-priority optimization."
449,07-07-2025,Pune Plant,Bus Chassis 1624,SUP-BETA,Beta Truck Systems,SUP-BETA-WHE-8226,Wheel Bearing,Mechanical,186.29,180-1100,198,0,1106,93.46,84.83,1.301,,,,,,,,,,,,,,,,,,,0.1583,0.0823,0.0472,,,,,,,Incoming QC,9,0.95,0.95,Very High,0.9,0.91,-0.04,-0.05,0.04,Near Target,Monitor,Watchlist,"Synthetic project dataset: decimal SQM scores rounded to 2 decimals, importance-based targets by part, and weighted loss-priority optimization."
450,11-03-2026,Chennai Plant,Tipper 3523,SUP-BETA,Beta Truck Systems,SUP-BETA-WHE-6510,Wheel Bearing,Mechanical,760.18,180-1100,41,0,3170,92.42,88.98,1.498,,,,,,,,,,,,,,,,,,,0.0813,0.0637,0.1494,,,,,,,Warranty Record,9,0.95,0.95,Very High,0.91,0.88,-0.07,-0.04,0.14,Below Target,Monitor,High Risk,"Synthetic project dataset: decimal SQM scores rounded to 2 decimals, importance-based targets by part, and weighted loss-priority optimization."
451,20-06-2025,Jamshedpur Plant,School Bus 1017,SUP-EPS,Epsilon Drives & Seals,SUP-EPS-WHE-8281,Wheel Bearing,Mechanical,426.56,180-1100,108,0,2404,94.56,91.85,1.355,,,,,,,,,,,,,,,,,,,0.2224,0.1183,0.2179,,,,,,,Dealer Service,9,0.95,0.95,Very High,0.82,0.88,-0.07,-0.13,0.1,Below Target,Monitor,High Risk,"Synthetic project dataset: decimal SQM scores rounded to 2 decimals, importance-based targets by part, and weighted loss-priority optimization."
452,06-06-2025,Chennai Plant,Tipper 3523,SUP-BETA,Beta Truck Systems,SUP-BETA-WHE-5157,Wheel Bearing,Mechanical,780.1,180-1100,299,0,1142,96.91,88.94,1.522,,,,,,,,,,,,,,,,,,,0.0583,0.0464,0.1217,,,,,,,Incoming QC,9,0.95,0.95,Very High,0.93,0.94,-0.01,-0.02,0.1,Near Target,Monitor,Watchlist,"Synthetic project dataset: decimal SQM scores rounded to 2 decimals, importance-based targets by part, and weighted loss-priority optimization."
453,19-12-2025,Jamshedpur Plant,Cargo 1916,SUP-DELTA,Delta Fleet Components,SUP-DELTA-WHE-5652,Wheel Bearing,Mechanical,1089.41,180-1100,131,0,1203,94.57,92.19,1.534,,,,,,,,,,,,,,,,,,,0.17,0.058,0.0648,,,,,,,Warranty Record,9,0.95,0.95,Very High,0.9,0.93,-0.02,-0.05,0.15,Near Target,Monitor,Watchlist,"Synthetic project dataset: decimal SQM scores rounded to 2 decimals, importance-based targets by part, and weighted loss-priority optimization."
454,30-01-2025,Pune Plant,Tipper 3523,SUP-EPS,Epsilon Drives & Seals,SUP-EPS-WHE-5675,Wheel Bearing,Mechanical,494.85,180-1100,153,0,2784,93.3,89.46,1.453,,,,,,,,,,,,,,,,,,,0.0761,0.0504,0.1493,,,,,,,Incoming QC,9,0.95,0.95,Very High,0.91,0.89,-0.06,-0.04,0.1,Below Target,Monitor,High Risk,"Synthetic project dataset: decimal SQM scores rounded to 2 decimals, importance-based targets by part, and weighted loss-priority optimization."
455,21-03-2026,Jamshedpur Plant,Cargo 1916,SUP-ZETA,Zeta Brake and Flow,SUP-ZETA-WHE-2353,Wheel Bearing,Mechanical,590.22,180-1100,285,1,4197,96.96,90.15,1.534,,,,,,,,,,,,,,,,,,,0.2059,0.0904,0.1133,,,,,,,Incoming QC,9,0.95,0.95,Very High,0.86,0.86,-0.09,-0.09,0.13,Below Target,Monitor,High Risk,"Synthetic project dataset: decimal SQM scores rounded to 2 decimals, importance-based targets by part, and weighted loss-priority optimization."
456,30-04-2026,Pune Plant,School Bus 1017,SUP-ZETA,Zeta Brake and Flow,SUP-ZETA-WHE-7841,Wheel Bearing,Mechanical,497.19,180-1100,110,0,2803,89.63,97.34,1.475,,,,,,,,,,,,,,,,,,,0.1916,0.1797,0.157,,,,,,,Dealer Service,9,0.95,0.95,Very High,0.82,0.87,-0.08,-0.13,0.11,Below Target,Monitor,High Risk,"Synthetic project dataset: decimal SQM scores rounded to 2 decimals, importance-based targets by part, and weighted loss-priority optimization."
457,26-05-2025,Pune Plant,Cargo 1916,SUP-ZETA,Zeta Brake and Flow,SUP-ZETA-WHE-1490,Wheel Bearing,Mechanical,593.7,180-1100,124,0,1870,94.08,93.43,1.298,,,,,,,,,,,,,,,,,,,0.1369,0.0805,0.098,,,,,,,Bench Test,9,0.95,0.95,Very High,0.89,0.91,-0.04,-0.06,0.1,Near Target,Monitor,Watchlist,"Synthetic project dataset: decimal SQM scores rounded to 2 decimals, importance-based targets by part, and weighted loss-priority optimization."
458,09-11-2025,Chennai Plant,School Bus 1017,SUP-EPS,Epsilon Drives & Seals,SUP-EPS-WHE-9113,Wheel Bearing,Mechanical,598.96,180-1100,154,1,4054,92.6,92.59,1.408,,,,,,,,,,,,,,,,,,,0.0303,0.1042,0.1445,,,,,,,Incoming QC,9,0.95,0.95,Very High,0.92,0.87,-0.08,-0.03,0.13,Below Target,Monitor,High Risk,"Synthetic project dataset: decimal SQM scores rounded to 2 decimals, importance-based targets by part, and weighted loss-priority optimization."
459,02-01-2026,Pune Plant,Bus Chassis 1624,SUP-BETA,Beta Truck Systems,SUP-BETA-WHE-8856,Wheel Bearing,Mechanical,757.79,180-1100,55,0,0,100,100,1.501,,,,,,,,,,,,,,,,,,,0.0117,0.0095,0.0205,,,,,,,Dealer Service,9,0.95,0.95,Very High,0.99,1,0.05,0.04,0.09,Target Met,Monitor,Low Risk,"Synthetic project dataset: decimal SQM scores rounded to 2 decimals, importance-based targets by part, and weighted loss-priority optimization."
460,10-06-2025,Bangalore Plant,School Bus 1017,SUP-GAMMA,Gamma Motion Parts,SUP-GAMMA-WHE-7694,Wheel Bearing,Mechanical,510.04,180-1100,146,0,2944,77.6,90.61,1.203,,,,,,,,,,,,,,,,,,,0.1821,0.1733,0.0682,,,,,,,Bench Test,9,0.95,0.95,Very High,0.85,0.83,-0.12,-0.1,0.14,Below Target,Monitor,High Risk,"Synthetic project dataset: decimal SQM scores rounded to 2 decimals, importance-based targets by part, and weighted loss-priority optimization."
461,19-02-2025,Bangalore Plant,Bus Chassis 1624,SUP-GAMMA,Gamma Motion Parts,SUP-GAMMA-WHE-2561,Wheel Bearing,Mechanical,606.14,180-1100,205,0,1552,99.74,100,1.547,,,,,,,,,,,,,,,,,,,0.1021,0.1194,0.0997,,,,,,,Incoming QC,9,0.95,0.95,Very High,0.89,0.94,-0.01,-0.06,0.08,Near Target,Monitor,Watchlist,"Synthetic project dataset: decimal SQM scores rounded to 2 decimals, importance-based targets by part, and weighted loss-priority optimization."
462,31-05-2025,Pune Plant,Tipper 3523,SUP-ZETA,Zeta Brake and Flow,SUP-ZETA-WHE-1078,Wheel Bearing,Mechanical,382.83,180-1100,143,0,3437,89.44,98.42,1.357,,,,,,,,,,,,,,,,,,,0.1435,0.2311,0.2462,,,,,,,Dealer Service,9,0.95,0.95,Very High,0.8,0.85,-0.1,-0.15,0.11,Below Target,Monitor,High Risk,"Synthetic project dataset: decimal SQM scores rounded to 2 decimals, importance-based targets by part, and weighted loss-priority optimization."
463,19-03-2026,Pune Plant,School Bus 1017,SUP-EPS,Epsilon Drives & Seals,SUP-EPS-WHE-7749,Wheel Bearing,Mechanical,405.82,180-1100,286,1,3651,95.45,77.72,1.408,,,,,,,,,,,,,,,,,,,0.1742,0.3056,0.0326,,,,,,,Incoming QC,9,0.95,0.95,Very High,0.82,0.84,-0.11,-0.13,0.12,Below Target,Monitor,High Risk,"Synthetic project dataset: decimal SQM scores rounded to 2 decimals, importance-based targets by part, and weighted loss-priority optimization."
464,29-01-2025,Pune Plant,School Bus 1017,SUP-EPS,Epsilon Drives & Seals,SUP-EPS-WHE-1355,Wheel Bearing,Mechanical,383.04,180-1100,249,1,4652,85.63,84.17,1.25,,,,,,,,,,,,,,,,,,,0.3842,0.324,0.332,,,,,,,Bench Test,9,0.95,0.95,Very High,0.65,0.75,-0.2,-0.3,0.18,Below Target,Monitor,High Risk,"Synthetic project dataset: decimal SQM scores rounded to 2 decimals, importance-based targets by part, and weighted loss-priority optimization."
465,17-12-2025,Chennai Plant,Rigid Truck 2818,SUP-ZETA,Zeta Brake and Flow,SUP-ZETA-WHE-4735,Wheel Bearing,Mechanical,455.5,180-1100,81,0,3152,92.71,93.85,1.437,,,,,,,,,,,,,,,,,,,0.0391,0.1866,0.2113,,,,,,,Dealer Service,9,0.95,0.95,Very High,0.87,0.88,-0.07,-0.08,0.1,Below Target,Monitor,High Risk,"Synthetic project dataset: decimal SQM scores rounded to 2 decimals, importance-based targets by part, and weighted loss-priority optimization."
466,09-10-2025,Bangalore Plant,Bus Chassis 1624,SUP-ALPHA,Alpha Mobility Components,SUP-ALPHA-WHE-2416,Wheel Bearing,Mechanical,752.74,180-1100,68,0,2689,92.94,89.87,1.47,,,,,,,,,,,,,,,,,,,0.123,0.0555,0.0369,,,,,,,Incoming QC,9,0.95,0.95,Very High,0.92,0.9,-0.05,-0.03,0.13,Near Target,Monitor,Watchlist,"Synthetic project dataset: decimal SQM scores rounded to 2 decimals, importance-based targets by part, and weighted loss-priority optimization."
467,13-02-2025,Chennai Plant,Cargo 1916,SUP-EPS,Epsilon Drives & Seals,SUP-EPS-WHE-1392,Wheel Bearing,Mechanical,962.12,180-1100,67,0,3541,95.26,91.78,1.438,,,,,,,,,,,,,,,,,,,0.2733,0.0997,0.1757,,,,,,,Warranty Record,9,0.95,0.95,Very High,0.81,0.86,-0.09,-0.14,0.18,Below Target,Monitor,High Risk,"Synthetic project dataset: decimal SQM scores rounded to 2 decimals, importance-based targets by part, and weighted loss-priority optimization."
468,26-03-2026,Bangalore Plant,Cargo 1916,SUP-ZETA,Zeta Brake and Flow,SUP-ZETA-WHE-5071,Wheel Bearing,Mechanical,417.16,180-1100,255,1,3461,93.12,90.78,1.775,,,,,,,,,,,,,,,,,,,0.1678,0.2511,0.1857,,,,,,,Dealer Service,9,0.95,0.95,Very High,0.8,0.85,-0.1,-0.15,0.12,Below Target,Monitor,High Risk,"Synthetic project dataset: decimal SQM scores rounded to 2 decimals, importance-based targets by part, and weighted loss-priority optimization."
469,12-09-2025,Bangalore Plant,Cargo 1916,SUP-BETA,Beta Truck Systems,SUP-BETA-WHE-6442,Wheel Bearing,Mechanical,477.57,180-1100,77,1,7254,86.1,86.45,1.199,,,,,,,,,,,,,,,,,,,0.2757,0.1329,0.3481,,,,,,,Warranty Record,9,0.95,0.95,Very High,0.76,0.73,-0.22,-0.19,0.21,Below Target,Monitor,High Risk,"Synthetic project dataset: decimal SQM scores rounded to 2 decimals, importance-based targets by part, and weighted loss-priority optimization."
470,31-01-2026,Pune Plant,Cargo 1916,SUP-ALPHA,Alpha Mobility Components,SUP-ALPHA-WHE-3434,Wheel Bearing,Mechanical,919.4,180-1100,87,0,0,98.83,89.66,1.641,,,,,,,,,,,,,,,,,,,0.0365,0.0509,0.0154,,,,,,,Incoming QC,9,0.95,0.95,Very High,0.96,0.97,0.02,0.01,0.11,Target Met,Monitor,Low Risk,"Synthetic project dataset: decimal SQM scores rounded to 2 decimals, importance-based targets by part, and weighted loss-priority optimization."
471,04-08-2025,Jamshedpur Plant,Bus Chassis 1624,SUP-DELTA,Delta Fleet Components,SUP-DELTA-WHE-1727,Wheel Bearing,Mechanical,967.66,180-1100,251,0,1650,93.22,96.69,1.655,,,,,,,,,,,,,,,,,,,0.0211,0.0543,0.0187,,,,,,,Warranty Record,9,0.95,0.95,Very High,0.97,0.94,-0.01,0.02,0.13,Near Target,Monitor,Watchlist,"Synthetic project dataset: decimal SQM scores rounded to 2 decimals, importance-based targets by part, and weighted loss-priority optimization."
472,16-04-2026,Bangalore Plant,Tipper 3523,SUP-GAMMA,Gamma Motion Parts,SUP-GAMMA-WHE-4401,Wheel Bearing,Mechanical,768.07,180-1100,217,0,1390,99.76,85.38,1.474,,,,,,,,,,,,,,,,,,,0.2371,0.0801,0.2337,,,,,,,Bench Test,9,0.95,0.95,Very High,0.82,0.9,-0.05,-0.13,0.13,Near Target,Monitor,Watchlist,"Synthetic project dataset: decimal SQM scores rounded to 2 decimals, importance-based targets by part, and weighted loss-priority optimization."
473,16-01-2025,Jamshedpur Plant,Bus Chassis 1624,SUP-ZETA,Zeta Brake and Flow,SUP-ZETA-WHE-2176,Wheel Bearing,Mechanical,645.65,180-1100,266,1,4012,94.75,82.58,1.304,,,,,,,,,,,,,,,,,,,0.0968,0.1794,0.1316,,,,,,,Dealer Service,9,0.95,0.95,Very High,0.87,0.84,-0.11,-0.08,0.16,Below Target,Monitor,High Risk,"Synthetic project dataset: decimal SQM scores rounded to 2 decimals, importance-based targets by part, and weighted loss-priority optimization."
474,05-07-2025,Bangalore Plant,Bus Chassis 1624,SUP-GAMMA,Gamma Motion Parts,SUP-GAMMA-WHE-7944,Wheel Bearing,Mechanical,631.09,180-1100,132,1,3855,93.02,71.81,1.331,,,,,,,,,,,,,,,,,,,0.183,0.1116,0.0854,,,,,,,Incoming QC,9,0.95,0.95,Very High,0.87,0.83,-0.12,-0.08,0.16,Below Target,Monitor,High Risk,"Synthetic project dataset: decimal SQM scores rounded to 2 decimals, importance-based targets by part, and weighted loss-priority optimization."
475,07-08-2025,Bangalore Plant,Cargo 1916,SUP-DELTA,Delta Fleet Components,SUP-DELTA-WHE-1858,Wheel Bearing,Mechanical,1053.34,180-1100,159,0,0,89.55,98.98,1.568,,,,,,,,,,,,,,,,,,,0,0,0,,,,,,,Incoming QC,9,0.95,0.95,Very High,1,0.98,0.03,0.05,0.13,Target Met,Monitor,Low Risk,"Synthetic project dataset: decimal SQM scores rounded to 2 decimals, importance-based targets by part, and weighted loss-priority optimization."
476,04-01-2026,Chennai Plant,Rigid Truck 2818,SUP-BETA,Beta Truck Systems,SUP-BETA-WHE-9106,Wheel Bearing,Mechanical,454.61,180-1100,119,0,3641,96.1,88.02,1.388,,,,,,,,,,,,,,,,,,,0.1083,0.0935,0.0734,,,,,,,Bench Test,9,0.95,0.95,Very High,0.91,0.87,-0.08,-0.04,0.11,Below Target,Monitor,High Risk,"Synthetic project dataset: decimal SQM scores rounded to 2 decimals, importance-based targets by part, and weighted loss-priority optimization."
477,07-03-2025,Jamshedpur Plant,Bus Chassis 1624,SUP-GAMMA,Gamma Motion Parts,SUP-GAMMA-WHE-9428,Wheel Bearing,Mechanical,368.58,180-1100,176,0,671,100,94.21,1.625,,,,,,,,,,,,,,,,,,,0.0715,0.0293,0.0725,,,,,,,Warranty Record,9,0.95,0.95,Very High,0.94,0.96,0.01,-0.01,0.04,Target Met,Monitor,Low Risk,"Synthetic project dataset: decimal SQM scores rounded to 2 decimals, importance-based targets by part, and weighted loss-priority optimization."
478,29-10-2025,Bangalore Plant,Bus Chassis 1624,SUP-BETA,Beta Truck Systems,SUP-BETA-WHE-1495,Wheel Bearing,Mechanical,255.38,180-1100,294,1,3449,96.25,84.57,1.135,,,,,,,,,,,,,,,,,,,0.0973,0.2543,0.2904,,,,,,,Dealer Service,9,0.95,0.95,Very High,0.8,0.83,-0.12,-0.15,0.11,Below Target,Monitor,High Risk,"Synthetic project dataset: decimal SQM scores rounded to 2 decimals, importance-based targets by part, and weighted loss-priority optimization."
479,01-01-2026,Jamshedpur Plant,Cargo 1916,SUP-BETA,Beta Truck Systems,SUP-BETA-WHE-3914,Wheel Bearing,Mechanical,284.55,180-1100,76,0,2358,100,99.67,1.394,,,,,,,,,,,,,,,,,,,0.0955,0.1744,0.1763,,,,,,,Warranty Record,9,0.95,0.95,Very High,0.86,0.91,-0.04,-0.09,0.06,Near Target,Monitor,Watchlist,"Synthetic project dataset: decimal SQM scores rounded to 2 decimals, importance-based targets by part, and weighted loss-priority optimization."
480,02-05-2026,Chennai Plant,Rigid Truck 2818,SUP-GAMMA,Gamma Motion Parts,SUP-GAMMA-WHE-5636,Wheel Bearing,Mechanical,364.66,180-1100,139,0,2014,96.07,100,1.53,,,,,,,,,,,,,,,,,,,0.1372,0.0591,0.0262,,,,,,,Warranty Record,9,0.95,0.95,Very High,0.92,0.93,-0.02,-0.03,0.05,Near Target,Monitor,Watchlist,"Synthetic project dataset: decimal SQM scores rounded to 2 decimals, importance-based targets by part, and weighted loss-priority optimization."
481,02-11-2025,Pune Plant,Bus Chassis 1624,SUP-DELTA,Delta Fleet Components,SUP-DELTA-WHE-4345,Wheel Bearing,Mechanical,279.73,180-1100,205,0,1099,100,95.99,1.195,,,,,,,,,,,,,,,,,,,0.0527,0.1097,0.0969,,,,,,,Warranty Record,9,0.95,0.95,Very High,0.92,0.93,-0.02,-0.03,0.04,Near Target,Monitor,Watchlist,"Synthetic project dataset: decimal SQM scores rounded to 2 decimals, importance-based targets by part, and weighted loss-priority optimization."
482,28-04-2026,Chennai Plant,Rigid Truck 2818,SUP-EPS,Epsilon Drives & Seals,SUP-EPS-WHE-9212,Wheel Bearing,Mechanical,805.57,180-1100,230,1,2828,94.25,86.94,1.548,,,,,,,,,,,,,,,,,,,0.261,0.3318,0.2328,,,,,,,Dealer Service,9,0.95,0.95,Very High,0.72,0.84,-0.11,-0.23,0.18,Below Target,Monitor,High Risk,"Synthetic project dataset: decimal SQM scores rounded to 2 decimals, importance-based targets by part, and weighted loss-priority optimization."
483,25-04-2026,Jamshedpur Plant,Tipper 3523,SUP-GAMMA,Gamma Motion Parts,SUP-GAMMA-WHE-8111,Wheel Bearing,Mechanical,1087.64,180-1100,190,0,1885,89.22,89.4,1.164,,,,,,,,,,,,,,,,,,,0.108,0.0386,0.135,,,,,,,Warranty Record,9,0.95,0.95,Very High,0.91,0.88,-0.07,-0.04,0.19,Below Target,Monitor,High Risk,"Synthetic project dataset: decimal SQM scores rounded to 2 decimals, importance-based targets by part, and weighted loss-priority optimization."
484,14-08-2025,Chennai Plant,Cargo 1916,SUP-EPS,Epsilon Drives & Seals,SUP-EPS-WHE-9598,Wheel Bearing,Mechanical,473.31,180-1100,45,0,6841,97.92,84.85,1.292,,,,,,,,,,,,,,,,,,,0.1807,0.1862,0.0619,,,,,,,Incoming QC,9,0.95,0.95,Very High,0.85,0.79,-0.16,-0.1,0.17,Below Target,Monitor,High Risk,"Synthetic project dataset: decimal SQM scores rounded to 2 decimals, importance-based targets by part, and weighted loss-priority optimization."
485,20-02-2026,Bangalore Plant,Cargo 1916,SUP-BETA,Beta Truck Systems,SUP-BETA-WHE-5939,Wheel Bearing,Mechanical,1026.98,180-1100,268,1,3239,91.66,86.65,1.222,,,,,,,,,,,,,,,,,,,0.108,0.085,0.2414,,,,,,,Dealer Service,9,0.95,0.95,Very High,0.87,0.85,-0.1,-0.08,0.2,Below Target,Monitor,High Risk,"Synthetic project dataset: decimal SQM scores rounded to 2 decimals, importance-based targets by part, and weighted loss-priority optimization."
486,11-02-2026,Jamshedpur Plant,Rigid Truck 2818,SUP-GAMMA,Gamma Motion Parts,SUP-GAMMA-WHE-9809,Wheel Bearing,Mechanical,905.83,180-1100,201,0,379,95.71,79.96,1.416,,,,,,,,,,,,,,,,,,,0.1839,0.1531,0.0648,,,,,,,Incoming QC,9,0.95,0.95,Very High,0.86,0.92,-0.03,-0.09,0.13,Near Target,Monitor,Watchlist,"Synthetic project dataset: decimal SQM scores rounded to 2 decimals, importance-based targets by part, and weighted loss-priority optimization."
487,04-03-2025,Bangalore Plant,School Bus 1017,SUP-EPS,Epsilon Drives & Seals,SUP-EPS-WHE-5581,Wheel Bearing,Mechanical,223.45,180-1100,214,0,1088,87.51,79,1.332,,,,,,,,,,,,,,,,,,,0.2617,0.2184,0.1195,,,,,,,Bench Test,9,0.95,0.95,Very High,0.79,0.87,-0.08,-0.16,0.08,Below Target,Monitor,High Risk,"Synthetic project dataset: decimal SQM scores rounded to 2 decimals, importance-based targets by part, and weighted loss-priority optimization."
488,07-01-2025,Jamshedpur Plant,School Bus 1017,SUP-GAMMA,Gamma Motion Parts,SUP-GAMMA-WHE-7523,Wheel Bearing,Mechanical,955.69,180-1100,269,0,1584,100,92.64,1.368,,,,,,,,,,,,,,,,,,,0.0849,0.1079,0.1093,,,,,,,Incoming QC,9,0.95,0.95,Very High,0.9,0.93,-0.02,-0.05,0.13,Near Target,Monitor,Watchlist,"Synthetic project dataset: decimal SQM scores rounded to 2 decimals, importance-based targets by part, and weighted loss-priority optimization."
489,31-10-2025,Chennai Plant,Bus Chassis 1624,SUP-DELTA,Delta Fleet Components,SUP-DELTA-WHE-4110,Wheel Bearing,Mechanical,259.24,180-1100,154,0,366,94.31,100,1.678,,,,,,,,,,,,,,,,,,,0,0,0,,,,,,,Dealer Service,9,0.95,0.95,Very High,1,0.98,0.03,0.05,0.02,Target Met,Monitor,Low Risk,"Synthetic project dataset: decimal SQM scores rounded to 2 decimals, importance-based targets by part, and weighted loss-priority optimization."
490,10-07-2025,Bangalore Plant,Tipper 3523,SUP-ALPHA,Alpha Mobility Components,SUP-ALPHA-WHE-6917,Wheel Bearing,Mechanical,290.84,180-1100,186,0,2222,100,95.97,1.64,,,,,,,,,,,,,,,,,,,0.0188,0.0112,0.0164,,,,,,,Warranty Record,9,0.95,0.95,Very High,0.98,0.94,-0.01,0.03,0.03,Near Target,Monitor,Watchlist,"Synthetic project dataset: decimal SQM scores rounded to 2 decimals, importance-based targets by part, and weighted loss-priority optimization."
491,07-05-2026,Pune Plant,Bus Chassis 1624,SUP-EPS,Epsilon Drives & Seals,SUP-EPS-WHE-1235,Wheel Bearing,Mechanical,948.7,180-1100,260,1,4879,92.89,89.9,1.277,,,,,,,,,,,,,,,,,,,0.2245,0.1289,0.1364,,,,,,,Dealer Service,9,0.95,0.95,Very High,0.83,0.82,-0.13,-0.12,0.21,Below Target,Monitor,High Risk,"Synthetic project dataset: decimal SQM scores rounded to 2 decimals, importance-based targets by part, and weighted loss-priority optimization."
492,21-04-2025,Chennai Plant,Rigid Truck 2818,SUP-EPS,Epsilon Drives & Seals,SUP-EPS-WHE-9701,Wheel Bearing,Mechanical,836.52,180-1100,45,0,1557,95.7,100,1.579,,,,,,,,,,,,,,,,,,,0.0513,0.0724,0.0396,,,,,,,Warranty Record,9,0.95,0.95,Very High,0.94,0.95,0,-0.01,0.1,Target Met,Monitor,Low Risk,"Synthetic project dataset: decimal SQM scores rounded to 2 decimals, importance-based targets by part, and weighted loss-priority optimization."
493,11-01-2026,Bangalore Plant,Cargo 1916,SUP-ALPHA,Alpha Mobility Components,SUP-ALPHA-WHE-5859,Wheel Bearing,Mechanical,990.75,180-1100,126,0,2105,99.49,94.23,1.596,,,,,,,,,,,,,,,,,,,0.0903,0.0953,0.0544,,,,,,,Bench Test,9,0.95,0.95,Very High,0.92,0.93,-0.02,-0.03,0.14,Near Target,Monitor,Watchlist,"Synthetic project dataset: decimal SQM scores rounded to 2 decimals, importance-based targets by part, and weighted loss-priority optimization."
494,05-10-2025,Pune Plant,School Bus 1017,SUP-EPS,Epsilon Drives & Seals,SUP-EPS-WHE-2569,Wheel Bearing,Mechanical,192.43,180-1100,178,0,2554,94.09,88.25,1.686,,,,,,,,,,,,,,,,,,,0.1906,0.2704,0.1359,,,,,,,Warranty Record,9,0.95,0.95,Very High,0.8,0.87,-0.08,-0.15,0.07,Below Target,Monitor,High Risk,"Synthetic project dataset: decimal SQM scores rounded to 2 decimals, importance-based targets by part, and weighted loss-priority optimization."
495,09-04-2026,Bangalore Plant,School Bus 1017,SUP-EPS,Epsilon Drives & Seals,SUP-EPS-WHE-4845,Wheel Bearing,Mechanical,775.9,180-1100,260,0,1256,99.54,96.09,1.607,,,,,,,,,,,,,,,,,,,0.0511,0.046,0.0448,,,,,,,Bench Test,9,0.95,0.95,Very High,0.95,0.96,0.01,0,0.09,Target Met,Monitor,Low Risk,"Synthetic project dataset: decimal SQM scores rounded to 2 decimals, importance-based targets by part, and weighted loss-priority optimization."
496,09-11-2025,Jamshedpur Plant,School Bus 1017,SUP-GAMMA,Gamma Motion Parts,SUP-GAMMA-WHE-2469,Wheel Bearing,Mechanical,214.56,180-1100,278,0,779,100,93,1.533,,,,,,,,,,,,,,,,,,,0.0464,0.0464,0.0244,,,,,,,Bench Test,9,0.95,0.95,Very High,0.96,0.96,0.01,0.01,0.02,Target Met,Monitor,Low Risk,"Synthetic project dataset: decimal SQM scores rounded to 2 decimals, importance-based targets by part, and weighted loss-priority optimization."
497,25-02-2025,Bangalore Plant,School Bus 1017,SUP-ZETA,Zeta Brake and Flow,SUP-ZETA-WHE-4306,Wheel Bearing,Mechanical,778.89,180-1100,157,1,3994,84,86.79,1.463,,,,,,,,,,,,,,,,,,,0.2343,0.2414,0.2474,,,,,,,Dealer Service,9,0.95,0.95,Very High,0.76,0.8,-0.15,-0.19,0.2,Below Target,Monitor,High Risk,"Synthetic project dataset: decimal SQM scores rounded to 2 decimals, importance-based targets by part, and weighted loss-priority optimization."
498,22-04-2026,Bangalore Plant,Cargo 1916,SUP-EPS,Epsilon Drives & Seals,SUP-EPS-WHE-6494,Wheel Bearing,Mechanical,1058.62,180-1100,264,1,5387,87.17,72.09,1.039,,,,,,,,,,,,,,,,,,,0.0836,0.2333,0.1288,,,,,,,Warranty Record,9,0.95,0.95,Very High,0.85,0.75,-0.2,-0.1,0.28,Below Target,Medium Action,High Risk,"Synthetic project dataset: decimal SQM scores rounded to 2 decimals, importance-based targets by part, and weighted loss-priority optimization."
499,11-10-2025,Bangalore Plant,Rigid Truck 2818,SUP-ALPHA,Alpha Mobility Components,SUP-ALPHA-WHE-8903,Wheel Bearing,Mechanical,491.3,180-1100,182,0,2394,90.89,77.74,1.365,,,,,,,,,,,,,,,,,,,0.3398,0.1349,0.0497,,,,,,,Dealer Service,9,0.95,0.95,Very High,0.8,0.85,-0.1,-0.15,0.13,Below Target,Monitor,High Risk,"Synthetic project dataset: decimal SQM scores rounded to 2 decimals, importance-based targets by part, and weighted loss-priority optimization."
500,26-03-2025,Chennai Plant,School Bus 1017,SUP-DELTA,Delta Fleet Components,SUP-DELTA-WHE-5070,Wheel Bearing,Mechanical,406.92,180-1100,148,0,1012,100,94.74,1.555,,,,,,,,,,,,,,,,,,,0.0473,0.0371,0.0607,,,,,,,Dealer Service,9,0.95,0.95,Very High,0.95,0.96,0.01,0,0.04,Target Met,Monitor,Low Risk,"Synthetic project dataset: decimal SQM scores rounded to 2 decimals, importance-based targets by part, and weighted loss-priority optimization."
501,27-03-2025,Pune Plant,Rigid Truck 2818,SUP-DELTA,Delta Fleet Components,SUP-DELTA-WHE-6481,Wheel Bearing,Mechanical,585.35,180-1100,91,0,404,100,100,1.282,,,,,,,,,,,,,,,,,,,0.045,0.0548,0.0701,,,,,,,Dealer Service,9,0.95,0.95,Very High,0.95,0.97,0.02,0,0.07,Target Met,Monitor,Low Risk,"Synthetic project dataset: decimal SQM scores rounded to 2 decimals, importance-based targets by part, and weighted loss-priority optimization."
502,24-04-2025,Pune Plant,School Bus 1017,SUP-EPS,Epsilon Drives & Seals,SUP-EPS-WHE-3908,Wheel Bearing,Mechanical,560.63,180-1100,59,0,3512,94.46,86.11,1.377,,,,,,,,,,,,,,,,,,,0.268,0.0672,0.1177,,,,,,,Warranty Record,9,0.95,0.95,Very High,0.84,0.85,-0.1,-0.11,0.14,Below Target,Monitor,High Risk,"Synthetic project dataset: decimal SQM scores rounded to 2 decimals, importance-based targets by part, and weighted loss-priority optimization."
503,14-03-2025,Pune Plant,Bus Chassis 1624,SUP-ZETA,Zeta Brake and Flow,SUP-ZETA-WHE-5211,Wheel Bearing,Mechanical,1089.3,180-1100,215,1,4142,97.71,89.15,1.411,,,,,,,,,,,,,,,,,,,0.048,0.0986,0.1184,,,,,,,Warranty Record,9,0.95,0.95,Very High,0.92,0.87,-0.08,-0.03,0.2,Below Target,Monitor,High Risk,"Synthetic project dataset: decimal SQM scores rounded to 2 decimals, importance-based targets by part, and weighted loss-priority optimization."
504,14-11-2025,Pune Plant,Rigid Truck 2818,SUP-ALPHA,Alpha Mobility Components,SUP-ALPHA-WHE-1393,Wheel Bearing,Mechanical,855.98,180-1100,249,0,1563,97.42,91.96,1.596,,,,,,,,,,,,,,,,,,,0,0,0,,,,,,,Incoming QC,9,0.95,0.95,Very High,1,0.95,0,0.05,0.11,Target Met,Monitor,Low Risk,"Synthetic project dataset: decimal SQM scores rounded to 2 decimals, importance-based targets by part, and weighted loss-priority optimization."
505,17-05-2025,Jamshedpur Plant,Bus Chassis 1624,SUP-DELTA,Delta Fleet Components,SUP-DELTA-UNI-5134,Universal Joint (U-Joint) Cross,Mechanical,431.36,300-500,226,1,2465,100,100,1.482,,,,,,,,,,,,,,,,,,,,,,0,0,0,,,,Dealer Service,8,0.85,0.85,Important,1,0.95,0.1,0.15,0.05,Target Met,Monitor,Low Risk,"Synthetic project dataset: decimal SQM scores rounded to 2 decimals, importance-based targets by part, and weighted loss-priority optimization."
506,10-06-2025,Jamshedpur Plant,School Bus 1017,SUP-DELTA,Delta Fleet Components,SUP-DELTA-UNI-9101,Universal Joint (U-Joint) Cross,Mechanical,338.25,300-500,162,0,2343,99.04,100,1.507,,,,,,,,,,,,,,,,,,,,,,0.0548,0.0736,0.0552,,,,Bench Test,8,0.85,0.85,Important,0.94,0.93,0.08,0.09,0.03,Target Met,Monitor,Low Risk,"Synthetic project dataset: decimal SQM scores rounded to 2 decimals, importance-based targets by part, and weighted loss-priority optimization."
507,14-02-2025,Chennai Plant,Bus Chassis 1624,SUP-EPS,Epsilon Drives & Seals,SUP-EPS-UNI-5584,Universal Joint (U-Joint) Cross,Mechanical,459.29,300-500,147,0,935,91.18,91.65,1.496,,,,,,,,,,,,,,,,,,,,,,0.0684,0.0843,0.0533,,,,Warranty Record,8,0.85,0.85,Important,0.93,0.93,0.08,0.08,0.05,Target Met,Monitor,Low Risk,"Synthetic project dataset: decimal SQM scores rounded to 2 decimals, importance-based targets by part, and weighted loss-priority optimization."
508,20-08-2025,Bangalore Plant,Cargo 1916,SUP-EPS,Epsilon Drives & Seals,SUP-EPS-UNI-5357,Universal Joint (U-Joint) Cross,Mechanical,302.01,300-500,243,1,5427,84.33,96.93,1.218,,,,,,,,,,,,,,,,,,,,,,0.105,0.1461,0.2431,,,,Bench Test,8,0.85,0.85,Important,0.85,0.8,-0.05,0,0.06,Near Target,Monitor,Watchlist,"Synthetic project dataset: decimal SQM scores rounded to 2 decimals, importance-based targets by part, and weighted loss-priority optimization."
509,04-01-2026,Bangalore Plant,Bus Chassis 1624,SUP-EPS,Epsilon Drives & Seals,SUP-EPS-UNI-3686,Universal Joint (U-Joint) Cross,Mechanical,305.17,300-500,276,1,4114,88.54,77.6,1.312,,,,,,,,,,,,,,,,,,,,,,0.1855,0.301,0.2076,,,,Warranty Record,8,0.85,0.85,Important,0.77,0.8,-0.05,-0.08,0.06,Near Target,Monitor,Watchlist,"Synthetic project dataset: decimal SQM scores rounded to 2 decimals, importance-based targets by part, and weighted loss-priority optimization."
510,31-03-2026,Bangalore Plant,Tipper 3523,SUP-DELTA,Delta Fleet Components,SUP-DELTA-UNI-5690,Universal Joint (U-Joint) Cross,Mechanical,355.87,300-500,50,0,3152,92.33,92.77,1.188,,,,,,,,,,,,,,,,,,,,,,0.1854,0.0373,0.2069,,,,Dealer Service,8,0.85,0.85,Important,0.85,0.86,0.01,0,0.04,Target Met,Monitor,Low Risk,"Synthetic project dataset: decimal SQM scores rounded to 2 decimals, importance-based targets by part, and weighted loss-priority optimization."
511,08-06-2025,Pune Plant,Bus Chassis 1624,SUP-EPS,Epsilon Drives & Seals,SUP-EPS-UNI-1028,Universal Joint (U-Joint) Cross,Mechanical,447.44,300-500,167,1,3433,100,94.64,1.43,,,,,,,,,,,,,,,,,,,,,,0.1983,0.0646,0.0498,,,,Warranty Record,8,0.85,0.85,Important,0.88,0.89,0.04,0.03,0.05,Target Met,Monitor,Low Risk,"Synthetic project dataset: decimal SQM scores rounded to 2 decimals, importance-based targets by part, and weighted loss-priority optimization."
512,22-03-2025,Pune Plant,Tipper 3523,SUP-GAMMA,Gamma Motion Parts,SUP-GAMMA-UNI-1572,Universal Joint (U-Joint) Cross,Mechanical,480.33,300-500,163,1,4110,95.66,85.75,1.436,,,,,,,,,,,,,,,,,,,,,,0.1299,0.3592,0.3418,,,,Dealer Service,8,0.85,0.85,Important,0.75,0.82,-0.03,-0.1,0.07,Near Target,Monitor,Watchlist,"Synthetic project dataset: decimal SQM scores rounded to 2 decimals, importance-based targets by part, and weighted loss-priority optimization."
513,13-07-2025,Jamshedpur Plant,Tipper 3523,SUP-GAMMA,Gamma Motion Parts,SUP-GAMMA-UNI-4808,Universal Joint (U-Joint) Cross,Mechanical,495.85,300-500,225,1,3747,92.48,90.24,1.379,,,,,,,,,,,,,,,,,,,,,,0.1953,0.1726,0.0852,,,,Bench Test,8,0.85,0.85,Important,0.84,0.85,0,-0.01,0.06,Target Met,Monitor,Low Risk,"Synthetic project dataset: decimal SQM scores rounded to 2 decimals, importance-based targets by part, and weighted loss-priority optimization."
514,02-04-2025,Bangalore Plant,Tipper 3523,SUP-DELTA,Delta Fleet Components,SUP-DELTA-UNI-7861,Universal Joint (U-Joint) Cross,Mechanical,452.2,300-500,178,1,4759,80.39,84.67,1.306,,,,,,,,,,,,,,,,,,,,,,0.1449,0.2211,0.0559,,,,Dealer Service,8,0.85,0.85,Important,0.85,0.8,-0.05,0,0.08,Near Target,Monitor,Watchlist,"Synthetic project dataset: decimal SQM scores rounded to 2 decimals, importance-based targets by part, and weighted loss-priority optimization."
515,25-05-2025,Jamshedpur Plant,Tipper 3523,SUP-ALPHA,Alpha Mobility Components,SUP-ALPHA-UNI-6780,Universal Joint (U-Joint) Cross,Mechanical,463.75,300-500,125,0,256,91.14,100,1.433,,,,,,,,,,,,,,,,,,,,,,0.0358,0.0256,0.029,,,,Warranty Record,8,0.85,0.85,Important,0.97,0.97,0.12,0.12,0.05,Target Met,Monitor,Low Risk,"Synthetic project dataset: decimal SQM scores rounded to 2 decimals, importance-based targets by part, and weighted loss-priority optimization."
516,15-03-2026,Chennai Plant,Tipper 3523,SUP-BETA,Beta Truck Systems,SUP-BETA-UNI-8233,Universal Joint (U-Joint) Cross,Mechanical,413.78,300-500,206,0,2142,97.82,89.97,1.327,,,,,,,,,,,,,,,,,,,,,,0.1032,0.0236,0.0953,,,,Dealer Service,8,0.85,0.85,Important,0.92,0.92,0.07,0.07,0.04,Target Met,Monitor,Low Risk,"Synthetic project dataset: decimal SQM scores rounded to 2 decimals, importance-based targets by part, and weighted loss-priority optimization."
517,16-10-2025,Bangalore Plant,Cargo 1916,SUP-ZETA,Zeta Brake and Flow,SUP-ZETA-UNI-5798,Universal Joint (U-Joint) Cross,Mechanical,423.25,300-500,257,0,536,89.05,80.68,1.434,,,,,,,,,,,,,,,,,,,,,,0.0725,0.0948,0.2706,,,,Incoming QC,8,0.85,0.85,Important,0.87,0.91,0.06,0.02,0.05,Target Met,Monitor,Low Risk,"Synthetic project dataset: decimal SQM scores rounded to 2 decimals, importance-based targets by part, and weighted loss-priority optimization."
518,05-02-2026,Jamshedpur Plant,Bus Chassis 1624,SUP-ZETA,Zeta Brake and Flow,SUP-ZETA-UNI-2353,Universal Joint (U-Joint) Cross,Mechanical,394.94,300-500,216,1,4405,92.86,88.59,1.182,,,,,,,,,,,,,,,,,,,,,,0.0781,0.1755,0.2847,,,,Dealer Service,8,0.85,0.85,Important,0.84,0.82,-0.03,-0.01,0.06,Near Target,Monitor,Watchlist,"Synthetic project dataset: decimal SQM scores rounded to 2 decimals, importance-based targets by part, and weighted loss-priority optimization."
519,05-07-2025,Bangalore Plant,Bus Chassis 1624,SUP-BETA,Beta Truck Systems,SUP-BETA-UNI-3098,Universal Joint (U-Joint) Cross,Mechanical,400.34,300-500,288,0,894,98.6,92.4,1.447,,,,,,,,,,,,,,,,,,,,,,0.0467,0.0652,0.0803,,,,Dealer Service,8,0.85,0.85,Important,0.94,0.95,0.1,0.09,0.04,Target Met,Monitor,Low Risk,"Synthetic project dataset: decimal SQM scores rounded to 2 decimals, importance-based targets by part, and weighted loss-priority optimization."
520,15-08-2025,Pune Plant,Rigid Truck 2818,SUP-ALPHA,Alpha Mobility Components,SUP-ALPHA-UNI-6411,Universal Joint (U-Joint) Cross,Mechanical,387.62,300-500,145,0,2438,93.09,97.93,1.313,,,,,,,,,,,,,,,,,,,,,,0.0642,0.1677,0.143,,,,Bench Test,8,0.85,0.85,Important,0.89,0.9,0.05,0.04,0.04,Target Met,Monitor,Low Risk,"Synthetic project dataset: decimal SQM scores rounded to 2 decimals, importance-based targets by part, and weighted loss-priority optimization."
521,08-05-2025,Pune Plant,Rigid Truck 2818,SUP-ZETA,Zeta Brake and Flow,SUP-ZETA-UNI-2079,Universal Joint (U-Joint) Cross,Mechanical,398.92,300-500,292,2,5640,90.75,80.95,1.41,,,,,,,,,,,,,,,,,,,,,,0.132,0.1642,0.3196,,,,Bench Test,8,0.85,0.85,Important,0.81,0.79,-0.06,-0.04,0.08,Below Target,Monitor,High Risk,"Synthetic project dataset: decimal SQM scores rounded to 2 decimals, importance-based targets by part, and weighted loss-priority optimization."
522,18-05-2025,Bangalore Plant,Cargo 1916,SUP-ALPHA,Alpha Mobility Components,SUP-ALPHA-UNI-8833,Universal Joint (U-Joint) Cross,Mechanical,383.59,300-500,96,0,173,100,94.54,1.475,,,,,,,,,,,,,,,,,,,,,,0.0151,0.0087,0.042,,,,Warranty Record,8,0.85,0.85,Important,0.98,0.98,0.13,0.13,0.04,Target Met,Monitor,Low Risk,"Synthetic project dataset: decimal SQM scores rounded to 2 decimals, importance-based targets by part, and weighted loss-priority optimization."
523,12-04-2026,Chennai Plant,School Bus 1017,SUP-ALPHA,Alpha Mobility Components,SUP-ALPHA-UNI-2309,Universal Joint (U-Joint) Cross,Mechanical,448.89,300-500,252,1,4862,94.3,88.92,1.252,,,,,,,,,,,,,,,,,,,,,,0.1241,0.2184,0.2858,,,,Bench Test,8,0.85,0.85,Important,0.81,0.81,-0.04,-0.04,0.08,Near Target,Monitor,Watchlist,"Synthetic project dataset: decimal SQM scores rounded to 2 decimals, importance-based targets by part, and weighted loss-priority optimization."
524,22-07-2025,Jamshedpur Plant,Cargo 1916,SUP-BETA,Beta Truck Systems,SUP-BETA-UNI-1421,Universal Joint (U-Joint) Cross,Mechanical,474.9,300-500,63,0,1193,100,100,1.83,,,,,,,,,,,,,,,,,,,,,,0.0517,0.0226,0.0646,,,,Warranty Record,8,0.85,0.85,Important,0.95,0.96,0.11,0.1,0.05,Target Met,Monitor,Low Risk,"Synthetic project dataset: decimal SQM scores rounded to 2 decimals, importance-based targets by part, and weighted loss-priority optimization."
525,05-07-2025,Bangalore Plant,Tipper 3523,SUP-ZETA,Zeta Brake and Flow,SUP-ZETA-UNI-5811,Universal Joint (U-Joint) Cross,Mechanical,458.03,300-500,93,0,0,90.18,88.48,1.428,,,,,,,,,,,,,,,,,,,,,,0.0716,0.0812,0.0619,,,,Bench Test,8,0.85,0.85,Important,0.93,0.95,0.1,0.08,0.05,Target Met,Monitor,Low Risk,"Synthetic project dataset: decimal SQM scores rounded to 2 decimals, importance-based targets by part, and weighted loss-priority optimization."
526,20-02-2026,Chennai Plant,School Bus 1017,SUP-GAMMA,Gamma Motion Parts,SUP-GAMMA-UNI-9934,Universal Joint (U-Joint) Cross,Mechanical,414.24,300-500,65,0,1324,100,87.08,1.524,,,,,,,,,,,,,,,,,,,,,,0.0356,0.0707,0.115,,,,Incoming QC,8,0.85,0.85,Important,0.93,0.94,0.09,0.08,0.04,Target Met,Monitor,Low Risk,"Synthetic project dataset: decimal SQM scores rounded to 2 decimals, importance-based targets by part, and weighted loss-priority optimization."
527,06-12-2025,Pune Plant,Cargo 1916,SUP-BETA,Beta Truck Systems,SUP-BETA-UNI-1145,Universal Joint (U-Joint) Cross,Mechanical,387.73,300-500,92,0,2358,92.23,89.45,1.475,,,,,,,,,,,,,,,,,,,,,,0.1301,0.1334,0.077,,,,Incoming QC,8,0.85,0.85,Important,0.88,0.89,0.04,0.03,0.04,Target Met,Monitor,Low Risk,"Synthetic project dataset: decimal SQM scores rounded to 2 decimals, importance-based targets by part, and weighted loss-priority optimization."
528,30-07-2025,Jamshedpur Plant,Cargo 1916,SUP-BETA,Beta Truck Systems,SUP-BETA-UNI-8378,Universal Joint (U-Joint) Cross,Mechanical,315.11,300-500,87,0,3035,88.19,89.72,1.188,,,,,,,,,,,,,,,,,,,,,,0.3159,0.0531,0.2575,,,,Incoming QC,8,0.85,0.85,Important,0.78,0.83,-0.02,-0.07,0.04,Near Target,Monitor,Watchlist,"Synthetic project dataset: decimal SQM scores rounded to 2 decimals, importance-based targets by part, and weighted loss-priority optimization."
529,27-08-2025,Chennai Plant,Rigid Truck 2818,SUP-BETA,Beta Truck Systems,SUP-BETA-UNI-9023,Universal Joint (U-Joint) Cross,Mechanical,335.58,300-500,59,0,1112,92.38,95.27,1.688,,,,,,,,,,,,,,,,,,,,,,0.073,0.0196,0.019,,,,Dealer Service,8,0.85,0.85,Important,0.96,0.94,0.09,0.11,0.03,Target Met,Monitor,Low Risk,"Synthetic project dataset: decimal SQM scores rounded to 2 decimals, importance-based targets by part, and weighted loss-priority optimization."
530,28-01-2025,Bangalore Plant,Tipper 3523,SUP-GAMMA,Gamma Motion Parts,SUP-GAMMA-UNI-7696,Universal Joint (U-Joint) Cross,Mechanical,411.58,300-500,74,0,1613,100,84.68,1.403,,,,,,,,,,,,,,,,,,,,,,0.092,0.0364,0.1372,,,,Incoming QC,8,0.85,0.85,Important,0.91,0.92,0.07,0.06,0.04,Target Met,Monitor,Low Risk,"Synthetic project dataset: decimal SQM scores rounded to 2 decimals, importance-based targets by part, and weighted loss-priority optimization."
531,11-06-2025,Pune Plant,School Bus 1017,SUP-DELTA,Delta Fleet Components,SUP-DELTA-UNI-5264,Universal Joint (U-Joint) Cross,Mechanical,312.9,300-500,230,0,1916,91.33,91.57,1.632,,,,,,,,,,,,,,,,,,,,,,0.1238,0.122,0.1196,,,,Warranty Record,8,0.85,0.85,Important,0.88,0.9,0.05,0.03,0.03,Target Met,Monitor,Low Risk,"Synthetic project dataset: decimal SQM scores rounded to 2 decimals, importance-based targets by part, and weighted loss-priority optimization."
532,02-09-2025,Pune Plant,Rigid Truck 2818,SUP-DELTA,Delta Fleet Components,SUP-DELTA-UNI-1818,Universal Joint (U-Joint) Cross,Mechanical,332.95,300-500,47,0,0,98.25,100,1.707,,,,,,,,,,,,,,,,,,,,,,0.0016,0.0031,0.0021,,,,Dealer Service,8,0.85,0.85,Important,1,1,0.15,0.15,0.03,Target Met,Monitor,Low Risk,"Synthetic project dataset: decimal SQM scores rounded to 2 decimals, importance-based targets by part, and weighted loss-priority optimization."
533,06-03-2025,Jamshedpur Plant,Tipper 3523,SUP-GAMMA,Gamma Motion Parts,SUP-GAMMA-UNI-9974,Universal Joint (U-Joint) Cross,Mechanical,465.18,300-500,227,0,568,96.38,91.55,1.406,,,,,,,,,,,,,,,,,,,,,,0.1051,0.2582,0.1112,,,,Bench Test,8,0.85,0.85,Important,0.85,0.93,0.08,0,0.05,Target Met,Monitor,Low Risk,"Synthetic project dataset: decimal SQM scores rounded to 2 decimals, importance-based targets by part, and weighted loss-priority optimization."
534,17-04-2025,Chennai Plant,Tipper 3523,SUP-ZETA,Zeta Brake and Flow,SUP-ZETA-UNI-3170,Universal Joint (U-Joint) Cross,Mechanical,392.87,300-500,184,0,297,97.86,94.83,1.486,,,,,,,,,,,,,,,,,,,,,,0.0769,0.0784,0.0904,,,,Bench Test,8,0.85,0.85,Important,0.92,0.96,0.11,0.07,0.04,Target Met,Monitor,Low Risk,"Synthetic project dataset: decimal SQM scores rounded to 2 decimals, importance-based targets by part, and weighted loss-priority optimization."
535,10-03-2026,Pune Plant,School Bus 1017,SUP-GAMMA,Gamma Motion Parts,SUP-GAMMA-UNI-1889,Universal Joint (U-Joint) Cross,Mechanical,407.09,300-500,236,1,4090,99.89,94.82,1.347,,,,,,,,,,,,,,,,,,,,,,0.1891,0.1587,0.1203,,,,Bench Test,8,0.85,0.85,Important,0.84,0.87,0.02,-0.01,0.04,Target Met,Monitor,Low Risk,"Synthetic project dataset: decimal SQM scores rounded to 2 decimals, importance-based targets by part, and weighted loss-priority optimization."
536,03-04-2026,Jamshedpur Plant,School Bus 1017,SUP-ZETA,Zeta Brake and Flow,SUP-ZETA-UNI-1583,Universal Joint (U-Joint) Cross,Mechanical,492.44,300-500,82,0,3407,98.89,85.25,1.439,,,,,,,,,,,,,,,,,,,,,,0.1965,0.0376,0.122,,,,Warranty Record,8,0.85,0.85,Important,0.87,0.87,0.02,0.02,0.06,Target Met,Monitor,Low Risk,"Synthetic project dataset: decimal SQM scores rounded to 2 decimals, importance-based targets by part, and weighted loss-priority optimization."
537,14-01-2026,Jamshedpur Plant,Rigid Truck 2818,SUP-GAMMA,Gamma Motion Parts,SUP-GAMMA-UNI-5240,Universal Joint (U-Joint) Cross,Mechanical,345.35,300-500,178,0,2123,86.35,75.73,1.292,,,,,,,,,,,,,,,,,,,,,,0.2062,0.1798,0.0675,,,,Incoming QC,8,0.85,0.85,Important,0.84,0.85,0,-0.01,0.04,Target Met,Monitor,Low Risk,"Synthetic project dataset: decimal SQM scores rounded to 2 decimals, importance-based targets by part, and weighted loss-priority optimization."
538,22-04-2026,Jamshedpur Plant,Tipper 3523,SUP-BETA,Beta Truck Systems,SUP-BETA-UNI-9001,Universal Joint (U-Joint) Cross,Mechanical,378.57,300-500,192,0,2373,99.32,81.69,1.498,,,,,,,,,,,,,,,,,,,,,,0.0713,0.0412,0.0651,,,,Bench Test,8,0.85,0.85,Important,0.94,0.91,0.06,0.09,0.04,Target Met,Monitor,Low Risk,"Synthetic project dataset: decimal SQM scores rounded to 2 decimals, importance-based targets by part, and weighted loss-priority optimization."
539,20-02-2026,Bangalore Plant,Cargo 1916,SUP-BETA,Beta Truck Systems,SUP-BETA-UNI-7521,Universal Joint (U-Joint) Cross,Mechanical,397.13,300-500,221,0,0,93.25,93.09,1.418,,,,,,,,,,,,,,,,,,,,,,0.0106,0.0223,0.0092,,,,Incoming QC,8,0.85,0.85,Important,0.99,0.97,0.12,0.14,0.04,Target Met,Monitor,Low Risk,"Synthetic project dataset: decimal SQM scores rounded to 2 decimals, importance-based targets by part, and weighted loss-priority optimization."
540,15-03-2026,Bangalore Plant,Tipper 3523,SUP-BETA,Beta Truck Systems,SUP-BETA-UNI-8848,Universal Joint (U-Joint) Cross,Mechanical,402,300-500,171,1,3209,94.76,86.16,1.393,,,,,,,,,,,,,,,,,,,,,,0.1823,0.1865,0.0948,,,,Warranty Record,8,0.85,0.85,Important,0.84,0.86,0.01,-0.01,0.04,Target Met,Monitor,Low Risk,"Synthetic project dataset: decimal SQM scores rounded to 2 decimals, importance-based targets by part, and weighted loss-priority optimization."
541,10-11-2025,Bangalore Plant,Tipper 3523,SUP-GAMMA,Gamma Motion Parts,SUP-GAMMA-UNI-5323,Universal Joint (U-Joint) Cross,Mechanical,310.47,300-500,143,0,1699,89.13,91.73,1.327,,,,,,,,,,,,,,,,,,,,,,0.1194,0.1244,0.0805,,,,Incoming QC,8,0.85,0.85,Important,0.89,0.9,0.05,0.04,0.03,Target Met,Monitor,Low Risk,"Synthetic project dataset: decimal SQM scores rounded to 2 decimals, importance-based targets by part, and weighted loss-priority optimization."
542,09-02-2026,Chennai Plant,Rigid Truck 2818,SUP-ZETA,Zeta Brake and Flow,SUP-ZETA-UNI-1869,Universal Joint (U-Joint) Cross,Mechanical,406.24,300-500,204,0,85,100,99.45,1.634,,,,,,,,,,,,,,,,,,,,,,0.0654,0.123,0.025,,,,Bench Test,8,0.85,0.85,Important,0.93,0.98,0.13,0.08,0.04,Target Met,Monitor,Low Risk,"Synthetic project dataset: decimal SQM scores rounded to 2 decimals, importance-based targets by part, and weighted loss-priority optimization."
543,20-11-2025,Pune Plant,Cargo 1916,SUP-DELTA,Delta Fleet Components,SUP-DELTA-UNI-9297,Universal Joint (U-Joint) Cross,Mechanical,427.63,300-500,178,0,0,96.29,91.99,1.658,,,,,,,,,,,,,,,,,,,,,,0.0294,0.062,0.0332,,,,Dealer Service,8,0.85,0.85,Important,0.96,0.97,0.12,0.11,0.05,Target Met,Monitor,Low Risk,"Synthetic project dataset: decimal SQM scores rounded to 2 decimals, importance-based targets by part, and weighted loss-priority optimization."
544,30-07-2025,Chennai Plant,Tipper 3523,SUP-ZETA,Zeta Brake and Flow,SUP-ZETA-UNI-9333,Universal Joint (U-Joint) Cross,Mechanical,361.13,300-500,116,0,1421,94.27,100,1.437,,,,,,,,,,,,,,,,,,,,,,0.0789,0.0155,0.069,,,,Dealer Service,8,0.85,0.85,Important,0.94,0.94,0.09,0.09,0.04,Target Met,Monitor,Low Risk,"Synthetic project dataset: decimal SQM scores rounded to 2 decimals, importance-based targets by part, and weighted loss-priority optimization."
545,21-05-2025,Pune Plant,Bus Chassis 1624,SUP-GAMMA,Gamma Motion Parts,SUP-GAMMA-UNI-8631,Universal Joint (U-Joint) Cross,Mechanical,477.51,300-500,290,1,3981,94.27,87.07,1.357,,,,,,,,,,,,,,,,,,,,,,0.1471,0.1066,0.1375,,,,Bench Test,8,0.85,0.85,Important,0.87,0.85,0,0.02,0.05,Target Met,Monitor,Low Risk,"Synthetic project dataset: decimal SQM scores rounded to 2 decimals, importance-based targets by part, and weighted loss-priority optimization."
546,18-02-2025,Jamshedpur Plant,School Bus 1017,SUP-DELTA,Delta Fleet Components,SUP-DELTA-UNI-5701,Universal Joint (U-Joint) Cross,Mechanical,325.29,300-500,285,1,3632,93.17,81.76,1.516,,,,,,,,,,,,,,,,,,,,,,0.1144,0.1735,0.1375,,,,Bench Test,8,0.85,0.85,Important,0.86,0.85,0,0.01,0.03,Target Met,Monitor,Low Risk,"Synthetic project dataset: decimal SQM scores rounded to 2 decimals, importance-based targets by part, and weighted loss-priority optimization."
547,18-08-2025,Jamshedpur Plant,School Bus 1017,SUP-GAMMA,Gamma Motion Parts,SUP-GAMMA-UNI-9853,Universal Joint (U-Joint) Cross,Mechanical,454.25,300-500,288,0,832,84.11,100,1.527,,,,,,,,,,,,,,,,,,,,,,0.1194,0.1854,0.1693,,,,Warranty Record,8,0.85,0.85,Important,0.85,0.91,0.06,0,0.05,Target Met,Monitor,Low Risk,"Synthetic project dataset: decimal SQM scores rounded to 2 decimals, importance-based targets by part, and weighted loss-priority optimization."
548,20-12-2025,Pune Plant,School Bus 1017,SUP-ZETA,Zeta Brake and Flow,SUP-ZETA-UNI-9529,Universal Joint (U-Joint) Cross,Mechanical,485.7,300-500,172,0,618,83.42,92.37,1.458,,,,,,,,,,,,,,,,,,,,,,0.1449,0.0644,0.1063,,,,Bench Test,8,0.85,0.85,Important,0.89,0.91,0.06,0.04,0.05,Target Met,Monitor,Low Risk,"Synthetic project dataset: decimal SQM scores rounded to 2 decimals, importance-based targets by part, and weighted loss-priority optimization."
549,26-02-2025,Bangalore Plant,Rigid Truck 2818,SUP-ALPHA,Alpha Mobility Components,SUP-ALPHA-UNI-3810,Universal Joint (U-Joint) Cross,Mechanical,338.3,300-500,150,0,1586,94.92,92.53,1.47,,,,,,,,,,,,,,,,,,,,,,0.0616,0.0221,0.0151,,,,Warranty Record,8,0.85,0.85,Important,0.96,0.94,0.09,0.11,0.03,Target Met,Monitor,Low Risk,"Synthetic project dataset: decimal SQM scores rounded to 2 decimals, importance-based targets by part, and weighted loss-priority optimization."
550,03-11-2025,Chennai Plant,School Bus 1017,SUP-EPS,Epsilon Drives & Seals,SUP-EPS-UNI-9812,Universal Joint (U-Joint) Cross,Mechanical,440.09,300-500,91,0,3225,90.91,97.09,1.394,,,,,,,,,,,,,,,,,,,,,,0.0416,0.1471,0.1307,,,,Incoming QC,8,0.85,0.85,Important,0.9,0.89,0.04,0.05,0.05,Target Met,Monitor,Low Risk,"Synthetic project dataset: decimal SQM scores rounded to 2 decimals, importance-based targets by part, and weighted loss-priority optimization."
551,04-05-2026,Pune Plant,Bus Chassis 1624,SUP-EPS,Epsilon Drives & Seals,SUP-EPS-UNI-8522,Universal Joint (U-Joint) Cross,Mechanical,486.55,300-500,179,1,5026,94.48,77.08,1.281,,,,,,,,,,,,,,,,,,,,,,0.2625,0.0403,0.1106,,,,Bench Test,8,0.85,0.85,Important,0.84,0.8,-0.05,-0.01,0.09,Near Target,Monitor,Watchlist,"Synthetic project dataset: decimal SQM scores rounded to 2 decimals, importance-based targets by part, and weighted loss-priority optimization."
552,08-10-2025,Chennai Plant,Bus Chassis 1624,SUP-GAMMA,Gamma Motion Parts,SUP-GAMMA-UNI-9205,Universal Joint (U-Joint) Cross,Mechanical,460.53,300-500,144,0,2839,97.89,84.15,1.405,,,,,,,,,,,,,,,,,,,,,,0.1491,0.111,0.1296,,,,Warranty Record,8,0.85,0.85,Important,0.87,0.88,0.03,0.02,0.05,Target Met,Monitor,Low Risk,"Synthetic project dataset: decimal SQM scores rounded to 2 decimals, importance-based targets by part, and weighted loss-priority optimization."
553,21-04-2025,Chennai Plant,School Bus 1017,SUP-ZETA,Zeta Brake and Flow,SUP-ZETA-UNI-4399,Universal Joint (U-Joint) Cross,Mechanical,404.35,300-500,222,0,0,94.25,90.04,1.608,,,,,,,,,,,,,,,,,,,,,,0.0055,0.007,0.0023,,,,Warranty Record,8,0.85,0.85,Important,0.99,0.97,0.12,0.14,0.04,Target Met,Monitor,Low Risk,"Synthetic project dataset: decimal SQM scores rounded to 2 decimals, importance-based targets by part, and weighted loss-priority optimization."
554,28-12-2025,Jamshedpur Plant,Bus Chassis 1624,SUP-DELTA,Delta Fleet Components,SUP-DELTA-UNI-2695,Universal Joint (U-Joint) Cross,Mechanical,447.66,300-500,132,0,2379,89.41,98.3,1.709,,,,,,,,,,,,,,,,,,,,,,0.0836,0.0867,0.0679,,,,Incoming QC,8,0.85,0.85,Important,0.92,0.91,0.06,0.07,0.05,Target Met,Monitor,Low Risk,"Synthetic project dataset: decimal SQM scores rounded to 2 decimals, importance-based targets by part, and weighted loss-priority optimization."
555,11-01-2025,Jamshedpur Plant,School Bus 1017,SUP-EPS,Epsilon Drives & Seals,SUP-EPS-UNI-2789,Universal Joint (U-Joint) Cross,Mechanical,308.63,300-500,226,1,2732,93.17,90.35,1.347,,,,,,,,,,,,,,,,,,,,,,0.2342,0.187,0.1043,,,,Warranty Record,8,0.85,0.85,Important,0.81,0.87,0.02,-0.04,0.03,Target Met,Monitor,Low Risk,"Synthetic project dataset: decimal SQM scores rounded to 2 decimals, importance-based targets by part, and weighted loss-priority optimization."
556,11-03-2025,Bangalore Plant,Rigid Truck 2818,SUP-ALPHA,Alpha Mobility Components,SUP-ALPHA-UNI-7811,Universal Joint (U-Joint) Cross,Mechanical,493.89,300-500,143,0,0,90.13,100,1.848,,,,,,,,,,,,,,,,,,,,,,0,0,0,,,,Warranty Record,8,0.85,0.85,Important,1,0.98,0.13,0.15,0.06,Target Met,Monitor,Low Risk,"Synthetic project dataset: decimal SQM scores rounded to 2 decimals, importance-based targets by part, and weighted loss-priority optimization."
557,25-02-2025,Chennai Plant,Bus Chassis 1624,SUP-DELTA,Delta Fleet Components,SUP-DELTA-UNI-6931,Universal Joint (U-Joint) Cross,Mechanical,324.5,300-500,278,0,166,97.11,91.42,1.581,,,,,,,,,,,,,,,,,,,,,,0.1244,0.0953,0.0335,,,,Dealer Service,8,0.85,0.85,Important,0.91,0.95,0.1,0.06,0.03,Target Met,Monitor,Low Risk,"Synthetic project dataset: decimal SQM scores rounded to 2 decimals, importance-based targets by part, and weighted loss-priority optimization."
558,10-06-2025,Chennai Plant,Cargo 1916,SUP-EPS,Epsilon Drives & Seals,SUP-EPS-UNI-7981,Universal Joint (U-Joint) Cross,Mechanical,482.32,300-500,55,0,3132,89.52,92.59,1.305,,,,,,,,,,,,,,,,,,,,,,0.1584,0.2086,0.0409,,,,Incoming QC,8,0.85,0.85,Important,0.86,0.86,0.01,0.01,0.05,Target Met,Monitor,Low Risk,"Synthetic project dataset: decimal SQM scores rounded to 2 decimals, importance-based targets by part, and weighted loss-priority optimization."
559,04-10-2025,Chennai Plant,Rigid Truck 2818,SUP-GAMMA,Gamma Motion Parts,SUP-GAMMA-UNI-1352,Universal Joint (U-Joint) Cross,Mechanical,401.13,300-500,219,1,3488,96.33,90.22,1.563,,,,,,,,,,,,,,,,,,,,,,0.0709,0.1193,0.0611,,,,Incoming QC,8,0.85,0.85,Important,0.92,0.88,0.03,0.07,0.04,Target Met,Monitor,Low Risk,"Synthetic project dataset: decimal SQM scores rounded to 2 decimals, importance-based targets by part, and weighted loss-priority optimization."
560,14-04-2026,Bangalore Plant,Cargo 1916,SUP-DELTA,Delta Fleet Components,SUP-DELTA-UNI-8012,Universal Joint (U-Joint) Cross,Mechanical,446.19,300-500,157,0,1985,100,82.63,1.505,,,,,,,,,,,,,,,,,,,,,,0.1031,0.0217,0.1175,,,,Incoming QC,8,0.85,0.85,Important,0.92,0.91,0.06,0.07,0.05,Target Met,Monitor,Low Risk,"Synthetic project dataset: decimal SQM scores rounded to 2 decimals, importance-based targets by part, and weighted loss-priority optimization."
561,25-04-2026,Jamshedpur Plant,Tipper 3523,SUP-BETA,Beta Truck Systems,SUP-BETA-UNI-9978,Universal Joint (U-Joint) Cross,Mechanical,480.99,300-500,162,1,5729,83.25,82.75,1.118,,,,,,,,,,,,,,,,,,,,,,0.4012,0.2018,0.1131,,,,Bench Test,8,0.85,0.85,Important,0.73,0.73,-0.12,-0.12,0.13,Below Target,Monitor,High Risk,"Synthetic project dataset: decimal SQM scores rounded to 2 decimals, importance-based targets by part, and weighted loss-priority optimization."
562,22-06-2025,Jamshedpur Plant,Cargo 1916,SUP-DELTA,Delta Fleet Components,SUP-DELTA-UNI-4052,Universal Joint (U-Joint) Cross,Mechanical,496.29,300-500,195,0,89,100,87.49,1.432,,,,,,,,,,,,,,,,,,,,,,0.0542,0.0529,0.0229,,,,Warranty Record,8,0.85,0.85,Important,0.95,0.97,0.12,0.1,0.06,Target Met,Monitor,Low Risk,"Synthetic project dataset: decimal SQM scores rounded to 2 decimals, importance-based targets by part, and weighted loss-priority optimization."
563,30-03-2025,Bangalore Plant,Rigid Truck 2818,SUP-ALPHA,Alpha Mobility Components,SUP-ALPHA-UNI-1870,Universal Joint (U-Joint) Cross,Mechanical,335.28,300-500,237,1,2138,100,100,1.671,,,,,,,,,,,,,,,,,,,,,,0.0937,0.0349,0.0353,,,,Bench Test,8,0.85,0.85,Important,0.94,0.94,0.09,0.09,0.03,Target Met,Monitor,Low Risk,"Synthetic project dataset: decimal SQM scores rounded to 2 decimals, importance-based targets by part, and weighted loss-priority optimization."
564,28-09-2025,Pune Plant,Bus Chassis 1624,SUP-BETA,Beta Truck Systems,SUP-BETA-UNI-4240,Universal Joint (U-Joint) Cross,Mechanical,316.55,300-500,47,0,7612,81.87,83.61,1.204,,,,,,,,,,,,,,,,,,,,,,0.2172,0.2946,0.2844,,,,Warranty Record,8,0.85,0.85,Important,0.74,0.7,-0.15,-0.11,0.13,Below Target,Monitor,High Risk,"Synthetic project dataset: decimal SQM scores rounded to 2 decimals, importance-based targets by part, and weighted loss-priority optimization."
565,19-08-2025,Bangalore Plant,Cargo 1916,SUP-ALPHA,Alpha Mobility Components,SUP-ALPHA-UNI-8952,Universal Joint (U-Joint) Cross,Mechanical,413.15,300-500,62,0,3777,96.2,82.9,1.507,,,,,,,,,,,,,,,,,,,,,,0.1569,0.1526,0.158,,,,Incoming QC,8,0.85,0.85,Important,0.84,0.85,0,-0.01,0.04,Target Met,Monitor,Low Risk,"Synthetic project dataset: decimal SQM scores rounded to 2 decimals, importance-based targets by part, and weighted loss-priority optimization."
566,20-04-2025,Jamshedpur Plant,Bus Chassis 1624,SUP-ZETA,Zeta Brake and Flow,SUP-ZETA-UNI-4081,Universal Joint (U-Joint) Cross,Mechanical,301.86,300-500,52,0,3296,88.41,86.78,1.422,,,,,,,,,,,,,,,,,,,,,,0.1927,0.1274,0.1739,,,,Warranty Record,8,0.85,0.85,Important,0.83,0.85,0,-0.02,0.03,Target Met,Monitor,Low Risk,"Synthetic project dataset: decimal SQM scores rounded to 2 decimals, importance-based targets by part, and weighted loss-priority optimization."
567,18-03-2026,Bangalore Plant,Bus Chassis 1624,SUP-BETA,Beta Truck Systems,SUP-BETA-UNI-9282,Universal Joint (U-Joint) Cross,Mechanical,309.41,300-500,256,0,1470,100,94.71,1.31,,,,,,,,,,,,,,,,,,,,,,0.0517,0.0539,0.0272,,,,Warranty Record,8,0.85,0.85,Important,0.95,0.95,0.1,0.1,0.03,Target Met,Monitor,Low Risk,"Synthetic project dataset: decimal SQM scores rounded to 2 decimals, importance-based targets by part, and weighted loss-priority optimization."
568,04-01-2025,Chennai Plant,Rigid Truck 2818,SUP-GAMMA,Gamma Motion Parts,SUP-GAMMA-UNI-4747,Universal Joint (U-Joint) Cross,Mechanical,378.99,300-500,196,1,4034,93.57,92.61,1.505,,,,,,,,,,,,,,,,,,,,,,0.21,0.21,0.1997,,,,Bench Test,8,0.85,0.85,Important,0.79,0.84,-0.01,-0.06,0.05,Near Target,Monitor,Watchlist,"Synthetic project dataset: decimal SQM scores rounded to 2 decimals, importance-based targets by part, and weighted loss-priority optimization."
569,20-01-2026,Chennai Plant,Bus Chassis 1624,SUP-ZETA,Zeta Brake and Flow,SUP-ZETA-UNI-7131,Universal Joint (U-Joint) Cross,Mechanical,309.71,300-500,157,1,4610,84.53,83.55,1.345,,,,,,,,,,,,,,,,,,,,,,0.1551,0.1158,0.1166,,,,Warranty Record,8,0.85,0.85,Important,0.87,0.81,-0.04,0.02,0.06,Near Target,Monitor,Watchlist,"Synthetic project dataset: decimal SQM scores rounded to 2 decimals, importance-based targets by part, and weighted loss-priority optimization."
570,19-10-2025,Chennai Plant,School Bus 1017,SUP-BETA,Beta Truck Systems,SUP-BETA-UNI-1037,Universal Joint (U-Joint) Cross,Mechanical,498.52,300-500,265,1,2331,92.86,100,1.414,,,,,,,,,,,,,,,,,,,,,,0.0334,0.0336,0.1558,,,,Incoming QC,8,0.85,0.85,Important,0.94,0.92,0.07,0.09,0.06,Target Met,Monitor,Low Risk,"Synthetic project dataset: decimal SQM scores rounded to 2 decimals, importance-based targets by part, and weighted loss-priority optimization."
571,26-02-2025,Chennai Plant,Bus Chassis 1624,SUP-ALPHA,Alpha Mobility Components,SUP-ALPHA-UNI-6720,Universal Joint (U-Joint) Cross,Mechanical,315.6,300-500,87,0,132,100,99.67,1.659,,,,,,,,,,,,,,,,,,,,,,0,0,0,,,,Warranty Record,8,0.85,0.85,Important,1,1,0.15,0.15,0.03,Target Met,Monitor,Low Risk,"Synthetic project dataset: decimal SQM scores rounded to 2 decimals, importance-based targets by part, and weighted loss-priority optimization."
572,11-05-2025,Jamshedpur Plant,Cargo 1916,SUP-ZETA,Zeta Brake and Flow,SUP-ZETA-UNI-5939,Universal Joint (U-Joint) Cross,Mechanical,374.71,300-500,88,0,66,100,86.04,1.601,,,,,,,,,,,,,,,,,,,,,,0.0284,0.0445,0.1018,,,,Incoming QC,8,0.85,0.85,Important,0.95,0.96,0.11,0.1,0.04,Target Met,Monitor,Low Risk,"Synthetic project dataset: decimal SQM scores rounded to 2 decimals, importance-based targets by part, and weighted loss-priority optimization."
573,20-10-2025,Chennai Plant,Bus Chassis 1624,SUP-BETA,Beta Truck Systems,SUP-BETA-UNI-1712,Universal Joint (U-Joint) Cross,Mechanical,364.15,300-500,85,0,4654,96.55,80.51,1.137,,,,,,,,,,,,,,,,,,,,,,0.1576,0.254,0.2458,,,,Bench Test,8,0.85,0.85,Important,0.79,0.79,-0.06,-0.06,0.08,Below Target,Monitor,High Risk,"Synthetic project dataset: decimal SQM scores rounded to 2 decimals, importance-based targets by part, and weighted loss-priority optimization."
574,02-03-2025,Pune Plant,School Bus 1017,SUP-EPS,Epsilon Drives & Seals,SUP-EPS-UNI-6279,Universal Joint (U-Joint) Cross,Mechanical,319.57,300-500,133,0,3752,97.47,82.76,1.484,,,,,,,,,,,,,,,,,,,,,,0.2239,0.2405,0.1499,,,,Dealer Service,8,0.85,0.85,Important,0.79,0.84,-0.01,-0.06,0.04,Near Target,Monitor,Watchlist,"Synthetic project dataset: decimal SQM scores rounded to 2 decimals, importance-based targets by part, and weighted loss-priority optimization."
575,15-05-2025,Pune Plant,Tipper 3523,SUP-GAMMA,Gamma Motion Parts,SUP-GAMMA-UNI-2845,Universal Joint (U-Joint) Cross,Mechanical,379.26,300-500,299,1,3537,95.16,77.82,1.391,,,,,,,,,,,,,,,,,,,,,,0.1625,0.1752,0.0941,,,,Dealer Service,8,0.85,0.85,Important,0.85,0.85,0,0,0.04,Target Met,Monitor,Low Risk,"Synthetic project dataset: decimal SQM scores rounded to 2 decimals, importance-based targets by part, and weighted loss-priority optimization."
576,15-08-2025,Jamshedpur Plant,Tipper 3523,SUP-BETA,Beta Truck Systems,SUP-BETA-UNI-5431,Universal Joint (U-Joint) Cross,Mechanical,399.26,300-500,156,0,2575,96.08,90.9,1.439,,,,,,,,,,,,,,,,,,,,,,0.1825,0.0311,0.1344,,,,Bench Test,8,0.85,0.85,Important,0.87,0.89,0.04,0.02,0.04,Target Met,Monitor,Low Risk,"Synthetic project dataset: decimal SQM scores rounded to 2 decimals, importance-based targets by part, and weighted loss-priority optimization."
577,10-01-2026,Pune Plant,Cargo 1916,SUP-GAMMA,Gamma Motion Parts,SUP-GAMMA-FUE-7823,Fuel / Water Separator,Fluid/Fuel,644.84,425-1555,97,0,1218,91.5,87.24,1.316,,,,,,,,,,,,,,,,,,,,,,,,,0.0862,0.105,1,Incoming QC,8,0.85,0.85,Important,0.92,0.92,0.07,0.07,0.08,Target Met,Monitor,Low Risk,"Synthetic project dataset: decimal SQM scores rounded to 2 decimals, importance-based targets by part, and weighted loss-priority optimization."
578,04-02-2026,Chennai Plant,Tipper 3523,SUP-EPS,Epsilon Drives & Seals,SUP-EPS-FUE-7338,Fuel / Water Separator,Fluid/Fuel,722.22,425-1555,41,0,5303,80.32,84.71,1.067,,,,,,,,,,,,,,,,,,,,,,,,,0.1875,0.1486,0.756,Warranty Record,8,0.85,0.85,Important,0.81,0.75,-0.1,-0.04,0.15,Below Target,Monitor,High Risk,"Synthetic project dataset: decimal SQM scores rounded to 2 decimals, importance-based targets by part, and weighted loss-priority optimization."
579,23-02-2025,Bangalore Plant,Cargo 1916,SUP-ZETA,Zeta Brake and Flow,SUP-ZETA-FUE-8690,Fuel / Water Separator,Fluid/Fuel,744.66,425-1555,143,0,2516,100,98.89,1.747,,,,,,,,,,,,,,,,,,,,,,,,,0.0375,0.0487,1,Warranty Record,8,0.85,0.85,Important,0.97,0.94,0.09,0.12,0.09,Target Met,Monitor,Low Risk,"Synthetic project dataset: decimal SQM scores rounded to 2 decimals, importance-based targets by part, and weighted loss-priority optimization."
580,06-05-2025,Bangalore Plant,Cargo 1916,SUP-DELTA,Delta Fleet Components,SUP-DELTA-FUE-4888,Fuel / Water Separator,Fluid/Fuel,445.77,425-1555,86,0,2092,100,95.62,1.432,,,,,,,,,,,,,,,,,,,,,,,,,0.0694,0.1166,0.9278,Bench Test,8,0.85,0.85,Important,0.91,0.93,0.08,0.06,0.05,Target Met,Monitor,Low Risk,"Synthetic project dataset: decimal SQM scores rounded to 2 decimals, importance-based targets by part, and weighted loss-priority optimization."
581,11-09-2025,Pune Plant,Bus Chassis 1624,SUP-BETA,Beta Truck Systems,SUP-BETA-FUE-4019,Fuel / Water Separator,Fluid/Fuel,929.76,425-1555,274,0,983,98.3,85.35,1.265,,,,,,,,,,,,,,,,,,,,,,,,,0.118,0.082,1,Warranty Record,8,0.85,0.85,Important,0.92,0.93,0.08,0.07,0.12,Target Met,Monitor,Low Risk,"Synthetic project dataset: decimal SQM scores rounded to 2 decimals, importance-based targets by part, and weighted loss-priority optimization."
582,08-03-2025,Jamshedpur Plant,Rigid Truck 2818,SUP-GAMMA,Gamma Motion Parts,SUP-GAMMA-FUE-2074,Fuel / Water Separator,Fluid/Fuel,866.13,425-1555,152,0,2419,97.2,90.75,1.545,,,,,,,,,,,,,,,,,,,,,,,,,0.0998,0.0961,0.861,Bench Test,8,0.85,0.85,Important,0.89,0.9,0.05,0.04,0.11,Target Met,Monitor,Low Risk,"Synthetic project dataset: decimal SQM scores rounded to 2 decimals, importance-based targets by part, and weighted loss-priority optimization."
583,09-05-2025,Jamshedpur Plant,School Bus 1017,SUP-EPS,Epsilon Drives & Seals,SUP-EPS-FUE-5483,Fuel / Water Separator,Fluid/Fuel,568.97,425-1555,225,1,3729,93.05,91.46,1.313,,,,,,,,,,,,,,,,,,,,,,,,,0.1312,0.1946,0.8213,Warranty Record,8,0.85,0.85,Important,0.84,0.85,0,-0.01,0.07,Target Met,Monitor,Low Risk,"Synthetic project dataset: decimal SQM scores rounded to 2 decimals, importance-based targets by part, and weighted loss-priority optimization."
584,28-03-2026,Jamshedpur Plant,Bus Chassis 1624,SUP-EPS,Epsilon Drives & Seals,SUP-EPS-FUE-3588,Fuel / Water Separator,Fluid/Fuel,1107.53,425-1555,268,1,3536,94.66,84.58,1.215,,,,,,,,,,,,,,,,,,,,,,,,,0.2328,0.1554,0.8566,Bench Test,8,0.85,0.85,Important,0.81,0.83,-0.02,-0.04,0.15,Near Target,Monitor,Watchlist,"Synthetic project dataset: decimal SQM scores rounded to 2 decimals, importance-based targets by part, and weighted loss-priority optimization."
585,27-05-2025,Bangalore Plant,Rigid Truck 2818,SUP-GAMMA,Gamma Motion Parts,SUP-GAMMA-FUE-5428,Fuel / Water Separator,Fluid/Fuel,846.99,425-1555,213,1,3970,79.19,82.73,1.269,,,,,,,,,,,,,,,,,,,,,,,,,0.3367,0.3257,0.8534,Bench Test,8,0.85,0.85,Important,0.71,0.77,-0.08,-0.14,0.16,Below Target,Monitor,High Risk,"Synthetic project dataset: decimal SQM scores rounded to 2 decimals, importance-based targets by part, and weighted loss-priority optimization."
586,10-06-2025,Chennai Plant,School Bus 1017,SUP-DELTA,Delta Fleet Components,SUP-DELTA-FUE-5659,Fuel / Water Separator,Fluid/Fuel,532.46,425-1555,237,1,2341,100,99.89,1.487,,,,,,,,,,,,,,,,,,,,,,,,,0.029,0.0567,0.947,Dealer Service,8,0.85,0.85,Important,0.96,0.94,0.09,0.11,0.06,Target Met,Monitor,Low Risk,"Synthetic project dataset: decimal SQM scores rounded to 2 decimals, importance-based targets by part, and weighted loss-priority optimization."
587,13-08-2025,Chennai Plant,Tipper 3523,SUP-ZETA,Zeta Brake and Flow,SUP-ZETA-FUE-7806,Fuel / Water Separator,Fluid/Fuel,873.94,425-1555,287,2,5479,88.85,84.16,1.213,,,,,,,,,,,,,,,,,,,,,,,,,0.2957,0.4113,0.7724,Bench Test,8,0.85,0.85,Important,0.68,0.75,-0.1,-0.17,0.17,Below Target,Monitor,High Risk,"Synthetic project dataset: decimal SQM scores rounded to 2 decimals, importance-based targets by part, and weighted loss-priority optimization."
588,01-04-2026,Chennai Plant,Bus Chassis 1624,SUP-DELTA,Delta Fleet Components,SUP-DELTA-FUE-2184,Fuel / Water Separator,Fluid/Fuel,794.44,425-1555,171,1,2981,95.82,85.63,1.426,,,,,,,,,,,,,,,,,,,,,,,,,0.188,0.1721,0.9365,Incoming QC,8,0.85,0.85,Important,0.84,0.87,0.02,-0.01,0.1,Target Met,Monitor,Low Risk,"Synthetic project dataset: decimal SQM scores rounded to 2 decimals, importance-based targets by part, and weighted loss-priority optimization."
589,03-03-2025,Jamshedpur Plant,Bus Chassis 1624,SUP-EPS,Epsilon Drives & Seals,SUP-EPS-FUE-1690,Fuel / Water Separator,Fluid/Fuel,996.56,425-1555,81,0,1978,97.37,85.75,1.377,,,,,,,,,,,,,,,,,,,,,,,,,0.2458,0.2397,0.8405,Bench Test,8,0.85,0.85,Important,0.77,0.88,0.03,-0.08,0.13,Target Met,Monitor,Low Risk,"Synthetic project dataset: decimal SQM scores rounded to 2 decimals, importance-based targets by part, and weighted loss-priority optimization."
590,30-08-2025,Chennai Plant,Bus Chassis 1624,SUP-GAMMA,Gamma Motion Parts,SUP-GAMMA-FUE-5512,Fuel / Water Separator,Fluid/Fuel,592.96,425-1555,180,1,3122,87.52,90.01,1.595,,,,,,,,,,,,,,,,,,,,,,,,,0.1483,0.128,0.8913,Dealer Service,8,0.85,0.85,Important,0.87,0.86,0.01,0.02,0.07,Target Met,Monitor,Low Risk,"Synthetic project dataset: decimal SQM scores rounded to 2 decimals, importance-based targets by part, and weighted loss-priority optimization."
591,25-10-2025,Jamshedpur Plant,Bus Chassis 1624,SUP-BETA,Beta Truck Systems,SUP-BETA-FUE-2756,Fuel / Water Separator,Fluid/Fuel,1270.7,425-1555,48,0,4400,97.18,87.71,1.348,,,,,,,,,,,,,,,,,,,,,,,,,0.0474,0.2032,0.9614,Incoming QC,8,0.85,0.85,Important,0.9,0.86,0.01,0.05,0.16,Target Met,Monitor,Low Risk,"Synthetic project dataset: decimal SQM scores rounded to 2 decimals, importance-based targets by part, and weighted loss-priority optimization."
592,22-01-2026,Jamshedpur Plant,Bus Chassis 1624,SUP-ZETA,Zeta Brake and Flow,SUP-ZETA-FUE-1632,Fuel / Water Separator,Fluid/Fuel,1137.57,425-1555,126,0,1043,95.89,98.03,1.435,,,,,,,,,,,,,,,,,,,,,,,,,0.0434,0.0813,1,Bench Test,8,0.85,0.85,Important,0.95,0.96,0.11,0.1,0.15,Target Met,Monitor,Low Risk,"Synthetic project dataset: decimal SQM scores rounded to 2 decimals, importance-based targets by part, and weighted loss-priority optimization."
593,17-04-2026,Bangalore Plant,Cargo 1916,SUP-EPS,Epsilon Drives & Seals,SUP-EPS-FUE-9007,Fuel / Water Separator,Fluid/Fuel,1435.33,425-1555,149,0,1869,92.57,96.23,1.486,,,,,,,,,,,,,,,,,,,,,,,,,0.0282,0.1214,1,Dealer Service,8,0.85,0.85,Important,0.94,0.93,0.08,0.09,0.19,Target Met,Monitor,Low Risk,"Synthetic project dataset: decimal SQM scores rounded to 2 decimals, importance-based targets by part, and weighted loss-priority optimization."
594,13-04-2026,Bangalore Plant,Tipper 3523,SUP-DELTA,Delta Fleet Components,SUP-DELTA-FUE-1096,Fuel / Water Separator,Fluid/Fuel,1460.81,425-1555,223,0,1596,97.96,89.33,1.662,,,,,,,,,,,,,,,,,,,,,,,,,0.1232,0.0829,0.952,Dealer Service,8,0.85,0.85,Important,0.91,0.92,0.07,0.06,0.19,Target Met,Monitor,Low Risk,"Synthetic project dataset: decimal SQM scores rounded to 2 decimals, importance-based targets by part, and weighted loss-priority optimization."
595,08-01-2025,Jamshedpur Plant,Rigid Truck 2818,SUP-GAMMA,Gamma Motion Parts,SUP-GAMMA-FUE-2461,Fuel / Water Separator,Fluid/Fuel,1436.08,425-1555,247,0,961,99.81,100,1.627,,,,,,,,,,,,,,,,,,,,,,,,,0.0134,0.0065,1,Warranty Record,8,0.85,0.85,Important,0.99,0.98,0.13,0.14,0.19,Target Met,Monitor,Low Risk,"Synthetic project dataset: decimal SQM scores rounded to 2 decimals, importance-based targets by part, and weighted loss-priority optimization."
596,08-01-2026,Bangalore Plant,Bus Chassis 1624,SUP-ZETA,Zeta Brake and Flow,SUP-ZETA-FUE-8205,Fuel / Water Separator,Fluid/Fuel,1131.02,425-1555,134,1,4340,90.83,91.45,1.229,,,,,,,,,,,,,,,,,,,,,,,,,0.2587,0.2051,0.8786,Warranty Record,8,0.85,0.85,Important,0.79,0.81,-0.04,-0.06,0.17,Near Target,Monitor,Watchlist,"Synthetic project dataset: decimal SQM scores rounded to 2 decimals, importance-based targets by part, and weighted loss-priority optimization."
597,09-06-2025,Jamshedpur Plant,Rigid Truck 2818,SUP-GAMMA,Gamma Motion Parts,SUP-GAMMA-FUE-7839,Fuel / Water Separator,Fluid/Fuel,1471.7,425-1555,77,0,1707,92.78,92.76,1.402,,,,,,,,,,,,,,,,,,,,,,,,,0.111,0.0499,0.9208,Dealer Service,8,0.85,0.85,Important,0.92,0.92,0.07,0.07,0.19,Target Met,Monitor,Low Risk,"Synthetic project dataset: decimal SQM scores rounded to 2 decimals, importance-based targets by part, and weighted loss-priority optimization."
598,19-02-2025,Pune Plant,Rigid Truck 2818,SUP-EPS,Epsilon Drives & Seals,SUP-EPS-FUE-3114,Fuel / Water Separator,Fluid/Fuel,792.91,425-1555,249,1,5542,94.59,91.75,1.686,,,,,,,,,,,,,,,,,,,,,,,,,0.2295,0.2397,0.8504,Bench Test,8,0.85,0.85,Important,0.78,0.81,-0.04,-0.07,0.12,Near Target,Monitor,Watchlist,"Synthetic project dataset: decimal SQM scores rounded to 2 decimals, importance-based targets by part, and weighted loss-priority optimization."
599,18-05-2025,Bangalore Plant,Bus Chassis 1624,SUP-GAMMA,Gamma Motion Parts,SUP-GAMMA-FUE-4683,Fuel / Water Separator,Fluid/Fuel,1006.47,425-1555,80,0,1416,86.24,88.5,1.481,,,,,,,,,,,,,,,,,,,,,,,,,0.1255,0.1639,0.8347,Warranty Record,8,0.85,0.85,Important,0.85,0.89,0.04,0,0.13,Target Met,Monitor,Low Risk,"Synthetic project dataset: decimal SQM scores rounded to 2 decimals, importance-based targets by part, and weighted loss-priority optimization."
600,16-05-2025,Pune Plant,Cargo 1916,SUP-BETA,Beta Truck Systems,SUP-BETA-FUE-1253,Fuel / Water Separator,Fluid/Fuel,601.76,425-1555,98,0,3215,93.07,96.17,1.501,,,,,,,,,,,,,,,,,,,,,,,,,0.0316,0.1175,0.8789,Dealer Service,8,0.85,0.85,Important,0.92,0.89,0.04,0.07,0.07,Target Met,Monitor,Low Risk,"Synthetic project dataset: decimal SQM scores rounded to 2 decimals, importance-based targets by part, and weighted loss-priority optimization."
601,14-03-2025,Jamshedpur Plant,School Bus 1017,SUP-EPS,Epsilon Drives & Seals,SUP-EPS-FUE-4271,Fuel / Water Separator,Fluid/Fuel,789.15,425-1555,128,1,5197,91.52,95.86,1.298,,,,,,,,,,,,,,,,,,,,,,,,,0.1675,0.1651,0.8918,Bench Test,8,0.85,0.85,Important,0.85,0.83,-0.02,0,0.11,Near Target,Monitor,Watchlist,"Synthetic project dataset: decimal SQM scores rounded to 2 decimals, importance-based targets by part, and weighted loss-priority optimization."
602,06-06-2025,Bangalore Plant,Cargo 1916,SUP-ZETA,Zeta Brake and Flow,SUP-ZETA-FUE-7338,Fuel / Water Separator,Fluid/Fuel,1052.74,425-1555,116,0,1250,99.93,96.89,1.591,,,,,,,,,,,,,,,,,,,,,,,,,0.0129,0.0451,0.8987,Dealer Service,8,0.85,0.85,Important,0.96,0.96,0.11,0.11,0.13,Target Met,Monitor,Low Risk,"Synthetic project dataset: decimal SQM scores rounded to 2 decimals, importance-based targets by part, and weighted loss-priority optimization."
603,01-05-2026,Jamshedpur Plant,Bus Chassis 1624,SUP-ZETA,Zeta Brake and Flow,SUP-ZETA-FUE-5722,Fuel / Water Separator,Fluid/Fuel,1191.28,425-1555,259,1,4839,90.95,91.46,1.445,,,,,,,,,,,,,,,,,,,,,,,,,0.2548,0.268,0.8617,Warranty Record,8,0.85,0.85,Important,0.76,0.81,-0.04,-0.09,0.18,Near Target,Monitor,Watchlist,"Synthetic project dataset: decimal SQM scores rounded to 2 decimals, importance-based targets by part, and weighted loss-priority optimization."
604,05-01-2025,Pune Plant,Bus Chassis 1624,SUP-ZETA,Zeta Brake and Flow,SUP-ZETA-FUE-4080,Fuel / Water Separator,Fluid/Fuel,1032.24,425-1555,117,0,226,90.33,100,1.69,,,,,,,,,,,,,,,,,,,,,,,,,0.0213,0.0552,0.9594,Dealer Service,8,0.85,0.85,Important,0.96,0.97,0.12,0.11,0.13,Target Met,Monitor,Low Risk,"Synthetic project dataset: decimal SQM scores rounded to 2 decimals, importance-based targets by part, and weighted loss-priority optimization."
605,22-04-2025,Pune Plant,School Bus 1017,SUP-ZETA,Zeta Brake and Flow,SUP-ZETA-FUE-5114,Fuel / Water Separator,Fluid/Fuel,486.79,425-1555,204,0,1035,96.18,85.55,1.452,,,,,,,,,,,,,,,,,,,,,,,,,0.0725,0.0586,0.8221,Warranty Record,8,0.85,0.85,Important,0.91,0.93,0.08,0.06,0.05,Target Met,Monitor,Low Risk,"Synthetic project dataset: decimal SQM scores rounded to 2 decimals, importance-based targets by part, and weighted loss-priority optimization."
606,07-02-2025,Chennai Plant,Rigid Truck 2818,SUP-ZETA,Zeta Brake and Flow,SUP-ZETA-FUE-2160,Fuel / Water Separator,Fluid/Fuel,628,425-1555,87,0,1764,100,90.76,1.657,,,,,,,,,,,,,,,,,,,,,,,,,0.1135,0.0304,0.9222,Incoming QC,8,0.85,0.85,Important,0.92,0.93,0.08,0.07,0.07,Target Met,Monitor,Low Risk,"Synthetic project dataset: decimal SQM scores rounded to 2 decimals, importance-based targets by part, and weighted loss-priority optimization."
607,28-02-2025,Chennai Plant,Cargo 1916,SUP-ZETA,Zeta Brake and Flow,SUP-ZETA-FUE-9370,Fuel / Water Separator,Fluid/Fuel,1335.62,425-1555,67,0,1946,90.63,96.1,1.389,,,,,,,,,,,,,,,,,,,,,,,,,0.0758,0.0919,0.9538,Incoming QC,8,0.85,0.85,Important,0.92,0.92,0.07,0.07,0.17,Target Met,Monitor,Low Risk,"Synthetic project dataset: decimal SQM scores rounded to 2 decimals, importance-based targets by part, and weighted loss-priority optimization."
608,07-03-2025,Chennai Plant,Bus Chassis 1624,SUP-BETA,Beta Truck Systems,SUP-BETA-FUE-6137,Fuel / Water Separator,Fluid/Fuel,1063.49,425-1555,288,0,766,100,93.18,1.497,,,,,,,,,,,,,,,,,,,,,,,,,0.124,0.0433,0.9915,Bench Test,8,0.85,0.85,Important,0.93,0.96,0.11,0.08,0.13,Target Met,Monitor,Low Risk,"Synthetic project dataset: decimal SQM scores rounded to 2 decimals, importance-based targets by part, and weighted loss-priority optimization."
609,29-04-2025,Jamshedpur Plant,Tipper 3523,SUP-ALPHA,Alpha Mobility Components,SUP-ALPHA-FUE-1437,Fuel / Water Separator,Fluid/Fuel,807.79,425-1555,227,1,2606,100,93.01,1.495,,,,,,,,,,,,,,,,,,,,,,,,,0.1476,0.0709,0.962,Bench Test,8,0.85,0.85,Important,0.9,0.91,0.06,0.05,0.1,Target Met,Monitor,Low Risk,"Synthetic project dataset: decimal SQM scores rounded to 2 decimals, importance-based targets by part, and weighted loss-priority optimization."
610,21-07-2025,Jamshedpur Plant,Rigid Truck 2818,SUP-ALPHA,Alpha Mobility Components,SUP-ALPHA-FUE-3328,Fuel / Water Separator,Fluid/Fuel,459.83,425-1555,140,0,1357,94.21,90.64,1.07,,,,,,,,,,,,,,,,,,,,,,,,,0.1643,0.0934,0.951,Warranty Record,8,0.85,0.85,Important,0.88,0.89,0.04,0.03,0.05,Target Met,Monitor,Low Risk,"Synthetic project dataset: decimal SQM scores rounded to 2 decimals, importance-based targets by part, and weighted loss-priority optimization."
611,29-10-2025,Chennai Plant,Rigid Truck 2818,SUP-ALPHA,Alpha Mobility Components,SUP-ALPHA-FUE-4305,Fuel / Water Separator,Fluid/Fuel,1503.74,425-1555,125,0,462,100,92.13,1.266,,,,,,,,,,,,,,,,,,,,,,,,,0.1389,0.1515,0.861,Warranty Record,8,0.85,0.85,Important,0.86,0.94,0.09,0.01,0.2,Target Met,Monitor,Low Risk,"Synthetic project dataset: decimal SQM scores rounded to 2 decimals, importance-based targets by part, and weighted loss-priority optimization."
612,11-09-2025,Bangalore Plant,Rigid Truck 2818,SUP-EPS,Epsilon Drives & Seals,SUP-EPS-FUE-6790,Fuel / Water Separator,Fluid/Fuel,855.79,425-1555,183,1,3207,90.71,95.21,1.191,,,,,,,,,,,,,,,,,,,,,,,,,0.2505,0.2882,0.9041,Dealer Service,8,0.85,0.85,Important,0.77,0.83,-0.02,-0.08,0.12,Near Target,Monitor,Watchlist,"Synthetic project dataset: decimal SQM scores rounded to 2 decimals, importance-based targets by part, and weighted loss-priority optimization."
613,25-02-2025,Pune Plant,Rigid Truck 2818,SUP-EPS,Epsilon Drives & Seals,SUP-EPS-FUE-1565,Fuel / Water Separator,Fluid/Fuel,855.7,425-1555,70,0,2448,84.22,88.82,1.131,,,,,,,,,,,,,,,,,,,,,,,,,0.158,0.2598,0.9055,Warranty Record,8,0.85,0.85,Important,0.82,0.83,-0.02,-0.03,0.12,Near Target,Monitor,Watchlist,"Synthetic project dataset: decimal SQM scores rounded to 2 decimals, importance-based targets by part, and weighted loss-priority optimization."
614,01-05-2025,Pune Plant,Bus Chassis 1624,SUP-ALPHA,Alpha Mobility Components,SUP-ALPHA-FUE-4157,Fuel / Water Separator,Fluid/Fuel,659.44,425-1555,64,0,2160,91.67,93.06,1.74,,,,,,,,,,,,,,,,,,,,,,,,,0.1005,0.0648,0.9536,Bench Test,8,0.85,0.85,Important,0.92,0.91,0.06,0.07,0.08,Target Met,Monitor,Low Risk,"Synthetic project dataset: decimal SQM scores rounded to 2 decimals, importance-based targets by part, and weighted loss-priority optimization."
615,07-09-2025,Bangalore Plant,Tipper 3523,SUP-EPS,Epsilon Drives & Seals,SUP-EPS-FUE-4215,Fuel / Water Separator,Fluid/Fuel,1365.34,425-1555,52,0,4389,93.18,85.09,1.442,,,,,,,,,,,,,,,,,,,,,,,,,0.0465,0.2412,0.9398,Dealer Service,8,0.85,0.85,Important,0.88,0.84,-0.01,0.03,0.18,Near Target,Monitor,Watchlist,"Synthetic project dataset: decimal SQM scores rounded to 2 decimals, importance-based targets by part, and weighted loss-priority optimization."
616,26-01-2026,Bangalore Plant,Cargo 1916,SUP-DELTA,Delta Fleet Components,SUP-DELTA-FUE-1889,Fuel / Water Separator,Fluid/Fuel,686.42,425-1555,99,0,527,96.6,83.53,1.282,,,,,,,,,,,,,,,,,,,,,,,,,0.0507,0.0208,0.841,Incoming QC,8,0.85,0.85,Important,0.94,0.94,0.09,0.09,0.08,Target Met,Monitor,Low Risk,"Synthetic project dataset: decimal SQM scores rounded to 2 decimals, importance-based targets by part, and weighted loss-priority optimization."
617,08-08-2025,Pune Plant,Tipper 3523,SUP-DELTA,Delta Fleet Components,SUP-DELTA-FUE-4718,Fuel / Water Separator,Fluid/Fuel,1302.43,425-1555,241,1,5903,92.74,85.83,1.416,,,,,,,,,,,,,,,,,,,,,,,,,0.3303,0.3161,0.73,Bench Test,8,0.85,0.85,Important,0.69,0.76,-0.09,-0.16,0.23,Below Target,Monitor,High Risk,"Synthetic project dataset: decimal SQM scores rounded to 2 decimals, importance-based targets by part, and weighted loss-priority optimization."
618,05-01-2026,Chennai Plant,Rigid Truck 2818,SUP-ZETA,Zeta Brake and Flow,SUP-ZETA-FUE-5578,Fuel / Water Separator,Fluid/Fuel,1004.22,425-1555,43,0,2240,93.2,89.18,1.554,,,,,,,,,,,,,,,,,,,,,,,,,0,0,1,Incoming QC,8,0.85,0.85,Important,1,0.92,0.07,0.15,0.13,Target Met,Monitor,Low Risk,"Synthetic project dataset: decimal SQM scores rounded to 2 decimals, importance-based targets by part, and weighted loss-priority optimization."
619,02-01-2026,Jamshedpur Plant,School Bus 1017,SUP-DELTA,Delta Fleet Components,SUP-DELTA-FUE-7645,Fuel / Water Separator,Fluid/Fuel,923.93,425-1555,140,0,926,89.38,89.83,1.604,,,,,,,,,,,,,,,,,,,,,,,,,0.1164,0.1894,0.8972,Warranty Record,8,0.85,0.85,Important,0.86,0.91,0.06,0.01,0.12,Target Met,Monitor,Low Risk,"Synthetic project dataset: decimal SQM scores rounded to 2 decimals, importance-based targets by part, and weighted loss-priority optimization."
620,21-01-2025,Chennai Plant,Bus Chassis 1624,SUP-DELTA,Delta Fleet Components,SUP-DELTA-FUE-1242,Fuel / Water Separator,Fluid/Fuel,474.88,425-1555,202,0,2254,88.75,95.77,1.568,,,,,,,,,,,,,,,,,,,,,,,,,0.0681,0.0657,0.8797,Incoming QC,8,0.85,0.85,Important,0.92,0.9,0.05,0.07,0.05,Target Met,Monitor,Low Risk,"Synthetic project dataset: decimal SQM scores rounded to 2 decimals, importance-based targets by part, and weighted loss-priority optimization."
621,19-05-2025,Jamshedpur Plant,Tipper 3523,SUP-ALPHA,Alpha Mobility Components,SUP-ALPHA-FUE-7572,Fuel / Water Separator,Fluid/Fuel,929.85,425-1555,234,0,2001,100,93.38,1.714,,,,,,,,,,,,,,,,,,,,,,,,,0.0153,0.031,1,Warranty Record,8,0.85,0.85,Important,0.98,0.94,0.09,0.13,0.12,Target Met,Monitor,Low Risk,"Synthetic project dataset: decimal SQM scores rounded to 2 decimals, importance-based targets by part, and weighted loss-priority optimization."
622,20-02-2026,Chennai Plant,Bus Chassis 1624,SUP-EPS,Epsilon Drives & Seals,SUP-EPS-FUE-9659,Fuel / Water Separator,Fluid/Fuel,532.4,425-1555,90,0,2875,100,85.51,1.515,,,,,,,,,,,,,,,,,,,,,,,,,0.1245,0.118,0.8773,Incoming QC,8,0.85,0.85,Important,0.88,0.89,0.04,0.03,0.06,Target Met,Monitor,Low Risk,"Synthetic project dataset: decimal SQM scores rounded to 2 decimals, importance-based targets by part, and weighted loss-priority optimization."
623,25-01-2026,Bangalore Plant,Rigid Truck 2818,SUP-BETA,Beta Truck Systems,SUP-BETA-FUE-3198,Fuel / Water Separator,Fluid/Fuel,962.16,425-1555,200,1,5521,91.15,79.29,1.096,,,,,,,,,,,,,,,,,,,,,,,,,0.226,0.2518,0.8859,Warranty Record,8,0.85,0.85,Important,0.79,0.76,-0.09,-0.06,0.18,Below Target,Monitor,High Risk,"Synthetic project dataset: decimal SQM scores rounded to 2 decimals, importance-based targets by part, and weighted loss-priority optimization."
624,16-03-2026,Chennai Plant,Bus Chassis 1624,SUP-ALPHA,Alpha Mobility Components,SUP-ALPHA-FUE-9741,Fuel / Water Separator,Fluid/Fuel,514.25,425-1555,275,0,1539,99,100,1.345,,,,,,,,,,,,,,,,,,,,,,,,,0.1506,0.0994,0.8884,Dealer Service,8,0.85,0.85,Important,0.88,0.93,0.08,0.03,0.06,Target Met,Monitor,Low Risk,"Synthetic project dataset: decimal SQM scores rounded to 2 decimals, importance-based targets by part, and weighted loss-priority optimization."
625,23-04-2026,Pune Plant,School Bus 1017,SUP-GAMMA,Gamma Motion Parts,SUP-GAMMA-FUE-5060,Fuel / Water Separator,Fluid/Fuel,460,425-1555,210,0,2312,92.55,91.95,1.772,,,,,,,,,,,,,,,,,,,,,,,,,0.1053,0.0951,0.8823,Incoming QC,8,0.85,0.85,Important,0.9,0.9,0.05,0.05,0.05,Target Met,Monitor,Low Risk,"Synthetic project dataset: decimal SQM scores rounded to 2 decimals, importance-based targets by part, and weighted loss-priority optimization."
626,16-09-2025,Chennai Plant,Tipper 3523,SUP-BETA,Beta Truck Systems,SUP-BETA-FUE-7554,Fuel / Water Separator,Fluid/Fuel,1276.77,425-1555,290,1,2104,89.43,81,1.488,,,,,,,,,,,,,,,,,,,,,,,,,0.0708,0.1098,0.9684,Warranty Record,8,0.85,0.85,Important,0.92,0.89,0.04,0.07,0.16,Target Met,Monitor,Low Risk,"Synthetic project dataset: decimal SQM scores rounded to 2 decimals, importance-based targets by part, and weighted loss-priority optimization."
627,12-06-2025,Jamshedpur Plant,School Bus 1017,SUP-BETA,Beta Truck Systems,SUP-BETA-FUE-9104,Fuel / Water Separator,Fluid/Fuel,734.63,425-1555,100,0,2274,99.45,97.7,1.359,,,,,,,,,,,,,,,,,,,,,,,,,0.119,0.0841,0.9792,Bench Test,8,0.85,0.85,Important,0.91,0.93,0.08,0.06,0.09,Target Met,Monitor,Low Risk,"Synthetic project dataset: decimal SQM scores rounded to 2 decimals, importance-based targets by part, and weighted loss-priority optimization."
628,13-05-2026,Pune Plant,Rigid Truck 2818,SUP-GAMMA,Gamma Motion Parts,SUP-GAMMA-FUE-8255,Fuel / Water Separator,Fluid/Fuel,495.57,425-1555,251,1,2712,87.32,93.32,1.313,,,,,,,,,,,,,,,,,,,,,,,,,0.2371,0.065,0.7838,Warranty Record,8,0.85,0.85,Important,0.83,0.86,0.01,-0.02,0.06,Target Met,Monitor,Low Risk,"Synthetic project dataset: decimal SQM scores rounded to 2 decimals, importance-based targets by part, and weighted loss-priority optimization."
629,16-08-2025,Chennai Plant,Rigid Truck 2818,SUP-EPS,Epsilon Drives & Seals,SUP-EPS-FUE-5587,Fuel / Water Separator,Fluid/Fuel,732.36,425-1555,202,1,2814,82.95,95.8,1.563,,,,,,,,,,,,,,,,,,,,,,,,,0.1713,0.1079,0.8685,Dealer Service,8,0.85,0.85,Important,0.86,0.87,0.02,0.01,0.09,Target Met,Monitor,Low Risk,"Synthetic project dataset: decimal SQM scores rounded to 2 decimals, importance-based targets by part, and weighted loss-priority optimization."
630,29-01-2025,Chennai Plant,Tipper 3523,SUP-DELTA,Delta Fleet Components,SUP-DELTA-FUE-7609,Fuel / Water Separator,Fluid/Fuel,824.43,425-1555,201,0,1984,94.42,98.93,1.671,,,,,,,,,,,,,,,,,,,,,,,,,0.0564,0.0987,0.9468,Bench Test,8,0.85,0.85,Important,0.93,0.93,0.08,0.08,0.1,Target Met,Monitor,Low Risk,"Synthetic project dataset: decimal SQM scores rounded to 2 decimals, importance-based targets by part, and weighted loss-priority optimization."
631,01-05-2026,Bangalore Plant,Rigid Truck 2818,SUP-EPS,Epsilon Drives & Seals,SUP-EPS-FUE-7651,Fuel / Water Separator,Fluid/Fuel,1428.28,425-1555,49,0,5290,87.88,86.17,1.4,,,,,,,,,,,,,,,,,,,,,,,,,0.2763,0.2948,0.8194,Warranty Record,8,0.85,0.85,Important,0.74,0.78,-0.07,-0.11,0.23,Below Target,Monitor,High Risk,"Synthetic project dataset: decimal SQM scores rounded to 2 decimals, importance-based targets by part, and weighted loss-priority optimization."
632,17-03-2025,Jamshedpur Plant,Cargo 1916,SUP-ZETA,Zeta Brake and Flow,SUP-ZETA-FUE-6957,Fuel / Water Separator,Fluid/Fuel,1299.39,425-1555,288,0,683,95.91,86.89,1.445,,,,,,,,,,,,,,,,,,,,,,,,,0.0708,0.1613,0.9247,Dealer Service,8,0.85,0.85,Important,0.9,0.93,0.08,0.05,0.17,Target Met,Monitor,Low Risk,"Synthetic project dataset: decimal SQM scores rounded to 2 decimals, importance-based targets by part, and weighted loss-priority optimization."
633,20-11-2025,Jamshedpur Plant,Cargo 1916,SUP-BETA,Beta Truck Systems,SUP-BETA-FUE-4146,Fuel / Water Separator,Fluid/Fuel,697.19,425-1555,219,0,760,87.43,88.13,1.455,,,,,,,,,,,,,,,,,,,,,,,,,0.0525,0.0807,0.9817,Dealer Service,8,0.85,0.85,Important,0.94,0.93,0.08,0.09,0.08,Target Met,Monitor,Low Risk,"Synthetic project dataset: decimal SQM scores rounded to 2 decimals, importance-based targets by part, and weighted loss-priority optimization."
634,15-04-2026,Chennai Plant,School Bus 1017,SUP-BETA,Beta Truck Systems,SUP-BETA-FUE-5027,Fuel / Water Separator,Fluid/Fuel,779.57,425-1555,225,0,1798,100,100,1.491,,,,,,,,,,,,,,,,,,,,,,,,,0.0329,0.0238,0.8123,Warranty Record,8,0.85,0.85,Important,0.94,0.95,0.1,0.09,0.1,Target Met,Monitor,Low Risk,"Synthetic project dataset: decimal SQM scores rounded to 2 decimals, importance-based targets by part, and weighted loss-priority optimization."
635,07-04-2025,Chennai Plant,Rigid Truck 2818,SUP-GAMMA,Gamma Motion Parts,SUP-GAMMA-FUE-2285,Fuel / Water Separator,Fluid/Fuel,685.29,425-1555,134,0,3066,94.66,98.2,1.42,,,,,,,,,,,,,,,,,,,,,,,,,0.0339,0.0541,0.8563,Bench Test,8,0.85,0.85,Important,0.94,0.91,0.06,0.09,0.08,Target Met,Monitor,Low Risk,"Synthetic project dataset: decimal SQM scores rounded to 2 decimals, importance-based targets by part, and weighted loss-priority optimization."
636,07-07-2025,Jamshedpur Plant,Bus Chassis 1624,SUP-GAMMA,Gamma Motion Parts,SUP-GAMMA-FUE-7890,Fuel / Water Separator,Fluid/Fuel,861.36,425-1555,293,1,4046,92.02,86.86,1.466,,,,,,,,,,,,,,,,,,,,,,,,,0.214,0.1709,0.9132,Bench Test,8,0.85,0.85,Important,0.83,0.84,-0.01,-0.02,0.11,Near Target,Monitor,Watchlist,"Synthetic project dataset: decimal SQM scores rounded to 2 decimals, importance-based targets by part, and weighted loss-priority optimization."
637,18-11-2025,Bangalore Plant,Tipper 3523,SUP-ZETA,Zeta Brake and Flow,SUP-ZETA-FUE-6704,Fuel / Water Separator,Fluid/Fuel,1261.54,425-1555,284,0,842,90.88,93.75,1.182,,,,,,,,,,,,,,,,,,,,,,,,,0.0756,0.0629,0.8811,Warranty Record,8,0.85,0.85,Important,0.92,0.92,0.07,0.07,0.16,Target Met,Monitor,Low Risk,"Synthetic project dataset: decimal SQM scores rounded to 2 decimals, importance-based targets by part, and weighted loss-priority optimization."
638,08-01-2026,Chennai Plant,Tipper 3523,SUP-ALPHA,Alpha Mobility Components,SUP-ALPHA-FUE-7401,Fuel / Water Separator,Fluid/Fuel,1304.56,425-1555,124,0,3952,94.07,82.98,1.313,,,,,,,,,,,,,,,,,,,,,,,,,0.1902,0.1681,0.8786,Incoming QC,8,0.85,0.85,Important,0.83,0.84,-0.01,-0.02,0.17,Near Target,Monitor,Watchlist,"Synthetic project dataset: decimal SQM scores rounded to 2 decimals, importance-based targets by part, and weighted loss-priority optimization."
639,19-03-2026,Bangalore Plant,Rigid Truck 2818,SUP-DELTA,Delta Fleet Components,SUP-DELTA-FUE-3354,Fuel / Water Separator,Fluid/Fuel,1219.99,425-1555,292,1,2791,95.21,95.18,1.361,,,,,,,,,,,,,,,,,,,,,,,,,0.0362,0.124,0.8779,Dealer Service,8,0.85,0.85,Important,0.92,0.9,0.05,0.07,0.16,Target Met,Monitor,Low Risk,"Synthetic project dataset: decimal SQM scores rounded to 2 decimals, importance-based targets by part, and weighted loss-priority optimization."
640,14-01-2026,Pune Plant,Cargo 1916,SUP-BETA,Beta Truck Systems,SUP-BETA-FUE-4631,Fuel / Water Separator,Fluid/Fuel,541.56,425-1555,226,1,3459,87.97,84.92,1.553,,,,,,,,,,,,,,,,,,,,,,,,,0.0608,0.1905,0.8814,Incoming QC,8,0.85,0.85,Important,0.88,0.85,0,0.03,0.06,Target Met,Monitor,Low Risk,"Synthetic project dataset: decimal SQM scores rounded to 2 decimals, importance-based targets by part, and weighted loss-priority optimization."
641,11-03-2025,Chennai Plant,Rigid Truck 2818,SUP-DELTA,Delta Fleet Components,SUP-DELTA-FUE-6712,Fuel / Water Separator,Fluid/Fuel,1240.83,425-1555,210,0,601,100,100,1.391,,,,,,,,,,,,,,,,,,,,,,,,,0.0236,0.023,0.7797,Warranty Record,8,0.85,0.85,Important,0.94,0.97,0.12,0.09,0.16,Target Met,Monitor,Low Risk,"Synthetic project dataset: decimal SQM scores rounded to 2 decimals, importance-based targets by part, and weighted loss-priority optimization."
642,21-12-2025,Chennai Plant,School Bus 1017,SUP-ALPHA,Alpha Mobility Components,SUP-ALPHA-FUE-2031,Fuel / Water Separator,Fluid/Fuel,1452.99,425-1555,107,0,886,91.72,99.12,1.603,,,,,,,,,,,,,,,,,,,,,,,,,0.0339,0.0281,0.8748,Dealer Service,8,0.85,0.85,Important,0.95,0.95,0.1,0.1,0.19,Target Met,Monitor,Low Risk,"Synthetic project dataset: decimal SQM scores rounded to 2 decimals, importance-based targets by part, and weighted loss-priority optimization."
643,25-09-2025,Jamshedpur Plant,Rigid Truck 2818,SUP-EPS,Epsilon Drives & Seals,SUP-EPS-FUE-3800,Fuel / Water Separator,Fluid/Fuel,803.56,425-1555,159,0,2771,80.06,88.13,1.29,,,,,,,,,,,,,,,,,,,,,,,,,0.1555,0.2756,0.8847,Dealer Service,8,0.85,0.85,Important,0.81,0.83,-0.02,-0.04,0.11,Near Target,Monitor,Watchlist,"Synthetic project dataset: decimal SQM scores rounded to 2 decimals, importance-based targets by part, and weighted loss-priority optimization."
644,21-03-2025,Jamshedpur Plant,Rigid Truck 2818,SUP-GAMMA,Gamma Motion Parts,SUP-GAMMA-FUE-2894,Fuel / Water Separator,Fluid/Fuel,953.38,425-1555,74,0,1712,100,94.38,1.622,,,,,,,,,,,,,,,,,,,,,,,,,0.0192,0.0201,0.9608,Warranty Record,8,0.85,0.85,Important,0.98,0.95,0.1,0.13,0.12,Target Met,Monitor,Low Risk,"Synthetic project dataset: decimal SQM scores rounded to 2 decimals, importance-based targets by part, and weighted loss-priority optimization."
645,31-07-2025,Pune Plant,Cargo 1916,SUP-ZETA,Zeta Brake and Flow,SUP-ZETA-FUE-1270,Fuel / Water Separator,Fluid/Fuel,706.6,425-1555,151,1,6197,91.12,84.3,1.211,,,,,,,,,,,,,,,,,,,,,,,,,0.1866,0.258,0.8164,Bench Test,8,0.85,0.85,Important,0.79,0.76,-0.09,-0.06,0.14,Below Target,Monitor,High Risk,"Synthetic project dataset: decimal SQM scores rounded to 2 decimals, importance-based targets by part, and weighted loss-priority optimization."
646,27-03-2025,Bangalore Plant,Tipper 3523,SUP-BETA,Beta Truck Systems,SUP-BETA-FUE-5861,Fuel / Water Separator,Fluid/Fuel,1092.18,425-1555,290,1,2944,85.87,89.58,1.546,,,,,,,,,,,,,,,,,,,,,,,,,0.1466,0.1018,0.847,Bench Test,8,0.85,0.85,Important,0.87,0.86,0.01,0.02,0.14,Target Met,Monitor,Low Risk,"Synthetic project dataset: decimal SQM scores rounded to 2 decimals, importance-based targets by part, and weighted loss-priority optimization."
647,18-11-2025,Pune Plant,Rigid Truck 2818,SUP-GAMMA,Gamma Motion Parts,SUP-GAMMA-FUE-9150,Fuel / Water Separator,Fluid/Fuel,866.55,425-1555,93,0,0,91.65,100,1.469,,,,,,,,,,,,,,,,,,,,,,,,,0.1134,0.1193,0.9454,Warranty Record,8,0.85,0.85,Important,0.9,0.96,0.11,0.05,0.11,Target Met,Monitor,Low Risk,"Synthetic project dataset: decimal SQM scores rounded to 2 decimals, importance-based targets by part, and weighted loss-priority optimization."
648,28-02-2026,Bangalore Plant,Cargo 1916,SUP-BETA,Beta Truck Systems,SUP-BETA-FUE-8494,Fuel / Water Separator,Fluid/Fuel,1115.99,425-1555,174,0,691,100,99.61,1.386,,,,,,,,,,,,,,,,,,,,,,,,,0.017,0.0704,1,Warranty Record,8,0.85,0.85,Important,0.97,0.98,0.13,0.12,0.14,Target Met,Monitor,Low Risk,"Synthetic project dataset: decimal SQM scores rounded to 2 decimals, importance-based targets by part, and weighted loss-priority optimization."
